image_name,language,layout,subset,data_source,gt_boxes,pred_boxes,coco_tp_gt@0.50,coco_tp_pred@0.50,coco_tp_gt@0.55,coco_tp_pred@0.55,coco_tp_gt@0.60,coco_tp_pred@0.60,coco_tp_gt@0.65,coco_tp_pred@0.65,coco_tp_gt@0.70,coco_tp_pred@0.70,coco_tp_gt@0.75,coco_tp_pred@0.75,coco_tp_gt@0.80,coco_tp_pred@0.80,coco_tp_gt@0.85,coco_tp_pred@0.85,coco_tp_gt@0.90,coco_tp_pred@0.90,coco_tp_gt@0.95,coco_tp_pred@0.95,component_tp_gt@0.50,component_tp_pred@0.50,component_tp_gt@0.55,component_tp_pred@0.55,component_tp_gt@0.60,component_tp_pred@0.60,component_tp_gt@0.65,component_tp_pred@0.65,component_tp_gt@0.70,component_tp_pred@0.70,component_tp_gt@0.75,component_tp_pred@0.75,component_tp_gt@0.80,component_tp_pred@0.80,component_tp_gt@0.85,component_tp_pred@0.85,component_tp_gt@0.90,component_tp_pred@0.90,component_tp_gt@0.95,component_tp_pred@0.95,cls_matched,cls_correct,edit_num,edit_den,cer_num,cer_den,wer_num,wer_den,ocr_pairs,reading_order_ned
PPT_1001115_eng_page_003.png,english,single_column,v1.5,PPT2PDF,6,6,6,6,6,6,6,6,6,6,6,6,6,6,5,5,3,3,2,2,0,0,6,6,6,6,6,6,6,6,6,6,6,6,5,5,3,3,2,2,0,0,6,6,23.0,357.0,23.0,357.0,7.0,64.0,6,
PPT_1001115_eng_page_005.png,english,single_column,v1.5,PPT2PDF,8,8,8,8,8,8,8,8,8,8,7,7,7,7,7,7,7,7,4,4,2,2,8,8,8,8,8,8,8,8,7,7,7,7,7,7,7,7,4,4,2,2,8,6,25.0,449.0,25.0,449.0,8.0,64.0,8,
PPT_1001115_eng_page_011.png,english,single_column,v1.5,PPT2PDF,14,14,14,14,14,14,14,14,14,14,12,12,10,10,7,7,6,6,5,5,1,1,14,14,14,14,14,14,14,14,12,12,10,10,7,7,6,6,5,5,1,1,14,14,50.0,589.0,50.0,589.0,13.0,88.0,14,
PPT_1001115_eng_page_015.png,english,single_column,v1.5,PPT2PDF,6,6,6,6,6,6,6,6,4,4,4,4,3,3,3,3,3,3,2,2,1,1,6,6,6,6,6,6,4,4,4,4,3,3,3,3,3,3,2,2,1,1,6,6,12.0,140.0,12.0,140.0,3.0,11.0,5,0.0
PPT_11.2013EvaluatingTraineeteacherproficiency_page_010.png,english,single_column,v1.5,PPT2PDF,6,7,5,5,5,5,5,5,5,5,5,5,5,5,5,5,4,4,4,4,1,1,6,7,6,7,6,7,6,7,6,7,6,7,6,7,5,6,4,4,1,1,6,5,9.0,420.0,9.0,417.0,9.0,59.0,5,0.0
PPT_11.2013EvaluatingTraineeteacherproficiency_page_029.png,english,single_column,v1.5,PPT2PDF,3,4,2,2,2,2,2,2,2,2,2,2,2,2,2,2,2,2,2,2,1,1,3,4,3,4,3,4,3,4,3,4,3,4,3,4,3,4,3,4,1,1,3,2,0.0,285.0,0.0,285.0,0.0,34.0,2,0.0
PPT_13 fallacies LALT2012_page_001.png,english,single_column,v1.5,PPT2PDF,5,4,3,3,3,3,3,3,3,3,3,3,3,3,3,3,2,2,2,2,1,1,5,4,5,4,5,4,5,4,5,4,5,4,5,4,4,3,4,3,1,1,3,3,0.0,192.0,0.0,192.0,0.0,27.0,3,0.0
PPT_13 fallacies LALT2012_page_009.png,english,single_column,v1.5,PPT2PDF,5,5,5,5,5,5,5,5,5,5,4,4,3,3,2,2,1,1,1,1,1,1,5,5,5,5,5,5,5,5,4,4,3,3,2,2,1,1,1,1,1,1,5,4,0.0,561.0,0.0,561.0,0.0,92.0,4,0.0
PPT_13 fallacies LALT2012_page_010.png,english,single_column,v1.5,PPT2PDF,13,13,13,13,13,13,13,13,13,13,12,12,11,11,9,9,6,6,2,2,0,0,13,13,13,13,13,13,13,13,12,12,11,11,9,9,6,6,2,2,0,0,13,12,12.0,1400.0,12.0,1397.0,10.0,206.0,12,0.0
PPT_1637904769_page_001.png,english,single_column,v1.5,PPT2PDF,4,2,1,1,1,1,1,1,1,1,1,1,1,1,1,1,1,1,1,1,0,0,4,2,4,2,4,2,4,2,4,2,4,2,4,2,4,2,4,2,0,0,1,1,6.0,54.0,6.0,54.0,1.0,9.0,1,
PPT_1637904769_page_002.png,english,single_column,v1.5,PPT2PDF,5,5,5,5,4,4,4,4,4,4,4,4,3,3,3,3,2,2,0,0,0,0,5,5,4,4,4,4,4,4,4,4,3,3,3,3,2,2,0,0,0,0,5,5,11.0,172.0,11.0,172.0,7.0,25.0,5,
PPT_1637904769_page_008.png,english,single_column,v1.5,PPT2PDF,7,7,7,7,7,7,7,7,7,7,7,7,7,7,5,5,1,1,0,0,0,0,7,7,7,7,7,7,7,7,7,7,7,7,5,5,1,1,0,0,0,0,7,7,12.0,185.0,12.0,185.0,6.0,22.0,7,
PPT_1637904769_page_017.png,english,single_column,v1.5,PPT2PDF,5,5,5,5,5,5,5,5,5,5,5,5,5,5,4,4,3,3,3,3,3,3,5,5,5,5,5,5,5,5,5,5,5,5,4,4,3,3,3,3,3,3,5,5,8.0,953.0,8.0,953.0,4.0,156.0,5,
PPT_8076_MEYER_Chapter_2_-_Language_Change_page_012.png,english,single_column,v1.5,PPT2PDF,4,5,3,3,2,2,2,2,2,2,2,2,1,1,1,1,1,1,1,1,0,0,4,5,3,4,3,4,3,4,3,4,2,3,2,3,2,3,1,1,0,0,4,1,0.0,83.0,0.0,83.0,0.0,12.0,1,0.5
PPT_8076_MEYER_Chapter_2_-_Language_Change_page_014.png,english,single_column,v1.5,PPT2PDF,6,6,6,6,6,6,6,6,5,5,5,5,5,5,5,5,4,4,4,4,2,2,6,6,6,6,6,6,5,5,5,5,5,5,5,5,4,4,4,4,2,2,6,5,0.0,257.0,0.0,257.0,0.0,37.0,3,0.0
PPT_8076_MEYER_Chapter_2_-_Language_Change_page_017.png,english,single_column,v1.5,PPT2PDF,4,4,4,4,3,3,3,3,3,3,3,3,2,2,2,2,2,2,2,2,0,0,4,4,3,3,3,3,3,3,3,3,2,2,2,2,2,2,2,2,0,0,4,3,19.0,244.0,19.0,243.0,13.0,35.0,2,0.0
PPT_8076_MEYER_Chapter_2_-_Language_Change_page_021.png,english,single_column,v1.5,PPT2PDF,5,5,5,5,5,5,5,5,4,4,3,3,3,3,3,3,3,3,2,2,0,0,5,5,5,5,5,5,4,4,3,3,3,3,3,3,3,3,2,2,0,0,5,5,0.0,104.0,0.0,104.0,0.0,18.0,2,0.0
PPT_B14_Claeys_Consistent Presentation of Images_v2_page_006.png,english,single_column,v1.5,PPT2PDF,4,5,3,3,3,3,3,3,2,2,2,2,1,1,0,0,0,0,0,0,0,0,4,5,4,5,4,5,3,4,3,4,2,3,1,2,1,2,1,2,1,2,4,4,2.0,74.0,2.0,74.0,1.0,11.0,2,0.0
PPT_B14_Claeys_Consistent Presentation of Images_v2_page_010.png,english,single_column,v1.5,PPT2PDF,3,3,3,3,3,3,3,3,3,3,3,3,3,3,2,2,1,1,1,1,0,0,3,3,3,3,3,3,3,3,3,3,3,3,2,2,1,1,1,1,0,0,3,2,0.0,28.0,0.0,28.0,0.0,3.0,1,0.0
PPT_B14_Claeys_Consistent Presentation of Images_v2_page_013.png,english,single_column,v1.5,PPT2PDF,7,7,7,7,7,7,6,6,5,5,5,5,4,4,3,3,2,2,1,1,0,0,7,7,7,7,6,6,5,5,5,5,4,4,3,3,2,2,1,1,0,0,7,7,21.0,247.0,21.0,247.0,8.0,36.0,7,
PPT_B14_Claeys_Consistent Presentation of Images_v2_page_024.png,english,single_column,v1.5,PPT2PDF,7,7,7,7,7,7,7,7,7,7,7,7,7,7,6,6,4,4,2,2,1,1,7,7,7,7,7,7,7,7,7,7,7,7,6,6,4,4,2,2,1,1,7,7,18.0,383.0,18.0,383.0,8.0,61.0,7,
PPT_BaharMartonosi_page_002.png,english,single_column,v1.5,PPT2PDF,5,5,5,5,5,5,5,5,5,5,5,5,5,5,4,4,3,3,1,1,0,0,5,5,5,5,5,5,5,5,5,5,5,5,4,4,3,3,1,1,0,0,5,5,3.0,294.0,3.0,294.0,3.0,53.0,5,
PPT_BaharMartonosi_page_005.png,english,single_column,v1.5,PPT2PDF,7,12,4,4,4,4,4,4,3,3,3,3,3,3,2,2,1,1,0,0,0,0,5,6,4,4,4,4,3,3,3,3,3,3,2,2,1,1,0,0,0,0,5,5,6.0,137.0,6.0,137.0,3.0,27.0,5,
PPT_BaharMartonosi_page_006.png,english,other_layout,v1.5,PPT2PDF,15,13,13,13,13,13,12,12,11,11,11,11,9,9,8,8,5,5,1,1,0,0,15,13,15,13,15,13,15,13,15,13,13,11,12,10,9,7,3,2,0,0,13,13,51.0,396.0,51.0,354.0,13.0,59.0,13,0.3076923076923077
PPT_BaharMartonosi_page_007.png,english,single_column,v1.5,PPT2PDF,8,5,4,4,4,4,4,4,4,4,4,4,3,3,1,1,0,0,0,0,0,0,8,5,8,5,8,5,8,5,8,5,8,5,6,3,5,2,2,1,0,0,4,4,29.0,197.0,29.0,179.0,7.0,34.0,4,0.0
PPT_BaharMartonosi_page_008.png,english,single_column,v1.5,PPT2PDF,8,9,7,7,7,7,7,7,7,7,7,7,6,6,6,6,3,3,2,2,1,1,8,9,7,7,7,7,7,7,7,7,6,6,6,6,3,3,2,2,1,1,8,8,19.0,346.0,19.0,346.0,7.0,65.0,8,
PPT_BaharMartonosi_page_010.png,english,single_column,v1.5,PPT2PDF,5,5,5,5,5,5,5,5,5,5,5,5,5,5,5,5,5,5,4,4,3,3,5,5,5,5,5,5,5,5,5,5,5,5,5,5,5,5,4,4,3,3,5,5,0.0,281.0,0.0,281.0,0.0,39.0,4,0.0
PPT_CalculusReview_page_002.png,english,1andmore_column,v1.5,PPT2PDF,8,8,8,8,8,8,8,8,8,8,8,8,8,8,6,6,6,6,4,4,2,2,8,8,8,8,8,8,8,8,8,8,8,8,6,6,6,6,4,4,2,2,8,8,14.0,288.0,14.0,288.0,9.0,59.0,7,0.0
PPT_CalculusReview_page_004.png,english,single_column,v1.5,PPT2PDF,9,9,9,9,9,9,9,9,9,9,8,8,7,7,5,5,3,3,2,2,0,0,9,9,9,9,9,9,9,9,8,8,7,7,5,5,3,3,2,2,0,0,9,9,23.0,321.0,23.0,313.0,17.0,84.0,9,
PPT_CalculusReview_page_009.png,english,single_column,v1.5,PPT2PDF,4,5,4,4,4,4,4,4,4,4,3,3,3,3,3,3,1,1,1,1,1,1,4,5,4,5,4,5,4,5,4,5,3,3,3,3,1,1,1,1,1,1,4,4,13.0,91.0,13.0,86.0,10.0,12.0,3,0.0
PPT_CalculusReview_page_014.png,english,single_column,v1.5,PPT2PDF,5,6,5,5,5,5,5,5,5,5,4,4,4,4,4,4,0,0,0,0,0,0,5,6,5,6,5,6,5,6,5,6,5,6,5,6,0,0,0,0,0,0,5,5,7.0,60.0,7.0,60.0,3.0,11.0,3,0.0
PPT_CalculusReview_page_033.png,english,single_column,v1.5,PPT2PDF,2,4,1,1,1,1,1,1,1,1,1,1,1,1,1,1,1,1,0,0,0,0,2,4,2,4,2,4,2,4,2,4,2,4,2,4,2,4,1,3,0,0,2,2,0.0,17.0,0.0,17.0,0.0,2.0,1,0.0
PPT_Catalysis.ppt_page_003.png,english,single_column,v1.5,PPT2PDF,6,10,5,5,4,4,4,4,4,4,4,4,4,4,4,4,4,4,4,4,1,1,6,10,6,10,5,8,5,8,5,8,5,8,5,8,4,4,4,4,1,1,6,6,12.0,334.0,12.0,334.0,4.0,51.0,5,0.0
PPT_Catalysis.ppt_page_016.png,english,single_column,v1.5,PPT2PDF,2,2,2,2,2,2,2,2,2,2,2,2,2,2,2,2,2,2,1,1,1,1,2,2,2,2,2,2,2,2,2,2,2,2,2,2,2,2,1,1,1,1,2,2,0.0,38.0,0.0,38.0,0.0,5.0,1,0.0
PPT_EnglishtoAmericanTransition_page_003.png,english,single_column,v1.5,PPT2PDF,7,7,7,7,7,7,7,7,6,6,6,6,6,6,4,4,4,4,3,3,0,0,7,7,7,7,7,7,6,6,6,6,6,6,4,4,4,4,3,3,0,0,7,7,16.0,276.0,16.0,276.0,7.0,50.0,7,
PPT_EnglishtoAmericanTransition_page_005.png,english,single_column,v1.5,PPT2PDF,4,4,4,4,4,4,4,4,4,4,4,4,4,4,4,4,3,3,0,0,0,0,4,4,4,4,4,4,4,4,4,4,4,4,4,4,3,3,0,0,0,0,4,4,8.0,281.0,8.0,281.0,4.0,46.0,4,
PPT_EnglishtoAmericanTransition_page_009.png,english,single_column,v1.5,PPT2PDF,9,9,9,9,9,9,9,9,9,9,9,9,9,9,7,7,5,5,1,1,0,0,9,9,9,9,9,9,9,9,9,9,9,9,7,7,5,5,1,1,0,0,9,9,24.0,197.0,24.0,197.0,8.0,39.0,9,
PPT_EnglishtoAmericanTransition_page_012.png,english,single_column,v1.5,PPT2PDF,5,5,5,5,5,5,4,4,3,3,2,2,2,2,2,2,2,2,0,0,0,0,5,5,5,5,4,4,3,3,2,2,2,2,2,2,2,2,0,0,0,0,5,5,22.0,146.0,22.0,146.0,6.0,25.0,5,
PPT_EnglishtoAmericanTransition_page_016.png,english,single_column,v1.5,PPT2PDF,6,6,6,6,6,6,6,6,6,6,6,6,6,6,6,6,6,6,3,3,1,1,6,6,6,6,6,6,6,6,6,6,6,6,6,6,6,6,3,3,1,1,6,6,17.0,526.0,17.0,526.0,6.0,86.0,6,
PPT_EnglishtoAmericanTransition_page_017.png,english,single_column,v1.5,PPT2PDF,6,6,6,6,6,6,6,6,6,6,6,6,6,6,6,6,6,6,5,5,4,4,6,6,6,6,6,6,6,6,6,6,6,6,6,6,6,6,5,5,4,4,6,5,15.0,827.0,15.0,827.0,9.0,135.0,6,0.0
PPT_Keuk Chan Narith_page_005.png,english,single_column,v1.5,PPT2PDF,6,6,6,6,6,6,6,6,6,6,6,6,6,6,3,3,2,2,2,2,0,0,6,6,6,6,6,6,6,6,6,6,6,6,3,3,2,2,2,2,0,0,6,6,8.0,166.0,8.0,166.0,4.0,26.0,6,
PPT_Keuk Chan Narith_page_009.png,english,single_column,v1.5,PPT2PDF,2,2,2,2,2,2,2,2,2,2,2,2,2,2,1,1,1,1,1,1,0,0,2,2,2,2,2,2,2,2,2,2,2,2,1,1,1,1,1,1,0,0,2,1,2.0,330.0,2.0,330.0,3.0,48.0,2,0.0
PPT_Keuk Chan Narith_page_019.png,english,single_column,v1.5,PPT2PDF,2,2,2,2,2,2,2,2,2,2,2,2,2,2,2,2,2,2,1,1,0,0,2,2,2,2,2,2,2,2,2,2,2,2,2,2,2,2,1,1,0,0,2,1,2.0,236.0,2.0,236.0,1.0,36.0,2,0.0
PPT_LEP power point presentation-English-FINAL-10-31-07_page_004.png,english,single_column,v1.5,PPT2PDF,7,6,6,6,6,6,6,6,6,6,5,5,5,5,5,5,5,5,4,4,3,3,7,6,7,6,7,6,7,6,7,6,7,6,7,6,7,6,6,5,3,3,6,6,37.0,654.0,37.0,627.0,9.0,99.0,6,
PPT_LEP power point presentation-English-FINAL-10-31-07_page_006.png,english,single_column,v1.5,PPT2PDF,11,11,11,11,11,11,11,11,11,11,11,11,10,10,9,9,7,7,6,6,0,0,11,11,11,11,11,11,11,11,11,11,10,10,9,9,7,7,6,6,0,0,11,10,14.0,744.0,14.0,744.0,7.0,108.0,11,0.0
PPT_LEP power point presentation-English-FINAL-10-31-07_page_008.png,english,single_column,v1.5,PPT2PDF,9,9,9,9,9,9,9,9,9,9,9,9,9,9,8,8,6,6,4,4,2,2,9,9,9,9,9,9,9,9,9,9,9,9,8,8,6,6,4,4,2,2,9,7,9.0,538.0,9.0,534.0,6.0,88.0,8,0.0
PPT_LEP power point presentation-English-FINAL-10-31-07_page_010.png,english,single_column,v1.5,PPT2PDF,1,1,1,1,1,1,1,1,1,1,1,1,1,1,1,1,1,1,1,1,1,1,1,1,1,1,1,1,1,1,1,1,1,1,1,1,1,1,1,1,1,1,1,1,0.0,0.0,0.0,0.0,0.0,0.0,0,
PPT_LEP power point presentation-English-FINAL-10-31-07_page_011.png,english,single_column,v1.5,PPT2PDF,1,1,1,1,1,1,1,1,1,1,1,1,1,1,1,1,1,1,1,1,1,1,1,1,1,1,1,1,1,1,1,1,1,1,1,1,1,1,1,1,1,1,1,1,0.0,0.0,0.0,0.0,0.0,0.0,0,
PPT_LEP power point presentation-English-FINAL-10-31-07_page_015.png,english,single_column,v1.5,PPT2PDF,3,2,1,1,1,1,1,1,1,1,1,1,1,1,1,1,1,1,1,1,0,0,1,1,1,1,1,1,1,1,1,1,1,1,1,1,1,1,1,1,0,0,1,1,3.0,89.0,3.0,86.0,1.0,11.0,1,
PPT_MMAT5390Lecture1_page_023.png,english,single_column,v1.5,PPT2PDF,11,12,10,10,10,10,10,10,10,10,10,10,10,10,5,5,2,2,1,1,0,0,11,12,10,10,10,10,10,10,10,10,10,10,5,5,2,2,1,1,0,0,11,10,26.0,461.0,26.0,461.0,17.0,80.0,9,0.0
PPT_MMAT5390Lecture1_page_024.png,english,single_column,v1.5,PPT2PDF,7,8,7,7,6,6,6,6,6,6,6,6,6,6,6,6,4,4,2,2,2,2,7,8,7,8,6,6,6,6,6,6,6,6,6,6,4,4,2,2,2,2,7,7,11.0,353.0,11.0,353.0,8.0,63.0,6,0.0
PPT_PresentationSpecification_page_007.png,english,single_column,v1.5,PPT2PDF,12,12,11,11,10,10,8,8,7,7,5,5,4,4,1,1,1,1,0,0,0,0,11,11,10,10,8,8,7,7,5,5,4,4,1,1,1,1,0,0,0,0,11,10,37.0,270.0,37.0,270.0,13.0,52.0,9,0.0
PPT_PresentationSpecification_page_010.png,english,single_column,v1.5,PPT2PDF,10,17,6,6,6,6,6,6,6,6,5,5,5,5,5,5,5,5,4,4,1,1,8,15,8,15,8,15,8,15,7,14,5,5,5,5,5,5,4,4,1,1,8,6,5.0,222.0,5.0,222.0,4.0,44.0,5,0.0
PPT_PresentationSpecification_page_025.png,english,single_column,v1.5,PPT2PDF,12,12,11,11,11,11,10,10,10,10,9,9,8,8,6,6,3,3,2,2,0,0,11,11,11,11,10,10,10,10,9,9,8,8,6,6,3,3,2,2,0,0,11,11,18.0,320.0,18.0,320.0,10.0,54.0,9,
PPT_StewartCalcET7e_03_02_page_007.png,english,single_column,v1.5,PPT2PDF,6,10,5,5,4,4,4,4,4,4,4,4,3,3,3,3,2,2,1,1,0,0,6,10,5,9,5,9,5,9,5,9,4,8,4,8,3,7,1,1,0,0,6,6,9.0,116.0,9.0,109.0,3.0,28.0,3,0.0
PPT_StewartCalcET7e_03_02_page_010.png,english,single_column,v1.5,PPT2PDF,9,9,8,8,8,8,8,8,8,8,8,8,8,8,8,8,6,6,3,3,0,0,8,8,8,8,8,8,8,8,8,8,8,8,8,8,6,6,3,3,0,0,8,8,10.0,134.0,10.0,134.0,2.0,26.0,5,0.0
PPT_StewartCalcET7e_03_02_page_012.png,english,single_column,v1.5,PPT2PDF,7,7,6,6,6,6,6,6,5,5,5,5,4,4,4,4,3,3,1,1,0,0,6,6,6,6,6,6,5,5,5,5,4,4,4,4,3,3,1,1,0,0,6,6,3.0,132.0,3.0,132.0,2.0,22.0,3,0.0
PPT_StewartCalcET7e_03_02_page_014.png,english,single_column,v1.5,PPT2PDF,6,7,4,4,4,4,4,4,4,4,4,4,4,4,4,4,3,3,2,2,0,0,5,6,5,6,5,6,4,4,4,4,4,4,4,4,3,3,2,2,0,0,5,5,2.0,295.0,2.0,295.0,4.0,62.0,3,0.0
PPT_StewartCalcET7e_03_02_page_015.png,english,single_column,v1.5,PPT2PDF,7,21,6,6,5,5,5,5,4,4,4,4,4,4,3,3,1,1,0,0,0,0,7,21,6,20,6,20,5,19,5,19,5,19,3,3,1,1,0,0,0,0,7,7,2.0,154.0,2.0,154.0,0.0,30.0,4,0.0
PPT_StewartCalcET7e_04_09_page_018.png,english,single_column,v1.5,PPT2PDF,9,9,7,7,7,7,7,7,7,7,7,7,7,7,6,6,4,4,1,1,0,0,7,7,7,7,7,7,7,7,7,7,7,7,6,6,4,4,1,1,0,0,7,7,1.0,236.0,1.0,236.0,2.0,60.0,4,0.0
PPT_The Right Moves_page_010.png,english,single_column,v1.5,PPT2PDF,4,4,3,3,3,3,3,3,3,3,3,3,3,3,3,3,3,3,2,2,1,1,3,3,3,3,3,3,3,3,3,3,3,3,3,3,3,3,2,2,1,1,3,2,0.0,300.0,0.0,300.0,0.0,54.0,2,0.0
PPT_The Right Moves_page_016.png,english,single_column,v1.5,PPT2PDF,3,4,3,3,3,3,3,3,2,2,2,2,2,2,2,2,2,2,2,2,1,1,3,3,3,3,3,3,2,2,2,2,2,2,2,2,2,2,2,2,1,1,3,2,0.0,128.0,0.0,128.0,0.0,19.0,1,
PPT_The Right Moves_page_024.png,english,single_column,v1.5,PPT2PDF,5,5,4,4,4,4,4,4,4,4,4,4,4,4,4,4,4,4,2,2,1,1,4,4,4,4,4,4,4,4,4,4,4,4,4,4,4,4,2,2,1,1,4,3,7.0,384.0,7.0,384.0,4.0,58.0,3,
PPT_Transfer-Orientation-2012_page_004.png,english,single_column,v1.5,PPT2PDF,10,23,6,6,3,3,3,3,2,2,1,1,0,0,0,0,0,0,0,0,0,0,10,23,9,21,7,17,7,17,6,15,3,9,2,6,1,3,0,0,0,0,10,10,22.0,694.0,22.0,694.0,11.0,119.0,10,
PPT_all655920_page_001.png,english,single_column,v1.5,PPT2PDF,6,6,6,6,6,6,6,6,6,6,5,5,5,5,5,5,4,4,3,3,0,0,6,6,6,6,6,6,6,6,5,5,5,5,5,5,4,4,3,3,0,0,6,6,3.0,404.0,3.0,404.0,3.0,68.0,6,0.0
PPT_all655920_page_002.png,english,single_column,v1.5,PPT2PDF,3,3,3,3,3,3,3,3,3,3,3,3,3,3,3,3,3,3,1,1,0,0,3,3,3,3,3,3,3,3,3,3,3,3,3,3,3,3,1,1,0,0,3,3,5.0,434.0,5.0,434.0,3.0,69.0,3,
PPT_all655920_page_003.png,english,single_column,v1.5,PPT2PDF,4,4,4,4,4,4,4,4,4,4,4,4,4,4,3,3,2,2,2,2,1,1,4,4,4,4,4,4,4,4,4,4,4,4,3,3,2,2,2,2,1,1,4,4,8.0,302.0,8.0,302.0,5.0,47.0,4,
PPT_all655920_page_008.png,english,single_column,v1.5,PPT2PDF,6,6,6,6,6,6,6,6,5,5,5,5,5,5,4,4,1,1,0,0,0,0,6,6,6,6,6,6,5,5,5,5,5,5,4,4,1,1,0,0,0,0,6,6,2.0,233.0,2.0,233.0,2.0,44.0,6,
PPT_ch7_page_020.png,english,single_column,v1.5,PPT2PDF,17,12,7,7,7,7,7,7,6,6,6,6,4,4,3,3,3,3,2,2,0,0,12,8,12,8,12,8,12,8,12,8,9,6,7,5,5,4,4,3,0,0,7,7,30.0,211.0,30.0,211.0,6.0,36.0,1,0.0
PPT_ch7_page_021.png,english,single_column,v1.5,PPT2PDF,7,6,5,5,5,5,5,5,5,5,5,5,4,4,3,3,3,3,3,3,0,0,6,5,6,5,6,5,6,5,6,5,6,5,3,3,3,3,3,3,0,0,5,5,51.0,511.0,51.0,511.0,10.0,80.0,2,0.0
PPT_ch7_page_028.png,english,single_column,v1.5,PPT2PDF,6,15,5,5,5,5,4,4,4,4,4,4,3,3,2,2,2,2,1,1,0,0,6,15,6,15,5,14,5,14,5,14,4,13,3,12,3,12,1,1,0,0,6,5,0.0,44.0,0.0,44.0,0.0,7.0,2,0.0
PPT_ch7_page_030.png,english,single_column,v1.5,PPT2PDF,9,9,5,5,4,4,4,4,4,4,4,4,4,4,4,4,4,4,4,4,1,1,5,5,4,4,4,4,4,4,4,4,4,4,4,4,4,4,4,4,1,1,5,5,62.0,477.0,62.0,477.0,11.0,88.0,2,0.0
PPT_ch7_page_034.png,english,single_column,v1.5,PPT2PDF,10,12,8,8,7,7,7,7,7,7,7,7,6,6,6,6,3,3,3,3,0,0,8,10,7,9,7,9,7,9,7,9,6,8,6,8,4,6,3,3,0,0,8,6,1.0,253.0,1.0,253.0,1.0,45.0,4,0.0
PPT_ch7_page_035.png,english,single_column,v1.5,PPT2PDF,7,8,7,7,7,7,7,7,6,6,6,6,5,5,5,5,5,5,4,4,1,1,7,8,7,8,7,8,6,7,6,7,6,7,6,7,6,7,4,4,1,1,7,5,64.0,526.0,64.0,526.0,10.0,91.0,3,0.0
PPT_ch7_page_053.png,english,single_column,v1.5,PPT2PDF,7,6,6,6,6,6,6,6,6,6,5,5,4,4,4,4,4,4,2,2,1,1,7,6,7,6,7,6,7,6,6,5,6,5,6,5,6,5,4,3,3,2,6,5,0.0,191.0,0.0,191.0,0.0,34.0,2,0.0
PPT_ch7_page_057.png,english,single_column,v1.5,PPT2PDF,12,12,11,11,10,10,10,10,9,9,9,9,8,8,8,8,5,5,3,3,0,0,11,11,10,10,10,10,9,9,9,9,8,8,8,8,5,5,3,3,0,0,11,10,49.0,646.0,49.0,644.0,51.0,131.0,7,0.0
PPT_ch7_page_090.png,english,single_column,v1.5,PPT2PDF,12,21,8,8,8,8,7,7,7,7,7,7,5,5,5,5,5,5,3,3,1,1,10,19,10,19,10,19,9,17,9,17,7,15,6,12,6,12,4,10,1,1,10,9,8.0,233.0,8.0,233.0,5.0,42.0,4,0.0
PPT_ch7_page_132.png,english,single_column,v1.5,PPT2PDF,18,15,9,9,7,7,7,7,6,6,6,6,6,6,6,6,5,5,4,4,0,0,13,11,9,8,7,7,6,6,6,6,6,6,6,6,5,5,4,4,0,0,9,7,2.0,292.0,2.0,292.0,3.0,55.0,5,0.0
PPT_ch7_page_136.png,english,single_column,v1.5,PPT2PDF,8,8,6,6,6,6,6,6,5,5,5,5,5,5,5,5,5,5,4,4,0,0,6,6,6,6,6,6,5,5,5,5,5,5,5,5,5,5,4,4,0,0,6,6,97.0,543.0,97.0,543.0,14.0,88.0,3,0.0
PPT_ch7_page_142.png,english,single_column,v1.5,PPT2PDF,11,11,7,7,7,7,7,7,7,7,7,7,5,5,5,5,5,5,4,4,2,2,7,7,7,7,7,7,7,7,7,7,5,5,5,5,5,5,4,4,2,2,7,5,173.0,575.0,173.0,575.0,18.0,83.0,5,0.0
PPT_english-guidelines-for-humanities-students.zp199743_page_002.png,english,single_column,v1.5,PPT2PDF,5,5,5,5,5,5,5,5,5,5,5,5,5,5,4,4,4,4,4,4,1,1,5,5,5,5,5,5,5,5,5,5,5,5,4,4,4,4,4,4,1,1,5,5,3.0,565.0,3.0,565.0,3.0,97.0,5,
PPT_english-guidelines-for-humanities-students.zp199743_page_008.png,english,single_column,v1.5,PPT2PDF,4,4,4,4,4,4,4,4,4,4,4,4,4,4,4,4,4,4,3,3,2,2,4,4,4,4,4,4,4,4,4,4,4,4,4,4,4,4,3,3,2,2,4,4,7.0,332.0,7.0,332.0,4.0,62.0,4,
PPT_english-guidelines-for-humanities-students.zp199743_page_011.png,english,single_column,v1.5,PPT2PDF,6,6,6,6,6,6,6,6,6,6,6,6,5,5,4,4,3,3,3,3,2,2,6,6,6,6,6,6,6,6,6,6,5,5,4,4,3,3,3,3,2,2,6,6,11.0,362.0,11.0,362.0,6.0,67.0,6,
PPT_english-studies-s6-on-the-road-resource-3_page_002.png,english,other_layout,v1.5,PPT2PDF,5,5,5,5,5,5,5,5,5,5,5,5,5,5,5,5,5,5,5,5,2,2,5,5,5,5,5,5,5,5,5,5,5,5,5,5,5,5,5,5,2,2,5,5,1.0,697.0,1.0,697.0,1.0,100.0,5,0.0
PPT_english-studies-s6-on-the-road-resource-3_page_003.png,english,single_column,v1.5,PPT2PDF,2,2,2,2,2,2,2,2,2,2,2,2,2,2,2,2,2,2,2,2,1,1,2,2,2,2,2,2,2,2,2,2,2,2,2,2,2,2,2,2,1,1,2,2,0.0,425.0,0.0,425.0,0.0,60.0,2,0.0
PPT_english-studies-s6-on-the-road-resource-3_page_005.png,english,single_column,v1.5,PPT2PDF,3,3,3,3,3,3,3,3,3,3,3,3,3,3,3,3,2,2,0,0,0,0,3,3,3,3,3,3,3,3,3,3,3,3,3,3,2,2,0,0,0,0,3,3,6.0,260.0,6.0,260.0,3.0,53.0,3,
PPT_esea-app101_page_003.png,english,single_column,v1.5,PPT2PDF,4,4,4,4,4,4,4,4,4,4,4,4,3,3,3,3,3,3,1,1,0,0,4,4,4,4,4,4,4,4,4,4,3,3,3,3,3,3,1,1,0,0,4,4,5.0,267.0,5.0,267.0,3.0,40.0,4,
PPT_esea-app101_page_015.png,english,single_column,v1.5,PPT2PDF,5,3,2,2,2,2,2,2,2,2,2,2,2,2,1,1,1,1,0,0,0,0,5,3,5,3,5,3,5,3,5,3,5,3,4,2,4,2,3,1,0,0,2,2,0.0,41.0,0.0,41.0,0.0,0.0,2,0.0
PPT_fundamental_theorem_of_calculus___page_002.png,english,single_column,v1.5,PPT2PDF,4,5,3,3,3,3,3,3,3,3,3,3,3,3,3,3,3,3,3,3,1,1,4,5,4,5,4,5,4,5,4,5,4,5,4,5,4,5,4,5,1,1,4,4,18.0,160.0,18.0,151.0,4.0,32.0,2,0.5
PPT_fundamental_theorem_of_calculus___page_005.png,english,single_column,v1.5,PPT2PDF,7,6,4,4,4,4,3,3,3,3,3,3,3,3,3,3,2,2,1,1,0,0,6,5,6,5,5,4,5,4,5,4,5,4,5,4,4,3,1,1,0,0,4,3,29.0,215.0,29.0,191.0,9.0,36.0,4,0.0
PPT_fundamental_theorem_of_calculus___page_006.png,english,single_column,v1.5,PPT2PDF,3,5,2,2,2,2,2,2,2,2,2,2,2,2,2,2,2,2,2,2,0,0,3,5,3,5,3,5,3,5,3,5,3,5,3,5,3,5,2,2,0,0,3,3,1.0,209.0,1.0,209.0,1.0,35.0,2,0.0
PPT_fundamental_theorem_of_calculus___page_013.png,english,other_layout,v1.5,PPT2PDF,4,7,3,3,3,3,3,3,3,3,3,3,3,3,3,3,2,2,2,2,1,1,4,7,4,7,4,7,4,7,4,7,4,7,4,7,3,6,3,6,1,1,4,2,9.0,76.0,9.0,74.0,3.0,23.0,2,0.0
PPT_lay_linalg5_01_05_page_003.png,english,single_column,v1.5,PPT2PDF,7,11,4,4,4,4,4,4,3,3,1,1,1,1,0,0,0,0,0,0,0,0,7,11,7,11,7,11,6,10,5,9,5,9,4,8,3,5,0,0,0,0,6,5,27.0,241.0,27.0,229.0,7.0,40.0,2,0.0
PPT_lay_linalg5_01_05_page_004.png,english,other_layout,v1.5,PPT2PDF,8,8,5,5,5,5,4,4,4,4,3,3,3,3,3,3,2,2,2,2,0,0,8,8,8,8,7,7,7,7,6,6,6,6,6,6,5,5,2,2,0,0,6,5,3.0,94.0,3.0,92.0,4.0,18.0,1,0.0
PPT_lay_linalg5_01_05_page_005.png,english,single_column,v1.5,PPT2PDF,6,7,6,6,6,6,6,6,5,5,3,3,2,2,2,2,2,2,1,1,0,0,6,7,6,7,6,7,5,6,3,3,2,2,2,2,2,2,1,1,0,0,6,5,7.0,172.0,7.0,172.0,3.0,38.0,2,
PPT_lay_linalg5_01_05_page_008.png,english,single_column,v1.5,PPT2PDF,6,6,6,6,6,6,6,6,6,6,6,6,3,3,2,2,2,2,2,2,0,0,6,6,6,6,6,6,6,6,6,6,3,3,2,2,2,2,2,2,0,0,6,5,5.0,286.0,5.0,286.0,5.0,48.0,2,
PPT_lay_linalg5_01_05_page_009.png,english,single_column,v1.5,PPT2PDF,6,6,6,6,6,6,6,6,5,5,4,4,3,3,2,2,1,1,1,1,0,0,6,6,6,6,6,6,5,5,4,4,3,3,2,2,1,1,1,1,0,0,6,5,13.0,110.0,13.0,110.0,7.0,25.0,2,0.0
PPT_lecture1_page_005.png,english,single_column,v1.5,PPT2PDF,6,5,4,4,4,4,4,4,3,3,3,3,3,3,3,3,2,2,1,1,0,0,6,5,6,5,6,5,5,4,5,4,5,4,5,4,4,3,1,1,0,0,4,2,11.0,320.0,11.0,320.0,5.0,64.0,4,0.0
PPT_lecture1_page_007.png,english,single_column,v1.5,PPT2PDF,4,6,4,4,3,3,3,3,3,3,3,3,2,2,1,1,1,1,0,0,0,0,4,6,4,6,4,6,4,6,3,3,2,2,1,1,1,1,0,0,0,0,4,0,35.0,378.0,35.0,378.0,13.0,88.0,4,0.0
PPT_lecture1_page_009.png,english,single_column,v1.5,PPT2PDF,7,11,7,7,5,5,4,4,4,4,4,4,4,4,3,3,2,2,1,1,0,0,7,11,7,11,6,10,6,10,6,10,5,8,5,8,4,7,2,3,0,0,7,7,5.0,182.0,5.0,182.0,3.0,36.0,3,0.0
PPT_lecture1_page_022.png,english,single_column,v1.5,PPT2PDF,4,6,3,3,3,3,3,3,2,2,1,1,1,1,0,0,0,0,0,0,0,0,4,6,4,6,4,6,4,6,3,5,3,5,0,0,0,0,0,0,0,0,3,2,0.0,3.0,0.0,3.0,0.0,0.0,1,0.0
PPT_linear-algebra primer_page_007.png,english,single_column,v1.5,PPT2PDF,8,9,7,7,7,7,7,7,7,7,6,6,6,6,6,6,6,6,3,3,1,1,8,9,8,9,8,9,7,7,6,6,6,6,6,6,6,6,3,3,1,1,8,5,0.0,160.0,0.0,160.0,0.0,22.0,4,0.0
PPT_linear-algebra primer_page_008.png,english,other_layout,v1.5,PPT2PDF,14,24,12,12,12,12,11,11,11,11,11,11,9,9,8,8,6,6,1,1,0,0,13,23,13,23,12,22,12,22,12,22,11,21,10,20,8,18,1,1,0,0,13,10,4.0,318.0,4.0,318.0,3.0,52.0,9,0.2
PPT_linear-algebra primer_page_016.png,english,single_column,v1.5,PPT2PDF,10,10,8,8,7,7,7,7,6,6,5,5,5,5,5,5,4,4,2,2,0,0,10,10,9,8,9,8,8,7,7,6,7,6,7,6,6,5,2,2,0,0,9,7,53.0,219.0,53.0,200.0,8.0,20.0,5,0.0
PPT_session 10_page_022.png,english,single_column,v1.5,PPT2PDF,2,3,2,2,2,2,2,2,2,2,2,2,2,2,1,1,1,1,0,0,0,0,2,2,2,2,2,2,2,2,2,2,2,2,1,1,1,1,0,0,0,0,2,2,0.0,38.0,0.0,38.0,0.0,8.0,2,0.0
PPT_session 10_page_023.png,english,single_column,v1.5,PPT2PDF,2,3,2,2,2,2,2,2,2,2,2,2,2,2,1,1,1,1,0,0,0,0,2,2,2,2,2,2,2,2,2,2,2,2,1,1,1,1,0,0,0,0,2,2,0.0,38.0,0.0,38.0,0.0,8.0,2,0.0
PPT_session 10_page_028.png,english,single_column,v1.5,PPT2PDF,2,3,2,2,2,2,2,2,2,2,2,2,2,2,1,1,0,0,0,0,0,0,2,2,2,2,2,2,2,2,2,2,2,2,1,1,0,0,0,0,0,0,2,2,0.0,44.0,0.0,44.0,0.0,10.0,2,0.0
PPT_sociolinguistics_page_015.png,english,single_column,v1.5,PPT2PDF,6,6,6,6,6,6,5,5,5,5,5,5,5,5,4,4,4,4,3,3,2,2,6,6,6,6,5,5,5,5,5,5,5,5,4,4,4,4,3,3,2,2,6,6,9.0,549.0,9.0,549.0,5.0,89.0,5,
"book_en_40.Puzzles.and.Problems.in.Probability.and.Mathematical.Statistics,.Schwarz,.Springer,.2008_page_064.png",english,single_column,v1.5,book,8,8,8,8,8,8,7,7,6,6,6,6,6,6,5,5,5,5,4,4,2,2,8,8,8,8,7,7,6,6,6,6,6,6,5,5,5,5,4,4,2,2,8,8,59.0,1496.0,59.0,1496.0,61.0,312.0,5,0.0
"book_en_40.Puzzles.and.Problems.in.Probability.and.Mathematical.Statistics,.Schwarz,.Springer,.2008_page_115.png",english,single_column,v1.5,book,12,13,11,11,11,11,11,11,11,11,11,11,9,9,9,9,9,9,8,8,7,7,12,13,12,13,12,13,12,13,12,13,10,11,9,9,9,9,8,8,7,7,12,12,291.0,1993.0,291.0,1993.0,49.0,313.0,6,0.0
book_en_5.Advanced.Modern.Algebra.-.J.Rotman.2003_page_572.png,english,single_column,v1.5,book,17,19,16,16,16,16,16,16,15,15,15,15,13,13,13,13,10,10,6,6,2,2,17,19,17,19,16,16,15,15,15,15,13,13,13,13,10,10,6,6,2,2,17,17,78.0,2418.0,78.0,2404.0,54.0,501.0,12,0.0
book_en_5.Advanced.Modern.Algebra.-.J.Rotman.2003_page_887.png,english,single_column,v1.5,book,22,23,22,22,21,21,19,19,19,19,19,19,15,15,14,14,11,11,6,6,3,3,22,23,22,23,20,21,20,21,20,21,16,17,14,14,11,11,6,6,3,3,22,22,104.0,1864.0,104.0,1842.0,64.0,321.0,13,0.0
book_en_6.Complex.Analysis.-.Elias.M..Stein_page_051.png,english,single_column,v1.5,book,9,9,9,9,9,9,9,9,8,8,7,7,7,7,7,7,7,7,6,6,5,5,9,9,9,9,9,9,8,8,7,7,7,7,7,7,7,7,6,6,5,5,9,8,12.0,1827.0,12.0,1820.0,8.0,299.0,8,0.0
book_en_6.Complex.Analysis.-.Elias.M..Stein_page_205.png,english,single_column,v1.5,book,18,21,17,17,17,17,17,17,17,17,16,16,14,14,12,12,7,7,5,5,1,1,18,21,18,21,18,21,18,21,17,20,15,18,13,16,8,11,5,5,1,1,18,18,44.0,941.0,44.0,937.0,14.0,181.0,10,0.0
"book_en_A.Concise.Introduction.to.Linear.Algebra,.Geza.Schay,.Birkhauser,.2012_page_065.png",english,single_column,v1.5,book,25,16,11,11,3,3,2,2,2,2,2,2,2,2,2,2,1,1,1,1,1,1,25,16,24,15,24,15,24,15,22,13,22,13,20,11,11,6,7,4,3,2,11,11,0.0,123.0,0.0,123.0,0.0,20.0,1,0.0
"book_en_A.Concise.Introduction.to.Linear.Algebra,.Geza.Schay,.Birkhauser,.2012_page_194.png",english,single_column,v1.5,book,22,22,19,19,18,18,17,17,17,17,14,14,10,10,9,9,8,8,6,6,2,2,19,19,18,18,17,17,17,17,14,14,10,10,9,9,8,8,6,6,2,2,19,17,24.0,1649.0,24.0,1644.0,29.0,282.0,12,0.0
book_en_A.Course.in.Abstract.Harmonic.Analysis.-.Gerald.B.Folland.0849384907_page_119.png,english,single_column,v1.5,book,18,20,16,16,16,16,16,16,14,14,13,13,13,13,12,12,11,11,11,11,3,3,17,18,17,18,17,18,15,16,14,15,14,15,13,14,12,13,11,11,3,3,17,17,133.0,2473.0,133.0,2469.0,35.0,439.0,13,0.0
book_en_[搬书匠#20][HTML5 Canvas].2011.英文版_page_208.png,english,single_column,v1.5,book,3,4,3,3,3,3,2,2,2,2,1,1,1,1,1,1,1,1,1,1,1,1,3,4,3,4,2,3,2,3,1,2,1,2,1,2,1,2,1,2,1,2,3,2,0.0,0.0,0.0,0.0,0.0,0.0,0,
book_en_[搬书匠#375][High Performance MySQL 3rd Edition].2012.英文版_page_153.png,english,single_column,v1.5,book,12,12,11,11,11,11,11,11,11,11,11,11,10,10,10,10,9,9,7,7,3,3,11,11,11,11,11,11,11,11,11,11,10,10,10,10,9,9,7,7,3,3,11,11,13.0,1408.0,13.0,1405.0,17.0,249.0,7,0.0
book_en_[搬书匠#893][Pyomo—Optimization Modeling in Python].2012.英文版_page_016.png,english,single_column,v1.5,book,44,3,2,2,2,2,1,1,1,1,1,1,0,0,0,0,0,0,0,0,0,0,44,3,44,3,43,2,43,2,43,2,42,1,42,1,42,1,42,1,42,1,2,0,0.0,0.0,0.0,0.0,0.0,0.0,0,
book_en_[搬书匠#893][Pyomo—Optimization Modeling in Python].2012.英文版_page_188.png,english,single_column,v1.5,book,9,9,8,8,8,8,8,8,8,8,7,7,7,7,7,7,7,7,6,6,5,5,8,8,8,8,8,8,8,8,7,7,7,7,7,7,7,7,6,6,5,5,8,7,9.0,1762.0,9.0,1753.0,13.0,248.0,6,0.0
"book_en_国外数学教材-An Excursion through Elementary Mathematics（初等数学漫游）-An excursion through elementary mathematics, Vol.3 (Caminha Muniz Neto A)_0035.png",english,single_column,v1.5,book,15,15,14,14,14,14,14,14,14,14,14,14,13,13,13,13,13,13,10,10,5,5,14,14,14,14,14,14,14,14,14,14,13,13,13,13,13,13,10,10,5,5,14,14,54.0,2713.0,54.0,2711.0,40.0,515.0,11,0.0
"book_en_国外数学教材-An Excursion through Elementary Mathematics（初等数学漫游）-An excursion through elementary mathematics, Vol.3 (Caminha Muniz Neto A)_0085.png",english,single_column,v1.5,book,20,24,19,19,19,19,18,18,14,14,12,12,11,11,11,11,10,10,4,4,1,1,20,24,20,24,19,23,15,19,13,17,12,16,12,16,11,15,4,4,1,1,20,13,61.0,969.0,61.0,951.0,49.0,175.0,14,0.0
"book_en_国外数学教材-An Excursion through Elementary Mathematics（初等数学漫游）-An excursion through elementary mathematics, Vol.3 (Caminha Muniz Neto A)_0092.png",english,single_column,v1.5,book,14,22,9,9,9,9,9,9,9,9,9,9,8,8,7,7,5,5,1,1,1,1,12,20,12,20,12,20,12,20,12,20,11,19,10,18,8,16,3,9,1,1,12,12,31.0,673.0,31.0,673.0,16.0,138.0,5,0.0
"book_en_国外数学教材-An Excursion through Elementary Mathematics（初等数学漫游）-An excursion through elementary mathematics, Vol.3 (Caminha Muniz Neto A)_0100.png",english,single_column,v1.5,book,17,17,17,17,17,17,16,16,16,16,15,15,15,15,14,14,13,13,10,10,6,6,17,17,17,17,16,16,16,16,15,15,15,15,14,14,13,13,10,10,6,6,17,17,67.0,1668.0,67.0,1663.0,76.0,361.0,11,0.0
"book_en_国外数学教材-An Excursion through Elementary Mathematics（初等数学漫游）-An excursion through elementary mathematics, Vol.3 (Caminha Muniz Neto A)_0119.png",english,single_column,v1.5,book,13,18,12,12,12,12,11,11,11,11,11,11,11,11,10,10,9,9,9,9,4,4,13,18,13,18,12,17,12,17,12,17,12,17,11,16,10,15,10,15,4,4,13,12,30.0,2497.0,30.0,2494.0,42.0,515.0,10,0.0
"book_en_国外数学教材-An Excursion through Elementary Mathematics（初等数学漫游）-An excursion through elementary mathematics, Vol.3 (Caminha Muniz Neto A)_0242.png",english,single_column,v1.5,book,17,20,14,14,13,13,13,13,13,13,12,12,10,10,8,8,5,5,3,3,0,0,16,19,15,18,15,18,15,18,14,17,12,15,10,13,6,8,3,3,0,0,16,15,4.0,329.0,4.0,327.0,6.0,62.0,9,0.0
"book_en_国外数学教材-An Excursion through Elementary Mathematics（初等数学漫游）-An excursion through elementary mathematics, Vol.3 (Caminha Muniz Neto A)_0451.png",english,single_column,v1.5,book,13,13,13,13,12,12,12,12,12,12,12,12,12,12,10,10,9,9,7,7,3,3,13,13,12,12,12,12,12,12,12,12,12,12,10,10,9,9,7,7,3,3,13,13,33.0,904.0,33.0,904.0,36.0,197.0,11,
"book_en_国外数学教材-An Excursion through Elementary Mathematics（初等数学漫游）-An excursion through elementary mathematics, Vol.3 (Caminha Muniz Neto A)_0596.png",english,single_column,v1.5,book,9,10,8,8,8,8,8,8,8,8,8,8,8,8,7,7,7,7,7,7,6,6,9,10,8,8,8,8,8,8,8,8,8,8,7,7,7,7,7,7,6,6,9,7,312.0,3690.0,312.0,3634.0,239.0,869.0,7,
book_en_国外数学教材-数论-Melvyn B. Nathanson—Elementary Methods in Number Theory_0007.png,english,single_column,v1.5,book,10,11,9,9,9,9,9,9,9,9,9,9,9,9,9,9,9,9,7,7,5,5,10,11,10,11,10,11,10,11,10,11,10,11,9,9,9,9,7,7,5,5,10,10,36.0,2995.0,36.0,2984.0,42.0,512.0,8,0.0
book_en_国外数学教材-数论-Melvyn B. Nathanson—Elementary Methods in Number Theory_0017.png,english,single_column,v1.5,book,16,17,15,15,14,14,14,14,12,12,11,11,8,8,7,7,6,6,4,4,3,3,15,16,15,16,15,16,13,14,11,11,8,8,7,7,6,6,4,4,3,3,15,13,24.0,977.0,24.0,977.0,14.0,177.0,11,0.0
book_en_国外数学教材-数论-Melvyn B. Nathanson—Elementary Methods in Number Theory_0035.png,english,single_column,v1.5,book,16,19,15,15,15,15,14,14,14,14,12,12,12,12,9,9,9,9,8,8,3,3,16,19,16,19,15,18,15,18,13,16,13,16,10,13,10,13,8,8,3,3,16,16,20.0,1247.0,20.0,1231.0,14.0,217.0,10,0.0
book_en_国外数学教材-数论-Melvyn B. Nathanson—Elementary Methods in Number Theory_0085.png,english,single_column,v1.5,book,18,21,16,16,16,16,16,16,15,15,14,14,12,12,10,10,9,9,8,8,0,0,18,21,18,21,18,21,17,20,16,19,14,17,12,15,10,11,8,8,0,0,18,18,30.0,1385.0,30.0,1373.0,32.0,280.0,14,0.0
book_en_国外数学教材-数论-Melvyn B. Nathanson—Elementary Methods in Number Theory_0092.png,english,single_column,v1.5,book,21,21,21,21,21,21,20,20,19,19,17,17,17,17,15,15,11,11,8,8,3,3,21,21,21,21,20,20,19,19,17,17,17,17,15,15,11,11,8,8,3,3,21,21,42.0,1692.0,42.0,1689.0,46.0,327.0,14,0.0
book_en_国外数学教材-数论-Melvyn B. Nathanson—Elementary Methods in Number Theory_0100.png,english,single_column,v1.5,book,22,22,22,22,22,22,22,22,22,22,21,21,19,19,17,17,14,14,9,9,3,3,22,22,22,22,22,22,22,22,21,21,19,19,17,17,14,14,9,9,3,3,22,22,66.0,815.0,66.0,804.0,21.0,155.0,11,0.0
book_en_国外数学教材-数论-Melvyn B. Nathanson—Elementary Methods in Number Theory_0119.png,english,single_column,v1.5,book,28,26,25,25,25,25,24,24,24,24,24,24,22,22,22,22,18,18,8,8,2,2,28,26,28,26,28,26,28,26,28,26,26,24,26,24,22,20,10,9,2,2,25,25,36.0,970.0,36.0,947.0,16.0,193.0,16,0.0
book_en_国外数学教材-数论-Melvyn B. Nathanson—Elementary Methods in Number Theory_0242.png,english,single_column,v1.5,book,13,18,12,12,11,11,10,10,9,9,9,9,8,8,8,8,7,7,4,4,3,3,13,18,13,18,12,17,11,16,11,16,10,15,10,15,8,12,5,9,3,3,13,13,16.0,680.0,16.0,679.0,20.0,123.0,6,0.0
book_en_国外数学教材-数论-Melvyn B. Nathanson—Elementary Methods in Number Theory_0363.png,english,single_column,v1.5,book,21,22,20,20,20,20,20,20,20,20,18,18,16,16,14,14,11,11,9,9,4,4,21,22,21,22,21,22,21,22,19,20,16,16,14,14,11,11,9,9,4,4,21,21,38.0,966.0,38.0,966.0,16.0,172.0,11,0.0
book_en_国外数学教材-数论-Melvyn B. Nathanson—Elementary Methods in Number Theory_0451.png,english,single_column,v1.5,book,17,43,7,7,7,7,6,6,5,5,4,4,3,3,3,3,1,1,1,1,0,0,15,41,15,41,14,40,13,39,12,38,11,37,11,37,5,19,2,11,0,0,14,14,1.0,279.0,1.0,278.0,2.0,45.0,5,0.0
book_en_国外数学教材-非数学专业教材-线性代数-Gilbert Strang—Linear Algebra and Its Applications 4e_0007.png,english,single_column,v1.5,book,18,17,16,16,16,16,14,14,13,13,12,12,11,11,8,8,6,6,4,4,3,3,18,17,18,17,16,15,15,14,14,13,13,12,10,9,8,7,4,4,3,3,16,14,16.0,2047.0,16.0,2040.0,24.0,332.0,14,0.0
book_en_国外数学教材-非数学专业教材-线性代数-Gilbert Strang—Linear Algebra and Its Applications 4e_0017.png,english,single_column,v1.5,book,13,15,12,12,10,10,7,7,7,7,5,5,5,5,5,5,5,5,5,5,5,5,13,15,12,14,8,9,8,9,6,7,6,7,5,5,5,5,5,5,5,5,13,11,38.0,1787.0,38.0,1775.0,51.0,317.0,9,0.18181818181818182
book_en_国外数学教材-非数学专业教材-线性代数-Gilbert Strang—Linear Algebra and Its Applications 4e_0035.png,english,single_column,v1.5,book,17,19,14,14,13,13,10,10,10,10,9,9,9,9,9,9,7,7,7,7,2,2,17,19,16,18,13,15,13,15,12,14,12,14,12,14,10,12,9,8,2,2,15,14,73.0,1746.0,73.0,1746.0,92.0,399.0,10,0.0
book_en_国外数学教材-非数学专业教材-线性代数-Gilbert Strang—Linear Algebra and Its Applications 4e_0085.png,english,single_column,v1.5,book,14,14,13,13,13,13,13,13,13,13,10,10,8,8,7,7,5,5,2,2,1,1,13,13,13,13,13,13,13,13,10,10,8,8,7,7,5,5,2,2,1,1,13,13,69.0,840.0,69.0,840.0,29.0,168.0,11,0.0
book_en_国外数学教材-非数学专业教材-线性代数-Gilbert Strang—Linear Algebra and Its Applications 4e_0092.png,english,single_column,v1.5,book,28,28,27,27,27,27,27,27,26,26,25,25,23,23,17,17,9,9,4,4,1,1,27,27,27,27,27,27,26,26,25,25,23,23,17,17,9,9,4,4,1,1,27,27,114.0,1603.0,114.0,1588.0,66.0,312.0,25,0.0
book_en_国外数学教材-非数学专业教材-线性代数-Gilbert Strang—Linear Algebra and Its Applications 4e_0100.png,english,single_column,v1.5,book,15,15,14,14,13,13,12,12,12,12,10,10,9,9,9,9,8,8,8,8,5,5,15,15,15,15,14,14,14,14,12,12,11,11,11,11,8,8,8,8,5,5,14,13,43.0,2238.0,43.0,2237.0,46.0,424.0,10,0.0
book_en_国外数学教材-非数学专业教材-线性代数-Gilbert Strang—Linear Algebra and Its Applications 4e_0119.png,english,single_column,v1.5,book,18,18,18,18,17,17,16,16,16,16,15,15,11,11,8,8,8,8,5,5,2,2,18,18,17,17,16,16,16,16,15,15,11,11,8,8,8,8,5,5,2,2,18,18,54.0,1413.0,54.0,1405.0,49.0,272.0,13,0.0
book_en_国外数学教材-非数学专业教材-线性代数-Gilbert Strang—Linear Algebra and Its Applications 4e_0242.png,english,single_column,v1.5,book,22,23,22,22,22,22,20,20,19,19,19,19,18,18,16,16,12,12,8,8,0,0,22,23,22,23,21,22,20,21,20,21,19,20,16,16,12,12,8,8,0,0,22,22,42.0,1322.0,42.0,1317.0,20.0,272.0,16,0.0
book_en_国外数学教材-非数学专业教材-线性代数-Gilbert Strang—Linear Algebra and Its Applications 4e_0363.png,english,single_column,v1.5,book,20,20,19,19,18,18,17,17,15,15,15,15,14,14,14,14,14,14,11,11,7,7,20,19,19,18,18,17,17,16,17,16,16,15,14,14,14,14,11,11,7,7,19,18,74.0,2051.0,74.0,2045.0,27.0,352.0,12,0.0
book_en_国外数学教材-非数学专业教材-线性代数-Gilbert Strang—Linear Algebra and Its Applications 4e_0451.png,english,single_column,v1.5,book,20,19,17,17,17,17,17,17,14,14,11,11,11,11,9,9,4,4,3,3,0,0,19,18,19,18,17,17,14,14,11,11,11,11,9,9,4,4,3,3,0,0,17,16,32.0,1653.0,32.0,1650.0,41.0,368.0,14,0.0
book_en_搬书匠-2253-The Well-Grounded Rubyist 3rd Edition-2019-英文版_page_194.png,english,single_column,v1.5,book,20,18,17,17,15,15,15,15,11,11,10,10,9,9,9,9,8,8,8,8,7,7,20,18,20,18,20,18,17,14,16,13,15,12,15,12,12,10,12,10,7,7,17,14,198.0,2284.0,198.0,2268.0,64.0,362.0,14,0.0
book_en_搬书匠-3246-Electronics Cookbook-2017-英文版_page_193.png,english,single_column,v1.5,book,17,17,17,17,17,17,17,17,16,16,16,16,13,13,11,11,10,10,5,5,0,0,17,17,17,17,17,17,16,16,16,16,13,13,11,11,10,10,5,5,0,0,17,17,17.0,1275.0,17.0,1274.0,9.0,229.0,14,0.0
book_en_搬书匠-3282-Python Web Scraping 2nd Edition-2017-英文版_page_195.png,english,single_column,v1.5,book,7,7,7,7,7,7,7,7,7,7,6,6,6,6,6,6,5,5,4,4,3,3,7,7,7,7,7,7,7,7,6,6,6,6,6,6,5,5,4,4,3,3,7,7,0.0,308.0,0.0,308.0,0.0,56.0,3,0.0
book_en_搬书匠-3289-The Successful Software Manager-2019-英文版_page_241.png,english,single_column,v1.5,book,17,18,17,17,16,16,15,15,14,14,13,13,13,13,10,10,9,9,8,8,5,5,16,16,15,15,15,15,14,14,13,13,13,13,10,10,9,9,8,8,5,5,16,14,11.0,2176.0,11.0,2176.0,6.0,350.0,14,0.0
book_en_搬书匠-3299-Swift Data Structure and Algorithms-2016-英文版_page_066.png,english,single_column,v1.5,book,9,9,9,9,9,9,9,9,9,9,7,7,7,7,7,7,6,6,5,5,1,1,9,9,9,9,9,9,9,9,7,7,7,7,7,7,6,6,5,5,1,1,9,9,0.0,892.0,0.0,892.0,0.0,144.0,6,0.0
book_en_搬书匠-3299-Swift Data Structure and Algorithms-2016-英文版_page_111.png,english,single_column,v1.5,book,10,11,10,10,9,9,9,9,9,9,9,9,9,9,9,9,7,7,7,7,3,3,10,10,9,9,9,9,9,9,9,9,9,9,9,9,7,7,7,7,3,3,10,10,0.0,658.0,0.0,658.0,0.0,101.0,5,0.0
book_en_搬书匠-3299-Swift Data Structure and Algorithms-2016-英文版_page_142.png,english,single_column,v1.5,book,18,18,18,18,18,18,17,17,17,17,17,17,17,17,13,13,12,12,8,8,2,2,18,18,18,18,17,17,17,17,17,17,17,17,13,13,12,12,8,8,2,2,18,18,14.0,1108.0,14.0,1108.0,11.0,220.0,15,0.0
book_en_搬书匠-3396-iPhone The Missing Manual 10th Edition-2017-英文版_page_099.png,english,single_column,v1.5,book,9,9,7,7,7,7,7,7,7,7,7,7,7,7,7,7,6,6,5,5,3,3,7,7,7,7,7,7,7,7,7,7,7,7,7,7,6,6,5,5,3,3,7,7,24.0,934.0,24.0,925.0,13.0,167.0,6,0.0
book_en_搬书匠-3396-iPhone The Missing Manual 10th Edition-2017-英文版_page_126.png,english,single_column,v1.5,book,8,7,7,7,6,6,6,6,6,6,6,6,5,5,5,5,5,5,5,5,4,4,8,7,7,6,7,6,7,6,7,6,6,5,6,5,6,5,6,5,6,5,7,7,37.0,1225.0,37.0,1219.0,30.0,207.0,4,0.0
book_en_搬书匠-3473-Reactive Programming with RxJS-2015-英文版_page_003.png,english,single_column,v1.5,book,13,13,13,13,13,13,13,13,12,12,10,10,7,7,5,5,4,4,3,3,2,2,13,13,13,13,13,13,12,12,10,10,7,7,5,5,4,4,3,3,2,2,13,9,8.0,1091.0,8.0,1083.0,9.0,148.0,13,0.0
book_en_搬书匠-3473-Reactive Programming with RxJS-2015-英文版_page_021.png,english,single_column,v1.5,book,8,9,8,8,8,8,8,8,8,8,7,7,7,7,7,7,7,7,6,6,5,5,8,8,8,8,8,8,8,8,7,7,7,7,7,7,7,7,6,6,5,5,8,8,9.0,1568.0,9.0,1567.0,7.0,271.0,6,0.0
book_zh_CNASGL0072018_extracted_page_48.png,simplified_chinese,single_column,v1.5,book,20,28,14,14,14,14,13,13,12,12,11,11,10,10,9,9,7,7,3,3,1,1,20,28,19,26,18,25,17,24,16,23,15,22,14,21,9,13,3,3,1,1,20,16,50.0,275.0,50.0,270.0,31.0,39.0,10,0.0
book_zh_CNASGL0092018_extracted_page_69.png,english,single_column,v1.5,book,24,25,22,22,19,19,16,16,14,14,13,13,11,11,8,8,7,7,3,3,0,0,23,24,20,21,17,18,15,16,14,15,12,13,9,10,7,7,3,3,0,0,23,20,64.0,564.0,64.0,561.0,26.0,40.0,10,0.0
book_zh_CNASGL0092018_extracted_page_70.png,simplified_chinese,single_column,v1.5,book,22,23,21,21,21,21,19,19,15,15,14,14,14,14,14,14,13,13,8,8,6,6,22,23,22,23,20,21,16,17,15,16,15,16,15,16,14,15,8,8,6,6,22,20,97.0,618.0,97.0,613.0,41.0,66.0,11,0.0
book_zh_CNASGL0092018_extracted_page_73.png,simplified_chinese,single_column,v1.5,book,29,29,29,29,28,28,26,26,21,21,19,19,17,17,13,13,11,11,7,7,4,4,29,29,28,28,26,26,21,21,19,19,17,17,13,13,11,11,7,7,4,4,29,26,160.0,765.0,160.0,748.0,101.0,128.0,22,0.0
book_zh_CNASGL0262018_extracted_page_82.png,simplified_chinese,single_column,v1.5,book,23,23,23,23,23,23,23,23,22,22,18,18,16,16,14,14,10,10,7,7,2,2,23,23,23,23,23,23,22,22,18,18,16,16,14,14,10,10,7,7,2,2,23,20,64.0,392.0,64.0,385.0,29.0,58.0,10,0.0
book_zh_CNASGL082006_extracted_page_50.png,simplified_chinese,single_column,v1.5,book,19,23,16,16,16,16,15,15,14,14,13,13,12,12,8,8,6,6,3,3,0,0,18,22,18,22,17,21,16,20,15,19,14,18,9,12,7,10,4,7,0,0,18,16,31.0,115.0,31.0,114.0,13.0,20.0,9,0.0
book_zh_DLT10562007_extracted_page_17.png,simplified_chinese,single_column,v1.5,book,30,30,26,26,25,25,24,24,24,24,21,21,19,19,12,12,9,9,6,6,3,3,26,26,25,25,24,24,24,24,21,21,19,19,12,12,9,9,6,6,3,3,26,19,64.0,718.0,64.0,698.0,44.0,40.0,20,0.0
book_zh_DLT10902008_extracted_page_8.png,simplified_chinese,single_column,v1.5,book,25,30,22,22,21,21,20,20,19,19,14,14,14,14,12,12,8,8,3,3,0,0,24,29,24,29,23,28,22,27,17,22,17,22,14,15,10,11,4,3,2,1,23,16,29.0,331.0,29.0,318.0,19.0,28.0,16,0.0
book_zh_GB115041989_extracted_page_9.png,simplified_chinese,single_column,v1.5,book,32,38,27,27,27,27,25,25,25,25,24,24,21,21,20,20,17,17,11,11,3,3,30,33,30,33,29,32,28,30,27,29,23,24,22,23,18,17,13,12,3,3,29,27,277.0,991.0,277.0,962.0,100.0,107.0,25,0.0
book_zh_GB12082006_extracted_page_8.png,simplified_chinese,single_column,v1.5,book,40,47,33,33,30,30,28,28,26,26,23,23,20,20,16,16,10,10,1,1,1,1,39,45,37,43,36,42,35,41,32,38,28,31,23,25,16,17,6,6,1,1,35,28,172.0,798.0,172.0,756.0,21.0,59.0,34,0.0
book_zh_GB14536.11998_extracted_page_145.png,simplified_chinese,single_column,v1.5,book,28,27,27,27,26,26,26,26,25,25,24,24,23,23,22,22,11,11,6,6,1,1,28,27,27,26,27,26,26,25,25,24,24,23,23,22,12,11,8,7,3,2,27,23,101.0,581.0,101.0,577.0,36.0,43.0,22,0.0
book_zh_GB14930.21994_extracted_page_4.png,simplified_chinese,single_column,v1.5,book,28,28,28,28,28,28,28,28,27,27,23,23,23,23,21,21,15,15,13,13,7,7,28,28,28,28,28,28,27,27,23,23,23,23,21,21,15,15,13,13,7,7,28,27,385.0,1614.0,385.0,1596.0,163.0,158.0,25,0.0
book_zh_GB149361994_extracted_page_7.png,simplified_chinese,single_column,v1.5,book,33,28,24,24,23,23,23,23,22,22,22,22,18,18,12,12,6,6,2,2,0,0,33,28,33,28,33,28,32,27,32,27,28,23,22,17,16,11,10,6,2,1,24,20,171.0,609.0,171.0,597.0,53.0,88.0,22,0.0
book_zh_GBT 50744-2011_extracted_page_67.png,simplified_chinese,single_column,v1.5,book,16,17,14,14,12,12,11,11,10,10,9,9,9,9,8,8,7,7,6,6,4,4,14,15,12,13,12,13,11,12,9,9,9,9,8,8,7,7,6,6,4,4,14,12,124.0,577.0,124.0,544.0,37.0,32.0,11,0.0
book_zh_HGT51022016_extracted_page_12.png,simplified_chinese,single_column,v1.5,book,30,31,30,30,29,29,29,29,29,29,26,26,20,20,15,15,9,9,4,4,2,2,30,30,29,29,29,29,29,29,26,26,20,20,15,15,9,9,4,4,2,2,30,27,134.0,695.0,134.0,684.0,43.0,49.0,25,0.11764705882352941
book_zh_JGJ1022003_extracted_page_27.png,simplified_chinese,double_column,v1.5,book,36,36,32,32,30,30,27,27,24,24,23,23,23,23,21,21,18,18,9,9,3,3,32,32,30,30,27,27,24,24,23,23,23,23,21,21,18,18,9,9,3,3,32,26,156.0,818.0,156.0,783.0,53.0,52.0,28,0.0
book_zh_JJD10031991_extracted_page_6.png,simplified_chinese,double_column,v1.5,book,28,32,25,25,24,24,24,24,22,22,21,21,21,21,16,16,13,13,10,10,2,2,26,29,25,28,25,28,24,27,23,26,22,24,17,19,14,16,10,10,2,2,26,24,191.0,992.0,191.0,982.0,79.0,91.0,20,0.0
book_zh_SYT57941993_extracted_page_3.png,simplified_chinese,single_column,v1.5,book,36,33,29,29,28,28,28,28,27,27,25,25,23,23,15,15,12,12,8,8,3,3,34,31,34,31,34,31,33,30,31,28,29,26,19,17,14,13,10,9,3,3,29,28,305.0,1281.0,305.0,1199.0,118.0,81.0,27,0.0
book_zh_TB100782001_extracted_page_21.png,simplified_chinese,double_column,v1.5,book,50,57,38,38,32,32,30,30,29,29,26,26,22,22,17,17,11,11,4,4,1,1,49,56,46,53,43,51,41,47,37,42,32,38,27,33,16,18,9,11,3,2,43,38,536.0,1165.0,536.0,1027.0,125.0,96.0,37,0.0
book_zh_YDT10512018_extracted_page_30.png,simplified_chinese,single_column,v1.5,book,16,16,16,16,16,16,15,15,15,15,14,14,8,8,5,5,3,3,1,1,0,0,16,16,16,16,15,15,15,15,14,14,8,8,5,5,3,3,1,1,0,0,16,12,18.0,221.0,18.0,214.0,5.0,10.0,11,0.13333333333333333
color_textbook_zhonggaokao_小学_13.人教新起点英语（4-5年级）_人教新起点五年级英语上册_课本_人教新起点英语5A电子课本_page_001.png,simplified_chinese,single_column,v1.5,colorful_textbook,1,1,1,1,1,1,1,1,1,1,1,1,1,1,1,1,1,1,1,1,1,1,1,1,1,1,1,1,1,1,1,1,1,1,1,1,1,1,1,1,1,1,1,1,0.0,0.0,0.0,0.0,0.0,0.0,0,
color_textbook_zhonggaokao_小学_13.人教新起点英语（4-5年级）_人教新起点五年级英语上册_课本_人教新起点英语5A电子课本_page_004.png,english,single_column,v1.5,colorful_textbook,1,1,1,1,1,1,1,1,1,1,1,1,1,1,1,1,1,1,1,1,0,0,1,1,1,1,1,1,1,1,1,1,1,1,1,1,1,1,1,1,0,0,1,1,0.0,0.0,0.0,0.0,0.0,0.0,0,
color_textbook_zhonggaokao_小学_13.人教新起点英语（4-5年级）_人教新起点五年级英语上册_课本_人教新起点英语5A电子课本_page_006.png,english,other_layout,v1.5,colorful_textbook,14,11,7,7,6,6,6,6,4,4,4,4,2,2,2,2,1,1,0,0,0,0,13,10,12,9,12,9,9,5,9,5,7,3,7,3,6,2,0,0,0,0,8,5,41.0,129.0,41.0,128.0,14.0,29.0,7,0.0
color_textbook_zhonggaokao_小学_13.人教新起点英语（4-5年级）_人教新起点五年级英语上册_课本_人教新起点英语5A电子课本_page_008.png,english,single_column,v1.5,colorful_textbook,19,8,7,7,6,6,5,5,5,5,5,5,5,5,4,4,2,2,0,0,0,0,18,8,17,7,17,7,17,7,17,7,17,7,16,6,14,4,2,1,2,1,7,6,2.0,106.0,2.0,106.0,1.0,22.0,5,0.0
color_textbook_zhonggaokao_小学_13.人教新起点英语（4-5年级）_人教新起点五年级英语上册_课本_人教新起点英语5A电子课本_page_010.png,english,single_column,v1.5,colorful_textbook,17,17,13,13,13,13,13,13,13,13,13,13,13,13,10,10,8,8,4,4,0,0,13,13,13,13,13,13,13,13,13,13,13,13,10,10,8,8,4,4,0,0,13,13,23.0,406.0,23.0,404.0,12.0,83.0,11,0.0
color_textbook_zhonggaokao_小学_13.人教新起点英语（4-5年级）_人教新起点五年级英语上册_课本_人教新起点英语5A电子课本_page_011.png,english,single_column,v1.5,colorful_textbook,18,24,16,16,16,16,16,16,16,16,14,14,11,11,7,7,6,6,1,1,1,1,17,23,17,23,17,23,17,23,15,21,12,18,8,14,7,13,2,8,2,8,17,17,111.0,340.0,111.0,340.0,41.0,81.0,15,0.0
color_textbook_zhonggaokao_小学_13.人教新起点英语（4-5年级）_人教新起点五年级英语上册_课本_人教新起点英语5A电子课本_page_055.png,english,other_layout,v1.5,colorful_textbook,7,7,7,7,7,7,7,7,7,7,6,6,6,6,5,5,4,4,4,4,2,2,7,7,7,7,7,7,7,7,6,6,6,6,5,5,4,4,4,4,2,2,7,6,0.0,108.0,0.0,108.0,0.0,22.0,4,0.0
color_textbook_zhonggaokao_小学_13.人教新起点英语（4-5年级）_人教新起点五年级英语上册_课本_人教新起点英语5A电子课本_page_056.png,english,other_layout,v1.5,colorful_textbook,15,17,11,11,11,11,11,11,10,10,10,10,10,10,8,8,7,7,5,5,4,4,12,14,12,14,12,14,11,13,11,13,11,13,9,11,8,10,6,8,4,4,12,11,5.0,545.0,5.0,545.0,3.0,113.0,8,0.18181818181818182
color_textbook_zhonggaokao_小学_13.人教新起点英语（4-5年级）_人教新起点五年级英语上册_课本_人教新起点英语5A电子课本_page_060.png,english,other_layout,v1.5,colorful_textbook,12,17,6,6,6,6,6,6,6,6,6,6,6,6,6,6,3,3,1,1,1,1,12,17,12,17,12,17,12,17,12,17,12,17,12,17,9,14,7,12,7,12,7,7,3.0,54.0,3.0,54.0,2.0,12.0,4,0.0
color_textbook_zhonggaokao_小学_13.人教新起点英语（4-5年级）_人教新起点五年级英语下册_课本_人教新起点英语5B电子课本_page_011.png,english,other_layout,v1.5,colorful_textbook,16,16,15,15,15,15,15,15,15,15,14,14,13,13,12,12,10,10,6,6,3,3,15,15,15,15,15,15,15,15,14,14,13,13,12,12,10,10,6,6,3,3,15,10,19.0,953.0,19.0,953.0,5.0,187.0,14,0.0
color_textbook_zhonggaokao_小学_13.人教新起点英语（4-5年级）_人教新起点五年级英语下册_课本_人教新起点英语5B电子课本_page_027.png,english,other_layout,v1.5,colorful_textbook,12,20,8,8,8,8,7,7,7,7,7,7,7,7,7,7,7,7,5,5,2,2,12,20,10,14,9,13,9,13,8,10,8,10,7,7,7,7,5,5,2,2,12,12,45.0,744.0,45.0,744.0,15.0,144.0,11,0.0
color_textbook_zhonggaokao_小学_13.人教新起点英语（4-5年级）_人教新起点五年级英语下册_课本_人教新起点英语5B电子课本_page_034.png,english,other_layout,v1.5,colorful_textbook,7,3,3,3,3,3,2,2,2,2,1,1,1,1,1,1,1,1,1,1,0,0,7,3,7,3,6,2,6,2,6,2,6,2,6,2,6,2,6,2,5,1,3,3,0.0,24.0,0.0,24.0,0.0,5.0,1,0.0
color_textbook_zhonggaokao_小学_13.人教新起点英语（4-5年级）_人教新起点五年级英语下册_课本_人教新起点英语5B电子课本_page_036.png,english,single_column,v1.5,colorful_textbook,9,14,5,5,5,5,4,4,4,4,4,4,4,4,3,3,3,3,2,2,1,1,9,14,9,14,8,13,8,13,5,12,5,12,4,11,4,11,3,10,1,1,6,5,4.0,114.0,4.0,114.0,2.0,23.0,3,0.0
color_textbook_zhonggaokao_小学_13.人教新起点英语（4-5年级）_人教新起点五年级英语下册_课本_人教新起点英语5B电子课本_page_043.png,english,other_layout,v1.5,colorful_textbook,10,10,10,10,10,10,10,10,10,10,8,8,8,8,8,8,6,6,4,4,1,1,10,10,10,10,10,10,10,10,8,8,8,8,8,8,6,6,4,4,1,1,10,8,0.0,55.0,0.0,55.0,0.0,11.0,4,0.0
color_textbook_zhonggaokao_小学_13.人教新起点英语（4-5年级）_人教新起点五年级英语下册_课本_人教新起点英语5B电子课本_page_046.png,english,double_column,v1.5,colorful_textbook,3,4,3,3,3,3,2,2,2,2,2,2,2,2,2,2,2,2,1,1,1,1,3,4,3,4,2,2,2,2,2,2,2,2,2,2,2,2,1,1,1,1,3,2,0.0,13.0,0.0,13.0,0.0,3.0,1,0.0
color_textbook_zhonggaokao_小学_13.人教新起点英语（4-5年级）_人教新起点五年级英语下册_课本_人教新起点英语5B电子课本_page_076.png,english,other_layout,v1.5,colorful_textbook,11,13,10,10,10,10,9,9,9,9,9,9,7,7,6,6,4,4,3,3,1,1,10,13,10,13,10,13,10,13,10,13,8,10,7,9,6,8,5,7,2,3,10,9,27.0,209.0,27.0,209.0,6.0,45.0,6,0.0
color_textbook_zhonggaokao_小学_13.人教新起点英语（4-5年级）_人教新起点四年级英语上册_课本_人教新起点英语4A电子课本_page_044.png,english,single_column,v1.5,colorful_textbook,21,11,9,9,9,9,8,8,8,8,8,8,7,7,5,5,5,5,4,4,2,2,21,11,21,11,20,10,20,10,20,10,19,9,17,7,17,7,16,6,2,2,9,8,2.0,84.0,2.0,84.0,1.0,15.0,6,0.0
color_textbook_zhonggaokao_小学_13.人教新起点英语（4-5年级）_人教新起点四年级英语上册_课本_人教新起点英语4A电子课本_page_072.png,english,other_layout,v1.5,colorful_textbook,28,33,23,23,22,22,22,22,22,22,20,20,18,18,13,13,9,9,7,7,0,0,25,33,24,32,24,32,24,32,22,30,20,28,15,23,11,19,8,15,1,8,25,23,4.0,456.0,4.0,456.0,2.0,86.0,21,0.0
color_textbook_zhonggaokao_小学_13.人教新起点英语（4-5年级）_人教新起点四年级英语上册_课本_人教新起点英语4A电子课本_page_091.png,english,single_column,v1.5,colorful_textbook,9,16,5,5,5,5,5,5,5,5,5,5,5,5,3,3,2,2,1,1,0,0,8,14,8,14,8,14,8,14,8,14,8,14,6,12,5,11,4,10,2,6,8,5,2.0,70.0,2.0,68.0,1.0,14.0,5,0.0
color_textbook_zhonggaokao_小学_13.人教新起点英语（4-5年级）_人教新起点四年级英语下册_课本_人教新起点英语4B电子课本_page_016.png,english,other_layout,v1.5,colorful_textbook,4,8,3,3,3,3,2,2,2,2,2,2,2,2,2,2,2,2,0,0,0,0,4,7,4,7,3,5,3,5,3,5,3,5,3,5,3,5,1,3,1,3,4,2,0.0,17.0,0.0,17.0,0.0,4.0,1,0.0
color_textbook_zhonggaokao_小学_13.人教新起点英语（4-5年级）_人教新起点四年级英语下册_课本_人教新起点英语4B电子课本_page_017.png,english,single_column,v1.5,colorful_textbook,3,1,1,1,1,1,1,1,1,1,1,1,1,1,1,1,1,1,0,0,0,0,3,1,3,1,3,1,3,1,3,1,3,1,3,1,3,1,3,1,0,0,1,1,0.0,0.0,0.0,0.0,0.0,0.0,0,
color_textbook_zhonggaokao_小学_13.人教新起点英语（4-5年级）_人教新起点四年级英语下册_课本_人教新起点英语4B电子课本_page_043.png,english,other_layout,v1.5,colorful_textbook,3,1,1,1,1,1,1,1,1,1,1,1,1,1,1,1,1,1,0,0,0,0,3,1,3,1,3,1,3,1,3,1,3,1,3,1,3,1,3,1,3,1,1,1,0.0,0.0,0.0,0.0,0.0,0.0,0,
color_textbook_zhonggaokao_小学_13.人教新起点英语（4-5年级）_人教新起点四年级英语下册_课本_人教新起点英语4B电子课本_page_047.png,english,other_layout,v1.5,colorful_textbook,14,14,7,7,7,7,7,7,5,5,5,5,5,5,4,4,2,2,0,0,0,0,8,8,8,8,8,8,6,6,6,6,6,6,6,6,4,4,2,2,2,2,7,6,71.0,341.0,71.0,340.0,15.0,65.0,5,0.0
color_textbook_zhonggaokao_小学_13.人教新起点英语（4-5年级）_人教新起点四年级英语下册_课本_人教新起点英语4B电子课本_page_048.png,english,other_layout,v1.5,colorful_textbook,16,29,12,12,12,12,12,12,12,12,9,9,9,9,7,7,2,2,1,1,1,1,15,27,15,27,15,27,15,27,12,24,12,24,9,17,4,12,2,9,1,1,15,11,248.0,363.0,248.0,363.0,38.0,61.0,9,0.14285714285714285
color_textbook_zhonggaokao_小学_13.人教新起点英语（4-5年级）_人教新起点四年级英语下册_课本_人教新起点英语4B电子课本_page_087.png,en_ch_mixed,1andmore_column,v1.5,colorful_textbook,42,4,3,3,3,3,3,3,2,2,2,2,2,2,2,2,2,2,2,2,1,1,42,4,42,4,42,4,41,3,41,3,41,3,41,3,41,3,41,3,40,2,3,3,6.0,54.0,6.0,53.0,2.0,2.0,2,0.0
color_textbook_zhonggaokao_小学_KET听说读写逐项突破_KET听说读写逐项突破之轻松搞定KET写作25分 【10讲 褚连一】_第04讲第四课KET分类词汇训练二_第四课KET分类词汇训练二_page_003.png,english,double_column,v1.5,colorful_textbook,49,97,4,4,4,4,4,4,4,4,4,4,4,4,4,4,1,1,0,0,0,0,48,94,48,94,43,84,38,74,25,48,17,32,12,22,3,7,0,0,0,0,48,44,343.0,1056.0,343.0,1034.0,66.0,177.0,44,
color_textbook_zhonggaokao_小学_KET听说读写逐项突破_KET听说读写逐项突破之轻松搞定KET写作25分 【10讲 褚连一】_第05讲第五课写作Part7详解_第五课写作Part7详解_page_001.png,english,other_layout,v1.5,colorful_textbook,33,29,26,26,25,25,25,25,25,25,23,23,22,22,17,17,11,11,7,7,3,3,32,28,31,27,31,27,31,27,29,25,28,24,23,19,17,13,13,9,3,3,26,18,68.0,899.0,68.0,887.0,25.0,168.0,21,0.0
color_textbook_zhonggaokao_小学_KET听说读写逐项突破_KET听说读写逐项突破之轻松搞定KET写作25分 【10讲 褚连一】_第08讲第八课写作Part8训练_第八课写作Part8训练_page_003.png,en_ch_mixed,double_column,v1.5,colorful_textbook,48,74,38,38,33,33,32,32,28,28,26,26,24,24,21,21,13,13,6,6,1,1,46,69,45,68,45,68,42,65,38,59,33,46,26,31,17,19,9,10,1,1,44,40,161.0,1736.0,161.0,1663.0,51.0,356.0,40,0.0
color_textbook_zhonggaokao_小学_KET听说读写逐项突破_KET听说读写逐项突破之轻松搞定KET写作25分 【10讲 褚连一】_第09讲第九课写作Part9小作文详解_【8054】第九课写作Part9小作文详解_page_001.png,en_ch_mixed,other_layout,v1.5,colorful_textbook,42,68,31,31,31,31,30,30,25,25,24,24,22,22,17,17,11,11,5,5,0,0,41,64,39,60,33,45,29,38,25,30,22,26,19,23,11,13,7,9,0,0,41,32,176.0,1568.0,176.0,1529.0,68.0,334.0,36,0.5
color_textbook_zhonggaokao_小学_KET听说读写逐项突破_KET听说读写逐项突破之轻松搞定KET写作25分 【10讲 褚连一】_第10讲第十课写作Part9小作文练习_第十课写作Part9小作文练习_page_010.png,english,double_column,v1.5,colorful_textbook,90,91,86,86,85,85,85,85,82,82,66,66,48,48,30,30,9,9,5,5,0,0,89,89,86,87,86,87,83,84,67,68,48,48,30,30,9,9,5,5,0,0,87,84,90.0,1467.0,90.0,1466.0,72.0,325.0,84,
color_textbook_zhonggaokao_小学_KET听说读写逐项突破_KET听说读写逐项突破之轻松搞定KET写作25分 【10讲 褚连一】_第10讲第十课写作Part9小作文练习_第十课写作Part9小作文练习_page_020.png,en_ch_mixed,double_column,v1.5,colorful_textbook,83,79,69,69,68,68,62,62,52,52,42,42,30,30,18,18,10,10,3,3,0,0,79,75,78,74,72,68,61,56,51,46,39,34,27,22,15,12,3,3,0,0,70,68,62.0,1238.0,62.0,1225.0,57.0,274.0,67,
color_textbook_zhonggaokao_小学_KET听说读写逐项突破_KET听说读写逐项突破之轻松搞定KET口语25分【10 褚连一】_第02讲第二课口语部分Part1详解_第二课口语部分Part1详解_page_002.png,english,other_layout,v1.5,colorful_textbook,21,18,15,15,15,15,15,15,15,15,15,15,10,10,8,8,6,6,4,4,1,1,21,18,21,18,20,16,20,16,20,16,16,12,14,10,13,9,9,6,4,2,15,11,1.0,272.0,1.0,272.0,2.0,52.0,10,0.0
color_textbook_zhonggaokao_小学_KET听说读写逐项突破_KET听说读写逐项突破之轻松搞定KET口语25分【10 褚连一】_第04讲第四课口语部分Part2详解下_第四课口语部分Part2详解下_page_001.png,en_ch_mixed,other_layout,v1.5,colorful_textbook,20,19,19,19,17,17,17,17,17,17,15,15,10,10,10,10,7,7,4,4,2,2,20,19,18,17,18,17,18,17,16,15,12,11,10,10,7,7,4,4,2,2,19,17,29.0,389.0,29.0,386.0,27.0,80.0,16,0.0
color_textbook_zhonggaokao_小学_KET听说读写逐项突破_KET听说读写逐项突破之轻松搞定KET口语25分【10 褚连一】_第09讲第九课口语部分Part2模拟三_第九课口语部分Part2模拟三_page_001.png,en_ch_mixed,other_layout,v1.5,colorful_textbook,36,37,33,33,32,32,28,28,26,26,19,19,17,17,14,14,10,10,5,5,2,2,34,35,33,34,28,28,26,26,19,19,17,17,14,14,10,10,5,5,2,2,34,30,80.0,658.0,80.0,658.0,39.0,146.0,29,0.0
color_textbook_zhonggaokao_小学_KET听说读写逐项突破_KET听说读写逐项突破之轻松搞定KET阅读25分【10讲 褚连一 】_第01讲第一课阅读题型综述_第一课阅读题型综述_page_004.png,english,other_layout,v1.5,colorful_textbook,31,53,22,22,22,22,21,21,21,21,20,20,18,18,14,14,10,10,6,6,2,2,31,53,31,53,30,52,25,35,23,31,19,23,16,20,11,12,7,8,2,2,31,28,101.0,1250.0,101.0,1249.0,35.0,241.0,29,0.0
color_textbook_教材全解1+1二年级上册英语上海牛津版_page_030.png,en_ch_mixed,other_layout,v1.5,colorful_textbook,20,25,16,16,15,15,12,12,12,12,9,9,9,9,7,7,6,6,4,4,2,2,20,22,18,19,18,19,15,13,12,10,12,10,11,9,10,8,8,6,4,3,17,16,74.0,415.0,74.0,381.0,35.0,56.0,13,0.0
color_textbook_教材全解1+1二年级上册英语上海牛津版_page_058.png,en_ch_mixed,other_layout,v1.5,colorful_textbook,30,33,24,24,24,24,22,22,21,21,18,18,15,15,12,12,8,8,4,4,3,3,24,24,24,24,22,22,21,21,18,18,15,15,12,12,8,8,4,4,3,3,24,24,117.0,573.0,117.0,547.0,29.0,65.0,19,0.08333333333333333
color_textbook_教材全解1+1二年级上册英语上海牛津版_page_067.png,en_ch_mixed,other_layout,v1.5,colorful_textbook,22,31,19,19,19,19,17,17,17,17,16,16,14,14,12,12,6,6,5,5,1,1,20,23,20,23,18,21,18,21,17,20,15,18,13,16,7,10,6,9,1,1,20,19,49.0,603.0,49.0,590.0,33.0,62.0,17,0.0
color_textbook_教材全解1+1二年级下册英语上海牛津版_page_006.png,en_ch_mixed,other_layout,v1.5,colorful_textbook,24,28,23,23,23,23,22,22,22,22,21,21,17,17,12,12,8,8,4,4,1,1,23,23,23,23,22,22,22,22,21,21,17,17,12,12,8,8,4,4,1,1,23,23,43.0,483.0,43.0,471.0,21.0,53.0,20,0.0
color_textbook_教材全解1+1二年级下册英语上海牛津版_page_045.png,en_ch_mixed,other_layout,v1.5,colorful_textbook,31,39,30,30,30,30,29,29,26,26,23,23,17,17,12,12,7,7,4,4,0,0,30,31,30,31,29,30,26,27,24,25,18,19,13,14,8,9,5,6,0,0,30,30,113.0,937.0,113.0,925.0,31.0,100.0,28,0.0
color_textbook_教材全解1+1二年级下册英语上海牛津版_page_066.png,en_ch_mixed,single_column,v1.5,colorful_textbook,16,19,15,15,15,15,14,14,13,13,12,12,11,11,10,10,6,6,4,4,4,4,15,15,15,15,14,14,13,13,12,12,11,11,10,10,6,6,4,4,4,4,15,15,32.0,1022.0,32.0,1014.0,8.0,156.0,12,0.0
color_textbook_教材全解1+1二年级下册英语上海牛津版_page_081.png,en_ch_mixed,single_column,v1.5,colorful_textbook,25,35,23,23,22,22,22,22,21,21,19,19,13,13,12,12,8,8,3,3,3,3,25,31,24,30,24,30,23,29,21,27,15,21,14,20,9,12,4,7,3,3,25,25,84.0,737.0,84.0,730.0,27.0,107.0,21,0.0
docstructbench_00039896.1983.10545823.pdf_1.jpg,english,other_layout,v1.5,magazine,15,19,14,14,14,14,14,14,14,14,14,14,13,13,11,11,8,8,4,4,3,3,15,19,15,19,15,19,15,19,15,19,14,18,11,11,8,8,4,4,3,3,15,10,31.0,2468.0,31.0,2468.0,18.0,350.0,14,0.0
docstructbench_dianzishu_zhongwenzaixian-o.O-60368448.pdf_343.jpg,simplified_chinese,single_column,v1.5,book,7,7,7,7,7,7,6,6,6,6,5,5,4,4,4,4,4,4,3,3,2,2,7,7,7,7,6,6,6,6,5,5,4,4,4,4,4,4,3,3,2,2,7,6,15.0,110.0,15.0,101.0,14.0,9.0,3,0.0
docstructbench_dianzishu_zhongwenzaixian-o.O-60403612.pdf_179.jpg,simplified_chinese,single_column,v1.5,book,7,6,6,6,5,5,5,5,5,5,4,4,4,4,4,4,4,4,4,4,2,2,7,6,7,6,7,6,7,6,6,5,4,4,4,4,4,4,4,4,2,2,6,4,3.0,16.0,3.0,15.0,0.0,0.0,3,0.0
docstructbench_dianzishu_zhongwenzaixian-o.O-60482015.pdf_56.jpg,simplified_chinese,single_column,v1.5,book,7,9,5,5,5,5,5,5,5,5,5,5,4,4,4,4,4,4,3,3,1,1,6,8,6,8,6,8,6,8,6,8,5,7,5,7,4,4,3,3,1,1,6,6,39.0,280.0,39.0,265.0,3.0,2.0,4,0.0
docstructbench_dianzishu_zhongwenzaixian-o.O-60599898.pdf_30.jpg,simplified_chinese,double_column,v1.5,book,12,14,10,10,9,9,8,8,8,8,8,8,8,8,8,8,7,7,7,7,5,5,11,13,10,12,9,11,9,11,9,11,9,11,8,9,7,7,7,7,5,5,11,11,183.0,2186.0,183.0,2107.0,65.0,23.0,8,0.0
docstructbench_dianzishu_zhongwenzaixian-o.O-60832903.pdf_88.jpg,english,single_column,v1.5,magazine,7,7,7,7,7,7,7,7,7,7,7,7,7,7,7,7,7,7,6,6,0,0,7,7,7,7,7,7,7,7,7,7,7,7,7,7,7,7,6,6,0,0,7,7,19.0,504.0,19.0,503.0,14.0,83.0,5,0.0
docstructbench_dianzishu_zhongwenzaixian-o.O-61323717.pdf_203.jpg,simplified_chinese,single_column,v1.5,book,9,9,8,8,8,8,8,8,8,8,8,8,8,8,7,7,7,7,6,6,2,2,8,8,8,8,8,8,8,8,8,8,8,8,7,7,7,7,6,6,2,2,8,8,175.0,681.0,175.0,670.0,32.0,16.0,6,0.5
docstructbench_dianzishu_zhongwenzaixian-o.O-61465568.pdf_186.jpg,simplified_chinese,single_column,v1.5,book,5,5,4,4,4,4,4,4,4,4,3,3,3,3,3,3,2,2,2,2,1,1,4,4,4,4,4,4,4,4,3,3,3,3,3,3,2,2,2,2,1,1,4,3,23.0,197.0,23.0,186.0,14.0,4.0,3,0.0
docstructbench_dianzishu_zhongwenzaixian-o.O-61467079.pdf_40.jpg,simplified_chinese,other_layout,v1.5,magazine,17,16,12,12,12,12,12,12,11,11,11,11,11,11,10,10,9,9,7,7,4,4,12,12,12,12,12,12,11,11,11,11,11,11,10,10,9,9,7,7,4,4,12,11,39.0,852.0,39.0,832.0,0.0,0.0,10,0.36363636363636365
docstructbench_dianzishu_zhongwenzaixian-o.O-61510621.pdf_161.jpg,simplified_chinese,single_column,v1.5,book,3,3,3,3,3,3,3,3,3,3,2,2,1,1,1,1,1,1,1,1,1,1,3,3,3,3,3,3,3,3,2,2,1,1,1,1,1,1,1,1,1,1,3,3,0.0,0.0,0.0,0.0,0.0,0.0,0,
docstructbench_dianzishu_zhongwenzaixian-o.O-61510863.pdf_73.jpg,simplified_chinese,double_column,v1.5,magazine,13,19,12,12,12,12,12,12,12,12,9,9,8,8,8,8,8,8,5,5,3,3,13,17,13,17,13,17,13,17,10,14,9,13,9,13,8,8,5,5,3,3,13,11,56.0,373.0,56.0,346.0,30.0,8.0,9,0.0
docstructbench_dianzishu_zhongwenzaixian-o.O-61511646.pdf_188.jpg,simplified_chinese,single_column,v1.5,colorful_textbook,3,5,3,3,3,3,3,3,3,3,3,3,3,3,3,3,1,1,1,1,1,1,3,3,3,3,3,3,3,3,3,3,3,3,3,3,1,1,1,1,1,1,3,3,6.0,89.0,6.0,86.0,0.0,0.0,2,0.0
docstructbench_dianzishu_zhongwenzaixian-o.O-61513005.pdf_179.jpg,simplified_chinese,other_layout,v1.5,magazine,6,6,6,6,6,6,6,6,6,6,6,6,6,6,5,5,5,5,4,4,3,3,6,6,6,6,6,6,6,6,6,6,6,6,5,5,5,5,4,4,3,3,6,6,33.0,356.0,33.0,337.0,0.0,0.0,2,0.0
docstructbench_dianzishu_zhongwenzaixian-o.O-61518266.pdf_149.jpg,simplified_chinese,single_column,v1.5,book,16,18,14,14,14,14,14,14,12,12,11,11,9,9,7,7,5,5,5,5,5,5,16,18,15,16,15,16,13,14,11,11,9,9,7,7,5,5,5,5,5,5,16,15,23.0,606.0,23.0,596.0,17.0,17.0,12,0.0
docstructbench_dianzishu_zhongwenzaixian-o.O-61520553.pdf_328.jpg,simplified_chinese,single_column,v1.5,book,7,7,7,7,7,7,7,7,6,6,5,5,5,5,5,5,3,3,3,3,3,3,7,7,7,7,7,7,6,6,5,5,5,5,5,5,3,3,3,3,3,3,7,7,20.0,94.0,20.0,91.0,6.0,8.0,3,0.0
docstructbench_dianzishu_zhongwenzaixian-o.O-61520612.pdf_140.jpg,simplified_chinese,single_column,v1.5,book,8,8,8,8,8,8,7,7,6,6,5,5,5,5,4,4,3,3,3,3,2,2,8,8,8,8,7,7,6,6,5,5,5,5,4,4,3,3,3,3,2,2,8,8,2.0,38.0,2.0,36.0,4.0,4.0,3,0.0
docstructbench_dianzishu_zhongwenzaixian-o.O-61520779.pdf_76.jpg,simplified_chinese,single_column,v1.5,book,4,4,3,3,3,3,3,3,3,3,2,2,2,2,1,1,1,1,1,1,1,1,3,3,3,3,3,3,3,3,2,2,2,2,1,1,1,1,1,1,1,1,3,2,2.0,2.0,2.0,2.0,0.0,0.0,1,0.0
docstructbench_dianzishu_zhongwenzaixian-o.O-61520788.pdf_391.jpg,simplified_chinese,single_column,v1.5,book,17,19,16,16,16,16,16,16,16,16,14,14,13,13,10,10,9,9,6,6,3,3,17,19,17,19,17,19,17,19,15,17,14,16,10,10,9,9,6,6,3,3,17,15,96.0,980.0,96.0,954.0,13.0,15.0,13,0.0
docstructbench_dianzishu_zhongwenzaixian-o.O-61520814.pdf_185.jpg,simplified_chinese,other_layout,v1.5,magazine,12,12,12,12,12,12,12,12,12,12,12,12,12,12,11,11,8,8,7,7,4,4,12,12,12,12,12,12,12,12,12,12,12,12,11,11,8,8,7,7,4,4,12,11,125.0,841.0,125.0,819.0,79.0,50.0,8,0.2
docstructbench_dianzishu_zhongwenzaixian-o.O-61521185.pdf_167.jpg,simplified_chinese,other_layout,v1.5,magazine,19,20,14,14,13,13,13,13,13,13,11,11,10,10,6,6,6,6,1,1,1,1,17,17,16,16,16,16,16,16,12,13,11,12,7,8,7,8,2,3,1,1,15,15,42.0,251.0,42.0,240.0,16.0,17.0,12,0.5714285714285714
docstructbench_dianzishu_zhongwenzaixian-o.O-61521384.pdf_750.jpg,simplified_chinese,single_column,v1.5,book,7,8,6,6,6,6,6,6,5,5,5,5,4,4,4,4,2,2,1,1,1,1,7,8,7,8,7,8,6,7,6,7,5,6,5,6,2,2,1,1,1,1,7,6,22.0,85.0,22.0,81.0,8.0,7.0,4,0.0
docstructbench_dianzishu_zhongwenzaixian-o.O-61521429.pdf_358.jpg,simplified_chinese,single_column,v1.5,book,4,4,3,3,3,3,3,3,3,3,3,3,3,3,2,2,2,2,2,2,1,1,3,3,3,3,3,3,3,3,3,3,3,3,2,2,2,2,2,2,1,1,3,2,1.0,18.0,1.0,18.0,0.0,0.0,1,0.0
docstructbench_dianzishu_zhongwenzaixian-o.O-61521600.pdf_210.jpg,simplified_chinese,single_column,v1.5,book,3,3,3,3,3,3,2,2,2,2,2,2,2,2,2,2,2,2,2,2,1,1,3,3,3,3,2,2,2,2,2,2,2,2,2,2,2,2,2,2,1,1,3,3,0.0,2.0,0.0,2.0,0.0,0.0,1,0.0
docstructbench_dianzishu_zhongwenzaixian-o.O-61522126.pdf_206.jpg,simplified_chinese,single_column,v1.5,book,10,12,8,8,8,8,8,8,7,7,5,5,3,3,3,3,3,3,2,2,2,2,9,11,9,11,9,11,8,10,7,9,5,7,5,7,4,5,3,4,2,2,9,8,28.0,167.0,28.0,165.0,20.0,22.0,6,0.0
docstructbench_dianzishu_zhongwenzaixian-o.O-61522235.pdf_170.jpg,simplified_chinese,single_column,v1.5,book,11,12,10,10,10,10,10,10,10,10,10,10,9,9,9,9,9,9,5,5,4,4,11,12,11,12,11,12,11,12,11,12,10,11,10,11,10,11,6,7,4,4,11,11,59.0,476.0,59.0,454.0,29.0,21.0,7,0.2
docstructbench_dianzishu_zhongwenzaixian-o.O-61523162.pdf_276.jpg,simplified_chinese,single_column,v1.5,book,10,10,8,8,8,8,8,8,8,8,8,8,8,8,4,4,3,3,2,2,2,2,8,8,8,8,8,8,8,8,8,8,8,8,4,4,3,3,2,2,2,2,8,8,4.0,48.0,4.0,46.0,4.0,4.0,4,0.0
docstructbench_dianzishu_zhongwenzaixian-o.O-61524043.pdf_156.jpg,simplified_chinese,other_layout,v1.5,magazine,11,11,11,11,10,10,10,10,9,9,9,9,6,6,6,6,4,4,3,3,1,1,11,11,10,10,10,10,9,9,9,9,6,6,6,6,4,4,3,3,1,1,11,11,30.0,278.0,30.0,267.0,8.0,2.0,7,0.2222222222222222
docstructbench_dianzishu_zhongwenzaixian-o.O-61562126.pdf_80.jpg,simplified_chinese,1andmore_column,v1.5,magazine,8,8,6,6,6,6,6,6,5,5,5,5,5,5,5,5,5,5,5,5,2,2,6,6,6,6,6,6,5,5,5,5,5,5,5,5,5,5,5,5,2,2,6,5,26.0,178.0,26.0,164.0,0.0,0.0,4,0.0
docstructbench_dianzishu_zhongwenzaixian-o.O-61564860.pdf_81.jpg,simplified_chinese,other_layout,v1.5,magazine,14,14,14,14,14,14,13,13,13,13,12,12,12,12,12,12,10,10,7,7,3,3,14,14,14,14,13,13,13,13,12,12,12,12,12,12,10,10,7,7,3,3,14,10,58.0,305.0,58.0,300.0,22.0,21.0,9,0.16666666666666666
docstructbench_dianzishu_zhongwenzaixian-o.O-61566094.pdf_55.jpg,simplified_chinese,single_column,v1.5,book,7,7,7,7,7,7,6,6,6,6,6,6,6,6,6,6,5,5,3,3,1,1,7,7,7,7,6,6,6,6,6,6,6,6,6,6,5,5,3,3,1,1,7,6,11.0,182.0,11.0,178.0,3.0,3.0,4,0.0
docstructbench_dianzishu_zhongwenzaixian-o.O-61569294.pdf_128.jpg,simplified_chinese,double_column,v1.5,magazine,6,6,4,4,4,4,4,4,4,4,2,2,2,2,2,2,2,2,2,2,2,2,4,4,4,4,4,4,4,4,2,2,2,2,2,2,2,2,2,2,2,2,4,3,104.0,461.0,104.0,411.0,0.0,0.0,3,0.0
docstructbench_dianzishu_zhongwenzaixian-o.O-61569751.pdf_155.jpg,simplified_chinese,single_column,v1.5,book,16,22,15,15,15,15,15,15,14,14,12,12,12,12,10,10,8,8,6,6,3,3,16,22,16,22,16,22,15,21,13,19,13,19,11,17,9,15,7,13,3,3,16,11,171.0,709.0,171.0,700.0,78.0,94.0,12,0.14285714285714285
docstructbench_dianzishu_zhongwenzaixian-o.O-61570078.pdf_315.jpg,simplified_chinese,single_column,v1.5,book,10,10,10,10,10,10,10,10,9,9,8,8,8,8,7,7,5,5,5,5,3,3,10,10,10,10,10,10,9,9,8,8,8,8,7,7,5,5,5,5,3,3,10,6,57.0,285.0,57.0,282.0,25.0,32.0,7,0.0
docstructbench_dianzishu_zhongwenzaixian-o.O-61570552.pdf_129.jpg,simplified_chinese,other_layout,v1.5,magazine,22,23,22,22,22,22,21,21,21,21,19,19,17,17,16,16,12,12,8,8,2,2,22,23,22,23,21,22,21,22,19,20,17,18,16,17,12,13,10,11,4,5,22,20,163.0,837.0,163.0,822.0,56.0,69.0,17,0.21052631578947367
docstructbench_dianzishu_zhongwenzaixian-o.O-61571237.pdf_81.jpg,simplified_chinese,single_column,v1.5,book,11,10,9,9,9,9,9,9,9,9,9,9,9,9,9,9,7,7,6,6,4,4,10,9,10,9,10,9,10,9,10,9,10,9,10,9,8,7,7,6,3,3,9,8,118.0,380.0,118.0,345.0,51.0,34.0,6,0.25
docstructbench_dianzishu_zhongwenzaixian-o.O-61571259.pdf_239.jpg,simplified_chinese,single_column,v1.5,book,5,4,4,4,4,4,4,4,3,3,3,3,3,3,3,3,3,3,3,3,2,2,5,4,5,4,5,4,5,4,5,4,5,4,5,4,5,4,5,4,2,2,4,3,3.0,52.0,3.0,52.0,4.0,8.0,2,0.0
docstructbench_dianzishu_zhongwenzaixian-o.O-61571884.pdf_94.jpg,simplified_chinese,double_column,v1.5,magazine,20,20,20,20,20,20,20,20,20,20,20,20,20,20,19,19,12,12,7,7,0,0,20,20,20,20,20,20,20,20,20,20,20,20,19,19,12,12,7,7,0,0,20,15,44.0,429.0,44.0,423.0,23.0,46.0,14,0.0
docstructbench_dianzishu_zhongwenzaixian-o.O-63674848.pdf_101.jpg,simplified_chinese,single_column,v1.5,book,8,8,6,6,6,6,6,6,6,6,6,6,6,6,6,6,6,6,5,5,5,5,6,6,6,6,6,6,6,6,6,6,6,6,6,6,6,6,5,5,5,5,6,6,24.0,362.0,24.0,353.0,20.0,29.0,4,0.3333333333333333
docstructbench_dianzishu_zhongwenzaixian-o.O-63675767.pdf_66.jpg,simplified_chinese,single_column,v1.5,book,10,9,9,9,9,9,8,8,8,8,7,7,7,7,7,7,4,4,4,4,3,3,9,9,9,9,8,8,8,8,7,7,7,7,7,7,4,4,4,4,3,3,9,9,85.0,598.0,85.0,598.0,42.0,43.0,5,0.0
docstructbench_dianzishu_zhongwenzaixian-o.O-63677793.pdf_332.jpg,simplified_chinese,single_column,v1.5,book,2,2,1,1,1,1,1,1,1,1,1,1,1,1,1,1,1,1,1,1,1,1,1,1,1,1,1,1,1,1,1,1,1,1,1,1,1,1,1,1,1,1,1,1,0.0,0.0,0.0,0.0,0.0,0.0,0,
docstructbench_dianzishu_zhongwenzaixian-o.O-63678132.pdf_161.jpg,simplified_chinese,1andmore_column,v1.5,book,8,8,8,8,8,8,8,8,8,8,7,7,6,6,5,5,5,5,5,5,3,3,8,8,8,8,8,8,8,8,7,7,6,6,5,5,5,5,5,5,3,3,8,7,53.0,502.0,53.0,478.0,32.0,11.0,4,0.0
docstructbench_dianzishu_zhongwenzaixian-o.O-63684042.pdf_172.jpg,simplified_chinese,double_column,v1.5,magazine,9,9,9,9,9,9,8,8,8,8,8,8,8,8,8,8,7,7,4,4,2,2,9,9,9,9,8,8,8,8,8,8,8,8,8,8,7,7,4,4,2,2,9,6,64.0,219.0,64.0,213.0,23.0,19.0,3,0.5714285714285714
docstructbench_dianzishu_zhongwenzaixian-o.O-63684502.pdf_263.jpg,simplified_chinese,single_column,v1.5,book,10,12,9,9,8,8,7,7,7,7,6,6,5,5,5,5,4,4,3,3,2,2,9,11,9,11,9,11,9,11,7,8,6,7,6,7,4,4,3,3,2,2,9,8,45.0,251.0,45.0,240.0,19.0,11.0,6,0.0
docstructbench_dianzishu_zhongwenzaixian-o.O-63685157.pdf_105.jpg,simplified_chinese,double_column,v1.5,magazine,11,12,9,9,9,9,9,9,9,9,9,9,8,8,7,7,7,7,5,5,4,4,10,11,10,11,10,11,10,11,10,11,9,10,8,9,8,9,6,7,4,4,10,9,69.0,568.0,69.0,540.0,23.0,11.0,8,0.2222222222222222
docstructbench_dianzishu_zhongwenzaixian-o.O-63685611.pdf_222.jpg,simplified_chinese,double_column,v1.5,book,9,9,9,9,9,9,8,8,8,8,7,7,7,7,7,7,7,7,7,7,2,2,9,9,9,9,8,8,8,8,7,7,7,7,7,7,7,7,7,7,2,2,9,9,97.0,630.0,97.0,579.0,16.0,4.0,7,0.0
docstructbench_dianzishu_zhongwenzaixian-o.O-63686103.pdf_55.jpg,simplified_chinese,other_layout,v1.5,magazine,17,18,17,17,17,17,17,17,17,17,15,15,14,14,10,10,9,9,7,7,5,5,17,18,17,18,17,18,17,18,16,17,15,16,11,12,10,11,8,9,5,5,17,12,143.0,610.0,143.0,565.0,43.0,61.0,10,0.13333333333333333
docstructbench_dianzishu_zhongwenzaixian-o.O-63686436.pdf_57.jpg,simplified_chinese,1andmore_column,v1.5,magazine,25,17,16,16,15,15,15,15,13,13,12,12,11,11,7,7,5,5,4,4,1,1,25,17,24,16,24,16,22,14,12,12,11,11,7,7,5,5,4,4,1,1,16,15,33.0,383.0,33.0,366.0,5.0,7.0,13,0.0
docstructbench_dianzishu_zhongwenzaixian-o.O-63687685.pdf_106.jpg,simplified_chinese,other_layout,v1.5,magazine,11,11,10,10,10,10,10,10,10,10,9,9,9,9,8,8,6,6,5,5,4,4,10,10,10,10,10,10,10,10,9,9,9,9,8,8,6,6,5,5,4,4,10,10,52.0,421.0,52.0,396.0,37.0,14.0,7,0.2222222222222222
docstructbench_dianzishu_zhongwenzaixian-o.O-63688043.pdf_110.jpg,simplified_chinese,single_column,v1.5,book,8,8,7,7,7,7,7,7,7,7,7,7,7,7,7,7,5,5,3,3,3,3,7,7,7,7,7,7,7,7,7,7,7,7,7,7,5,5,3,3,3,3,7,5,21.0,280.0,21.0,273.0,7.0,7.0,5,0.0
docstructbench_dianzishu_zhongwenzaixian-o.O-63688445.pdf_489.jpg,simplified_chinese,single_column,v1.5,book,15,17,15,15,15,15,15,15,15,15,15,15,14,14,12,12,10,10,9,9,5,5,15,15,15,15,15,15,15,15,15,15,14,14,12,12,10,10,9,9,5,5,15,12,68.0,1046.0,68.0,1021.0,65.0,86.0,11,0.0
docstructbench_dianzishu_zhongwenzaixian-o.O-63690689.pdf_134.jpg,simplified_chinese,double_column,v1.5,book,10,10,10,10,10,10,10,10,9,9,9,9,9,9,8,8,7,7,7,7,6,6,10,10,10,10,10,10,9,9,9,9,9,9,8,8,7,7,7,7,6,6,10,10,175.0,1560.0,175.0,1511.0,46.0,18.0,8,0.0
docstructbench_dianzishu_zhongwenzaixian-o.O-63708140.pdf_170.jpg,simplified_chinese,single_column,v1.5,book,11,11,11,11,11,11,11,11,11,11,11,11,11,11,8,8,8,8,8,8,4,4,11,11,11,11,11,11,11,11,11,11,11,11,8,8,8,8,8,8,4,4,11,11,45.0,580.0,45.0,570.0,20.0,25.0,8,0.2222222222222222
docstructbench_dianzishu_zhongwenzaixian-o.O-63709763.pdf_72.jpg,simplified_chinese,single_column,v1.5,book,6,6,5,5,5,5,5,5,5,5,5,5,5,5,4,4,2,2,2,2,2,2,5,5,5,5,5,5,5,5,5,5,5,5,4,4,2,2,2,2,2,2,5,3,0.0,17.0,0.0,17.0,0.0,0.0,2,0.0
docstructbench_dianzishu_zhongwenzaixian-o.O-63710191.pdf_336.jpg,english,single_column,v1.5,book,9,9,9,9,9,9,8,8,8,8,8,8,8,8,8,8,7,7,5,5,5,5,9,9,9,9,8,8,8,8,8,8,8,8,8,8,7,7,5,5,5,5,9,8,6.0,532.0,6.0,526.0,3.0,88.0,4,0.0
docstructbench_dianzishu_zhongwenzaixian-o.O-63710614.pdf_149.jpg,simplified_chinese,other_layout,v1.5,magazine,11,12,10,10,10,10,9,9,9,9,9,9,8,8,6,6,6,6,4,4,2,2,11,12,11,12,10,11,10,11,10,11,10,11,9,10,9,10,7,8,6,7,11,11,148.0,644.0,148.0,613.0,45.0,45.0,5,0.0
docstructbench_dianzishu_zhongwenzaixian-o.O-63711094.pdf_34.jpg,simplified_chinese,single_column,v1.5,book,7,6,5,5,5,5,4,4,4,4,4,4,4,4,2,2,2,2,2,2,2,2,7,6,7,6,6,5,6,5,6,5,6,5,4,3,4,3,4,3,4,3,5,4,0.0,4.0,0.0,4.0,0.0,0.0,1,0.0
docstructbench_dianzishu_zhongwenzaixian-o.O-63711094.pdf_56.jpg,simplified_chinese,single_column,v1.5,book,5,5,5,5,5,5,5,5,5,5,3,3,3,3,3,3,2,2,2,2,2,2,5,5,5,5,5,5,5,5,3,3,3,3,3,3,2,2,2,2,2,2,5,5,14.0,310.0,14.0,303.0,9.0,18.0,2,0.0
docstructbench_enbook-zlib-o.O-15322190.pdf_138.jpg,simplified_chinese,single_column,v1.5,book,7,23,5,5,5,5,5,5,5,5,3,3,3,3,1,1,1,1,1,1,0,0,7,23,7,23,7,23,7,23,6,22,6,22,3,20,3,20,3,20,0,0,5,4,6.0,48.0,6.0,44.0,6.0,7.0,2,0.5
docstructbench_enbook-zlib-o.O-17208435.pdf_105.jpg,english,three_column,v1.5,book,175,5,4,4,4,4,3,3,2,2,2,2,0,0,0,0,0,0,0,0,0,0,175,5,175,5,174,4,173,3,173,3,171,1,171,1,171,1,171,1,171,1,4,2,0.0,0.0,0.0,0.0,0.0,0.0,0,
docstructbench_enbook-zlib-o.O-17208435.pdf_57.jpg,english,three_column,v1.5,book,157,214,138,138,137,137,136,136,131,131,118,118,94,94,67,67,37,37,9,9,2,2,157,214,156,213,155,212,150,207,137,194,113,170,86,143,53,107,22,73,10,54,157,155,220.0,6385.0,220.0,6368.0,166.0,784.0,153,0.9803921568627451
docstructbench_enbook-zlib-o.O-17342542.pdf_25.jpg,english,double_column,v1.5,book,4,4,4,4,4,4,4,4,4,4,4,4,4,4,4,4,4,4,2,2,2,2,4,4,4,4,4,4,4,4,4,4,4,4,4,4,4,4,2,2,2,2,4,4,0.0,325.0,0.0,325.0,0.0,47.0,2,0.0
docstructbench_enbook-zlib-o.O-17761417.pdf_894.jpg,english,1andmore_column,v1.5,colorful_textbook,14,15,14,14,14,14,13,13,11,11,11,11,10,10,10,10,5,5,4,4,2,2,14,15,14,15,13,14,12,13,12,13,11,12,11,12,5,5,4,4,2,2,14,13,117.0,1350.0,117.0,1350.0,27.0,210.0,11,0.0
docstructbench_enbook-zlib-o.O-19091739.pdf_181.jpg,english,single_column,v1.5,colorful_textbook,33,36,31,31,29,29,28,28,27,27,22,22,17,17,11,11,9,9,5,5,4,4,32,35,30,33,29,32,28,31,23,26,18,21,12,15,11,14,5,5,4,4,32,26,119.0,2385.0,119.0,2383.0,64.0,404.0,20,0.14285714285714285
docstructbench_enbook-zlib-o.O-19221575.pdf_1173.jpg,english,double_column,v1.5,book,23,39,18,18,18,18,18,18,17,17,16,16,12,12,12,12,10,10,10,10,5,5,23,39,23,39,23,39,19,37,18,36,14,32,14,32,12,30,11,25,6,20,20,15,88.0,3370.0,88.0,3347.0,83.0,563.0,18,0.0
docstructbench_enbook-zlib-o.O-21353024.pdf_39.jpg,english,double_column,v1.5,magazine,33,31,30,30,30,30,30,30,29,29,28,28,27,27,22,22,16,16,8,8,0,0,33,31,33,31,33,31,32,30,31,29,30,28,25,23,19,17,11,9,0,0,30,29,84.0,3825.0,84.0,3817.0,45.0,662.0,28,0.0
docstructbench_enbook-zlib-o.O-21882649.pdf_3.jpg,english,single_column,v1.5,magazine,17,17,17,17,17,17,17,17,17,17,17,17,16,16,15,15,12,12,11,11,2,2,17,17,17,17,17,17,17,17,17,17,16,16,15,15,12,12,11,11,2,2,17,11,28.0,1736.0,28.0,1736.0,14.0,307.0,11,0.0
docstructbench_enbook-zlib-o.O-22206811.pdf_5.jpg,english,single_column,v1.5,magazine,16,16,16,16,16,16,16,16,16,16,15,15,14,14,14,14,10,10,7,7,2,2,16,16,16,16,16,16,16,16,15,15,14,14,14,14,10,10,7,7,2,2,16,10,29.0,1667.0,29.0,1660.0,17.0,274.0,10,0.0
docstructbench_llm-raw-scihub-o.O-adsc.201190003.pdf_6.jpg,english,other_layout,v1.5,magazine,21,34,13,13,12,12,11,11,11,11,9,9,6,6,5,5,4,4,1,1,0,0,18,31,17,30,16,29,16,29,14,27,11,24,10,23,7,15,1,1,0,0,18,16,77.0,1330.0,77.0,1320.0,42.0,182.0,16,0.0
docstructbench_llm-raw-scihub-o.O-ajhb.10190.pdf_5.jpg,english,double_column,v1.5,academic_literature,11,71,10,10,10,10,10,10,10,10,8,8,8,8,8,8,8,8,7,7,4,4,11,71,11,71,11,71,11,71,9,69,9,69,9,69,9,69,8,68,5,65,11,9,138.0,3321.0,138.0,3319.0,84.0,533.0,7,0.0
docstructbench_llm-raw-scihub-o.O-ana.20363.pdf_5.jpg,english,double_column,v1.5,academic_literature,29,28,28,28,28,28,28,28,28,28,28,28,27,27,26,26,26,26,24,24,8,8,29,28,29,28,29,28,29,28,29,28,28,27,28,27,28,27,24,24,8,8,28,28,115.0,6182.0,115.0,6166.0,97.0,928.0,27,0.0
docstructbench_llm-raw-scihub-o.O-bf00151572.pdf_3.jpg,english,single_column,v1.5,academic_literature,5,5,5,5,5,5,5,5,5,5,5,5,5,5,3,3,3,3,2,2,2,2,5,5,5,5,5,5,5,5,5,5,5,5,3,3,3,3,2,2,2,2,5,5,16.0,1977.0,16.0,1977.0,13.0,334.0,3,0.0
docstructbench_llm-raw-scihub-o.O-bf00326833.pdf_3.jpg,english,double_column,v1.5,academic_literature,11,11,11,11,11,11,11,11,11,11,11,11,10,10,10,10,10,10,9,9,4,4,11,11,11,11,11,11,11,11,11,11,10,10,10,10,10,10,9,9,4,4,11,11,2.0,1300.0,2.0,1299.0,3.0,227.0,3,0.4
docstructbench_llm-raw-scihub-o.O-bf03175144.pdf_4.jpg,english,1andmore_column,v1.5,academic_literature,13,13,13,13,13,13,13,13,13,13,13,13,12,12,12,12,12,12,7,7,6,6,13,13,13,13,13,13,13,13,13,13,12,12,12,12,12,12,7,7,6,6,13,11,8.0,1713.0,8.0,1706.0,7.0,280.0,8,0.3076923076923077
docstructbench_llm-raw-scihub-o.O-ceat.200407001.pdf_3.jpg,english,1andmore_column,v1.5,academic_literature,37,37,36,36,36,36,36,36,32,32,25,25,22,22,17,17,11,11,11,11,9,9,36,36,36,36,36,36,32,32,25,25,22,22,17,17,11,11,11,11,9,9,36,29,149.0,3876.0,149.0,3874.0,66.0,608.0,24,0.0
docstructbench_llm-raw-scihub-o.O-ceat.200600266.pdf_2.jpg,english,double_column,v1.5,academic_literature,25,32,23,23,22,22,21,21,21,21,20,20,20,20,20,20,14,14,14,14,12,12,25,32,25,32,25,32,25,32,25,32,24,30,23,28,15,17,14,14,12,12,25,25,108.0,4589.0,108.0,4581.0,62.0,755.0,19,0.0
docstructbench_llm-raw-scihub-o.O-ceat.200600410.pdf_5.jpg,english,double_column,v1.5,academic_literature,17,19,17,17,17,17,16,16,16,16,16,16,15,15,14,14,12,12,8,8,4,4,17,19,17,19,17,19,17,19,17,19,16,18,15,17,13,15,8,9,4,5,17,16,4.0,1506.0,4.0,1503.0,4.0,247.0,8,0.0
docstructbench_llm-raw-scihub-o.O-ceat.200600410.pdf_8.jpg,english,1andmore_column,v1.5,academic_literature,16,16,15,15,15,15,15,15,14,14,13,13,13,13,10,10,9,9,7,7,4,4,15,15,15,15,15,15,14,14,13,13,13,13,10,10,9,9,7,7,4,4,15,15,8.0,1352.0,8.0,1350.0,5.0,240.0,8,0.0
docstructbench_llm-raw-scihub-o.O-chem.200700118.pdf_7.jpg,english,double_column,v1.5,academic_literature,21,39,18,18,18,18,18,18,17,17,17,17,15,15,15,15,13,13,10,10,6,6,20,38,20,38,20,38,19,37,19,37,17,35,16,32,14,30,11,27,7,23,20,18,784.0,4857.0,784.0,4857.0,147.0,687.0,13,0.0
docstructbench_llm-raw-scihub-o.O-chem.200700133.pdf_6.jpg,english,other_layout,v1.5,academic_literature,11,14,11,11,9,9,9,9,9,9,9,9,8,8,7,7,6,6,5,5,4,4,11,14,10,13,10,13,10,13,10,13,9,12,8,11,7,10,5,7,5,7,11,11,446.0,4676.0,446.0,4676.0,97.0,729.0,4,0.0
docstructbench_llm-raw-scihub-o.O-chem.200700285.pdf_4.jpg,english,1andmore_column,v1.5,academic_literature,15,16,13,13,12,12,12,12,12,12,11,11,11,11,10,10,9,9,6,6,3,3,14,15,14,15,14,15,14,15,14,15,14,15,13,14,12,13,9,10,5,5,13,13,14.0,769.0,14.0,768.0,20.0,119.0,5,0.25
docstructbench_llm-raw-scihub-o.O-chem.200701412.pdf_10.jpg,english,double_column,v1.5,academic_literature,22,22,21,21,21,21,21,21,21,21,21,21,21,21,19,19,19,19,15,15,11,11,21,21,21,21,21,21,21,21,21,21,21,21,19,19,19,19,15,15,11,11,21,20,414.0,7394.0,414.0,7394.0,153.0,1102.0,16,0.0
docstructbench_llm-raw-scihub-o.O-chem.200701981.pdf_9.jpg,english,double_column,v1.5,academic_literature,14,41,13,13,13,13,12,12,11,11,11,11,11,11,11,11,9,9,8,8,6,6,14,41,14,41,13,40,13,40,13,40,13,40,13,40,11,38,10,37,8,34,14,11,2331.0,11238.0,2331.0,11238.0,740.0,1712.0,8,0.0
docstructbench_llm-raw-scihub-o.O-chin.200305072.pdf_1.jpg,english,single_column,v1.5,academic_literature,7,25,5,5,5,5,4,4,4,4,4,4,3,3,1,1,1,1,0,0,0,0,6,24,6,24,5,23,5,23,5,23,5,23,3,21,3,21,2,20,0,0,6,2,63.0,668.0,63.0,667.0,35.0,88.0,3,0.0
docstructbench_llm-raw-scihub-o.O-chin.200427104.pdf_1.jpg,english,single_column,v1.5,academic_literature,7,29,5,5,5,5,4,4,4,4,4,4,3,3,3,3,1,1,1,1,1,1,6,28,6,28,5,27,5,27,5,27,4,26,4,26,2,24,1,1,1,1,6,1,26.0,485.0,26.0,485.0,16.0,83.0,3,0.0
docstructbench_llm-raw-scihub-o.O-chin.201023119.pdf_1.jpg,english,single_column,v1.5,academic_literature,9,34,7,7,7,7,6,6,6,6,6,6,5,5,3,3,3,3,1,1,0,0,9,34,9,34,8,33,8,33,8,33,6,30,4,28,4,28,2,26,1,25,9,7,31.0,539.0,31.0,538.0,14.0,77.0,5,0.3333333333333333
docstructbench_llm-raw-scihub-o.O-chin.201025015.pdf_1.jpg,english,single_column,v1.5,academic_literature,8,8,6,6,4,4,4,4,4,4,4,4,4,4,4,4,1,1,1,1,1,1,8,8,7,7,7,7,7,7,7,7,7,7,6,5,3,2,1,1,1,1,7,4,632.0,1615.0,632.0,1607.0,131.0,248.0,3,0.0
docstructbench_llm-raw-scihub-o.O-dneu.20401.pdf_2.jpg,english,double_column,v1.5,academic_literature,17,17,17,17,17,17,17,17,17,17,16,16,16,16,14,14,13,13,13,13,11,11,17,17,17,17,17,17,17,17,16,16,16,16,14,14,13,13,13,13,11,11,17,17,222.0,5817.0,222.0,5811.0,95.0,872.0,14,0.0
docstructbench_llm-raw-scihub-o.O-dneu.20833.pdf_13.jpg,english,double_column,v1.5,academic_literature,12,12,12,12,12,12,12,12,12,12,12,12,11,11,11,11,10,10,9,9,6,6,12,12,12,12,12,12,12,12,12,12,11,11,11,11,10,10,9,9,6,6,12,12,100.0,5402.0,100.0,5379.0,76.0,842.0,9,0.0
docstructbench_llm-raw-scihub-o.O-dvdy.10165.pdf_7.jpg,english,double_column,v1.5,academic_literature,22,22,22,22,22,22,22,22,22,22,21,21,21,21,20,20,18,18,13,13,3,3,22,22,22,22,22,22,22,22,21,21,21,21,20,20,18,18,13,13,3,3,22,20,159.0,3279.0,159.0,3212.0,111.0,484.0,20,0.0
docstructbench_llm-raw-scihub-o.O-hup.777.pdf_7.jpg,english,other_layout,v1.5,academic_literature,11,12,10,10,10,10,10,10,9,9,8,8,7,7,7,7,6,6,5,5,5,5,11,12,11,12,11,12,10,11,9,10,8,9,7,7,6,6,5,5,5,5,11,10,74.0,1329.0,74.0,1303.0,61.0,195.0,6,0.0
docstructbench_llm-raw-scihub-o.O-hup.777.pdf_8.jpg,english,1andmore_column,v1.5,academic_literature,15,16,13,13,13,13,12,12,11,11,11,11,10,10,10,10,10,10,9,9,5,5,15,16,15,16,15,16,14,15,14,15,13,14,11,13,11,13,10,12,6,8,14,10,60.0,2595.0,60.0,2575.0,53.0,415.0,9,0.0
docstructbench_llm-raw-scihub-o.O-hup.908.pdf_5.jpg,english,double_column,v1.5,academic_literature,16,17,16,16,16,16,16,16,14,14,14,14,12,12,11,11,9,9,8,8,7,7,16,17,16,17,16,17,15,16,15,16,13,14,12,13,9,9,8,8,7,7,16,13,59.0,4135.0,59.0,4117.0,50.0,588.0,11,0.0
docstructbench_llm-raw-scihub-o.O-hyp.1040.pdf_9.jpg,english,single_column,v1.5,academic_literature,8,8,8,8,8,8,8,8,8,8,7,7,7,7,5,5,4,4,4,4,2,2,8,8,8,8,8,8,8,8,7,7,7,7,5,5,4,4,4,4,2,2,8,7,42.0,2319.0,42.0,2319.0,8.0,372.0,4,0.0
docstructbench_llm-raw-scihub-o.O-hyp.1092.pdf_1.jpg,english,single_column,v1.5,academic_literature,14,15,12,12,11,11,11,11,10,10,10,10,10,10,10,10,10,10,6,6,4,4,14,15,14,15,14,15,13,14,13,14,13,14,13,14,13,14,9,10,4,4,13,13,157.0,3884.0,157.0,3778.0,40.0,536.0,10,0.0
docstructbench_llm-raw-scihub-o.O-ijc.22820.pdf_4.jpg,english,double_column,v1.5,academic_literature,12,31,11,11,11,11,11,11,11,11,11,11,11,11,11,11,9,9,7,7,4,4,12,31,12,31,12,31,12,31,12,31,12,31,12,31,10,29,8,27,5,24,12,12,121.0,4336.0,121.0,4333.0,81.0,687.0,8,0.0
docstructbench_llm-raw-scihub-o.O-ijc.22994.pdf_3.jpg,english,single_column,v1.5,academic_literature,13,13,13,13,13,13,13,13,13,13,12,12,10,10,9,9,7,7,7,7,4,4,13,13,13,13,13,13,13,13,12,12,10,10,9,9,7,7,7,7,4,4,13,13,48.0,1749.0,48.0,1741.0,48.0,301.0,8,0.0
docstructbench_llm-raw-scihub-o.O-ijc.22999.pdf_3.jpg,english,other_layout,v1.5,academic_literature,8,8,8,8,8,8,8,8,8,8,7,7,7,7,6,6,5,5,5,5,3,3,8,8,8,8,8,8,8,8,7,7,7,7,6,6,5,5,5,5,3,3,8,6,259.0,3447.0,259.0,3447.0,102.0,531.0,5,0.0
docstructbench_llm-raw-scihub-o.O-j.1365-2117.1999.00104.x.pdf_11.jpg,english,other_layout,v1.5,academic_literature,11,11,11,11,11,11,11,11,11,11,10,10,9,9,9,9,9,9,7,7,7,7,11,11,11,11,11,11,11,11,10,10,9,9,9,9,9,9,7,7,7,7,11,11,35.0,2814.0,35.0,2803.0,25.0,479.0,6,0.0
docstructbench_llm-raw-scihub-o.O-j.1365-2117.2002.00179.x.pdf_10.jpg,english,other_layout,v1.5,academic_literature,13,13,13,13,13,13,13,13,13,13,11,11,11,11,10,10,10,10,9,9,5,5,13,13,13,13,13,13,13,13,11,11,11,11,10,10,10,10,9,9,5,5,13,13,520.0,3533.0,520.0,3529.0,182.0,587.0,9,0.4
docstructbench_llm-raw-scihub-o.O-j.1365-2818.2000.00739.x.pdf_4.jpg,english,other_layout,v1.5,academic_literature,9,9,9,9,9,9,9,9,9,9,8,8,7,7,6,6,6,6,6,6,6,6,9,9,9,9,9,9,9,9,8,8,7,7,6,6,6,6,6,6,6,6,9,9,70.0,2096.0,70.0,2096.0,27.0,348.0,4,0.0
docstructbench_llm-raw-scihub-o.O-j.1365-2818.2000.00739.x.pdf_8.jpg,english,double_column,v1.5,academic_literature,26,26,26,26,26,26,26,26,26,26,25,25,25,25,25,25,21,21,14,14,7,7,26,26,26,26,26,26,26,26,25,25,25,25,25,25,21,21,14,14,7,7,26,26,134.0,5458.0,134.0,5439.0,100.0,770.0,23,0.0
docstructbench_llm-raw-scihub-o.O-j.1365-2818.2003.01210.x.pdf_7.jpg,english,other_layout,v1.5,academic_literature,9,8,8,8,8,8,8,8,8,8,8,8,8,8,6,6,5,5,3,3,2,2,9,8,9,8,9,8,9,8,9,8,9,8,8,7,5,5,3,3,2,2,8,7,5.0,782.0,5.0,779.0,9.0,123.0,5,0.0
docstructbench_llm-raw-scihub-o.O-j.1444-2906.2002.00466.x.pdf_4.jpg,english,1andmore_column,v1.5,academic_literature,15,13,12,12,12,12,12,12,12,12,12,12,12,12,12,12,12,12,9,9,7,7,15,13,15,13,15,13,15,13,15,13,15,13,15,13,15,13,9,9,7,7,12,11,28.0,2218.0,28.0,2200.0,35.0,361.0,10,0.16666666666666666
docstructbench_llm-raw-scihub-o.O-j.1445-2197.2003.02751.x.pdf_3.jpg,english,double_column,v1.5,academic_literature,18,28,15,15,15,15,15,15,15,15,15,15,15,15,14,14,13,13,10,10,7,7,18,28,18,28,18,28,18,28,18,28,18,28,17,27,16,26,13,23,9,16,18,18,70.0,3816.0,70.0,3788.0,73.0,557.0,16,0.0
docstructbench_llm-raw-scihub-o.O-j.ab.2007.10.021.pdf_3.jpg,english,double_column,v1.5,academic_literature,16,16,16,16,16,16,16,16,15,15,15,15,15,15,14,14,12,12,10,10,5,5,16,16,16,16,16,16,15,15,15,15,15,15,14,14,12,12,10,10,5,5,16,16,39.0,2482.0,39.0,2471.0,40.0,370.0,14,0.0
docstructbench_llm-raw-scihub-o.O-j.ab.2007.11.016.pdf_5.jpg,english,1andmore_column,v1.5,academic_literature,7,7,7,7,7,7,7,7,7,7,7,7,7,7,7,7,6,6,5,5,3,3,7,7,7,7,7,7,7,7,7,7,7,7,7,7,6,6,5,5,3,3,7,7,176.0,2228.0,176.0,2228.0,62.0,370.0,4,0.0
docstructbench_llm-raw-scihub-o.O-j.ab.2008.05.027.pdf_7.jpg,english,double_column,v1.5,academic_literature,11,11,11,11,10,10,10,10,10,10,10,10,10,10,10,10,9,9,9,9,9,9,11,11,10,10,10,10,10,10,10,10,10,10,10,10,9,9,9,9,9,9,11,11,118.0,5017.0,118.0,4990.0,86.0,783.0,7,0.0
docstructbench_llm-raw-scihub-o.O-j.apcata.2004.01.008.pdf_6.jpg,english,double_column,v1.5,academic_literature,17,17,17,17,17,17,17,17,17,17,16,16,14,14,13,13,12,12,6,6,1,1,17,17,17,17,17,17,17,17,16,16,14,14,13,13,12,12,6,6,1,1,17,17,28.0,1267.0,28.0,1243.0,46.0,184.0,15,0.0
docstructbench_llm-raw-scihub-o.O-j.apcata.2006.05.010.pdf_2.jpg,english,double_column,v1.5,academic_literature,12,12,12,12,12,12,11,11,11,11,11,11,11,11,9,9,8,8,8,8,8,8,12,12,12,12,11,11,11,11,11,11,11,11,9,9,8,8,8,8,8,8,12,11,625.0,7043.0,625.0,7042.0,184.0,1065.0,10,0.0
docstructbench_llm-raw-scihub-o.O-j.apcata.2007.01.024.pdf_7.jpg,english,double_column,v1.5,academic_literature,9,30,8,8,8,8,8,8,8,8,8,8,7,7,7,7,6,6,4,4,4,4,9,30,9,30,9,30,9,30,9,30,8,29,8,29,7,28,5,26,5,26,9,9,1846.0,7079.0,1846.0,7079.0,524.0,1214.0,6,0.0
docstructbench_llm-raw-scihub-o.O-j.chroma.2005.02.018.pdf_6.jpg,english,single_column,v1.5,academic_literature,12,12,12,12,12,12,12,12,11,11,11,11,11,11,10,10,10,10,10,10,6,6,12,12,12,12,12,12,11,11,11,11,11,11,10,10,10,10,10,10,6,6,12,12,2.0,531.0,2.0,529.0,4.0,74.0,5,0.0
docstructbench_llm-raw-scihub-o.O-j.chroma.2005.03.134.pdf_6.jpg,english,single_column,v1.5,academic_literature,5,5,5,5,5,5,5,5,4,4,4,4,3,3,3,3,3,3,3,3,1,1,5,5,5,5,5,5,4,4,4,4,3,3,3,3,3,3,3,3,1,1,5,5,40.0,369.0,40.0,356.0,19.0,58.0,2,0.0
docstructbench_llm-raw-scihub-o.O-j.chroma.2005.05.085.pdf_4.jpg,english,double_column,v1.5,academic_literature,19,19,19,19,19,19,18,18,18,18,18,18,17,17,15,15,13,13,9,9,9,9,19,19,19,19,18,18,18,18,18,18,17,17,15,15,13,13,9,9,9,9,19,19,190.0,4562.0,190.0,4553.0,90.0,706.0,16,0.0
docstructbench_llm-raw-scihub-o.O-j.chroma.2005.08.021.pdf_7.jpg,english,double_column,v1.5,academic_literature,21,21,21,21,21,21,20,20,20,20,20,20,19,19,19,19,18,18,16,16,10,10,21,21,21,21,20,20,20,20,20,20,19,19,19,19,18,18,16,16,10,10,21,21,176.0,4738.0,176.0,4732.0,52.0,751.0,16,0.0
docstructbench_llm-raw-scihub-o.O-j.chroma.2005.11.024.pdf_7.jpg,english,double_column,v1.5,academic_literature,13,13,13,13,13,13,13,13,13,13,13,13,12,12,12,12,11,11,10,10,7,7,13,13,13,13,13,13,13,13,13,13,12,12,12,12,11,11,10,10,7,7,13,13,57.0,5317.0,57.0,5283.0,39.0,847.0,9,0.0
docstructbench_llm-raw-scihub-o.O-j.ergon.2003.12.002.pdf_5.jpg,english,double_column,v1.5,academic_literature,21,27,20,20,20,20,20,20,20,20,18,18,18,18,16,16,14,14,12,12,7,7,21,27,21,27,21,27,21,27,19,25,19,25,17,23,15,21,13,19,7,7,21,21,73.0,3722.0,73.0,3716.0,56.0,583.0,19,0.0
docstructbench_llm-raw-scihub-o.O-j.ergon.2004.09.009.pdf_13.jpg,english,double_column,v1.5,academic_literature,20,20,19,19,19,19,19,19,19,19,18,18,18,18,18,18,18,18,14,14,3,3,19,19,19,19,19,19,19,19,18,18,18,18,18,18,18,18,14,14,3,3,19,19,86.0,3544.0,86.0,3536.0,82.0,470.0,18,0.0
docstructbench_llm-raw-scihub-o.O-j.ergon.2006.10.025.pdf_6.jpg,english,1andmore_column,v1.5,academic_literature,12,12,12,12,12,12,11,11,11,11,11,11,10,10,10,10,9,9,9,9,9,9,12,12,12,12,11,11,11,11,11,11,10,10,10,10,9,9,9,9,9,9,12,12,55.0,4641.0,55.0,4623.0,46.0,818.0,9,0.0
docstructbench_llm-raw-scihub-o.O-j.eswa.2008.01.070.pdf_5.jpg,english,1andmore_column,v1.5,academic_literature,10,10,10,10,10,10,10,10,9,9,9,9,9,9,8,8,7,7,5,5,3,3,10,10,10,10,10,10,9,9,9,9,9,9,8,8,7,7,5,5,3,3,10,10,15.0,1159.0,15.0,1151.0,20.0,192.0,6,0.0
docstructbench_llm-raw-scihub-o.O-j.jcp.2010.12.006.pdf_14.jpg,english,1andmore_column,v1.5,academic_literature,15,15,15,15,15,15,15,15,14,14,11,11,10,10,7,7,6,6,3,3,1,1,15,15,15,15,15,15,14,14,11,11,10,10,7,7,6,6,3,3,1,1,15,12,87.0,710.0,87.0,708.0,26.0,101.0,8,0.0
docstructbench_llm-raw-scihub-o.O-j.jcp.2010.12.006.pdf_5.jpg,english,single_column,v1.5,academic_literature,32,35,29,29,28,28,27,27,25,25,22,22,18,18,15,15,12,12,8,8,2,2,32,35,31,34,30,33,28,31,25,28,21,24,16,17,12,12,8,8,2,2,32,24,343.0,2966.0,343.0,2963.0,87.0,366.0,23,0.0
docstructbench_llm-raw-scihub-o.O-j.jcrimjus.2010.04.003.pdf_8.jpg,english,double_column,v1.5,academic_literature,62,62,62,62,62,62,61,61,58,58,54,54,53,53,49,49,38,38,20,20,9,9,62,62,62,62,61,61,59,59,55,55,55,55,51,51,42,42,22,22,9,9,62,62,706.0,11495.0,706.0,11055.0,370.0,1738.0,60,0.0
docstructbench_llm-raw-scihub-o.O-j.mseb.2009.12.004.pdf_2.jpg,english,double_column,v1.5,academic_literature,15,22,15,15,15,15,15,15,15,15,15,15,15,15,15,15,14,14,13,13,10,10,15,21,15,21,15,21,15,21,15,21,15,21,15,21,14,20,13,19,11,17,15,14,137.0,3544.0,137.0,3533.0,62.0,515.0,12,0.14285714285714285
docstructbench_llm-raw-scihub-o.O-j.msec.2003.09.055.pdf_1.jpg,english,1andmore_column,v1.5,academic_literature,25,20,18,18,17,17,17,17,16,16,15,15,15,15,9,9,6,6,5,5,3,3,25,20,25,20,25,20,24,19,23,18,23,18,17,12,12,8,12,8,10,6,18,13,119.0,3387.0,119.0,3379.0,59.0,430.0,12,0.0
docstructbench_llm-raw-scihub-o.O-j.msec.2005.01.019.pdf_4.jpg,english,double_column,v1.5,academic_literature,16,11,9,9,9,9,9,9,9,9,9,9,8,8,8,8,8,8,7,7,5,5,16,11,16,11,16,11,16,11,16,11,15,10,15,10,15,10,14,9,12,7,9,9,76.0,4161.0,76.0,4157.0,31.0,658.0,7,0.0
docstructbench_llm-raw-scihub-o.O-j.msec.2005.03.002.pdf_7.jpg,english,double_column,v1.5,academic_literature,24,24,24,24,24,24,24,24,24,24,24,24,23,23,22,22,22,22,20,20,6,6,24,24,24,24,24,24,24,24,24,24,23,23,22,22,22,22,20,20,6,6,24,24,228.0,3780.0,228.0,3749.0,173.0,514.0,22,0.0
docstructbench_llm-raw-scihub-o.O-j.physletb.2004.02.015.pdf_4.jpg,english,double_column,v1.5,academic_literature,15,15,15,15,15,15,15,15,15,15,15,15,13,13,12,12,12,12,11,11,8,8,15,15,15,15,15,15,15,15,15,15,13,13,12,12,12,12,11,11,8,8,15,15,306.0,4258.0,306.0,4246.0,144.0,693.0,12,0.0
docstructbench_llm-raw-scihub-o.O-j.physletb.2004.06.101.pdf_3.jpg,english,single_column,v1.5,academic_literature,38,39,37,37,35,35,35,35,33,33,28,28,16,16,9,9,5,5,3,3,2,2,38,39,36,37,36,37,34,35,29,30,17,18,9,9,5,5,3,3,2,2,38,26,108.0,1855.0,108.0,1855.0,55.0,268.0,24,0.0
docstructbench_llm-raw-scihub-o.O-j.physletb.2004.11.060.pdf_2.jpg,english,double_column,v1.5,academic_literature,30,32,29,29,29,29,29,29,25,25,23,23,19,19,17,17,16,16,12,12,8,8,30,32,30,32,30,32,26,28,24,26,20,22,18,20,17,19,12,12,8,8,30,24,83.0,3089.0,83.0,3075.0,51.0,478.0,21,0.0
docstructbench_llm-raw-scihub-o.O-j.snb.2004.05.025.pdf_5.jpg,english,other_layout,v1.5,academic_literature,14,15,14,14,14,14,13,13,13,13,13,13,13,13,11,11,10,10,8,8,5,5,14,15,14,15,14,15,14,15,14,15,14,15,12,13,10,10,8,8,5,5,14,14,306.0,1570.0,306.0,1569.0,144.0,271.0,6,0.0
docstructbench_llm-raw-scihub-o.O-j.snb.2004.06.022.pdf_2.jpg,english,other_layout,v1.5,academic_literature,10,10,10,10,9,9,9,9,9,9,8,8,8,8,7,7,7,7,6,6,2,2,10,10,9,9,9,9,9,9,8,8,8,8,7,7,7,7,6,6,2,2,10,10,9.0,1118.0,9.0,1117.0,9.0,167.0,5,0.0
docstructbench_llm-raw-scihub-o.O-s00128-007-9171-1.pdf_2.jpg,english,double_column,v1.5,academic_literature,16,16,15,15,15,15,15,15,15,15,15,15,15,15,13,13,12,12,11,11,11,11,15,15,15,15,15,15,15,15,15,15,15,15,13,13,12,12,11,11,11,11,15,15,248.0,5071.0,248.0,5068.0,102.0,842.0,12,0.0
docstructbench_llm-raw-scihub-o.O-s00128-007-9171-1.pdf_3.jpg,english,1andmore_column,v1.5,academic_literature,9,9,9,9,9,9,9,9,9,9,9,9,9,9,5,5,5,5,4,4,3,3,9,9,9,9,9,9,9,9,9,9,9,9,5,5,5,5,4,4,3,3,9,9,23.0,1993.0,23.0,1984.0,25.0,315.0,5,0.0
docstructbench_llm-raw-scihub-o.O-s00128-007-9344-y.pdf_5.jpg,english,double_column,v1.5,academic_literature,18,18,18,18,18,18,18,18,18,18,17,17,17,17,15,15,13,13,12,12,7,7,18,18,18,18,18,18,18,18,17,17,17,17,15,15,13,13,12,12,7,7,18,18,33.0,3019.0,33.0,3004.0,40.0,435.0,15,0.0
docstructbench_llm-raw-scihub-o.O-s00128-008-9367-z.pdf_4.jpg,english,1andmore_column,v1.5,academic_literature,18,20,17,17,17,17,17,17,17,17,14,14,12,12,12,12,11,11,9,9,6,6,18,20,18,20,18,20,18,20,15,17,13,15,13,15,12,14,9,9,6,6,18,14,32.0,2881.0,32.0,2878.0,22.0,485.0,10,0.0
docstructbench_llm-raw-scihub-o.O-s00128-009-9752-2.pdf_5.jpg,english,double_column,v1.5,academic_literature,18,18,18,18,18,18,17,17,16,16,16,16,16,16,16,16,16,16,15,15,8,8,18,18,18,18,17,17,16,16,16,16,16,16,16,16,16,16,15,15,8,8,18,17,67.0,2774.0,67.0,2762.0,75.0,374.0,15,0.0
docstructbench_llm-raw-scihub-o.O-s00128-009-9772-y.pdf_1.jpg,english,other_layout,v1.5,academic_literature,11,11,11,11,10,10,10,10,10,10,10,10,10,10,8,8,7,7,6,6,4,4,11,11,10,10,10,10,10,10,10,10,10,10,8,8,7,7,6,6,4,4,11,10,172.0,3887.0,172.0,3876.0,63.0,572.0,9,0.0
docstructbench_llm-raw-scihub-o.O-s00128-010-0006-0.pdf_5.jpg,english,1andmore_column,v1.5,academic_literature,26,26,26,26,26,26,26,26,25,25,25,25,25,25,24,24,23,23,20,20,9,9,26,26,26,26,26,26,25,25,25,25,25,25,24,24,23,23,20,20,9,9,26,26,367.0,4627.0,367.0,4624.0,101.0,744.0,22,0.08695652173913043
docstructbench_llm-raw-scihub-o.O-s001280000131.pdf_5.jpg,english,single_column,v1.5,book,4,4,4,4,4,4,4,4,4,4,4,4,4,4,4,4,3,3,2,2,2,2,4,4,4,4,4,4,4,4,4,4,4,4,4,4,3,3,2,2,2,2,4,3,55.0,429.0,55.0,429.0,25.0,71.0,2,0.0
docstructbench_llm-raw-scihub-o.O-s00348-003-0689-7.pdf_3.jpg,english,other_layout,v1.5,academic_literature,14,16,12,12,12,12,12,12,12,12,11,11,11,11,11,11,9,9,7,7,6,6,14,16,14,16,14,16,14,16,13,15,13,15,13,15,11,13,8,9,6,6,14,10,30.0,2341.0,30.0,2340.0,21.0,387.0,9,0.0
docstructbench_llm-raw-scihub-o.O-s00348-005-0004-x.pdf_3.jpg,english,double_column,v1.5,academic_literature,20,20,20,20,20,20,20,20,20,20,20,20,20,20,18,18,16,16,14,14,8,8,20,20,20,20,20,20,20,20,20,20,20,20,18,18,16,16,14,14,8,8,20,20,128.0,4815.0,128.0,4800.0,98.0,712.0,18,0.0
docstructbench_llm-raw-scihub-o.O-s00348-006-0117-x.pdf_11.jpg,english,double_column,v1.5,academic_literature,15,16,15,15,15,15,15,15,15,15,15,15,13,13,11,11,10,10,8,8,7,7,15,16,15,16,15,16,15,16,15,16,13,14,11,12,10,11,8,9,7,8,15,14,68.0,3756.0,68.0,3753.0,53.0,614.0,9,0.14285714285714285
docstructbench_llm-raw-scihub-o.O-s00348-006-0148-3.pdf_5.jpg,english,other_layout,v1.5,academic_literature,12,12,12,12,12,12,12,12,12,12,12,12,11,11,11,11,11,11,9,9,6,6,12,12,12,12,12,12,12,12,12,12,11,11,11,11,11,11,9,9,6,6,12,12,57.0,2266.0,57.0,2263.0,27.0,376.0,8,0.0
docstructbench_llm-raw-scihub-o.O-s00348-006-0169-y.pdf_2.jpg,english,double_column,v1.5,academic_literature,10,10,10,10,10,10,10,10,10,10,9,9,9,9,8,8,8,8,8,8,7,7,10,10,10,10,10,10,10,10,9,9,9,9,8,8,8,8,8,8,7,7,10,10,196.0,6204.0,196.0,6183.0,91.0,982.0,9,0.0
docstructbench_llm-raw-scihub-o.O-s00374-003-0583-8.pdf_1.jpg,english,other_layout,v1.5,academic_literature,12,12,11,11,11,11,10,10,10,10,10,10,10,10,8,8,6,6,5,5,3,3,12,12,12,12,12,12,12,12,12,12,12,12,11,11,9,9,6,7,3,3,11,9,89.0,4225.0,89.0,4170.0,45.0,594.0,9,0.0
docstructbench_llm-raw-scihub-o.O-s00374-003-0589-2.pdf_6.jpg,english,other_layout,v1.5,academic_literature,8,10,6,6,6,6,6,6,6,6,6,6,5,5,4,4,4,4,4,4,4,4,8,10,8,10,8,10,8,10,8,10,7,9,6,8,6,8,6,8,5,6,8,8,355.0,1571.0,355.0,1571.0,61.0,238.0,5,0.0
docstructbench_llm-raw-scihub-o.O-s00374-004-0768-9.pdf_2.jpg,english,other_layout,v1.5,academic_literature,13,13,13,13,13,13,13,13,13,13,11,11,10,10,10,10,10,10,9,9,6,6,13,13,13,13,13,13,13,13,11,11,10,10,10,10,10,10,9,9,6,6,13,11,644.0,4739.0,644.0,4734.0,132.0,733.0,11,0.16666666666666666
docstructbench_llm-raw-scihub-o.O-s00374-006-0103-8.pdf_11.jpg,english,other_layout,v1.5,academic_literature,6,6,6,6,6,6,6,6,5,5,5,5,4,4,4,4,4,4,4,4,2,2,6,6,6,6,6,6,5,5,5,5,4,4,4,4,4,4,4,4,2,2,6,6,13.0,303.0,13.0,301.0,6.0,47.0,3,0.0
docstructbench_llm-raw-scihub-o.O-s00395-011-0222-8.pdf_10.jpg,english,double_column,v1.5,academic_literature,8,8,8,8,8,8,8,8,8,8,8,8,7,7,6,6,5,5,5,5,2,2,8,8,8,8,8,8,8,8,8,8,7,7,6,6,5,5,5,5,2,2,8,7,38.0,970.0,38.0,969.0,20.0,149.0,4,0.0
docstructbench_llm-raw-scihub-o.O-s003950050126.pdf_6.jpg,english,other_layout,v1.5,academic_literature,7,7,7,7,7,7,7,7,7,7,7,7,7,7,7,7,6,6,5,5,4,4,7,7,7,7,7,7,7,7,7,7,7,7,7,7,6,6,5,5,4,4,7,7,25.0,868.0,25.0,851.0,14.0,131.0,3,0.0
docstructbench_llm-raw-scihub-o.O-s00396-003-0935-9.pdf_2.jpg,english,1andmore_column,v1.5,academic_literature,15,15,15,15,15,15,14,14,14,14,13,13,13,13,13,13,13,13,7,7,6,6,15,15,15,15,14,14,14,14,13,13,13,13,13,13,13,13,7,7,6,6,15,14,249.0,3851.0,249.0,3847.0,102.0,542.0,13,0.0
docstructbench_llm-raw-scihub-o.O-s0167-8655%2800%2900107-0.pdf_6.jpg,english,1andmore_column,v1.5,academic_literature,13,13,13,13,12,12,12,12,12,12,12,12,10,10,9,9,9,9,8,8,5,5,13,13,12,12,12,12,12,12,12,12,10,10,9,9,9,9,8,8,5,5,13,11,106.0,1156.0,106.0,1155.0,43.0,182.0,8,0.0
docstructbench_llm-raw-scihub-o.O-s0167-8655%2801%2900019-8.pdf_10.jpg,english,1andmore_column,v1.5,academic_literature,13,13,12,12,12,12,12,12,12,12,12,12,10,10,10,10,10,10,9,9,5,5,12,12,12,12,12,12,12,12,12,12,10,10,10,10,10,10,9,9,5,5,12,11,20.0,2608.0,20.0,2600.0,16.0,415.0,10,0.0
docstructbench_llm-raw-scihub-o.O-s0362-546x%2897%2900070-9.pdf_7.jpg,english,other_layout,v1.5,academic_literature,13,37,12,12,12,12,12,12,12,12,11,11,10,10,9,9,8,8,7,7,4,4,13,37,13,37,13,37,13,37,12,36,11,35,10,34,9,33,8,32,5,29,13,13,30.0,2595.0,30.0,2586.0,28.0,464.0,8,0.0
docstructbench_llm-raw-scihub-o.O-s10555-005-1578-8.pdf_5.jpg,english,1andmore_column,v1.5,academic_literature,10,13,9,9,8,8,7,7,7,7,7,7,6,6,6,6,5,5,5,5,3,3,10,13,10,13,9,12,9,12,9,12,8,11,8,11,7,10,7,10,4,6,10,7,43.0,1382.0,43.0,1377.0,20.0,199.0,6,0.0
docstructbench_llm-raw-scihub-o.O-s10653-010-9369-8.pdf_11.jpg,english,1andmore_column,v1.5,academic_literature,9,9,9,9,8,8,7,7,6,6,6,6,6,6,5,5,4,4,3,3,3,3,9,9,8,8,7,7,6,6,6,6,6,6,5,5,4,4,3,3,3,3,9,9,21.0,1634.0,21.0,1629.0,19.0,250.0,5,0.0
docstructbench_llm-raw-the-eye-o.O-1%20Excel.pdf_12.jpg,english,other_layout,v1.5,magazine,11,14,10,10,10,10,10,10,10,10,8,8,7,7,6,6,6,6,5,5,4,4,11,14,11,14,11,14,11,14,9,12,8,11,7,10,7,10,6,9,5,8,11,10,16.0,1545.0,16.0,1543.0,17.0,271.0,8,0.0
docstructbench_llm-raw-the-eye-o.O-1995_2418.pdf_1.jpg,english,three_column,v1.5,academic_literature,27,30,26,26,26,26,26,26,26,26,26,26,26,26,23,23,22,22,19,19,13,13,27,30,27,30,27,30,27,30,27,30,27,30,24,27,23,26,20,23,13,13,27,26,101.0,6820.0,101.0,6777.0,42.0,1079.0,24,0.0
docstructbench_llm-raw-the-eye-o.O-Attitudes_Towards_Rainwater_Harvesting_1999.pdf_5.jpg,english,single_column,v1.5,academic_literature,14,16,12,12,12,12,12,12,10,10,10,10,10,10,8,8,7,7,5,5,2,2,13,15,13,15,13,15,11,13,11,13,10,10,8,8,7,7,5,5,2,2,13,11,7.0,2019.0,7.0,2019.0,5.0,328.0,10,0.0
docstructbench_llm-raw-the-eye-o.O-Chapter14.pdf_2.jpg,english,single_column,v1.5,colorful_textbook,36,6,5,5,4,4,4,4,4,4,2,2,1,1,0,0,0,0,0,0,0,0,36,6,35,5,35,5,35,5,33,3,32,2,31,1,31,1,31,1,31,1,5,5,0.0,47.0,0.0,47.0,0.0,7.0,3,0.0
docstructbench_llm-raw-the-eye-o.O-Character%20Sheet%20-%20Form%20Fillable.pdf_2.jpg,english,double_column,v1.5,exam_paper,6,1,0,0,0,0,0,0,0,0,0,0,0,0,0,0,0,0,0,0,0,0,6,1,6,1,6,1,6,1,6,1,6,1,6,1,6,1,6,1,6,1,0,0,0.0,0.0,0.0,0.0,0.0,0.0,0,
docstructbench_llm-raw-the-eye-o.O-Dragon%20Magazine%20-%20030.pdf_5.jpg,english,other_layout,v1.5,magazine,20,19,18,18,17,17,17,17,17,17,16,16,16,16,16,16,15,15,13,13,4,4,20,19,19,18,19,18,19,18,18,17,18,17,18,17,15,15,13,13,4,4,18,16,34.0,2278.0,34.0,2273.0,25.0,406.0,14,0.0
docstructbench_llm-raw-the-eye-o.O-Player%27s%20Options%20-%20Halflings.pdf_11.jpg,english,1andmore_column,v1.5,academic_literature,14,23,12,12,12,12,12,12,12,12,12,12,12,12,12,12,11,11,11,11,8,8,13,23,13,23,13,23,13,23,13,23,13,23,13,23,12,22,12,22,9,19,13,11,14.0,1621.0,14.0,1615.0,15.0,277.0,9,0.0
docstructbench_llm-raw-the-eye-o.O-ST-169-R1-072694.pdf_76.jpg,english,single_column,v1.5,book,6,6,6,6,6,6,6,6,6,6,4,4,4,4,4,4,3,3,3,3,3,3,6,6,6,6,6,6,6,6,4,4,4,4,4,4,3,3,3,3,3,3,6,6,0.0,415.0,0.0,415.0,0.0,70.0,4,0.0
docstructbench_llm-raw-the-eye-o.O-Screen%20Printing%20Booklet.pdf_8.jpg,english,other_layout,v1.5,magazine,12,9,5,5,5,5,5,5,5,5,4,4,4,4,4,4,3,3,2,2,2,2,12,9,12,9,12,9,11,7,11,7,11,7,11,7,10,6,9,5,6,4,6,5,304.0,1098.0,304.0,841.0,66.0,156.0,3,0.0
docstructbench_llm-raw-the-eye-o.O-Something%27s%20Cooking.pdf_4.jpg,english,double_column,v1.5,magazine,36,30,24,24,24,24,24,24,23,23,23,23,22,22,20,20,19,19,15,15,10,10,36,30,36,30,36,30,36,30,36,30,35,29,33,27,31,24,26,18,16,11,25,24,23.0,3760.0,23.0,3756.0,31.0,620.0,25,0.0
docstructbench_llm-raw-the-eye-o.O-TFT-Traveller.pdf_6.jpg,english,other_layout,v1.5,magazine,8,8,8,8,8,8,8,8,8,8,8,8,8,8,8,8,6,6,6,6,2,2,8,8,8,8,8,8,8,8,8,8,8,8,8,8,6,6,6,6,2,2,8,5,0.0,65.0,0.0,65.0,0.0,7.0,3,0.0
docstructbench_llm-raw-the-eye-o.O-Team%20Bravo%20-%20System%20Error.pdf_9.jpg,english,double_column,v1.5,magazine,34,32,31,31,31,31,31,31,31,31,31,31,31,31,30,30,26,26,21,21,11,11,33,32,33,32,33,32,33,32,33,32,33,32,32,31,28,27,21,21,11,11,31,31,57.0,5237.0,57.0,5199.0,75.0,869.0,29,0.0
docstructbench_llm-raw-the-eye-o.O-TraneGuide.pdf_7.jpg,english,single_column,v1.5,book,1,1,1,1,1,1,1,1,1,1,1,1,1,1,1,1,1,1,1,1,1,1,1,1,1,1,1,1,1,1,1,1,1,1,1,1,1,1,1,1,1,1,1,1,0.0,0.0,0.0,0.0,0.0,0.0,0,
docstructbench_llm-raw-the-eye-o.O-chap08.pdf_12.jpg,english,single_column,v1.5,book,26,16,15,15,15,15,15,15,14,14,14,14,13,13,8,8,5,5,4,4,3,3,26,16,26,16,26,16,25,15,25,15,24,14,19,9,16,6,15,5,14,4,15,12,10.0,1910.0,10.0,1909.0,6.0,294.0,11,0.0
eastmoney_0022ae8eddb0de117978289e16ba7fe995dddd3f64aca9e147bb07c848c84aa6.pdf_8.jpg,simplified_chinese,single_column,v1.5,research_report,18,17,16,16,15,15,15,15,15,15,12,12,11,11,9,9,7,7,6,6,5,5,18,17,17,16,17,16,17,16,14,13,13,12,11,10,9,8,6,6,5,5,16,16,103.0,726.0,103.0,708.0,61.0,57.0,10,0.0
eastmoney_03e39833d520af7d1abb96dd624dcd15f2b57d061969d196e80922e2f590503f.pdf_22.jpg,simplified_chinese,single_column,v1.5,research_report,16,16,16,16,16,16,16,16,16,16,16,16,12,12,10,10,9,9,6,6,3,3,16,16,16,16,16,16,16,16,16,16,12,12,10,10,9,9,6,6,3,3,16,12,101.0,722.0,101.0,675.0,56.0,13.0,10,0.0
eastmoney_1746461e6e00efee224a9209974b4bb6de3b11e339e4d86c41569eeddcc3c20e.pdf_8.jpg,simplified_chinese,1andmore_column,v1.5,research_report,24,22,22,22,22,22,22,22,21,21,21,21,20,20,18,18,11,11,7,7,2,2,24,22,24,22,24,22,23,21,23,21,22,20,20,18,13,12,7,7,2,2,22,15,61.0,639.0,61.0,634.0,42.0,55.0,13,0.631578947368421
eastmoney_1885ca41425d245551f3482457304f78b48186bff625fa91e675eaf6bba5229f.pdf_0.jpg,simplified_chinese,1andmore_column,v1.5,research_report,22,15,12,12,11,11,11,11,11,11,11,11,10,10,10,10,8,8,7,7,4,4,22,15,22,15,22,15,22,15,22,15,21,14,21,14,19,12,18,11,14,6,13,9,190.0,1535.0,190.0,1446.0,108.0,81.0,10,0.0
eastmoney_2dea7cdb5a3e018ffec3c80eb4435de524f2a14bd32735b78f563adc355272ab.pdf_6.jpg,simplified_chinese,single_column,v1.5,research_report,19,20,19,19,19,19,19,19,19,19,14,14,13,13,11,11,7,7,5,5,4,4,19,20,19,20,19,20,19,20,14,15,14,15,11,11,7,7,5,5,4,4,19,12,38.0,183.0,38.0,160.0,0.0,0.0,9,0.0
eastmoney_34d623c64d12b5f02ffe4bff74f464b368270b1d6930192876bfe353d8fd6c30.pdf_0.jpg,simplified_chinese,1andmore_column,v1.5,research_report,24,24,22,22,22,22,22,22,20,20,19,19,19,19,13,13,10,10,6,6,3,3,24,24,24,24,24,24,21,20,20,19,20,19,15,14,12,11,8,7,3,3,23,17,141.0,1146.0,141.0,1076.0,59.0,13.0,17,0.10526315789473684
eastmoney_3ad44cb9fef0899c347e83dec4ce05b65deaa17bbe9324bde97c0916afc98e0a.pdf_2.jpg,simplified_chinese,single_column,v1.5,research_report,6,6,6,6,6,6,6,6,6,6,5,5,3,3,2,2,2,2,1,1,1,1,6,6,6,6,6,6,6,6,5,5,3,3,2,2,2,2,1,1,1,1,6,5,3.0,21.0,3.0,19.0,0.0,0.0,1,0.0
eastmoney_59cde7e939acc3124df9d3f2c85b5a0ec41b9da1157d5be38e098672022b47cb.pdf_11.jpg,simplified_chinese,1andmore_column,v1.5,PPT2PDF,10,12,4,4,4,4,4,4,4,4,4,4,4,4,4,4,4,4,3,3,1,1,10,9,10,9,10,9,10,9,10,9,9,6,9,6,9,6,8,5,6,3,5,4,25.0,288.0,25.0,287.0,9.0,8.0,4,0.0
eastmoney_5c22c7d248262382ae63af18e9ef65bd26ffdf78c2f3af32137e0b4f92a0ba92.pdf_4.jpg,simplified_chinese,single_column,v1.5,research_report,12,15,11,11,11,11,10,10,10,10,7,7,7,7,5,5,1,1,1,1,1,1,12,15,12,15,11,14,10,10,7,7,7,7,5,5,1,1,1,1,1,1,12,9,46.0,275.0,46.0,275.0,29.0,30.0,11,0.0
eastmoney_5f75d8df19ab34c706ae823d8ed54f845b6a693e31c0fae19b16cdd94c32a636.pdf_2.jpg,simplified_chinese,single_column,v1.5,research_report,11,8,6,6,6,6,6,6,6,6,6,6,5,5,4,4,1,1,0,0,0,0,10,7,10,7,10,7,10,7,10,7,9,6,8,5,5,2,4,1,4,1,6,5,4.0,28.0,4.0,27.0,0.0,0.0,2,0.0
eastmoney_5f75d8df19ab34c706ae823d8ed54f845b6a693e31c0fae19b16cdd94c32a636.pdf_3.jpg,simplified_chinese,single_column,v1.5,research_report,20,19,17,17,17,17,17,17,16,16,15,15,14,14,12,12,8,8,4,4,1,1,19,18,19,18,19,18,18,17,17,16,16,15,14,13,10,9,6,5,1,1,17,15,45.0,456.0,45.0,446.0,22.0,23.0,11,0.0
eastmoney_62b4149b1612ce28d20f26cd5c5b2e18f80b26fca6e4452e090376a2fe72eae3.pdf_0.jpg,simplified_chinese,1andmore_column,v1.5,research_report,33,38,31,31,31,31,30,30,28,28,28,28,26,26,20,20,13,13,9,9,5,5,33,37,33,37,32,36,30,34,30,34,27,30,22,25,15,18,11,14,5,5,33,22,169.0,1491.0,169.0,1441.0,116.0,83.0,24,0.0
eastmoney_66eea274d39b939da0f10253d279e119d87646f10fd21b3942eaf6c5d93b8134.pdf_0.jpg,simplified_chinese,1andmore_column,v1.5,research_report,27,38,22,22,21,21,21,21,20,20,16,16,14,14,12,12,8,8,6,6,3,3,26,37,25,36,25,36,24,35,20,31,18,29,16,27,11,21,7,11,3,3,26,22,155.0,1431.0,155.0,1396.0,103.0,112.0,20,0.3076923076923077
eastmoney_6be3f3cd9e5361946ee49252f12dd57fe7c73df330116d6998e2198ec79a05c9.pdf_2.jpg,simplified_chinese,single_column,v1.5,research_report,9,9,9,9,9,9,9,9,9,9,7,7,6,6,6,6,4,4,4,4,3,3,9,9,9,9,9,9,9,9,7,7,6,6,6,6,4,4,4,4,3,3,9,9,55.0,647.0,55.0,618.0,36.0,11.0,6,0.2857142857142857
eastmoney_6e1cdb75430fe7d7a7757754d163d1a4a8a1c2a3fca38b74a8a2e8df009f2ce0.pdf_2.jpg,simplified_chinese,single_column,v1.5,research_report,11,8,6,6,6,6,6,6,6,6,4,4,3,3,3,3,1,1,1,1,0,0,10,7,10,7,10,7,10,7,8,5,7,4,7,4,5,2,5,2,4,1,6,5,5.0,33.0,5.0,32.0,2.0,2.0,3,0.0
eastmoney_7c25f92e2ab21d83e1eada0e40a68e3151e7c1c2d673ddb12b0242fa3ab931ab.pdf_13.jpg,simplified_chinese,single_column,v1.5,research_report,20,22,19,19,18,18,18,18,17,17,17,17,15,15,12,12,6,6,5,5,3,3,20,22,19,21,19,21,18,20,18,20,16,18,13,15,6,6,5,5,3,3,20,19,71.0,1010.0,71.0,985.0,13.0,14.0,15,0.0
eastmoney_7cae1642250a3dbabfef7624d3424ec6e162ae91c8de4acfa89a9779092b0189.pdf_16.jpg,simplified_chinese,single_column,v1.5,PPT2PDF,7,8,5,5,5,5,5,5,5,5,5,5,5,5,4,4,3,3,3,3,1,1,6,7,6,7,6,7,6,7,6,7,6,7,5,6,4,5,4,5,1,1,6,4,8.0,120.0,8.0,120.0,0.0,0.0,4,0.0
eastmoney_7e9f2d3e6d80483c7556fe65fe39f432d669cee3dc80840f126db9c7d7140d52.pdf_1.jpg,simplified_chinese,single_column,v1.5,research_report,12,12,12,12,10,10,10,10,10,10,10,10,10,10,6,6,6,6,4,4,4,4,12,12,10,10,10,10,10,10,10,10,10,10,6,6,6,6,4,4,4,4,12,12,32.0,374.0,32.0,369.0,15.0,12.0,6,0.0
eastmoney_7f55aa1223310144165074707803522240cf20120b15f5d78fdf61eb4dcefba3.pdf_2.jpg,simplified_chinese,single_column,v1.5,research_report,11,8,6,6,5,5,5,5,5,5,5,5,4,4,2,2,2,2,1,1,0,0,10,7,10,7,10,7,10,7,10,7,9,6,7,4,7,4,6,3,5,2,6,5,4.0,37.0,4.0,35.0,0.0,0.0,2,0.0
eastmoney_8b3e01e3cd92a034f45945887a5170602774a8480effda5bd791451578a93b7d.pdf_5.jpg,simplified_chinese,single_column,v1.5,research_report,18,18,18,18,18,18,18,18,17,17,17,17,9,9,6,6,4,4,1,1,1,1,18,18,18,18,18,18,17,17,17,17,9,9,6,6,4,4,1,1,1,1,18,16,12.0,186.0,12.0,182.0,7.0,20.0,14,0.0
eastmoney_8e0ecdad6ea6edd7014a328fa79e4b69230c1b4f82cc031dd247c3c1c39744cf.pdf_11.jpg,simplified_chinese,single_column,v1.5,research_report,18,18,18,18,18,18,18,18,18,18,17,17,16,16,11,11,7,7,2,2,1,1,18,18,18,18,18,18,18,18,17,17,16,16,11,11,7,7,2,2,1,1,18,15,17.0,187.0,17.0,183.0,10.0,22.0,14,0.0
eastmoney_8f87670d793f4415afca95380e8e46cc8517d6f97fa65a6680308bfc34fa7b5e.pdf_4.jpg,simplified_chinese,single_column,v1.5,research_report,13,21,12,12,12,12,11,11,11,11,10,10,10,10,9,9,5,5,5,5,3,3,13,21,13,21,13,21,12,19,11,18,11,18,10,17,6,13,6,13,3,3,13,11,70.0,481.0,70.0,437.0,53.0,16.0,7,0.0
eastmoney_944c06af0b176ef718ee34d3affee40554920f76210dfbf007972fe9c39074fc.pdf_0.jpg,simplified_chinese,1andmore_column,v1.5,research_report,28,28,23,23,23,23,23,23,23,23,23,23,19,19,16,16,13,13,8,8,4,4,28,28,28,28,28,28,28,28,28,28,24,24,21,21,15,15,11,11,4,4,25,20,118.0,970.0,118.0,952.0,75.0,88.0,18,0.0
eastmoney_a2542ccf95ec3bb51dcc6fb90a7c32b18f883e10a3cb301901a428882d8d2015.pdf_2.jpg,simplified_chinese,1andmore_column,v1.5,research_report,20,18,16,16,15,15,15,15,15,15,13,13,13,13,12,12,8,8,7,7,2,2,20,18,20,18,20,18,19,16,17,14,17,14,16,13,12,9,7,7,2,2,16,14,57.0,1022.0,57.0,992.0,2.0,2.0,13,0.0
eastmoney_bd6c2b9aa7ca0ebf8672f8f50e3eacab7f67d0ffa15e0d94b1f3c0d1b5f179b8.pdf_19.jpg,simplified_chinese,single_column,v1.5,research_report,11,11,10,10,10,10,10,10,10,10,9,9,7,7,7,7,5,5,4,4,3,3,10,10,10,10,10,10,10,10,9,9,7,7,7,7,5,5,4,4,3,3,10,9,79.0,893.0,79.0,850.0,36.0,4.0,5,0.0
eastmoney_bdbfdb8a6ab56be3ab1b40009ee648b6d250013ce653c146f2d2023bd8d14772.pdf_26.jpg,simplified_chinese,single_column,v1.5,research_report,19,20,19,19,19,19,19,19,19,19,18,18,15,15,13,13,10,10,7,7,3,3,19,20,19,20,19,20,19,20,18,19,15,16,13,14,10,11,7,8,4,5,19,18,34.0,1002.0,34.0,984.0,0.0,0.0,14,0.0
eastmoney_bef4bcf5f2faff08a78d49945e4ac8983320f367c450720c87ab8cc6ed5726e4.pdf_1.jpg,simplified_chinese,single_column,v1.5,research_report,14,15,14,14,14,14,12,12,12,12,12,12,11,11,9,9,3,3,2,2,2,2,14,14,14,14,12,12,12,12,12,12,11,11,9,9,3,3,2,2,2,2,14,11,38.0,303.0,38.0,288.0,22.0,16.0,8,0.0
eastmoney_c07e6795bc92e8782d09bf3af7dc766960a1db2088262126a0856311d95361a2.pdf_6.jpg,simplified_chinese,single_column,v1.5,research_report,15,15,15,15,15,15,15,15,14,14,13,13,13,13,11,11,10,10,8,8,4,4,15,15,15,15,15,15,14,14,13,13,13,13,11,11,10,10,8,8,4,4,15,14,71.0,876.0,71.0,866.0,46.0,70.0,9,0.0
eastmoney_c1c12db90c6ecfae16a8eafa49caecfbc0e5f5654140320fe127f7c09bde96c9.pdf_1.jpg,simplified_chinese,single_column,v1.5,research_report,10,6,5,5,5,5,4,4,4,4,3,3,3,3,3,3,2,2,1,1,0,0,10,6,10,6,9,5,9,5,8,4,8,4,8,4,7,3,6,2,5,1,5,4,1.0,15.0,1.0,15.0,0.0,0.0,1,
eastmoney_c2abc680754ea4676c752cb3bda24323046ece560f8b23ce66b705887c9bcf9b.pdf_16.jpg,simplified_chinese,single_column,v1.5,research_report,8,5,3,3,3,3,3,3,3,3,3,3,3,3,2,2,1,1,1,1,0,0,7,4,7,4,7,4,7,4,7,4,5,3,4,2,3,1,3,1,3,1,3,2,0.0,0.0,0.0,0.0,0.0,0.0,0,
eastmoney_c683eb2923c442ad9fd8c1f25abb7b1b35b359611d5b8a07d1eede7a81983769.pdf_21.jpg,simplified_chinese,single_column,v1.5,research_report,12,13,12,12,12,12,11,11,11,11,10,10,10,10,9,9,4,4,3,3,2,2,12,13,12,13,12,13,12,13,11,12,11,12,10,11,5,6,4,5,3,4,12,10,31.0,553.0,31.0,536.0,0.0,0.0,7,0.0
eastmoney_c87249cc61825e8bcd1e0ba5434d32606fecb2ff8302f8602f8d6860fd773252.pdf_1.jpg,simplified_chinese,single_column,v1.5,research_report,16,17,15,15,15,15,13,13,12,12,12,12,11,11,10,10,7,7,6,6,5,5,16,17,16,17,14,15,13,14,13,14,12,13,11,12,7,7,6,6,5,5,16,15,91.0,874.0,91.0,824.0,68.0,40.0,10,0.375
eastmoney_d0313ed730f58180b1f005a3607c2a77dc3672410e8f7ee1de3b814668da9bcb.pdf_5.jpg,simplified_chinese,single_column,v1.5,research_report,37,39,26,26,21,21,16,16,12,12,11,11,7,7,5,5,4,4,3,3,1,1,27,28,22,23,17,18,13,14,12,13,8,9,5,5,4,4,3,3,1,1,27,23,77.0,969.0,77.0,940.0,16.0,16.0,23,0.17391304347826086
eastmoney_d08a4020e49029cf68b5dbf69e5ecaa40e969f918819c62579e5f4b1a357422f.pdf_3.jpg,simplified_chinese,single_column,v1.5,research_report,18,18,18,18,18,18,18,18,16,16,14,14,14,14,9,9,6,6,2,2,1,1,18,18,18,18,18,18,16,16,14,14,14,14,9,9,6,6,2,2,1,1,18,14,25.0,182.0,25.0,165.0,0.0,0.0,14,0.0
eastmoney_d09a006aa02ddc09299bbb9a1b5efa0d77408191f0c1ff1fca8c80bd6150f806.pdf_17.jpg,simplified_chinese,double_column,v1.5,PPT2PDF,13,14,10,10,10,10,10,10,10,10,10,10,10,10,7,7,6,6,3,3,2,2,13,14,13,14,13,14,13,14,13,14,13,14,10,11,9,10,7,8,4,6,12,11,27.0,138.0,27.0,132.0,3.0,3.0,5,0.5
eastmoney_d201644f6fbc869ea857c5d9f8ec38adc54250a94b77d826280b0d1c25d13a13.pdf_4.jpg,simplified_chinese,single_column,v1.5,research_report,14,18,10,10,10,10,10,10,10,10,9,9,8,8,5,5,1,1,1,1,1,1,14,18,14,18,14,18,14,18,13,17,12,16,9,13,5,9,5,9,3,5,14,10,35.0,192.0,35.0,165.0,0.0,0.0,10,0.0
eastmoney_d2bb183f5254ede5760932ac3118524aa7eddad551935713b435541f1525c1ee.pdf_3.jpg,simplified_chinese,single_column,v1.5,research_report,11,9,6,6,6,6,5,5,5,5,5,5,4,4,4,4,3,3,2,2,2,2,10,8,10,8,10,8,9,6,9,6,9,6,9,6,8,5,7,4,4,3,6,6,48.0,381.0,48.0,359.0,31.0,11.0,3,0.0
eastmoney_d2bb183f5254ede5760932ac3118524aa7eddad551935713b435541f1525c1ee.pdf_7.jpg,simplified_chinese,single_column,v1.5,research_report,15,75,13,13,12,12,11,11,10,10,10,10,7,7,6,6,5,5,5,5,2,2,15,75,15,75,14,74,14,74,14,74,11,71,10,70,9,69,9,69,5,64,14,13,349.0,1163.0,349.0,1034.0,12.0,9.0,11,0.0
eastmoney_d64a9204564ad81332a4dc3767365740a00228323d2862604d15cb15b318f3af.pdf_3.jpg,simplified_chinese,single_column,v1.5,research_report,13,17,12,12,12,12,12,12,11,11,11,11,9,9,7,7,3,3,3,3,2,2,13,17,13,17,13,17,12,16,12,16,10,14,8,12,4,8,4,8,2,2,13,12,53.0,1061.0,53.0,1033.0,16.0,8.0,8,0.0
eastmoney_db7967d371df6e4fb5850f3583fcf255c2ed8ef153e11aa38e0bd020b65f13ac.pdf_1.jpg,simplified_chinese,single_column,v1.5,research_report,10,10,10,10,10,10,10,10,10,10,8,8,7,7,6,6,6,6,4,4,3,3,10,10,10,10,10,10,10,10,8,8,7,7,6,6,6,6,4,4,3,3,10,10,60.0,561.0,60.0,527.0,38.0,12.0,5,0.0
eastmoney_dcf347592d4160dffacffdf00a9c39aa75cf9859205a7543c283d1df8bb14f90.pdf_1.jpg,simplified_chinese,single_column,v1.5,research_report,16,17,15,15,15,15,15,15,15,15,15,15,13,13,11,11,8,8,5,5,2,2,16,17,16,17,16,17,16,17,16,17,14,15,12,13,9,10,6,7,2,2,16,15,49.0,1141.0,49.0,1108.0,3.0,7.0,15,0.0
eastmoney_dd8f39ced2188b907304224a635ad605689270486020c34636003e57018c01d8.pdf_2.jpg,simplified_chinese,single_column,v1.5,research_report,12,13,12,12,12,12,12,12,12,12,10,10,9,9,9,9,8,8,7,7,4,4,12,13,12,13,12,13,12,13,11,12,10,11,10,11,9,10,8,9,5,6,12,10,20.0,690.0,20.0,677.0,0.0,0.0,7,0.0
eastmoney_df74f4c5f5f8c96ec2c051d34ea5c51686a45b2f1822b2d94982f84c81d25aa3.pdf_17.jpg,simplified_chinese,single_column,v1.5,research_report,17,20,17,17,17,17,16,16,16,16,15,15,14,14,13,13,10,10,6,6,1,1,17,20,17,20,16,19,16,19,16,19,15,18,14,17,11,14,7,10,2,5,17,16,20.0,878.0,20.0,863.0,2.0,2.0,12,0.0
eastmoney_e42b6e1cd2d48113ff4db8854e539d828d632bf9b1757e10cb8ddb2cfc7b1393.pdf_12.jpg,simplified_chinese,single_column,v1.5,research_report,10,10,9,9,9,9,9,9,9,9,9,9,7,7,5,5,5,5,4,4,4,4,9,9,9,9,9,9,9,9,9,9,7,7,5,5,5,5,4,4,4,4,9,8,59.0,647.0,59.0,611.0,26.0,5.0,5,0.0
eastmoney_e480008a65ea31d8c1a5e86900788b67d07422f02dbc5296aedf9423e1a23b4e.pdf_6.jpg,simplified_chinese,single_column,v1.5,research_report,15,15,15,15,15,15,15,15,15,15,15,15,13,13,12,12,11,11,6,6,3,3,15,15,15,15,15,15,15,15,15,15,13,13,12,12,11,11,6,6,3,3,15,14,48.0,364.0,48.0,336.0,21.0,8.0,9,0.0
eastmoney_ea3eda50a04cf431d7412a567497c91e8cc52f72b4c5ccb554776c5c57b13e29.pdf_4.jpg,simplified_chinese,single_column,v1.5,research_report,7,7,7,7,7,7,7,7,7,7,7,7,3,3,3,3,1,1,1,1,1,1,7,7,7,7,7,7,7,7,7,7,3,3,3,3,1,1,1,1,1,1,7,4,4.0,27.0,4.0,26.0,1.0,2.0,2,0.0
eastmoney_ea59610b9b1a8f0df46f7a89da1116cbf256c772e1148f26017991e28c8bca21.pdf_18.jpg,simplified_chinese,single_column,v1.5,research_report,9,8,7,7,7,7,5,5,5,5,4,4,3,3,3,3,1,1,0,0,0,0,9,8,9,8,7,6,7,6,6,5,5,4,5,4,3,2,2,1,2,1,7,5,4.0,23.0,4.0,21.0,0.0,0.0,2,0.0
eastmoney_f4848e9d70d37f406f54c714024c5ef002832a1bf64290aa5c163665887a3e55.pdf_5.jpg,simplified_chinese,single_column,v1.5,research_report,14,14,14,14,14,14,14,14,14,14,14,14,14,14,14,14,10,10,9,9,5,5,14,14,14,14,14,14,14,14,14,14,14,14,14,14,10,10,9,9,5,5,14,13,35.0,1190.0,35.0,1168.0,0.0,0.0,11,0.0
eastmoney_f671ab94bf8b8274d6736f1a3dc775b3b74fa68686df2946aa5307b6b2a32062.pdf_18.jpg,simplified_chinese,single_column,v1.5,research_report,17,17,17,17,17,17,17,17,17,17,16,16,13,13,13,13,7,7,6,6,2,2,17,17,17,17,17,17,17,17,16,16,13,13,13,13,7,7,6,6,2,2,17,16,52.0,836.0,52.0,808.0,9.0,11.0,10,0.0
eastmoney_f72b162baf25f1a2060e4ce877071ec27e490ab16e9de1a2b18572b596d2bde8.pdf_2.jpg,simplified_chinese,single_column,v1.5,research_report,14,15,14,14,13,13,13,13,13,13,13,13,13,13,13,13,13,13,10,10,4,4,14,15,14,15,14,15,14,15,14,15,14,15,14,15,14,15,10,10,4,4,14,12,39.0,1198.0,39.0,1173.0,1.0,4.0,11,0.0
eastmoney_fca0676d8b0c4d3926a2d02229fa3372f87a45dbfbf7472773c6dbe04d35af65.pdf_3.jpg,simplified_chinese,single_column,v1.5,research_report,22,22,22,22,21,21,21,21,19,19,18,18,15,15,12,12,10,10,9,9,4,4,22,22,21,21,21,21,19,19,18,18,15,15,12,12,10,10,9,9,4,4,22,20,45.0,1266.0,45.0,1231.0,0.0,0.0,18,0.0
eastmoney_fcc1c7940f94c7f36157a4aa9c1c804fe16e6b681ca1cef589af39c6d3e0cb90.pdf_0.jpg,simplified_chinese,1andmore_column,v1.5,research_report,78,40,14,14,14,14,14,14,13,13,9,9,9,9,4,4,2,2,1,1,0,0,73,33,73,33,73,33,72,32,68,28,67,26,62,21,60,19,59,18,48,4,16,7,15.0,123.0,15.0,118.0,0.0,2.0,9,0.0
eastmoney_fdae27854b0cffed1364e2a4457189b2a10ad0b058242ee3c8c9ee8993d7f5c0.pdf_1.jpg,simplified_chinese,single_column,v1.5,research_report,11,11,10,10,10,10,10,10,10,10,9,9,8,8,6,6,4,4,2,2,2,2,10,10,10,10,10,10,10,10,9,9,8,8,6,6,4,4,2,2,2,2,10,7,54.0,833.0,54.0,801.0,0.0,0.0,6,0.0
exam_paper_2004-2019上海高考英语听力原文和答案_page_002.png,english,single_column,v1.5,exam_paper,20,42,12,12,12,12,12,12,10,10,8,8,7,7,6,6,5,5,3,3,2,2,20,35,20,35,20,35,18,33,14,30,13,29,13,29,12,28,10,26,8,19,15,14,531.0,3656.0,531.0,3136.0,118.0,553.0,15,0.0
exam_paper_2004-2019上海高考英语听力原文和答案_page_010.png,english,single_column,v1.5,exam_paper,37,64,8,8,2,2,1,1,1,1,0,0,0,0,0,0,0,0,0,0,0,0,13,19,7,13,6,12,4,10,3,9,3,9,3,9,3,9,1,4,0,0,11,10,67.0,1205.0,67.0,1163.0,24.0,218.0,11,0.0
exam_paper_2004-2019上海高考英语听力原文和答案_page_017.png,english,single_column,v1.5,exam_paper,37,39,27,27,25,25,23,23,20,20,15,15,10,10,4,4,4,4,4,4,1,1,30,29,29,28,25,25,23,23,18,18,11,12,5,6,5,6,4,4,1,1,28,25,112.0,1865.0,112.0,1825.0,81.0,326.0,28,0.0
exam_paper_2004-2019上海高考英语听力原文和答案_page_050.png,english,single_column,v1.5,exam_paper,36,3,1,1,0,0,0,0,0,0,0,0,0,0,0,0,0,0,0,0,0,0,36,3,36,3,36,3,36,3,36,3,36,3,34,2,34,2,34,2,0,0,1,0,0.0,0.0,0.0,0.0,0.0,0.0,0,
exam_paper_2016年安徽省中考英语试题（解析）_page_003.png,english,single_column,v1.5,exam_paper,20,33,13,13,12,12,11,11,8,8,5,5,2,2,1,1,1,1,1,1,0,0,18,31,17,30,16,29,13,26,10,23,5,12,3,7,3,7,1,1,0,0,18,17,75.0,819.0,75.0,792.0,51.0,101.0,18,0.0
exam_paper_2016年安徽省中考英语试题（解析）_page_012.png,en_ch_mixed,single_column,v1.5,exam_paper,12,36,12,12,12,12,12,12,12,12,10,10,8,8,6,6,6,6,4,4,1,1,12,12,12,12,12,12,12,12,10,10,8,8,6,6,6,6,4,4,1,1,12,9,70.0,637.0,70.0,625.0,29.0,85.0,12,0.0
exam_paper_2016年安徽省中考英语试题（解析）_page_015.png,english,single_column,v1.5,exam_paper,19,26,12,12,11,11,10,10,10,10,8,8,6,6,6,6,4,4,3,3,2,2,19,26,18,25,16,22,15,20,13,18,11,16,10,12,6,6,5,5,4,4,18,17,105.0,1997.0,105.0,1914.0,37.0,323.0,18,0.0
exam_paper_2018年广西北海、钦州、南宁、来宾、崇左、防城港、北部湾经济区中考英语试题（空白卷）_page_001.png,en_ch_mixed,single_column,v1.5,exam_paper,29,64,12,12,10,10,8,8,7,7,6,6,5,5,1,1,1,1,1,1,0,0,27,63,25,61,23,59,22,55,17,40,10,18,4,6,3,2,3,2,0,0,25,20,146.0,1053.0,146.0,1039.0,35.0,193.0,25,0.0
exam_paper_2018年广西北海、钦州、南宁、来宾、崇左、防城港、北部湾经济区中考英语试题（空白卷）_page_003.png,en_ch_mixed,single_column,v1.5,exam_paper,13,16,12,12,12,12,12,12,10,10,7,7,4,4,4,4,3,3,2,2,1,1,13,16,13,16,13,16,11,14,8,11,5,8,5,8,4,7,2,2,1,1,13,11,11.0,878.0,11.0,877.0,5.0,132.0,12,0.0
exam_paper_en-file-putnam-archive_1991_Problems_1991_page_001.png,english,1andmore_column,v1.5,exam_paper,37,38,34,34,33,33,33,33,33,33,32,32,30,30,28,28,21,21,16,16,2,2,37,38,37,38,37,38,37,38,34,33,32,31,30,29,23,22,18,17,2,2,36,33,268.0,3180.0,268.0,3136.0,131.0,627.0,29,0.0
exam_paper_en-file-putnam-archive_1993_Problems_1993_page_001.png,english,1andmore_column,v1.5,exam_paper,24,26,21,21,20,20,20,20,20,20,19,19,18,18,18,18,15,15,14,14,6,6,24,26,24,26,24,26,24,26,23,25,21,22,21,22,18,19,16,15,8,7,23,23,119.0,3160.0,119.0,3129.0,68.0,633.0,17,0.0
exam_paper_en-file-putnam-archive_1994_Problems_1994_page_001.png,english,1andmore_column,v1.5,exam_paper,26,25,25,25,24,24,24,24,24,24,23,23,22,22,22,22,19,19,14,14,7,7,26,25,26,25,26,25,26,25,25,24,24,23,24,23,21,20,16,15,7,7,25,25,119.0,2674.0,119.0,2609.0,87.0,506.0,19,0.0
exam_paper_en-file-putnam-archive_1995_Solutions_1995s_page_002.png,english,double_column,v1.5,exam_paper,22,26,19,19,19,19,18,18,18,18,18,18,18,18,18,18,18,18,17,17,11,11,22,26,22,26,21,25,21,25,21,25,19,20,18,18,18,18,17,17,11,11,22,22,67.0,4906.0,67.0,4894.0,68.0,971.0,16,0.0
exam_paper_en-file-putnam-archive_1996_Problems_1996_page_001.png,english,1andmore_column,v1.5,exam_paper,27,27,24,24,24,24,24,24,24,24,24,24,24,24,22,22,19,19,16,16,8,8,27,27,27,27,27,27,27,27,27,27,26,25,24,23,21,20,18,17,10,9,25,25,87.0,2792.0,87.0,2784.0,91.0,582.0,19,0.0
exam_paper_en-file-putnam-archive_1996_Solutions_1996s_page_001.png,english,1andmore_column,v1.5,exam_paper,19,22,15,15,15,15,15,15,15,15,15,15,15,15,15,15,14,14,13,13,11,11,19,22,19,22,19,22,19,22,19,22,19,22,19,22,16,15,15,14,11,11,17,17,83.0,4479.0,83.0,4450.0,77.0,894.0,15,0.0
exam_paper_en-file-putnam-archive_1996_Solutions_1996s_page_002.png,english,double_column,v1.5,exam_paper,27,37,22,22,21,21,21,21,21,21,21,21,20,20,19,19,17,17,14,14,7,7,27,37,26,36,26,36,26,36,26,36,24,33,22,30,18,23,14,14,7,7,27,27,101.0,3670.0,101.0,3657.0,96.0,781.0,18,0.0
exam_paper_en-file-putnam-archive_1996_Solutions_1996s_page_003.png,english,double_column,v1.5,exam_paper,25,32,23,23,23,23,23,23,23,23,22,22,22,22,22,22,19,19,13,13,10,10,25,32,25,32,25,32,25,32,25,32,24,30,24,30,21,27,13,13,10,10,25,25,74.0,3782.0,74.0,3769.0,58.0,704.0,16,0.0
exam_paper_en-file-putnam-archive_1997_Problems_1997_page_001.png,english,1andmore_column,v1.5,exam_paper,25,29,22,22,21,21,21,21,21,21,21,21,20,20,19,19,16,16,11,11,5,5,25,29,25,29,25,29,25,29,25,29,23,23,21,20,18,17,13,12,7,6,24,24,86.0,2527.0,86.0,2493.0,73.0,509.0,17,0.0
exam_paper_en-file-putnam-archive_1997_Solutions_1997s_page_001.png,english,1andmore_column,v1.5,exam_paper,38,37,36,36,36,36,36,36,35,35,33,33,32,32,27,27,19,19,14,14,5,5,38,37,38,37,38,37,37,36,35,34,34,33,29,28,21,20,16,15,5,5,36,36,89.0,3038.0,89.0,3031.0,76.0,626.0,22,0.0
exam_paper_en-file-putnam-archive_1997_Solutions_1997s_page_002.png,english,double_column,v1.5,exam_paper,27,31,23,23,23,23,22,22,22,22,22,22,21,21,20,20,19,19,15,15,9,9,27,31,27,31,26,30,26,30,25,28,24,27,21,22,19,19,15,15,9,9,27,26,249.0,4079.0,249.0,4043.0,128.0,738.0,17,0.0
exam_paper_en-file-putnam-archive_1997_Solutions_1997s_page_003.png,english,double_column,v1.5,exam_paper,13,19,9,9,9,9,9,9,9,9,9,9,9,9,9,9,8,8,8,8,4,4,12,18,12,18,12,18,12,18,12,18,11,16,10,14,9,13,8,8,4,4,12,12,104.0,2703.0,104.0,2683.0,118.0,549.0,9,0.0
exam_paper_en-file-putnam-archive_1998_Solutions_1998s_page_002.png,english,double_column,v1.5,exam_paper,19,22,17,17,17,17,17,17,17,17,17,17,16,16,16,16,15,15,13,13,10,10,19,22,19,22,19,22,18,20,18,20,17,18,16,16,16,16,15,15,12,12,19,19,603.0,5710.0,603.0,5417.0,230.0,1020.0,15,0.0
exam_paper_en-file-putnam-archive_1999_Solutions_1999s_page_001.png,english,1andmore_column,v1.5,exam_paper,31,39,25,25,24,24,24,24,24,24,24,24,24,24,21,21,15,15,11,11,5,5,31,39,31,39,31,39,31,39,30,37,29,35,26,32,17,16,11,11,5,5,30,30,190.0,2679.0,190.0,2640.0,108.0,502.0,21,0.0
exam_paper_en-file-putnam-archive_1999_Solutions_1999s_page_002.png,english,double_column,v1.5,exam_paper,33,36,30,30,30,30,30,30,30,30,30,30,30,30,28,28,21,21,14,14,8,8,32,35,32,35,32,35,32,35,32,35,32,35,29,31,22,24,14,14,8,8,32,32,105.0,3195.0,105.0,3184.0,111.0,595.0,20,0.0
exam_paper_en-file-putnam-archive_1999_Solutions_1999s_page_003.png,english,double_column,v1.5,exam_paper,37,40,35,35,34,34,34,34,32,32,31,31,30,30,28,28,24,24,20,20,11,11,37,40,36,39,36,39,34,37,32,34,31,33,29,31,25,27,20,20,11,11,37,35,257.0,3628.0,257.0,3546.0,169.0,780.0,24,0.0
exam_paper_en-file-putnam-archive_2000_Problems_2000_page_001.png,english,1andmore_column,v1.5,exam_paper,20,19,19,19,19,19,18,18,18,18,18,18,18,18,17,17,17,17,14,14,6,6,20,19,20,19,20,19,20,19,20,19,20,19,19,18,19,18,16,15,6,6,19,19,100.0,2498.0,100.0,2451.0,67.0,498.0,16,0.0
exam_paper_en-file-putnam-archive_2000_Solutions_2000s_page_001.png,english,1andmore_column,v1.5,exam_paper,28,33,23,23,22,22,22,22,22,22,22,22,22,22,21,21,18,18,17,17,10,10,28,33,28,33,28,33,28,33,28,33,28,33,25,28,21,22,19,18,12,11,27,27,150.0,3379.0,150.0,3315.0,119.0,629.0,20,0.0
exam_paper_en-file-putnam-archive_2000_Solutions_2000s_page_002.png,english,double_column,v1.5,exam_paper,29,37,27,27,27,27,27,27,27,27,27,27,27,27,24,24,22,22,17,17,10,10,28,36,28,36,28,36,28,36,28,36,28,36,25,33,23,31,18,26,10,10,28,28,105.0,3986.0,105.0,3958.0,120.0,815.0,19,0.0
exam_paper_en-file-putnam-archive_2000_Solutions_2000s_page_003.png,english,double_column,v1.5,exam_paper,7,9,6,6,6,6,6,6,5,5,5,5,5,5,5,5,4,4,3,3,2,2,7,9,7,9,7,9,7,9,7,9,7,9,7,9,6,8,3,3,2,2,7,7,20.0,869.0,20.0,866.0,20.0,184.0,4,0.0
exam_paper_en-file-putnam-archive_2001_Solutions_2001s_page_001.png,english,1andmore_column,v1.5,exam_paper,25,26,22,22,21,21,21,21,21,21,21,21,21,21,21,21,20,20,17,17,12,12,25,26,25,26,25,26,25,26,24,24,24,24,23,22,22,21,19,18,14,13,24,24,254.0,4726.0,254.0,4659.0,206.0,964.0,21,0.0
exam_paper_en-file-putnam-archive_2001_Solutions_2001s_page_002.png,english,double_column,v1.5,exam_paper,26,39,22,22,22,22,22,22,21,21,20,20,19,19,19,19,17,17,13,13,10,10,26,39,26,39,26,39,25,38,25,38,22,32,22,32,19,27,14,19,10,10,26,26,96.0,3115.0,96.0,3095.0,81.0,614.0,16,0.0
exam_paper_en-file-putnam-archive_2002_Solutions_2002s_page_001.png,english,1andmore_column,v1.5,exam_paper,24,26,22,22,20,20,20,20,20,20,20,20,20,20,17,17,17,17,13,13,10,10,24,26,24,26,24,26,24,26,24,26,24,26,21,23,21,23,16,16,10,10,23,23,132.0,3878.0,132.0,3837.0,85.0,727.0,18,0.0
exam_paper_en-file-putnam-archive_2002_Solutions_2002s_page_002.png,english,double_column,v1.5,exam_paper,28,34,24,24,24,24,22,22,22,22,21,21,20,20,18,18,15,15,11,11,8,8,28,34,28,34,26,32,26,32,25,31,24,30,20,24,15,15,11,11,8,8,28,26,125.0,3266.0,125.0,3254.0,138.0,622.0,19,0.0
exam_paper_en-file-putnam-archive_2002_Solutions_2002s_page_004.png,english,double_column,v1.5,exam_paper,20,30,17,17,15,15,15,15,15,15,14,14,14,14,12,12,11,11,10,10,7,7,18,28,16,26,16,26,16,26,15,25,15,25,13,23,12,22,11,21,8,18,18,16,73.0,2145.0,73.0,2138.0,69.0,425.0,13,0.0
exam_paper_en-file-putnam-archive_2003_Solutions_2003s_page_001.png,english,1andmore_column,v1.5,exam_paper,30,35,25,25,25,25,24,24,24,24,24,24,24,24,22,22,19,19,13,13,9,9,30,35,30,35,30,35,30,35,30,35,30,35,25,26,21,20,15,14,11,10,29,29,260.0,3156.0,260.0,2973.0,106.0,571.0,18,0.0
exam_paper_en-file-putnam-archive_2003_Solutions_2003s_page_008.png,english,double_column,v1.5,exam_paper,17,30,14,14,14,14,14,14,14,14,14,14,14,14,14,14,10,10,9,9,2,2,17,30,17,30,17,30,17,30,17,30,17,30,15,26,12,23,10,17,2,2,17,17,40.0,1047.0,40.0,1045.0,23.0,198.0,9,0.0
exam_paper_en-file-putnam-archive_2004_Problems_2004_page_001.png,english,1andmore_column,v1.5,exam_paper,26,27,22,22,22,22,22,22,22,22,22,22,21,21,19,19,16,16,13,13,5,5,26,27,26,27,26,27,26,27,26,27,25,26,21,20,18,17,15,14,5,5,24,24,78.0,2867.0,78.0,2860.0,84.0,591.0,16,0.0
exam_paper_en-file-putnam-archive_2004_Solutions_2004s_page_004.png,english,double_column,v1.5,exam_paper,24,39,18,18,18,18,18,18,18,18,18,18,18,18,17,17,15,15,11,11,9,9,23,38,23,38,23,38,23,38,23,38,23,38,21,35,16,26,12,22,9,9,23,23,382.0,3825.0,382.0,3544.0,189.0,705.0,15,0.0
exam_paper_en-file-putnam-archive_2005_Solutions_2005s_page_004.png,english,double_column,v1.5,exam_paper,27,26,24,24,24,24,24,24,24,24,23,23,23,23,23,23,20,20,15,15,12,12,26,25,26,25,26,25,26,25,25,24,25,24,25,24,22,21,15,15,12,12,24,24,205.0,5084.0,205.0,5057.0,146.0,965.0,19,0.0
exam_paper_en-file-putnam-archive_2005_Solutions_2005s_page_006.png,english,double_column,v1.5,exam_paper,31,41,26,26,26,26,26,26,26,26,26,26,26,26,26,26,24,24,19,19,11,11,30,40,30,40,30,40,30,40,30,40,30,40,30,40,27,35,19,19,11,11,30,30,133.0,3602.0,133.0,3599.0,81.0,636.0,19,0.0
exam_paper_en-file-putnam-archive_2005_Solutions_2005s_page_007.png,english,double_column,v1.5,exam_paper,18,22,15,15,15,15,15,15,15,15,15,15,14,14,13,13,13,13,9,9,1,1,17,21,17,21,17,21,17,21,17,21,16,20,14,17,14,17,9,9,1,1,17,17,23.0,1071.0,23.0,1068.0,26.0,192.0,10,0.0
exam_paper_en-file-putnam-archive_2006_Problems_2006_page_001.png,english,1andmore_column,v1.5,exam_paper,25,25,22,22,22,22,22,22,21,21,21,21,21,21,20,20,16,16,13,13,6,6,25,25,25,25,25,25,24,24,24,24,24,24,22,21,18,17,15,14,6,6,23,20,110.0,3267.0,110.0,3248.0,118.0,682.0,18,0.0
exam_paper_en-file-putnam-archive_2006_Solutions_2006s_page_006.png,english,double_column,v1.5,exam_paper,32,55,29,29,29,29,28,28,28,28,28,28,28,28,28,28,21,21,14,14,4,4,31,54,31,54,31,54,31,54,31,54,30,52,30,52,22,42,15,35,4,4,31,31,82.0,3833.0,82.0,3831.0,63.0,713.0,21,0.0
exam_paper_en-file-putnam-archive_2006_Solutions_2006s_page_007.png,english,double_column,v1.5,exam_paper,39,51,31,31,31,31,31,31,31,31,31,31,28,28,26,26,21,21,15,15,3,3,38,50,38,50,38,50,38,50,38,50,32,41,29,36,22,25,15,15,3,3,38,38,57.0,1433.0,57.0,1418.0,35.0,269.0,20,0.0
exam_paper_en-file-putnam-archive_2007_Problems_2007_page_001.png,english,1andmore_column,v1.5,exam_paper,21,20,19,19,19,19,19,19,19,19,19,19,19,19,18,18,17,17,14,14,10,10,21,20,21,20,21,20,21,20,21,20,21,20,20,19,19,18,16,15,12,11,19,19,376.0,3073.0,376.0,2808.0,151.0,574.0,15,0.0
exam_paper_en-file-putnam-archive_2007_Solutions_2007s_page_001.png,english,1andmore_column,v1.5,exam_paper,26,25,24,24,24,24,24,24,24,24,24,24,24,24,24,24,23,23,17,17,10,10,26,25,26,25,26,25,26,25,26,25,26,25,26,25,25,24,19,18,12,11,24,24,370.0,4727.0,370.0,4439.0,158.0,835.0,19,0.0
exam_paper_en-file-putnam-archive_2007_Solutions_2007s_page_003.png,english,double_column,v1.5,exam_paper,19,21,17,17,17,17,17,17,16,16,16,16,16,16,15,15,15,15,14,14,10,10,19,21,19,21,19,21,18,20,18,20,17,18,15,15,15,15,14,14,10,10,19,19,224.0,5792.0,224.0,5752.0,223.0,1159.0,16,0.0
exam_paper_en-file-putnam-archive_2007_Solutions_2007s_page_004.png,english,double_column,v1.5,exam_paper,25,47,19,19,19,19,19,19,19,19,19,19,19,19,18,18,17,17,14,14,10,10,24,46,24,46,24,46,24,46,24,46,24,46,23,45,18,31,14,14,10,10,24,24,205.0,3920.0,205.0,3907.0,95.0,683.0,18,0.0
exam_paper_en-file-putnam-archive_2007_Solutions_2007s_page_005.png,english,double_column,v1.5,exam_paper,9,14,5,5,5,5,5,5,5,5,5,5,5,5,5,5,3,3,3,3,3,3,8,13,8,13,8,13,8,13,8,13,8,13,7,11,5,9,3,3,3,3,8,8,10.0,566.0,10.0,566.0,5.0,127.0,4,0.0
exam_paper_en-file-putnam-archive_2008_Problems_2008_page_001.png,english,1andmore_column,v1.5,exam_paper,18,17,16,16,16,16,16,16,16,16,16,16,16,16,16,16,16,16,15,15,10,10,18,17,18,17,18,17,18,17,18,17,18,17,18,17,18,17,17,16,10,10,16,16,110.0,3253.0,110.0,3244.0,69.0,597.0,14,0.0
exam_paper_en-file-putnam-archive_2008_Solutions_2008s_page_004.png,english,double_column,v1.5,exam_paper,26,31,22,22,22,22,22,22,22,22,22,22,21,21,21,21,20,20,18,18,13,13,25,30,25,30,24,28,24,28,24,28,23,27,23,27,21,23,18,18,13,13,25,25,74.0,4642.0,74.0,4617.0,86.0,865.0,19,0.0
exam_paper_en-file-putnam-archive_2008_Solutions_2008s_page_005.png,english,double_column,v1.5,exam_paper,27,27,26,26,26,26,26,26,26,26,26,26,26,26,26,26,23,23,21,21,13,13,26,26,26,26,26,26,26,26,26,26,26,26,26,26,23,23,21,21,13,13,26,26,202.0,5102.0,202.0,5075.0,202.0,1008.0,21,0.0
exam_paper_en-file-putnam-archive_2008_Solutions_2008s_page_007.png,english,double_column,v1.5,exam_paper,25,25,25,25,24,24,24,24,24,24,24,24,23,23,17,17,14,14,8,8,7,7,25,25,24,24,24,24,24,24,24,24,23,23,17,17,14,14,8,8,7,7,25,25,61.0,2141.0,61.0,2132.0,61.0,391.0,15,0.0
exam_paper_en-file-putnam-archive_2009_Problems_2009_page_001.png,english,1andmore_column,v1.5,exam_paper,26,28,24,24,23,23,22,22,21,21,21,21,21,21,18,18,15,15,12,12,5,5,26,28,26,28,26,28,25,27,25,27,24,25,21,22,18,19,14,13,5,5,25,25,161.0,3106.0,161.0,3079.0,156.0,680.0,20,0.0
exam_paper_en-file-putnam-archive_2009_Solutions_2009s_page_001.png,english,1andmore_column,v1.5,exam_paper,25,33,21,21,20,20,20,20,20,20,20,20,19,19,18,18,17,17,15,15,6,6,25,33,25,33,25,33,25,33,25,33,23,30,22,29,20,24,18,22,6,6,24,23,172.0,3534.0,172.0,3455.0,164.0,652.0,17,0.0
exam_paper_en-file-putnam-archive_2009_Solutions_2009s_page_002.png,english,double_column,v1.5,exam_paper,27,31,24,24,23,23,23,23,23,23,23,23,23,23,23,23,19,19,13,13,7,7,27,31,26,30,26,30,26,30,26,30,26,30,25,28,19,19,13,13,7,7,27,27,246.0,4039.0,246.0,3876.0,152.0,758.0,18,0.0
exam_paper_en-file-putnam-archive_2009_Solutions_2009s_page_003.png,english,double_column,v1.5,exam_paper,24,25,24,24,24,24,24,24,24,24,24,24,22,22,22,22,19,19,17,17,11,11,24,24,24,24,24,24,24,24,24,24,22,22,22,22,19,19,17,17,11,11,24,23,189.0,5158.0,189.0,5060.0,184.0,936.0,18,0.0
exam_paper_en-file-putnam-archive_2010_Solutions_2010s_page_001.png,english,1andmore_column,v1.5,exam_paper,34,42,29,29,29,29,29,29,29,29,29,29,27,27,24,24,18,18,15,15,5,5,34,42,34,42,34,42,34,42,34,42,32,40,29,37,21,25,18,22,5,5,32,32,342.0,4936.0,342.0,4910.0,138.0,910.0,24,0.0
exam_paper_en-file-putnam-archive_2010_Solutions_2010s_page_005.png,english,double_column,v1.5,exam_paper,20,25,16,16,16,16,16,16,16,16,16,16,16,16,15,15,15,15,13,13,7,7,19,24,19,24,19,24,19,24,19,24,17,20,16,19,15,15,13,13,7,7,19,19,152.0,3367.0,152.0,3346.0,78.0,678.0,14,0.0
exam_paper_en-file-putnam-archive_2011_Problems_2011_page_001.png,english,1andmore_column,v1.5,exam_paper,36,34,33,33,32,32,32,32,32,32,32,32,31,31,29,29,25,25,20,20,8,8,36,34,36,34,36,34,36,34,36,34,35,33,33,31,27,26,22,21,10,9,33,33,260.0,3556.0,260.0,3523.0,157.0,721.0,25,0.0
exam_paper_en-file-putnam-archive_2011_Solutions_2011s_page_002.png,english,double_column,v1.5,exam_paper,28,29,26,26,26,26,26,26,26,26,26,26,26,26,23,23,23,23,18,18,10,10,27,28,27,28,27,28,27,28,27,28,27,28,23,23,23,23,18,18,10,10,27,27,219.0,4239.0,219.0,4210.0,141.0,767.0,18,0.0
exam_paper_en-file-putnam-archive_2011_Solutions_2011s_page_003.png,english,double_column,v1.5,exam_paper,37,37,33,33,33,33,33,33,33,33,33,33,33,33,29,29,26,26,18,18,9,9,36,36,36,36,36,36,36,36,36,36,36,36,31,30,28,27,20,19,9,9,34,34,93.0,3545.0,93.0,3532.0,100.0,717.0,22,0.0
exam_paper_en-file-putnam-archive_2012_Solutions_2012s_page_001.png,english,1andmore_column,v1.5,exam_paper,24,31,22,22,21,21,20,20,19,19,16,16,15,15,15,15,13,13,13,13,9,9,24,31,24,31,23,30,22,29,19,26,18,25,18,25,16,23,16,23,9,9,23,22,196.0,4729.0,196.0,4636.0,172.0,895.0,19,0.0
exam_paper_en-file-putnam-archive_2013_Problems_2013_page_002.png,english,double_column,v1.5,exam_paper,11,13,10,10,10,10,10,10,9,9,9,9,9,9,9,9,8,8,6,6,4,4,11,13,11,13,11,13,11,13,10,11,10,11,10,11,8,8,6,6,4,4,11,11,15.0,1240.0,15.0,1239.0,20.0,245.0,8,0.0
exam_paper_en-file-putnam-archive_2014_Problems_2014_page_001.png,english,1andmore_column,v1.5,exam_paper,30,29,28,28,28,28,28,28,28,28,27,27,26,26,23,23,20,20,16,16,10,10,30,29,30,29,30,29,30,29,29,28,28,27,25,24,22,21,18,17,10,10,28,28,59.0,2988.0,59.0,2983.0,59.0,599.0,22,0.0
exam_paper_en-file-putnam-archive_2014_Solutions_2014s_page_003.png,english,double_column,v1.5,exam_paper,34,35,34,34,34,34,33,33,33,33,33,33,33,33,31,31,25,25,20,20,7,7,34,35,34,35,34,35,34,35,34,35,34,35,32,33,25,25,20,20,7,7,34,34,135.0,4236.0,135.0,4211.0,100.0,791.0,23,0.0
exam_paper_en-file-putnam-archive_2015_Problems_2015_page_001.png,english,1andmore_column,v1.5,exam_paper,28,27,27,27,26,26,26,26,26,26,26,26,25,25,23,23,22,22,17,17,6,6,28,27,28,27,28,27,28,27,28,27,27,26,25,24,24,23,19,18,6,6,27,27,106.0,2773.0,106.0,2739.0,77.0,585.0,20,0.0
exam_paper_en-file-putnam-archive_2015_Solutions_2015s_page_005.png,english,double_column,v1.5,exam_paper,25,29,23,23,23,23,23,23,23,23,23,23,20,20,19,19,17,17,14,14,6,6,24,28,24,28,24,28,24,28,24,28,21,25,20,24,18,22,15,19,6,6,24,24,470.0,4387.0,470.0,4120.0,233.0,843.0,18,0.0
exam_paper_en-file-putnam-archive_2015_Solutions_2015s_page_006.png,english,double_column,v1.5,exam_paper,26,60,20,20,20,20,20,20,20,20,20,20,17,17,15,15,12,12,9,9,6,6,25,59,25,59,25,59,25,59,25,59,23,57,20,52,17,49,12,36,6,6,25,24,44.0,2123.0,44.0,2103.0,46.0,417.0,15,0.0
exam_paper_en-file-putnam-archive_2016_Solutions_2016s_page_002.png,english,double_column,v1.5,exam_paper,22,37,20,20,20,20,20,20,20,20,20,20,19,19,17,17,16,16,15,15,7,7,21,36,21,36,21,36,21,36,21,36,20,35,18,33,17,32,16,31,8,23,21,20,104.0,4359.0,104.0,4337.0,95.0,825.0,15,0.0
jiaocai_71434495.pdf_0.jpg,simplified_chinese,double_column,v1.5,exam_paper,53,61,50,50,48,48,45,45,41,41,37,37,34,34,27,27,21,21,10,10,3,3,53,61,51,59,48,56,46,54,40,49,35,45,28,38,22,32,11,21,3,3,51,45,969.0,1992.0,969.0,1948.0,290.0,280.0,34,0.0
jiaocai_P0-9.pdf_9.jpg,english,single_column,v1.5,colorful_textbook,25,26,25,25,24,24,23,23,23,23,23,23,23,23,20,20,18,18,10,10,0,0,25,25,24,24,23,23,23,23,23,23,23,23,20,20,18,18,10,10,0,0,25,24,42.0,1494.0,42.0,1488.0,21.0,302.0,22,0.08695652173913043
jiaocai_c1-cn-10-q-06-lys.pdf_2.jpg,simplified_chinese,single_column,v1.5,exam_paper,17,40,14,14,13,13,13,13,12,12,12,12,12,12,10,10,9,9,4,4,1,1,17,35,17,35,17,35,16,34,15,32,15,32,13,30,10,20,5,15,2,12,17,15,148.0,1211.0,148.0,1183.0,13.0,11.0,14,0.0
jiaocai_f32828acecb4282c87eaa554d2e1db74e418cd6845843012463a3324028bdd9d.pdf_9.jpg,english,three_column,v1.5,magazine,40,45,39,39,38,38,38,38,37,37,34,34,30,30,26,26,25,25,20,20,5,5,40,45,39,44,39,44,38,43,36,41,33,38,30,35,27,30,21,23,5,5,40,38,184.0,3158.0,184.0,3083.0,133.0,428.0,34,0.20512820512820512
jiaocai_jiaocai_en_117.jpg,simplified_chinese,single_column,v1.5,exam_paper,10,8,6,6,6,6,6,6,5,5,5,5,4,4,4,4,3,3,2,2,0,0,10,7,10,7,10,7,9,6,9,6,8,5,8,5,7,4,2,2,0,0,6,4,9.0,123.0,9.0,119.0,6.0,8.0,6,0.0
jiaocai_jiaocai_en_310.jpg,en_ch_mixed,single_column,v1.5,exam_paper,16,38,11,11,11,11,10,10,10,10,8,8,7,7,6,6,6,6,2,2,0,0,16,38,16,38,16,38,15,36,13,34,13,34,12,33,10,28,4,11,0,0,16,13,416.0,1804.0,416.0,1635.0,163.0,256.0,15,0.0
jiaocai_jiaocai_en_37.jpg,english,single_column,v1.5,exam_paper,13,19,12,12,12,12,12,12,11,11,10,10,10,10,7,7,6,6,3,3,1,1,13,19,13,19,13,19,12,18,10,10,10,10,7,7,6,6,3,3,1,1,13,12,168.0,714.0,168.0,714.0,85.0,123.0,10,0.0
jiaocai_jiaocai_en_518.jpg,simplified_chinese,single_column,v1.5,colorful_textbook,19,19,16,16,16,16,16,16,15,15,15,15,15,15,9,9,8,8,4,4,0,0,18,18,18,18,18,18,18,18,18,18,18,18,12,12,11,11,4,4,0,0,17,16,94.0,478.0,94.0,423.0,4.0,8.0,15,0.0
jiaocai_jiaocai_en_595.jpg,english,single_column,v1.5,colorful_textbook,23,26,22,22,22,22,21,21,20,20,19,19,18,18,16,16,14,14,10,10,4,4,23,26,22,22,21,21,20,20,19,19,18,18,16,16,14,14,10,10,4,4,23,22,47.0,1020.0,47.0,1020.0,15.0,185.0,18,0.0
jiaocai_jiaocai_en_6.jpg,simplified_chinese,single_column,v1.5,exam_paper,22,26,17,17,17,17,17,17,17,17,17,17,16,16,12,12,8,8,3,3,0,0,20,22,20,22,20,22,20,22,20,22,19,21,15,17,11,13,6,8,0,0,18,13,119.0,468.0,119.0,459.0,31.0,33.0,18,0.0
jiaocai_jiaocai_en_91.jpg,english,single_column,v1.5,exam_paper,14,22,12,12,12,12,12,12,12,12,11,11,9,9,5,5,5,5,5,5,2,2,14,22,14,22,14,22,14,22,14,22,12,19,9,15,7,11,5,5,2,2,14,14,53.0,983.0,53.0,983.0,22.0,183.0,12,0.0
jiaocai_jiaocai_en_932.jpg,simplified_chinese,single_column,v1.5,colorful_textbook,20,19,13,13,13,13,13,13,13,13,13,13,12,12,9,9,3,3,2,2,1,1,18,16,18,16,18,16,18,16,18,16,17,15,14,12,8,5,7,4,6,3,14,14,208.0,819.0,208.0,675.0,79.0,7.0,11,0.0
jiaocaineedrop_2005_QP.pdf_5.jpg,english,single_column,v1.5,exam_paper,9,23,4,4,4,4,4,4,4,4,4,4,4,4,3,3,3,3,3,3,1,1,9,21,9,21,9,21,9,21,9,21,9,21,8,20,8,20,6,14,2,5,9,8,48.0,604.0,48.0,603.0,18.0,110.0,8,0.0
jiaocaineedrop_2017.pdf_0.jpg,simplified_chinese,single_column,v1.5,exam_paper,23,50,13,13,11,11,7,7,5,5,5,5,3,3,3,3,3,3,1,1,0,0,21,46,20,45,17,42,15,40,11,28,8,16,7,14,7,14,1,1,0,0,21,18,463.0,1188.0,463.0,1154.0,160.0,161.0,19,0.0
jiaocaineedrop_20608808.pdf_0.jpg,simplified_chinese,double_column,v1.5,exam_paper,46,65,32,32,31,31,31,31,28,28,28,28,23,23,20,20,14,14,9,9,1,1,46,65,46,65,44,64,42,62,41,51,34,40,31,37,23,29,13,14,3,2,40,28,1062.0,2986.0,1062.0,2688.0,370.0,215.0,32,0.0
jiaocaineedrop_33137159.pdf_3.jpg,simplified_chinese,double_column,v1.5,exam_paper,29,31,25,25,24,24,21,21,21,21,18,18,15,15,14,14,11,11,7,7,0,0,28,29,27,28,25,26,25,26,22,23,19,20,19,20,16,16,11,9,0,0,26,22,304.0,916.0,304.0,875.0,142.0,87.0,11,0.0
jiaocaineedrop_38247658.pdf_0.jpg,simplified_chinese,double_column,v1.5,exam_paper,40,67,33,33,32,32,32,32,32,32,31,31,28,28,22,22,13,13,8,8,3,3,40,67,40,67,40,67,40,67,39,66,35,59,25,35,14,18,9,13,3,3,40,31,1181.0,2489.0,1181.0,2382.0,362.0,394.0,34,0.05263157894736842
jiaocaineedrop_42351289.pdf_1.jpg,simplified_chinese,double_column,v1.5,exam_paper,37,41,29,29,29,29,29,29,28,28,27,27,22,22,15,15,15,15,11,11,1,1,37,41,37,41,37,41,36,38,35,37,25,29,18,22,17,19,11,11,1,1,33,28,998.0,2644.0,998.0,2500.0,491.0,207.0,23,0.0
jiaocaineedrop_46.pdf_1.jpg,simplified_chinese,double_column,v1.5,exam_paper,15,19,14,14,14,14,13,13,13,13,13,13,13,13,13,13,12,12,6,6,2,2,15,19,15,19,14,18,14,18,14,18,14,18,14,18,13,17,7,11,3,7,15,13,360.0,1022.0,360.0,998.0,112.0,95.0,13,0.2857142857142857
jiaocaineedrop_55196913.pdf_0.jpg,simplified_chinese,double_column,v1.5,exam_paper,54,92,42,42,42,42,42,42,40,40,35,35,26,26,19,19,10,10,4,4,1,1,53,89,53,89,53,89,51,87,45,70,35,58,26,45,14,24,4,4,1,1,53,37,595.0,2113.0,595.0,1968.0,281.0,287.0,48,0.0
jiaocaineedrop_5f9c4ab08cac7457e9111a30e4664920607ea2c115a1433d7be98e97e64244ca.pdf_2.jpg,english,other_layout,v1.5,magazine,16,16,16,16,16,16,16,16,16,16,16,16,16,16,15,15,15,15,14,14,11,11,16,16,16,16,16,16,16,16,16,16,16,16,15,15,15,15,14,14,11,11,16,16,24.0,2655.0,24.0,2633.0,34.0,390.0,14,0.0
jiaocaineedrop_624b60c58c9d8bfb6ff1886c2fd605d2adeb6ea4da576068201b6c6958ce93f4.pdf_8.jpg,english,other_layout,v1.5,magazine,20,12,6,6,5,5,5,5,5,5,5,5,4,4,4,4,4,4,4,4,3,3,20,12,20,12,20,12,20,12,20,12,20,12,20,12,20,12,18,11,12,7,6,4,32.0,996.0,32.0,992.0,14.0,144.0,5,0.0
jiaocaineedrop_7bc671081823aec9e2a6ef2a011c3fbb.pdf_20.jpg,english,other_layout,v1.5,magazine,10,10,10,10,10,10,10,10,10,10,9,9,9,9,9,9,7,7,5,5,2,2,10,10,10,10,10,10,10,10,9,9,9,9,9,9,7,7,5,5,2,2,10,8,14.0,791.0,14.0,788.0,10.0,124.0,8,0.0
jiaocaineedrop_96657786.pdf_0.jpg,simplified_chinese,double_column,v1.5,exam_paper,52,102,39,39,39,39,39,39,36,36,31,31,27,27,22,22,13,13,5,5,0,0,51,101,51,101,51,101,48,98,43,93,39,86,31,69,21,56,9,30,0,0,51,34,1008.0,3030.0,1008.0,2947.0,455.0,515.0,46,0.08163265306122448
jiaocaineedrop_AMC8_V5.pdf_64.jpg,english,other_layout,v1.5,exam_paper,20,36,15,15,14,14,14,14,12,12,12,12,12,12,11,11,8,8,5,5,2,2,20,36,20,36,20,36,20,36,18,32,18,32,17,31,13,23,8,14,3,4,20,16,198.0,751.0,198.0,731.0,76.0,147.0,11,0.11764705882352941
jiaocaineedrop_Chap11.pdf_10.jpg,english,other_layout,v1.5,magazine,14,9,9,9,8,8,8,8,8,8,8,8,8,8,6,6,6,6,6,6,4,4,14,9,14,9,14,9,14,9,14,9,14,9,12,7,12,7,6,6,4,4,9,8,71.0,2192.0,71.0,2154.0,73.0,325.0,8,0.0
jiaocaineedrop_Chapter9.pdf_46.jpg,english,1andmore_column,v1.5,exam_paper,30,44,14,14,14,14,13,13,12,12,11,11,11,11,11,11,11,11,9,9,5,5,29,42,29,42,29,42,28,41,25,39,24,37,20,29,19,27,13,17,7,9,28,26,196.0,1592.0,196.0,1562.0,66.0,281.0,24,0.07407407407407407
jiaocaineedrop_Evans_PDE_Solution_Chapter_6_Second-Order_Elliptic_Equations.pdf_5.jpg,english,single_column,v1.5,exam_paper,16,24,13,13,12,12,12,12,12,12,11,11,11,11,9,9,7,7,5,5,3,3,16,24,15,23,15,23,15,23,14,21,14,21,12,19,10,17,5,5,3,3,16,16,159.0,1220.0,159.0,1210.0,82.0,177.0,10,0.0
jiaocaineedrop_Proofs_From_The_Book(Aigner).pdf_54.jpg,english,double_column,v1.5,magazine,14,20,7,7,7,7,7,7,5,5,4,4,3,3,3,3,3,3,3,3,1,1,14,20,14,20,14,20,14,20,14,20,14,20,11,19,11,19,10,17,3,5,11,10,4.0,338.0,4.0,335.0,4.0,55.0,10,0.18181818181818182
jiaocaineedrop_bde81e42743067b574946698491d7f19.pdf_14.jpg,english,other_layout,v1.5,magazine,24,15,12,12,12,12,12,12,12,12,12,12,12,12,11,11,11,11,8,8,5,5,14,13,14,13,14,13,14,13,14,13,14,13,11,11,11,11,8,8,5,5,12,10,32.0,1096.0,32.0,1089.0,26.0,169.0,6,0.0
jiaocaineedrop_bio-113065.pdf_213.jpg,english,double_column,v1.5,book,17,18,17,17,17,17,17,17,17,17,16,16,13,13,13,13,10,10,9,9,5,5,17,18,17,18,17,18,17,18,16,17,13,14,13,14,10,11,10,11,6,7,17,15,9.0,2286.0,9.0,2277.0,17.0,358.0,9,0.0
jiaocaineedrop_biz-96816.pdf_48.jpg,english,single_column,v1.5,colorful_textbook,24,24,24,24,24,24,24,24,23,23,22,22,21,21,17,17,17,17,12,12,3,3,24,24,24,24,24,24,23,23,22,22,21,21,17,17,17,17,12,12,3,3,24,23,20.0,2985.0,20.0,2973.0,20.0,532.0,20,0.0
jiaocaineedrop_c04_874768_mt.pdf_6.jpg,english,other_layout,v1.5,colorful_textbook,30,33,29,29,29,29,29,29,28,28,28,28,23,23,16,16,11,11,9,9,2,2,30,32,30,32,30,32,29,31,29,31,25,27,18,20,13,15,11,13,2,2,30,29,17.0,1687.0,17.0,1677.0,17.0,273.0,27,0.0
jiaocaineedrop_c2-ma-11-q-11-cl.pdf_2.jpg,simplified_chinese,single_column,v1.5,exam_paper,29,42,26,26,24,24,20,20,18,18,16,16,16,16,10,10,6,6,3,3,0,0,28,36,27,35,24,32,22,30,19,25,19,25,13,19,9,15,5,10,1,4,28,25,217.0,532.0,217.0,491.0,75.0,42.0,15,0.43478260869565216
jiaocaineedrop_ced6f3c05e1dfefa8455fa60aacdd2d76ffd79489b631c2dbde22a74e927544b.pdf_84.jpg,english,single_column,v1.5,colorful_textbook,3,3,3,3,3,3,3,3,2,2,2,2,2,2,2,2,2,2,2,2,1,1,3,3,3,3,3,3,2,2,2,2,2,2,2,2,2,2,2,2,1,1,3,3,0.0,0.0,0.0,0.0,0.0,0.0,0,
jiaocaineedrop_chap02.pdf_16.jpg,english,other_layout,v1.5,magazine,31,48,28,28,28,28,27,27,27,27,24,24,24,24,21,21,17,17,14,14,9,9,31,48,31,48,30,47,30,47,27,44,27,44,22,39,18,35,15,32,9,9,30,28,79.0,4085.0,79.0,4024.0,77.0,619.0,26,0.07407407407407407
jiaocaineedrop_chap10.pdf_8.jpg,english,other_layout,v1.5,colorful_textbook,26,29,22,22,22,22,22,22,22,22,21,21,16,16,15,15,11,11,9,9,1,1,24,26,24,26,24,26,24,26,23,25,18,20,17,19,14,16,12,14,4,6,23,19,96.0,1721.0,96.0,1719.0,38.0,267.0,20,0.0
jiaocaineedrop_chap15.pdf_3.jpg,english,other_layout,v1.5,magazine,15,16,14,14,14,14,14,14,13,13,11,11,9,9,9,9,8,8,6,6,3,3,14,15,14,15,14,15,13,14,11,12,10,11,10,11,9,10,7,8,4,5,14,14,40.0,1864.0,40.0,1835.0,15.0,274.0,11,0.0
jiaocaineedrop_chap5.pdf_4.jpg,english,single_column,v1.5,exam_paper,13,11,11,11,11,11,11,11,11,11,10,10,7,7,7,7,5,5,2,2,1,1,13,11,13,11,13,11,13,11,13,11,10,8,8,7,7,6,4,3,3,2,11,10,7.0,600.0,7.0,593.0,10.0,112.0,6,0.0
jiaocaineedrop_chem-203343.pdf_121.jpg,english,single_column,v1.5,colorful_textbook,27,28,27,27,27,27,26,26,23,23,20,20,20,20,15,15,13,13,9,9,4,4,27,28,27,28,26,27,24,25,21,22,21,22,16,17,14,15,9,9,4,4,27,21,42.0,2267.0,42.0,2265.0,10.0,361.0,15,0.0
jiaocaineedrop_chem-323236.pdf_183.jpg,english,single_column,v1.5,colorful_textbook,19,18,18,18,18,18,18,18,18,18,17,17,16,16,16,16,13,13,9,9,4,4,19,18,19,18,19,18,19,18,18,17,17,16,17,16,14,13,10,9,6,5,18,18,70.0,2154.0,70.0,2153.0,26.0,345.0,12,0.0
jiaocaineedrop_chem-354334.pdf_20.jpg,english,single_column,v1.5,colorful_textbook,16,21,15,15,15,15,15,15,15,15,14,14,13,13,12,12,9,9,8,8,4,4,15,17,15,17,15,17,15,17,15,17,14,16,13,15,10,12,9,11,4,4,15,11,2.0,2238.0,2.0,2236.0,4.0,351.0,8,0.0
jiaocaineedrop_chem-436205.pdf_793.jpg,english,single_column,v1.5,colorful_textbook,7,7,7,7,7,7,7,7,5,5,5,5,5,5,5,5,5,5,4,4,3,3,7,7,7,7,7,7,5,5,5,5,5,5,5,5,5,5,4,4,3,3,7,6,120.0,1941.0,120.0,1941.0,41.0,326.0,3,0.0
jiaocaineedrop_chem-441760.pdf_165.jpg,english,single_column,v1.5,colorful_textbook,7,6,6,6,6,6,6,6,5,5,5,5,4,4,3,3,3,3,2,2,0,0,7,6,7,6,7,6,6,5,6,5,5,4,4,3,4,3,3,2,0,0,6,4,1.0,263.0,1.0,263.0,1.0,39.0,2,0.0
jiaocaineedrop_chem-97961.pdf_128.jpg,english,single_column,v1.5,colorful_textbook,12,12,12,12,12,12,11,11,11,11,10,10,10,10,8,8,8,8,5,5,1,1,12,12,12,12,11,11,11,11,10,10,10,10,8,8,8,8,5,5,1,1,12,9,4.0,663.0,4.0,662.0,3.0,96.0,7,0.0
jiaocaineedrop_eng-45646.pdf_30.jpg,english,single_column,v1.5,colorful_textbook,21,22,21,21,21,21,21,21,20,20,19,19,15,15,12,12,10,10,7,7,6,6,21,22,21,22,21,22,20,21,19,20,16,17,12,12,10,10,7,7,6,6,21,20,37.0,2153.0,37.0,2148.0,32.0,345.0,17,0.0
jiaocaineedrop_eng_gls.pdf_6.jpg,english,double_column,v1.5,colorful_textbook,51,52,47,47,46,46,46,46,46,46,44,44,42,42,39,39,36,36,26,26,9,9,49,50,48,49,48,49,48,49,46,47,44,45,41,42,38,39,28,29,9,9,48,48,162.0,4840.0,162.0,4687.0,153.0,692.0,44,0.045454545454545456
jiaocaineedrop_geo-12644.pdf_353.jpg,english,single_column,v1.5,colorful_textbook,30,37,29,29,29,29,28,28,28,28,26,26,22,22,18,18,13,13,10,10,5,5,30,37,30,37,29,36,29,36,27,34,23,29,21,26,14,17,10,10,5,5,30,29,103.0,3202.0,103.0,3201.0,43.0,547.0,26,0.0
jiaocaineedrop_glossary.pdf_7.jpg,english,double_column,v1.5,colorful_textbook,50,48,42,42,42,42,42,42,42,42,41,41,39,39,38,38,37,37,33,33,14,14,46,44,46,44,46,44,46,44,43,42,41,40,40,39,39,38,35,34,14,14,42,42,59.0,3804.0,59.0,3752.0,64.0,640.0,41,0.0
jiaocaineedrop_j70ke43p.pdf_69.jpg,simplified_chinese,single_column,v1.5,colorful_textbook,10,10,10,10,10,10,8,8,7,7,7,7,5,5,4,4,2,2,2,2,1,1,10,10,10,10,8,8,7,7,7,7,5,5,4,4,2,2,2,2,1,1,10,9,192.0,387.0,192.0,387.0,43.0,48.0,5,0.0
jiaocaineedrop_jiaocai_needrop_en_1000.jpg,english,single_column,v1.5,colorful_textbook,12,12,12,12,12,12,12,12,11,11,8,8,6,6,4,4,4,4,2,2,1,1,12,12,12,12,12,12,11,11,8,8,6,6,4,4,4,4,2,2,1,1,12,11,1.0,575.0,1.0,574.0,1.0,107.0,8,0.0
jiaocaineedrop_jiaocai_needrop_en_101.jpg,simplified_chinese,single_column,v1.5,exam_paper,23,36,13,13,13,13,13,13,12,12,12,12,11,11,10,10,9,9,5,5,2,2,23,35,23,35,23,35,23,35,23,35,22,34,19,28,14,21,9,15,3,4,21,19,182.0,600.0,182.0,591.0,60.0,62.0,17,0.0
jiaocaineedrop_jiaocai_needrop_en_1041.jpg,simplified_chinese,single_column,v1.5,colorful_textbook,3,2,2,2,2,2,2,2,2,2,1,1,0,0,0,0,0,0,0,0,0,0,3,2,3,2,3,2,3,2,3,2,0,0,0,0,0,0,0,0,0,0,2,1,14.0,14.0,14.0,14.0,2.0,2.0,1,
jiaocaineedrop_jiaocai_needrop_en_108.jpg,simplified_chinese,single_column,v1.5,colorful_textbook,15,16,13,13,12,12,12,12,12,12,12,12,8,8,7,7,6,6,2,2,0,0,14,13,13,12,13,12,13,12,13,12,9,8,8,7,7,6,4,3,0,0,13,13,49.0,408.0,49.0,395.0,25.0,20.0,9,0.0
jiaocaineedrop_jiaocai_needrop_en_1118.jpg,en_ch_mixed,single_column,v1.5,colorful_textbook,4,3,3,3,3,3,3,3,3,3,2,2,2,2,2,2,2,2,2,2,1,1,4,3,4,3,4,3,4,3,4,3,4,3,4,3,2,2,2,2,1,1,3,2,0.0,21.0,0.0,21.0,0.0,3.0,1,0.0
jiaocaineedrop_jiaocai_needrop_en_1141.jpg,simplified_chinese,single_column,v1.5,exam_paper,15,50,8,8,6,6,6,6,5,5,5,5,4,4,4,4,2,2,2,2,1,1,13,27,12,26,11,23,10,22,10,22,9,21,8,17,5,9,2,2,1,1,13,12,175.0,357.0,175.0,344.0,61.0,62.0,11,0.0
jiaocaineedrop_jiaocai_needrop_en_1175.jpg,simplified_chinese,other_layout,v1.5,colorful_textbook,13,9,3,3,2,2,2,2,2,2,2,2,2,2,1,1,0,0,0,0,0,0,3,4,3,4,3,4,3,4,3,4,3,4,2,3,0,0,0,0,0,0,3,3,4.0,9.0,4.0,9.0,5.0,5.0,1,
jiaocaineedrop_jiaocai_needrop_en_1198.jpg,simplified_chinese,other_layout,v1.5,exam_paper,29,31,27,27,27,27,27,27,27,27,26,26,22,22,18,18,9,9,4,4,0,0,29,31,29,31,29,31,29,31,28,30,24,26,20,22,11,13,5,6,0,0,29,18,1088.0,2471.0,1088.0,2433.0,386.0,239.0,26,0.06896551724137931
jiaocaineedrop_jiaocai_needrop_en_1249.jpg,english,single_column,v1.5,colorful_textbook,11,21,7,7,7,7,7,7,7,7,7,7,7,7,5,5,5,5,3,3,1,1,9,19,9,19,9,19,9,19,9,19,9,19,8,18,8,18,4,6,1,1,9,9,152.0,2855.0,152.0,2852.0,39.0,483.0,8,0.0
jiaocaineedrop_jiaocai_needrop_en_1253.jpg,simplified_chinese,double_column,v1.5,colorful_textbook,19,21,13,13,12,12,12,12,11,11,11,11,11,11,8,8,7,7,6,6,3,3,15,17,14,16,14,16,13,15,13,15,13,15,10,12,9,11,6,6,3,3,15,13,64.0,432.0,64.0,418.0,34.0,41.0,12,0.0
jiaocaineedrop_jiaocai_needrop_en_1271.jpg,simplified_chinese,double_column,v1.5,exam_paper,33,53,25,25,25,25,25,25,24,24,22,22,22,22,20,20,18,18,8,8,2,2,28,49,27,31,26,29,25,28,23,26,23,26,21,24,18,18,8,8,2,2,28,23,135.0,777.0,135.0,762.0,44.0,60.0,26,0.35714285714285715
jiaocaineedrop_jiaocai_needrop_en_1276.jpg,simplified_chinese,double_column,v1.5,exam_paper,32,46,24,24,23,23,22,22,21,21,21,21,19,19,18,18,13,13,5,5,0,0,32,45,32,45,32,45,31,44,31,44,30,43,27,37,21,30,10,16,3,6,32,30,410.0,873.0,410.0,846.0,132.0,139.0,24,0.06896551724137931
jiaocaineedrop_jiaocai_needrop_en_1290.jpg,simplified_chinese,other_layout,v1.5,exam_paper,147,154,109,109,101,101,91,91,80,80,67,67,54,54,43,43,31,31,11,11,5,5,135,141,132,138,125,131,115,122,102,106,87,92,75,81,55,62,24,32,5,5,114,106,1109.0,3822.0,1109.0,3640.0,541.0,789.0,100,0.07079646017699115
jiaocaineedrop_jiaocai_needrop_en_13.jpg,simplified_chinese,single_column,v1.5,colorful_textbook,11,15,8,8,7,7,7,7,7,7,6,6,5,5,4,4,4,4,3,3,2,2,11,14,10,13,10,13,10,13,9,12,6,7,4,4,4,4,3,3,2,2,11,11,173.0,518.0,173.0,518.0,42.0,48.0,9,0.0
jiaocaineedrop_jiaocai_needrop_en_1303.jpg,simplified_chinese,single_column,v1.5,colorful_textbook,15,13,12,12,12,12,12,12,11,11,11,11,10,10,9,9,9,9,6,6,5,5,15,13,15,13,15,13,14,12,14,12,13,11,9,9,9,9,6,6,5,5,12,12,83.0,1094.0,83.0,1064.0,0.0,0.0,10,0.0
jiaocaineedrop_jiaocai_needrop_en_1308.jpg,simplified_chinese,single_column,v1.5,exam_paper,17,17,17,17,17,17,17,17,14,14,14,14,11,11,9,9,7,7,6,6,2,2,17,17,17,17,17,17,14,14,14,14,11,11,9,9,7,7,6,6,2,2,17,15,143.0,444.0,143.0,431.0,32.0,32.0,10,0.0
jiaocaineedrop_jiaocai_needrop_en_1344.jpg,simplified_chinese,single_column,v1.5,colorful_textbook,5,13,3,3,3,3,3,3,3,3,1,1,1,1,1,1,1,1,0,0,0,0,5,10,5,10,5,10,5,10,3,8,3,8,3,8,3,8,2,7,0,0,5,5,32.0,151.0,32.0,149.0,15.0,15.0,3,0.0
jiaocaineedrop_jiaocai_needrop_en_1349.jpg,simplified_chinese,double_column,v1.5,exam_paper,63,90,50,50,47,47,43,43,41,41,36,36,28,28,17,17,8,8,2,2,0,0,57,80,55,78,51,74,49,72,45,68,37,55,24,39,11,15,2,2,0,0,57,51,652.0,1560.0,652.0,1512.0,212.0,277.0,50,0.0
jiaocaineedrop_jiaocai_needrop_en_1358.jpg,en_ch_mixed,single_column,v1.5,exam_paper,28,44,12,12,10,10,10,10,9,9,9,9,8,8,6,6,3,3,2,2,0,0,28,44,25,38,22,29,19,20,18,17,17,16,14,8,11,5,4,3,0,0,21,19,116.0,568.0,116.0,565.0,45.0,123.0,17,0.23529411764705882
jiaocaineedrop_jiaocai_needrop_en_1363.jpg,simplified_chinese,double_column,v1.5,exam_paper,51,56,30,30,29,29,28,28,27,27,21,21,19,19,14,14,12,12,3,3,0,0,45,44,43,41,43,41,43,41,34,32,33,31,28,26,24,23,10,8,2,1,33,29,1116.0,2484.0,1116.0,2434.0,311.0,322.0,24,0.0
jiaocaineedrop_jiaocai_needrop_en_1381.jpg,simplified_chinese,double_column,v1.5,exam_paper,20,29,18,18,18,18,18,18,18,18,16,16,16,16,11,11,10,10,6,6,2,2,20,29,20,29,20,29,20,29,18,27,18,27,13,22,12,21,8,17,2,2,20,18,84.0,487.0,84.0,465.0,32.0,23.0,13,0.625
jiaocaineedrop_jiaocai_needrop_en_14.jpg,simplified_chinese,single_column,v1.5,exam_paper,27,24,15,15,14,14,14,14,14,14,13,13,12,12,6,6,4,4,1,1,0,0,27,24,26,23,26,23,25,21,23,17,22,16,17,11,15,9,9,2,0,0,18,15,31.0,245.0,31.0,242.0,11.0,11.0,10,0.0
jiaocaineedrop_jiaocai_needrop_en_1408.jpg,simplified_chinese,other_layout,v1.5,exam_paper,28,35,23,23,23,23,22,22,21,21,21,21,20,20,16,16,11,11,6,6,0,0,26,33,26,33,25,30,24,29,24,29,23,28,17,23,12,18,7,13,0,0,25,20,343.0,712.0,343.0,712.0,62.0,79.0,22,0.0
jiaocaineedrop_jiaocai_needrop_en_1417.jpg,simplified_chinese,1andmore_column,v1.5,colorful_textbook,41,105,30,30,29,29,28,28,26,26,25,25,24,24,20,20,15,15,7,7,2,2,41,104,40,103,40,103,40,103,36,99,35,98,30,76,25,71,15,47,3,11,38,28,348.0,1636.0,348.0,1591.0,148.0,172.0,31,0.0
jiaocaineedrop_jiaocai_needrop_en_1426.jpg,simplified_chinese,double_column,v1.5,exam_paper,16,21,12,12,12,12,12,12,12,12,12,12,11,11,11,11,10,10,8,8,3,3,16,21,16,21,16,21,14,16,14,16,12,13,12,13,10,10,8,8,3,3,16,10,62.0,439.0,62.0,423.0,25.0,10.0,12,0.0
jiaocaineedrop_jiaocai_needrop_en_1435.jpg,simplified_chinese,other_layout,v1.5,exam_paper,17,28,15,15,15,15,13,13,13,13,11,11,10,10,8,8,8,8,6,6,2,2,17,28,17,28,17,28,16,26,14,20,14,20,11,16,11,16,9,14,2,2,17,16,1545.0,3493.0,1545.0,3474.0,558.0,592.0,13,0.13333333333333333
jiaocaineedrop_jiaocai_needrop_en_1449.jpg,en_ch_mixed,1andmore_column,v1.5,colorful_textbook,37,5,1,1,1,1,1,1,1,1,1,1,1,1,0,0,0,0,0,0,0,0,37,5,37,5,37,5,37,5,36,3,36,3,35,2,35,2,35,2,17,1,2,2,4.0,12.0,4.0,12.0,2.0,3.0,1,
jiaocaineedrop_jiaocai_needrop_en_1458.jpg,simplified_chinese,other_layout,v1.5,colorful_textbook,6,5,3,3,3,3,3,3,2,2,2,2,2,2,2,2,0,0,0,0,0,0,6,4,6,4,6,4,5,3,5,3,5,3,5,3,3,1,3,1,3,1,3,1,6.0,12.0,6.0,12.0,0.0,0.0,2,0.0
jiaocaineedrop_jiaocai_needrop_en_1473.jpg,simplified_chinese,other_layout,v1.5,exam_paper,38,45,29,29,29,29,29,29,26,26,26,26,26,26,23,23,20,20,12,12,8,8,36,42,36,42,36,42,31,38,31,38,31,38,28,35,25,32,17,24,9,10,32,27,1088.0,2933.0,1088.0,2846.0,393.0,330.0,27,0.125
jiaocaineedrop_jiaocai_needrop_en_1478.jpg,en_ch_mixed,single_column,v1.5,exam_paper,26,59,9,9,9,9,9,9,9,9,8,8,6,6,6,6,5,5,4,4,1,1,25,56,25,56,25,56,24,53,22,49,18,41,15,35,13,31,9,21,1,1,25,24,297.0,789.0,297.0,789.0,116.0,171.0,22,0.0
jiaocaineedrop_jiaocai_needrop_en_1496.jpg,simplified_chinese,double_column,v1.5,colorful_textbook,16,15,15,15,15,15,15,15,14,14,12,12,12,12,10,10,6,6,3,3,0,0,16,15,16,15,16,15,16,15,14,13,14,13,12,11,8,7,3,3,0,0,15,12,19.0,56.0,19.0,49.0,7.0,12.0,2,0.0
jiaocaineedrop_jiaocai_needrop_en_1509.jpg,simplified_chinese,single_column,v1.5,colorful_textbook,13,12,12,12,12,12,11,11,11,11,10,10,8,8,6,6,6,6,5,5,5,5,13,12,13,12,13,12,13,12,12,11,8,8,6,6,6,6,5,5,5,5,12,12,42.0,518.0,42.0,507.0,11.0,10.0,10,0.0
jiaocaineedrop_jiaocai_needrop_en_1523.jpg,simplified_chinese,double_column,v1.5,colorful_textbook,15,14,14,14,13,13,12,12,12,12,12,12,9,9,8,8,5,5,3,3,2,2,15,14,15,14,14,13,14,13,14,13,11,10,10,9,8,7,7,6,2,2,14,12,38.0,356.0,38.0,337.0,18.0,13.0,8,0.0
jiaocaineedrop_jiaocai_needrop_en_1539.jpg,simplified_chinese,double_column,v1.5,exam_paper,19,19,15,15,14,14,14,14,14,14,12,12,12,12,12,12,10,10,7,7,3,3,17,18,17,18,17,18,17,18,15,16,15,16,14,13,12,11,9,8,5,4,15,12,94.0,506.0,94.0,490.0,55.0,65.0,12,0.46153846153846156
jiaocaineedrop_jiaocai_needrop_en_1544.jpg,simplified_chinese,other_layout,v1.5,exam_paper,31,28,27,27,26,26,26,26,26,26,24,24,21,21,14,14,12,12,9,9,3,3,31,28,30,27,30,27,30,27,28,25,25,22,18,15,16,13,13,10,3,3,27,27,122.0,887.0,122.0,853.0,26.0,25.0,26,0.0
jiaocaineedrop_jiaocai_needrop_en_155.jpg,simplified_chinese,double_column,v1.5,exam_paper,46,50,39,39,38,38,37,37,36,36,33,33,28,28,22,22,16,16,14,14,3,3,45,46,44,45,43,44,40,41,38,39,32,32,27,27,20,19,15,16,3,3,41,40,155.0,1100.0,155.0,1088.0,81.0,100.0,39,0.0
jiaocaineedrop_jiaocai_needrop_en_1564.jpg,simplified_chinese,other_layout,v1.5,exam_paper,49,87,33,33,31,31,31,31,31,31,31,31,29,29,26,26,22,22,10,10,0,0,49,87,48,86,48,86,48,86,45,81,43,79,37,62,32,54,14,25,3,10,45,43,1072.0,3050.0,1072.0,2980.0,354.0,263.0,43,0.08888888888888889
jiaocaineedrop_jiaocai_needrop_en_16.jpg,simplified_chinese,single_column,v1.5,exam_paper,26,34,21,21,20,20,18,18,17,17,16,16,14,14,11,11,8,8,3,3,1,1,24,32,23,31,23,31,20,25,18,21,16,19,12,13,8,8,3,3,1,1,24,20,79.0,332.0,79.0,332.0,86.0,106.0,20,0.0
jiaocaineedrop_jiaocai_needrop_en_1608.jpg,simplified_chinese,double_column,v1.5,colorful_textbook,32,31,30,30,30,30,30,30,30,30,29,29,27,27,25,25,23,23,18,18,8,8,31,30,31,30,31,30,31,30,30,29,28,27,27,26,25,24,20,19,10,9,30,29,270.0,1413.0,270.0,1347.0,109.0,80.0,27,0.0
jiaocaineedrop_jiaocai_needrop_en_1669.jpg,simplified_chinese,single_column,v1.5,colorful_textbook,41,44,38,38,38,38,38,38,38,38,36,36,31,31,20,20,8,8,2,2,0,0,39,40,39,40,39,40,39,40,37,38,32,33,21,22,9,10,2,2,0,0,39,34,242.0,676.0,242.0,672.0,33.0,56.0,36,0.0
jiaocaineedrop_jiaocai_needrop_en_1719.jpg,simplified_chinese,other_layout,v1.5,colorful_textbook,22,21,21,21,21,21,20,20,20,20,19,19,17,17,14,14,10,10,6,6,3,3,22,21,22,21,22,21,22,21,19,19,17,17,14,14,10,10,6,6,3,3,21,21,160.0,762.0,160.0,705.0,80.0,35.0,19,0.0
jiaocaineedrop_jiaocai_needrop_en_1751.jpg,simplified_chinese,single_column,v1.5,colorful_textbook,19,19,19,19,19,19,19,19,19,19,19,19,19,19,16,16,14,14,9,9,3,3,19,19,19,19,19,19,19,19,19,19,19,19,16,16,14,14,9,9,3,3,19,17,345.0,1064.0,345.0,1060.0,74.0,65.0,19,0.0
jiaocaineedrop_jiaocai_needrop_en_1761.jpg,simplified_chinese,single_column,v1.5,colorful_textbook,15,18,13,13,12,12,12,12,12,12,11,11,11,11,10,10,9,9,6,6,0,0,15,18,14,17,14,17,14,17,13,16,13,16,12,15,11,14,7,9,0,0,15,7,385.0,1015.0,385.0,1007.0,106.0,68.0,10,0.6666666666666666
jiaocaineedrop_jiaocai_needrop_en_1776.jpg,simplified_chinese,single_column,v1.5,colorful_textbook,5,11,5,5,5,5,5,5,4,4,4,4,3,3,2,2,2,2,2,2,0,0,5,5,5,5,5,5,4,4,4,4,3,3,2,2,2,2,2,2,0,0,5,4,0.0,11.0,0.0,11.0,0.0,0.0,2,0.0
jiaocaineedrop_jiaocai_needrop_en_1812.jpg,simplified_chinese,other_layout,v1.5,magazine,11,9,7,7,7,7,6,6,6,6,5,5,5,5,5,5,4,4,3,3,2,2,9,8,9,8,8,7,8,7,7,6,7,6,7,6,6,5,5,4,2,2,7,6,26.0,221.0,26.0,215.0,10.0,11.0,2,0.0
jiaocaineedrop_jiaocai_needrop_en_1826.jpg,simplified_chinese,single_column,v1.5,colorful_textbook,7,12,5,5,5,5,5,5,5,5,5,5,5,5,4,4,3,3,3,3,2,2,6,10,6,10,5,5,5,5,5,5,5,5,4,4,3,3,3,3,2,2,6,4,1.0,12.0,1.0,12.0,2.0,2.0,2,0.0
jiaocaineedrop_jiaocai_needrop_en_1836.jpg,simplified_chinese,double_column,v1.5,colorful_textbook,37,37,34,34,34,34,34,34,33,33,32,32,31,31,25,25,21,21,16,16,10,10,36,36,36,36,35,34,34,33,33,32,33,32,27,26,23,22,18,17,12,11,35,26,403.0,1478.0,403.0,1440.0,118.0,108.0,32,0.0
jiaocaineedrop_jiaocai_needrop_en_1840.jpg,en_ch_mixed,single_column,v1.5,colorful_textbook,15,16,14,14,14,14,14,14,14,14,14,14,14,14,13,13,10,10,7,7,1,1,15,16,15,16,15,16,15,16,15,16,15,16,14,15,11,12,8,9,1,1,15,15,50.0,636.0,50.0,633.0,35.0,124.0,15,0.0
jiaocaineedrop_jiaocai_needrop_en_188.jpg,simplified_chinese,other_layout,v1.5,exam_paper,58,48,36,36,36,36,35,35,34,34,34,34,30,30,20,20,14,14,11,11,6,6,53,43,53,43,52,42,51,41,50,39,46,35,36,25,30,19,27,16,14,8,37,34,190.0,1174.0,190.0,1136.0,16.0,20.0,35,0.0
jiaocaineedrop_jiaocai_needrop_en_1884.jpg,simplified_chinese,single_column,v1.5,colorful_textbook,38,13,11,11,11,11,11,11,10,10,8,8,4,4,2,2,1,1,1,1,0,0,38,13,38,13,38,13,37,12,35,10,31,6,29,4,28,3,25,2,0,0,11,11,16.0,304.0,16.0,304.0,21.0,21.0,10,0.0
jiaocaineedrop_jiaocai_needrop_en_1898.jpg,english,single_column,v1.5,colorful_textbook,15,14,11,11,11,11,9,9,8,8,8,8,8,8,7,7,7,7,6,6,5,5,14,13,14,13,13,12,11,9,11,9,11,9,7,7,7,7,6,6,5,5,11,9,24.0,623.0,24.0,620.0,12.0,120.0,9,0.0
jiaocaineedrop_jiaocai_needrop_en_1910.jpg,simplified_chinese,single_column,v1.5,colorful_textbook,22,23,20,20,20,20,20,20,20,20,19,19,17,17,16,16,13,13,9,9,4,4,22,23,22,23,22,23,22,23,21,22,19,20,18,19,15,16,12,13,4,4,21,17,459.0,1450.0,459.0,1355.0,219.0,141.0,18,0.0
jiaocaineedrop_jiaocai_needrop_en_1920.jpg,simplified_chinese,double_column,v1.5,exam_paper,36,47,28,28,27,27,26,26,25,25,19,19,16,16,13,13,8,8,5,5,1,1,34,45,33,44,32,43,31,42,25,36,22,33,18,20,9,14,6,11,1,1,30,27,605.0,1726.0,605.0,1726.0,164.0,203.0,27,0.13793103448275862
jiaocaineedrop_jiaocai_needrop_en_194.jpg,en_ch_mixed,single_column,v1.5,exam_paper,35,162,11,11,11,11,10,10,10,10,9,9,6,6,4,4,2,2,1,1,0,0,25,108,25,108,25,108,25,108,23,105,16,94,13,90,6,4,1,1,0,0,18,13,76.0,219.0,76.0,219.0,30.0,56.0,14,0.0
jiaocaineedrop_jiaocai_needrop_en_1959.jpg,simplified_chinese,single_column,v1.5,colorful_textbook,17,20,13,13,13,13,13,13,13,13,12,12,12,12,7,7,6,6,5,5,1,1,14,16,14,16,14,16,14,16,13,15,13,15,8,9,7,8,6,7,2,3,14,13,35.0,378.0,35.0,373.0,8.0,8.0,11,0.0
jiaocaineedrop_jiaocai_needrop_en_1972.jpg,simplified_chinese,double_column,v1.5,colorful_textbook,36,50,31,31,29,29,29,29,27,27,26,26,20,20,15,15,12,12,7,7,2,2,36,50,35,49,35,49,32,45,32,45,24,31,18,18,15,15,9,8,2,2,35,30,518.0,1260.0,518.0,1239.0,83.0,95.0,29,0.1875
jiaocaineedrop_jiaocai_needrop_en_2002.jpg,simplified_chinese,single_column,v1.5,colorful_textbook,12,12,12,12,12,12,11,11,11,11,10,10,8,8,8,8,8,8,8,8,2,2,12,12,12,12,11,11,11,11,10,10,8,8,8,8,8,8,8,8,2,2,12,11,82.0,917.0,82.0,878.0,20.0,8.0,12,0.0
jiaocaineedrop_jiaocai_needrop_en_2017.jpg,simplified_chinese,other_layout,v1.5,magazine,31,31,29,29,29,29,29,29,29,29,29,29,28,28,26,26,21,21,16,16,6,6,29,29,29,29,29,29,29,29,29,29,28,28,26,26,21,21,16,16,6,6,29,27,119.0,709.0,119.0,653.0,45.0,18.0,15,0.13793103448275862
jiaocaineedrop_jiaocai_needrop_en_2031.jpg,simplified_chinese,single_column,v1.5,colorful_textbook,9,8,7,7,7,7,7,7,7,7,7,7,7,7,7,7,5,5,5,5,3,3,9,8,9,8,9,8,9,8,9,8,7,7,7,7,5,5,5,5,3,3,7,7,15.0,198.0,15.0,196.0,14.0,15.0,5,0.0
jiaocaineedrop_jiaocai_needrop_en_2036.jpg,en_ch_mixed,single_column,v1.5,exam_paper,43,54,17,17,17,17,14,14,10,10,4,4,1,1,1,1,1,1,0,0,0,0,23,40,20,28,16,21,11,13,5,6,2,3,2,3,1,1,0,0,0,0,23,12,81.0,491.0,81.0,491.0,37.0,104.0,22,0.09090909090909091
jiaocaineedrop_jiaocai_needrop_en_206.jpg,simplified_chinese,1andmore_column,v1.5,exam_paper,41,40,39,39,38,38,38,38,35,35,35,35,26,26,22,22,14,14,12,12,4,4,41,40,41,40,39,38,36,35,36,35,28,27,24,23,16,15,14,13,6,5,39,36,319.0,1286.0,319.0,1209.0,67.0,78.0,34,0.0
jiaocaineedrop_jiaocai_needrop_en_2100.jpg,simplified_chinese,single_column,v1.5,exam_paper,14,16,11,11,11,11,11,11,10,10,9,9,8,8,7,7,6,6,4,4,1,1,12,11,12,11,12,11,12,11,11,10,10,9,7,7,6,6,4,4,1,1,11,10,33.0,371.0,33.0,363.0,19.0,18.0,8,0.0
jiaocaineedrop_jiaocai_needrop_en_2124.jpg,en_ch_mixed,other_layout,v1.5,exam_paper,53,71,37,37,34,34,28,28,22,22,20,20,20,20,14,14,11,11,5,5,2,2,46,62,41,53,31,37,23,26,21,24,21,24,15,18,11,11,5,5,2,2,46,38,164.0,1063.0,164.0,1062.0,70.0,193.0,37,0.30952380952380953
jiaocaineedrop_jiaocai_needrop_en_2183.jpg,simplified_chinese,double_column,v1.5,exam_paper,35,53,30,30,29,29,28,28,27,27,27,27,25,25,23,23,17,17,11,11,2,2,32,52,30,33,29,32,28,31,28,31,26,29,24,27,17,17,11,11,2,2,32,25,132.0,768.0,132.0,763.0,39.0,46.0,29,0.22580645161290322
jiaocaineedrop_jiaocai_needrop_en_2193.jpg,simplified_chinese,1andmore_column,v1.5,exam_paper,24,48,8,8,8,8,7,7,7,7,6,6,5,5,2,2,1,1,0,0,0,0,23,47,23,47,21,43,20,41,16,32,15,31,11,26,8,20,4,9,0,0,22,20,376.0,1065.0,376.0,1014.0,84.0,67.0,20,0.1
jiaocaineedrop_jiaocai_needrop_en_2198.jpg,english,single_column,v1.5,colorful_textbook,26,20,18,18,17,17,17,17,15,15,13,13,13,13,13,13,12,12,9,9,4,4,26,20,25,19,25,19,24,18,23,17,23,17,21,16,16,13,13,10,4,4,18,16,8.0,1644.0,8.0,1637.0,10.0,285.0,13,0.0
jiaocaineedrop_jiaocai_needrop_en_2211.jpg,simplified_chinese,double_column,v1.5,exam_paper,54,114,27,27,27,27,26,26,24,24,17,17,12,12,9,9,7,7,6,6,1,1,53,112,52,109,52,109,49,103,48,102,44,93,37,84,28,70,16,43,2,15,45,39,487.0,1455.0,487.0,1421.0,214.0,220.0,31,0.14634146341463414
jiaocaineedrop_jiaocai_needrop_en_223.jpg,english,single_column,v1.5,exam_paper,27,41,21,21,21,21,21,21,18,18,18,18,17,17,14,14,11,11,6,6,3,3,27,39,27,39,27,39,24,36,23,34,22,33,19,30,14,21,8,10,4,5,27,22,97.0,1797.0,97.0,1788.0,43.0,345.0,21,0.0
jiaocaineedrop_jiaocai_needrop_en_2234.jpg,simplified_chinese,single_column,v1.5,colorful_textbook,5,18,5,5,5,5,5,5,5,5,5,5,4,4,4,4,2,2,2,2,1,1,5,5,5,5,5,5,5,5,5,5,4,4,4,4,2,2,2,2,1,1,5,2,0.0,19.0,0.0,19.0,0.0,2.0,1,0.0
jiaocaineedrop_jiaocai_needrop_en_2263.jpg,simplified_chinese,three_column,v1.5,colorful_textbook,59,105,45,45,45,45,43,43,42,42,39,39,31,31,18,18,10,10,2,2,0,0,55,100,54,98,53,97,52,96,48,88,39,74,25,54,14,24,5,8,0,0,55,53,636.0,1726.0,636.0,1446.0,283.0,358.0,53,0.03636363636363636
jiaocaineedrop_jiaocai_needrop_en_2272.jpg,simplified_chinese,other_layout,v1.5,exam_paper,20,97,12,12,12,12,12,12,11,11,9,9,9,9,7,7,5,5,2,2,1,1,19,95,19,95,19,95,18,94,16,92,16,92,13,87,11,85,5,27,2,10,19,15,110.0,333.0,110.0,317.0,50.0,43.0,15,0.1111111111111111
jiaocaineedrop_jiaocai_needrop_en_2360.jpg,simplified_chinese,double_column,v1.5,exam_paper,35,36,12,12,11,11,10,10,10,10,10,10,10,10,9,9,8,8,7,7,1,1,34,32,34,32,34,32,34,32,34,32,34,32,31,30,29,27,20,13,3,2,16,14,57.0,292.0,57.0,251.0,19.0,14.0,9,0.0
jiaocaineedrop_jiaocai_needrop_en_237.jpg,simplified_chinese,other_layout,v1.5,exam_paper,41,82,24,24,23,23,23,23,21,21,19,19,17,17,15,15,10,10,6,6,4,4,39,75,35,63,35,63,33,61,29,51,27,49,25,47,19,39,11,26,5,15,36,34,288.0,1075.0,288.0,1046.0,82.0,82.0,32,0.0
jiaocaineedrop_jiaocai_needrop_en_2374.jpg,en_ch_mixed,other_layout,v1.5,exam_paper,69,77,61,61,59,59,57,57,52,52,48,48,37,37,31,31,18,18,5,5,1,1,68,76,67,75,65,73,60,68,56,64,45,53,38,45,22,26,6,7,1,1,68,68,107.0,1703.0,107.0,1679.0,66.0,415.0,66,0.0
jiaocaineedrop_jiaocai_needrop_en_2399.jpg,simplified_chinese,single_column,v1.5,colorful_textbook,8,8,7,7,7,7,6,6,4,4,4,4,3,3,3,3,2,2,2,2,1,1,7,7,7,7,6,6,4,4,4,4,3,3,3,3,2,2,2,2,1,1,7,6,13.0,20.0,13.0,17.0,0.0,0.0,3,0.0
jiaocaineedrop_jiaocai_needrop_en_2412.jpg,simplified_chinese,single_column,v1.5,colorful_textbook,26,26,26,26,26,26,26,26,22,22,18,18,14,14,6,6,4,4,2,2,0,0,26,26,26,26,26,26,22,22,18,18,14,14,6,6,4,4,2,2,0,0,26,19,708.0,1706.0,708.0,1681.0,209.0,130.0,25,0.0
jiaocaineedrop_jiaocai_needrop_en_2444.jpg,en_ch_mixed,1andmore_column,v1.5,colorful_textbook,39,49,24,24,24,24,24,24,22,22,21,21,19,19,14,14,10,10,9,9,3,3,36,45,36,45,36,45,34,42,33,41,31,39,26,34,23,31,20,26,7,5,28,26,188.0,909.0,188.0,877.0,61.0,73.0,25,0.16
jiaocaineedrop_jiaocai_needrop_en_2449.jpg,simplified_chinese,double_column,v1.5,exam_paper,39,35,29,29,29,29,28,28,27,27,26,26,25,25,24,24,19,19,9,9,3,3,38,34,38,34,38,34,38,34,35,29,34,28,33,27,27,20,17,10,11,4,30,27,113.0,540.0,113.0,529.0,53.0,80.0,25,0.13333333333333333
jiaocaineedrop_jiaocai_needrop_en_2496.jpg,simplified_chinese,single_column,v1.5,exam_paper,13,15,9,9,9,9,9,9,9,9,9,9,9,9,7,7,4,4,3,3,1,1,13,15,13,15,13,15,13,15,13,15,13,15,11,13,8,10,5,4,3,2,11,10,162.0,547.0,162.0,521.0,83.0,63.0,9,0.0
jiaocaineedrop_jiaocai_needrop_en_250.jpg,simplified_chinese,double_column,v1.5,colorful_textbook,22,25,21,21,21,21,21,21,21,21,20,20,16,16,13,13,9,9,7,7,2,2,22,24,21,21,21,21,21,21,20,20,16,16,13,13,9,9,7,7,2,2,22,18,96.0,549.0,96.0,532.0,23.0,34.0,17,0.38095238095238093
jiaocaineedrop_jiaocai_needrop_en_2509.jpg,en_ch_mixed,other_layout,v1.5,exam_paper,23,35,14,14,13,13,13,13,12,12,11,11,11,11,9,9,3,3,0,0,0,0,18,22,17,21,17,21,16,20,13,15,12,13,10,11,3,3,0,0,0,0,18,16,107.0,422.0,107.0,422.0,26.0,81.0,15,0.0
jiaocaineedrop_jiaocai_needrop_en_2518.jpg,simplified_chinese,other_layout,v1.5,exam_paper,58,70,50,50,49,49,46,46,44,44,41,41,35,35,17,17,8,8,4,4,1,1,56,60,55,59,51,53,49,51,42,43,36,37,18,19,9,10,4,4,1,1,54,54,34.0,96.0,34.0,90.0,14.0,15.0,6,0.37037037037037035
jiaocaineedrop_jiaocai_needrop_en_2527.jpg,simplified_chinese,single_column,v1.5,colorful_textbook,14,14,14,14,14,14,14,14,14,14,14,14,13,13,10,10,8,8,8,8,5,5,14,14,14,14,14,14,14,14,14,14,13,13,10,10,8,8,8,8,5,5,14,14,473.0,1865.0,473.0,1837.0,192.0,156.0,11,0.0
jiaocaineedrop_jiaocai_needrop_en_2540.jpg,simplified_chinese,other_layout,v1.5,exam_paper,21,43,10,10,10,10,9,9,9,9,8,8,5,5,4,4,4,4,3,3,1,1,20,42,20,42,20,42,20,42,19,40,16,36,14,35,12,30,7,18,1,1,19,10,704.0,1664.0,704.0,1582.0,294.0,254.0,16,0.0
jiaocaineedrop_jiaocai_needrop_en_2554.jpg,simplified_chinese,double_column,v1.5,exam_paper,31,32,27,27,27,27,27,27,27,27,27,27,23,23,17,17,15,15,6,6,1,1,29,31,29,31,28,27,28,27,28,27,24,23,18,17,17,16,8,7,3,2,28,25,108.0,503.0,108.0,452.0,20.0,23.0,21,0.07407407407407407
jiaocaineedrop_jiaocai_needrop_en_2559.jpg,simplified_chinese,other_layout,v1.5,exam_paper,23,27,18,18,18,18,17,17,17,17,17,17,17,17,15,15,12,12,6,6,3,3,22,26,22,26,21,25,21,25,20,23,20,23,18,21,13,14,7,8,4,5,22,10,763.0,2318.0,763.0,2236.0,349.0,318.0,22,0.0
jiaocaineedrop_jiaocai_needrop_en_2591.jpg,simplified_chinese,other_layout,v1.5,exam_paper,23,36,18,18,17,17,14,14,14,14,14,14,10,10,8,8,7,7,4,4,0,0,22,35,22,35,20,31,18,27,18,27,14,24,11,19,9,16,5,9,0,0,20,18,1889.0,3565.0,1889.0,3557.0,600.0,630.0,18,0.1
jiaocaineedrop_jiaocai_needrop_en_2604.jpg,simplified_chinese,three_column,v1.5,exam_paper,37,40,31,31,30,30,29,29,26,26,24,24,22,22,17,17,14,14,8,8,3,3,36,39,35,38,35,38,34,37,33,36,32,35,27,30,23,25,15,18,3,3,32,22,2552.0,5346.0,2552.0,5251.0,806.0,838.0,28,0.13793103448275862
jiaocaineedrop_jiaocai_needrop_en_2623.jpg,simplified_chinese,1andmore_column,v1.5,colorful_textbook,30,38,20,20,19,19,19,19,17,17,15,15,11,11,9,9,8,8,5,5,1,1,28,36,27,35,27,35,24,31,22,29,20,27,18,25,15,23,8,14,1,1,24,20,91.0,365.0,91.0,351.0,34.0,33.0,16,0.0
jiaocaineedrop_jiaocai_needrop_en_2652.jpg,simplified_chinese,1andmore_column,v1.5,exam_paper,28,50,17,17,17,17,17,17,17,17,15,15,15,15,14,14,8,8,5,5,2,2,22,26,22,26,22,26,22,26,17,21,16,19,15,18,9,12,5,5,2,2,20,15,125.0,449.0,125.0,428.0,79.0,79.0,16,0.0
jiaocaineedrop_jiaocai_needrop_en_2680.jpg,en_ch_mixed,single_column,v1.5,exam_paper,37,45,27,27,27,27,27,27,24,24,19,19,13,13,9,9,7,7,2,2,0,0,29,34,29,34,28,32,26,30,21,24,14,15,10,11,7,7,2,2,0,0,29,23,57.0,562.0,57.0,556.0,31.0,81.0,24,0.0
jiaocaineedrop_jiaocai_needrop_en_2718.jpg,simplified_chinese,single_column,v1.5,colorful_textbook,18,19,16,16,16,16,16,16,14,14,14,14,12,12,11,11,7,7,5,5,3,3,18,19,18,19,17,16,15,14,15,14,13,12,13,12,9,8,7,6,5,4,17,15,81.0,658.0,81.0,615.0,39.0,15.0,11,0.125
jiaocaineedrop_jiaocai_needrop_en_2732.jpg,simplified_chinese,other_layout,v1.5,exam_paper,40,40,31,31,29,29,26,26,25,25,22,22,16,16,16,16,10,10,7,7,4,4,39,39,39,39,38,38,37,37,33,34,28,29,25,28,16,19,12,14,5,6,33,29,1127.0,2845.0,1127.0,2723.0,379.0,225.0,29,0.06451612903225806
jiaocaineedrop_jiaocai_needrop_en_2755.jpg,simplified_chinese,double_column,v1.5,exam_paper,25,20,19,19,18,18,18,18,18,18,18,18,14,14,12,12,8,8,6,6,2,2,25,20,24,19,24,19,24,19,24,19,22,17,18,14,12,9,10,7,2,2,19,18,148.0,825.0,148.0,804.0,39.0,40.0,15,0.0
jiaocaineedrop_jiaocai_needrop_en_276.jpg,simplified_chinese,single_column,v1.5,colorful_textbook,12,12,8,8,7,7,7,7,6,6,6,6,6,6,5,5,5,5,3,3,2,2,11,11,10,10,10,10,9,9,9,9,9,9,8,8,7,6,5,4,4,3,9,9,225.0,770.0,225.0,750.0,23.0,14.0,7,0.0
jiaocaineedrop_jiaocai_needrop_en_2820.jpg,simplified_chinese,other_layout,v1.5,exam_paper,36,46,23,23,23,23,23,23,23,23,20,20,20,20,14,14,11,11,6,6,1,1,35,45,35,45,35,45,35,45,31,39,28,36,21,28,16,21,9,12,2,3,33,32,931.0,1976.0,931.0,1957.0,307.0,320.0,33,0.0
jiaocaineedrop_jiaocai_needrop_en_2825.jpg,simplified_chinese,single_column,v1.5,colorful_textbook,20,22,16,16,16,16,16,16,15,15,14,14,11,11,11,11,8,8,6,6,2,2,20,22,20,22,20,22,19,21,18,20,15,17,15,17,9,11,6,6,2,2,18,17,328.0,824.0,328.0,811.0,163.0,169.0,14,0.0
jiaocaineedrop_jiaocai_needrop_en_2839.jpg,simplified_chinese,double_column,v1.5,exam_paper,46,88,19,19,18,18,17,17,13,13,8,8,4,4,2,2,1,1,0,0,0,0,37,73,36,72,32,65,27,59,15,27,9,18,6,14,5,13,3,9,1,3,37,32,261.0,974.0,261.0,968.0,98.0,99.0,35,0.16666666666666666
jiaocaineedrop_jiaocai_needrop_en_2884.jpg,en_ch_mixed,single_column,v1.5,exam_paper,16,18,12,12,12,12,12,12,11,11,11,11,10,10,7,7,5,5,3,3,2,2,14,14,14,14,14,14,14,14,13,12,12,11,9,8,7,6,3,3,2,2,12,10,12.0,483.0,12.0,476.0,6.0,83.0,8,0.0
jiaocaineedrop_jiaocai_needrop_en_2893.jpg,simplified_chinese,1andmore_column,v1.5,exam_paper,37,38,24,24,24,24,24,24,22,22,20,20,19,19,19,19,14,14,8,8,6,6,35,35,33,34,33,34,31,32,28,26,27,25,27,25,22,20,13,11,6,6,27,22,333.0,905.0,333.0,884.0,117.0,109.0,18,0.08
jiaocaineedrop_jiaocai_needrop_en_2901.jpg,en_ch_mixed,other_layout,v1.5,exam_paper,43,77,26,26,23,23,23,23,18,18,18,18,16,16,9,9,5,5,4,4,1,1,38,70,36,68,36,68,29,57,25,41,21,31,12,14,7,6,6,5,1,1,38,32,320.0,1435.0,320.0,1407.0,109.0,210.0,34,0.17142857142857143
jiaocaineedrop_jiaocai_needrop_en_2968.jpg,simplified_chinese,double_column,v1.5,exam_paper,37,41,35,35,34,34,33,33,33,33,32,32,32,32,28,28,19,19,7,7,2,2,35,38,35,38,34,36,33,34,32,33,32,33,28,29,19,19,7,7,2,2,35,35,153.0,822.0,153.0,816.0,46.0,78.0,34,0.3142857142857143
jiaocaineedrop_jiaocai_needrop_en_2982.jpg,simplified_chinese,double_column,v1.5,exam_paper,36,44,23,23,21,21,21,21,21,21,19,19,16,16,13,13,11,11,3,3,1,1,35,42,34,41,34,41,34,41,31,37,28,34,24,27,22,25,5,12,1,1,27,23,609.0,1163.0,609.0,1137.0,155.0,167.0,21,0.0
jiaocaineedrop_jiaocai_needrop_en_2991.jpg,simplified_chinese,other_layout,v1.5,magazine,16,13,11,11,11,11,11,11,10,10,10,10,8,8,5,5,4,4,3,3,0,0,13,11,13,11,13,11,12,10,12,10,10,8,9,7,8,6,7,5,0,0,11,6,96.0,311.0,96.0,259.0,8.0,9.0,8,0.2
jiaocaineedrop_jiaocai_needrop_en_3009.jpg,simplified_chinese,other_layout,v1.5,book,18,17,14,14,14,14,12,12,11,11,11,11,11,11,11,11,8,8,7,7,3,3,16,15,16,15,14,13,13,12,13,12,13,12,13,12,10,9,9,8,3,3,14,12,213.0,738.0,213.0,735.0,76.0,62.0,11,0.15384615384615385
jiaocaineedrop_jiaocai_needrop_en_3013.jpg,simplified_chinese,single_column,v1.5,colorful_textbook,10,14,9,9,9,9,9,9,9,9,9,9,7,7,6,6,4,4,0,0,0,0,10,14,10,14,10,14,10,14,10,14,8,12,7,11,5,9,0,0,0,0,10,9,132.0,432.0,132.0,432.0,47.0,57.0,9,0.0
jiaocaineedrop_jiaocai_needrop_en_3063.jpg,simplified_chinese,other_layout,v1.5,exam_paper,43,45,38,38,38,38,35,35,31,31,28,28,25,25,19,19,13,13,3,3,0,0,42,44,42,44,39,41,34,34,30,29,27,26,19,19,13,13,3,3,0,0,40,5,1586.0,2860.0,1586.0,2429.0,484.0,422.0,37,0.05128205128205128
jiaocaineedrop_jiaocai_needrop_en_3114.jpg,en_ch_mixed,single_column,v1.5,exam_paper,13,15,12,12,12,12,11,11,11,11,11,11,10,10,9,9,8,8,6,6,4,4,13,14,13,14,12,13,12,13,12,13,11,12,9,9,8,8,6,6,4,4,13,11,3.0,783.0,3.0,781.0,6.0,146.0,7,0.0
jiaocaineedrop_jiaocai_needrop_en_3146.jpg,simplified_chinese,single_column,v1.5,exam_paper,14,16,13,13,13,13,12,12,12,12,11,11,10,10,5,5,4,4,2,2,0,0,13,14,13,14,12,13,12,13,11,12,10,11,6,7,5,6,3,4,0,0,13,12,381.0,1060.0,381.0,1051.0,162.0,185.0,12,0.0
jiaocaineedrop_jiaocai_needrop_en_3173.jpg,simplified_chinese,1andmore_column,v1.5,colorful_textbook,15,23,11,11,11,11,11,11,10,10,10,10,8,8,7,7,5,5,4,4,1,1,15,23,15,23,13,17,11,13,10,10,8,8,7,7,5,5,4,4,1,1,15,15,96.0,345.0,96.0,328.0,9.0,9.0,13,0.0
jiaocaineedrop_jiaocai_needrop_en_3222.jpg,simplified_chinese,single_column,v1.5,colorful_textbook,9,9,9,9,9,9,9,9,9,9,9,9,9,9,6,6,4,4,2,2,1,1,9,9,9,9,9,9,9,9,9,9,9,9,6,6,4,4,2,2,1,1,9,9,109.0,411.0,109.0,411.0,18.0,18.0,9,0.0
jiaocaineedrop_jiaocai_needrop_en_3274.jpg,simplified_chinese,other_layout,v1.5,colorful_textbook,37,66,22,22,22,22,20,20,18,18,16,16,16,16,16,16,13,13,7,7,2,2,36,65,36,65,35,62,34,52,32,45,32,45,28,40,18,20,8,11,2,2,31,26,128.0,591.0,128.0,573.0,50.0,39.0,22,0.10344827586206896
jiaocaineedrop_jiaocai_needrop_en_3303.jpg,simplified_chinese,1andmore_column,v1.5,exam_paper,29,49,19,19,19,19,19,19,18,18,18,18,16,16,13,13,10,10,5,5,2,2,22,36,21,33,20,30,19,29,19,29,17,27,14,24,11,21,5,5,2,2,22,12,53.0,317.0,53.0,305.0,27.0,17.0,14,0.0
jiaocaineedrop_jiaocai_needrop_en_3313.jpg,simplified_chinese,double_column,v1.5,exam_paper,38,54,29,29,29,29,29,29,29,29,29,29,26,26,21,21,20,20,11,11,3,3,38,54,38,54,38,54,38,54,36,53,33,50,27,42,24,40,14,28,4,12,34,33,119.0,998.0,119.0,972.0,43.0,50.0,29,0.0
jiaocaineedrop_jiaocai_needrop_en_3341.jpg,simplified_chinese,other_layout,v1.5,exam_paper,42,66,26,26,24,24,23,23,22,22,16,16,16,16,12,12,8,8,4,4,0,0,36,58,36,58,33,53,30,48,23,40,23,40,19,36,14,17,9,10,2,3,34,27,144.0,441.0,144.0,438.0,62.0,57.0,24,0.125
jiaocaineedrop_jiaocai_needrop_en_3361.jpg,simplified_chinese,double_column,v1.5,colorful_textbook,46,60,36,36,35,35,33,33,32,32,31,31,30,30,26,26,24,24,12,12,3,3,45,59,44,58,43,57,43,57,42,56,41,55,36,49,30,35,17,20,5,4,43,42,377.0,1215.0,377.0,1189.0,73.0,50.0,38,0.05
jiaocaineedrop_jiaocai_needrop_en_3375.jpg,english,other_layout,v1.5,exam_paper,15,18,8,8,8,8,8,8,8,8,8,8,7,7,7,7,6,6,5,5,3,3,14,17,12,16,12,16,11,14,10,12,9,11,8,9,7,8,5,5,3,3,12,12,62.0,3108.0,62.0,3080.0,51.0,467.0,12,0.0
jiaocaineedrop_jiaocai_needrop_en_3399.jpg,en_ch_mixed,single_column,v1.5,exam_paper,27,43,20,20,19,19,18,18,17,17,17,17,15,15,11,11,3,3,1,1,0,0,27,38,26,37,26,37,25,36,25,36,20,27,14,19,6,11,2,3,0,0,27,23,62.0,698.0,62.0,676.0,37.0,106.0,22,0.0
jiaocaineedrop_jiaocai_needrop_en_3428.jpg,simplified_chinese,double_column,v1.5,colorful_textbook,14,79,5,5,4,4,3,3,3,3,2,2,2,2,2,2,2,2,2,2,1,1,12,74,11,73,10,72,10,72,9,71,9,71,9,71,9,71,6,62,3,50,12,11,277.0,1448.0,277.0,1384.0,3.0,2.0,11,0.0
jiaocaineedrop_jiaocai_needrop_en_3458.jpg,simplified_chinese,other_layout,v1.5,exam_paper,42,34,28,28,28,28,27,27,27,27,26,26,22,22,17,17,10,10,5,5,2,2,42,34,42,34,42,34,42,34,41,32,37,28,32,22,26,15,18,9,2,2,29,22,713.0,1864.0,713.0,1843.0,286.0,324.0,25,0.06896551724137931
jiaocaineedrop_jiaocai_needrop_en_349.jpg,simplified_chinese,other_layout,v1.5,exam_paper,143,164,117,117,109,109,96,96,73,73,50,50,32,32,19,19,2,2,2,2,1,1,131,152,124,145,111,132,87,106,65,84,46,63,31,46,8,17,3,5,1,1,131,3,6349.0,13765.0,6349.0,13013.0,1756.0,1565.0,129,0.4573643410852713
jiaocaineedrop_jiaocai_needrop_en_3685.jpg,simplified_chinese,other_layout,v1.5,colorful_textbook,40,63,24,24,23,23,17,17,13,13,11,11,8,8,7,7,7,7,3,3,1,1,40,63,39,62,32,54,28,50,25,45,14,23,8,10,8,10,3,3,1,1,38,16,98.0,365.0,98.0,364.0,26.0,52.0,35,0.3157894736842105
jiaocaineedrop_jiaocai_needrop_en_3713.jpg,simplified_chinese,double_column,v1.5,exam_paper,42,38,16,16,15,15,12,12,12,12,12,12,11,11,6,6,4,4,1,1,1,1,42,31,42,31,41,30,41,30,40,28,38,25,33,19,29,12,25,6,1,1,20,19,142.0,593.0,142.0,593.0,28.0,42.0,17,0.0
jiaocaineedrop_jiaocai_needrop_en_3718.jpg,english,other_layout,v1.5,magazine,14,13,12,12,12,12,12,12,12,12,12,12,12,12,12,12,11,11,11,11,3,3,14,13,14,13,14,13,14,13,14,13,14,13,12,12,11,11,11,11,3,3,12,10,17.0,986.0,17.0,971.0,27.0,167.0,7,0.0
jiaocaineedrop_jiaocai_needrop_en_3738.jpg,simplified_chinese,double_column,v1.5,colorful_textbook,32,53,21,21,18,18,18,18,18,18,16,16,14,14,11,11,10,10,8,8,2,2,26,45,22,40,21,38,21,38,19,36,16,31,13,28,12,27,10,25,5,20,26,21,515.0,1974.0,515.0,1914.0,142.0,78.0,24,0.16
jiaocaineedrop_jiaocai_needrop_en_3747.jpg,simplified_chinese,1andmore_column,v1.5,magazine,12,11,11,11,11,11,11,11,10,10,9,9,9,9,9,9,7,7,6,6,2,2,12,11,12,11,12,11,12,11,11,10,11,10,11,10,9,8,8,7,4,3,11,11,53.0,388.0,53.0,372.0,12.0,16.0,8,0.0
jiaocaineedrop_jiaocai_needrop_en_3751.jpg,simplified_chinese,single_column,v1.5,colorful_textbook,11,11,10,10,10,10,9,9,9,9,8,8,7,7,6,6,6,6,6,6,4,4,10,10,10,10,9,9,9,9,8,8,7,7,6,6,6,6,6,6,4,4,10,10,28.0,430.0,28.0,418.0,0.0,0.0,7,0.0
jiaocaineedrop_jiaocai_needrop_en_377.jpg,simplified_chinese,other_layout,v1.5,exam_paper,72,83,65,65,64,64,64,64,63,63,59,59,58,58,50,50,46,46,34,34,16,16,70,74,69,73,69,73,68,72,64,68,63,67,55,58,51,54,35,37,17,19,67,66,530.0,5269.0,530.0,5069.0,62.0,35.0,65,0.03076923076923077
jiaocaineedrop_jiaocai_needrop_en_3810.jpg,simplified_chinese,single_column,v1.5,colorful_textbook,16,17,13,13,12,12,12,12,12,12,12,12,12,12,9,9,8,8,7,7,3,3,15,15,15,15,15,15,15,15,14,13,14,13,9,9,8,8,7,7,3,3,13,9,128.0,494.0,128.0,421.0,94.0,50.0,10,0.0
jiaocaineedrop_jiaocai_needrop_en_383.jpg,simplified_chinese,1andmore_column,v1.5,colorful_textbook,36,54,22,22,21,21,20,20,20,20,20,20,16,16,13,13,9,9,8,8,3,3,34,50,33,49,33,49,33,49,32,46,29,42,23,31,13,20,10,9,3,3,28,25,358.0,790.0,358.0,782.0,78.0,74.0,17,0.14285714285714285
jiaocaineedrop_jiaocai_needrop_en_3928.jpg,simplified_chinese,other_layout,v1.5,book,7,7,7,7,7,7,7,7,7,7,7,7,7,7,6,6,5,5,3,3,3,3,7,7,7,7,7,7,7,7,7,7,7,7,6,6,5,5,3,3,3,3,7,4,22.0,116.0,22.0,112.0,13.0,14.0,5,0.0
jiaocaineedrop_jiaocai_needrop_en_3937.jpg,simplified_chinese,double_column,v1.5,exam_paper,29,39,21,21,21,21,21,21,20,20,20,20,17,17,15,15,11,11,7,7,4,4,28,36,28,36,28,36,27,35,27,35,25,33,24,32,21,29,14,17,8,6,26,26,162.0,523.0,162.0,484.0,34.0,23.0,20,0.0
jiaocaineedrop_jiaocai_needrop_en_397.jpg,en_ch_mixed,single_column,v1.5,exam_paper,30,49,21,21,21,21,20,20,20,20,18,18,17,17,12,12,6,6,2,2,1,1,30,48,30,48,29,47,29,47,27,45,25,41,18,30,10,18,3,5,1,1,30,25,107.0,864.0,107.0,851.0,46.0,149.0,23,0.0
jiaocaineedrop_jiaocai_needrop_en_3984.jpg,simplified_chinese,double_column,v1.5,colorful_textbook,28,35,21,21,21,21,19,19,19,19,19,19,17,17,17,17,13,13,8,8,5,5,27,34,27,34,25,31,25,31,25,31,24,30,24,30,19,26,13,19,7,12,25,21,1327.0,3445.0,1327.0,3357.0,374.0,220.0,22,0.08695652173913043
jiaocaineedrop_jiaocai_needrop_en_4065.jpg,simplified_chinese,double_column,v1.5,exam_paper,37,36,33,33,32,32,30,30,30,30,29,29,25,25,20,20,15,15,12,12,6,6,35,34,34,33,33,32,33,32,32,31,28,27,23,22,19,18,17,16,8,7,33,27,1078.0,2809.0,1078.0,2749.0,392.0,302.0,28,0.0
jiaocaineedrop_jiaocai_needrop_en_419.jpg,simplified_chinese,other_layout,v1.5,exam_paper,18,22,17,17,17,17,17,17,16,16,15,15,13,13,10,10,7,7,4,4,2,2,18,19,18,19,18,19,17,18,16,17,14,15,10,10,7,7,4,4,2,2,18,16,182.0,435.0,182.0,422.0,59.0,53.0,10,0.0
jiaocaineedrop_jiaocai_needrop_en_429.jpg,en_ch_mixed,single_column,v1.5,exam_paper,41,94,18,18,18,18,14,14,14,14,10,10,7,7,3,3,1,1,1,1,0,0,38,91,38,91,37,90,36,87,30,74,22,57,9,21,6,17,1,1,0,0,38,34,436.0,1703.0,436.0,1693.0,119.0,293.0,36,0.0
jiaocaineedrop_jiaocai_needrop_en_439.jpg,simplified_chinese,single_column,v1.5,colorful_textbook,8,8,7,7,7,7,5,5,5,5,5,5,5,5,4,4,3,3,2,2,1,1,7,7,7,7,5,5,5,5,5,5,5,5,4,4,3,3,2,2,1,1,7,6,13.0,71.0,13.0,71.0,4.0,4.0,4,0.0
jiaocaineedrop_jiaocai_needrop_en_443.jpg,en_ch_mixed,single_column,v1.5,exam_paper,38,55,21,21,18,18,18,18,17,17,13,13,11,11,9,9,5,5,3,3,0,0,35,52,32,48,32,48,31,45,27,42,22,34,16,24,10,12,4,4,0,0,31,30,89.0,632.0,89.0,631.0,37.0,128.0,23,0.0
jiaocaineedrop_jiaocai_needrop_en_453.jpg,english,single_column,v1.5,exam_paper,38,78,22,22,20,20,19,19,17,17,13,13,7,7,4,4,3,3,0,0,0,0,38,78,37,77,35,72,31,61,22,42,12,24,8,17,6,13,2,8,0,0,38,36,287.0,2174.0,287.0,2167.0,108.0,435.0,33,0.0
jiaocaineedrop_jiaocai_needrop_en_458.jpg,simplified_chinese,other_layout,v1.5,exam_paper,24,23,18,18,17,17,17,17,17,17,16,16,13,13,9,9,8,8,6,6,1,1,22,20,22,20,22,20,22,20,22,20,17,16,13,12,11,9,9,7,0,0,19,16,532.0,1310.0,532.0,1092.0,186.0,177.0,17,0.0
jiaocaineedrop_jiaocai_needrop_en_467.jpg,en_ch_mixed,1andmore_column,v1.5,exam_paper,38,45,30,30,30,30,29,29,27,27,24,24,18,18,14,14,8,8,3,3,1,1,37,42,36,40,36,40,34,37,30,32,24,26,19,18,13,12,3,3,1,1,34,33,239.0,1302.0,239.0,1230.0,45.0,177.0,31,0.0
jiaocaineedrop_jiaocai_needrop_en_472.jpg,simplified_chinese,other_layout,v1.5,colorful_textbook,10,18,8,8,7,7,7,7,7,7,7,7,7,7,7,7,6,6,3,3,2,2,10,18,10,18,8,17,8,17,8,17,8,17,7,7,6,6,3,3,2,2,9,8,20.0,199.0,20.0,189.0,0.0,0.0,6,0.0
jiaocaineedrop_jiaocai_needrop_en_482.jpg,en_ch_mixed,double_column,v1.5,exam_paper,62,131,19,19,18,18,16,16,14,14,14,14,12,12,9,9,6,6,2,2,1,1,58,121,57,120,50,104,43,89,40,82,35,74,25,44,17,28,2,2,1,1,55,51,313.0,1102.0,313.0,1004.0,163.0,179.0,47,0.15384615384615385
jiaocaineedrop_jiaocai_needrop_en_541.jpg,simplified_chinese,double_column,v1.5,colorful_textbook,16,15,15,15,15,15,14,14,14,14,13,13,13,13,11,11,9,9,3,3,0,0,16,15,16,15,16,15,16,15,15,14,15,14,13,12,11,10,5,4,0,0,15,12,34.0,91.0,34.0,57.0,0.0,0.0,3,0.0
jiaocaineedrop_jiaocai_needrop_en_546.jpg,simplified_chinese,other_layout,v1.5,colorful_textbook,16,43,12,12,11,11,10,10,10,10,9,9,6,6,6,6,3,3,3,3,1,1,15,41,14,40,13,39,12,34,11,33,8,30,8,30,5,27,5,27,1,1,14,12,38.0,169.0,38.0,161.0,16.0,18.0,7,0.0
jiaocaineedrop_jiaocai_needrop_en_574.jpg,simplified_chinese,1andmore_column,v1.5,exam_paper,23,27,20,20,20,20,20,20,20,20,20,20,20,20,18,18,18,18,12,12,4,4,22,26,22,26,22,26,22,26,22,26,22,26,20,24,18,18,12,12,4,4,22,22,89.0,346.0,89.0,335.0,21.0,8.0,14,0.0
jiaocaineedrop_jiaocai_needrop_en_601.jpg,simplified_chinese,other_layout,v1.5,exam_paper,20,21,14,14,14,14,13,13,12,12,12,12,11,11,9,9,7,7,3,3,2,2,19,20,19,20,19,20,16,18,16,18,16,18,11,13,7,7,3,3,2,2,17,14,61.0,402.0,61.0,386.0,18.0,22.0,14,0.125
jiaocaineedrop_jiaocai_needrop_en_620.jpg,simplified_chinese,1andmore_column,v1.5,exam_paper,57,76,23,23,23,23,22,22,21,21,21,21,18,18,15,15,10,10,5,5,1,1,46,63,45,61,44,60,39,42,38,40,33,33,27,24,19,13,5,5,1,1,38,34,99.0,412.0,99.0,392.0,34.0,43.0,34,0.17142857142857143
jiaocaineedrop_jiaocai_needrop_en_625.jpg,simplified_chinese,1andmore_column,v1.5,exam_paper,35,81,20,20,20,20,18,18,18,18,18,18,17,17,16,16,13,13,10,10,5,5,35,80,35,80,33,74,32,71,32,71,31,70,26,59,23,55,17,38,8,9,34,33,356.0,1436.0,356.0,1346.0,173.0,92.0,28,0.0
jiaocaineedrop_jiaocai_needrop_en_664.jpg,simplified_chinese,other_layout,v1.5,exam_paper,19,25,14,14,14,14,11,11,10,10,8,8,8,8,7,7,6,6,4,4,0,0,19,25,19,25,17,23,17,23,15,21,13,20,12,19,11,18,9,16,3,7,18,9,1115.0,2112.0,1115.0,2044.0,347.0,288.0,16,0.0
jiaocaineedrop_jiaocai_needrop_en_669.jpg,en_ch_mixed,single_column,v1.5,exam_paper,31,23,19,19,19,19,19,19,19,19,18,18,17,17,13,13,10,10,8,8,2,2,30,20,30,20,30,20,30,20,29,19,28,18,24,14,10,10,8,8,2,2,19,18,58.0,1803.0,58.0,1766.0,65.0,295.0,17,0.0
jiaocaineedrop_jiaocai_needrop_en_673.jpg,simplified_chinese,single_column,v1.5,colorful_textbook,9,12,9,9,9,9,9,9,9,9,9,9,8,8,5,5,4,4,3,3,2,2,9,9,9,9,9,9,9,9,9,9,8,8,5,5,4,4,3,3,2,2,9,5,49.0,91.0,49.0,90.0,6.0,6.0,5,0.0
jiaocaineedrop_jiaocai_needrop_en_678.jpg,simplified_chinese,other_layout,v1.5,magazine,17,16,15,15,15,15,15,15,15,15,13,13,11,11,9,9,8,8,7,7,5,5,17,16,17,16,17,16,17,16,15,14,13,12,11,10,8,8,7,7,5,5,15,15,50.0,405.0,50.0,390.0,12.0,8.0,11,0.3333333333333333
jiaocaineedrop_jiaocai_needrop_en_693.jpg,simplified_chinese,1andmore_column,v1.5,colorful_textbook,14,14,14,14,14,14,14,14,13,13,13,13,11,11,11,11,7,7,7,7,5,5,14,14,14,14,14,14,13,13,13,13,11,11,11,11,7,7,7,7,5,5,14,14,120.0,1165.0,120.0,1121.0,38.0,20.0,10,0.0
jiaocaineedrop_jiaocai_needrop_en_715.jpg,en_ch_mixed,single_column,v1.5,exam_paper,31,34,22,22,21,21,19,19,15,15,13,13,12,12,9,9,7,7,3,3,1,1,22,30,21,29,21,29,20,28,19,27,14,17,10,11,8,9,3,3,1,1,22,20,70.0,771.0,70.0,767.0,30.0,152.0,20,0.0
jiaocaineedrop_jiaocai_needrop_en_769.jpg,en_ch_mixed,three_column,v1.5,exam_paper,50,62,28,28,26,26,25,25,25,25,24,24,16,16,12,12,9,9,4,4,2,2,45,53,42,49,41,48,41,48,37,44,31,38,26,31,23,27,12,15,4,3,36,31,69.0,445.0,69.0,436.0,23.0,77.0,24,0.0
jiaocaineedrop_jiaocai_needrop_en_782.jpg,simplified_chinese,single_column,v1.5,colorful_textbook,12,15,8,8,8,8,8,8,8,8,8,8,6,6,6,6,5,5,4,4,3,3,12,15,12,15,12,15,12,15,9,14,7,12,7,12,6,11,5,10,3,3,9,9,80.0,1100.0,80.0,1071.0,24.0,8.0,7,0.0
jiaocaineedrop_jiaocai_needrop_en_809.jpg,simplified_chinese,other_layout,v1.5,colorful_textbook,11,11,11,11,11,11,10,10,9,9,9,9,9,9,8,8,7,7,6,6,4,4,11,11,11,11,10,10,9,9,9,9,9,9,8,8,7,7,6,6,4,4,11,11,29.0,380.0,29.0,368.0,16.0,13.0,8,0.2222222222222222
jiaocaineedrop_jiaocai_needrop_en_835.jpg,simplified_chinese,1andmore_column,v1.5,colorful_textbook,20,39,12,12,12,12,12,12,12,12,11,11,11,11,10,10,7,7,4,4,2,2,18,38,18,38,18,38,16,29,15,28,14,25,12,21,9,18,6,15,2,2,18,12,107.0,318.0,107.0,306.0,22.0,17.0,14,0.125
jiaocaineedrop_jiaocai_needrop_en_85.jpg,simplified_chinese,single_column,v1.5,exam_paper,4,6,3,3,3,3,3,3,3,3,3,3,3,3,3,3,3,3,2,2,0,0,3,3,3,3,3,3,3,3,3,3,3,3,3,3,3,3,2,2,0,0,3,2,1.0,12.0,1.0,11.0,0.0,0.0,1,
jiaocaineedrop_jiaocai_needrop_en_854.jpg,english,single_column,v1.5,exam_paper,26,51,16,16,16,16,16,16,10,10,6,6,5,5,2,2,2,2,2,2,2,2,26,51,26,51,26,51,17,40,12,34,9,28,6,25,5,22,3,16,3,16,24,21,174.0,1349.0,174.0,1319.0,96.0,213.0,20,0.09090909090909091
jiaocaineedrop_jiaocai_needrop_en_887.jpg,simplified_chinese,double_column,v1.5,colorful_textbook,16,18,15,15,15,15,15,15,15,15,15,15,13,13,10,10,10,10,8,8,4,4,16,18,16,18,16,18,16,18,16,18,14,16,10,10,10,10,8,8,4,4,16,16,85.0,762.0,85.0,742.0,26.0,16.0,14,0.0
jiaocaineedrop_jiaocai_needrop_en_909.jpg,simplified_chinese,single_column,v1.5,colorful_textbook,4,4,4,4,4,4,4,4,4,4,4,4,4,4,3,3,1,1,1,1,0,0,4,4,4,4,4,4,4,4,4,4,4,4,3,3,1,1,1,1,0,0,4,3,3.0,16.0,3.0,15.0,2.0,2.0,1,
jiaocaineedrop_jiaocai_needrop_en_913.jpg,simplified_chinese,double_column,v1.5,colorful_textbook,20,26,18,18,18,18,16,16,15,15,13,13,13,13,11,11,9,9,7,7,2,2,18,21,18,21,18,21,17,20,14,16,14,16,12,14,10,12,7,7,2,2,19,16,159.0,480.0,159.0,432.0,71.0,60.0,11,0.11764705882352941
jiaocaineedrop_jiaocai_needrop_en_918.jpg,simplified_chinese,single_column,v1.5,colorful_textbook,22,21,19,19,19,19,18,18,18,18,18,18,18,18,14,14,10,10,8,8,2,2,20,19,20,19,20,19,20,19,20,19,20,19,16,15,10,10,8,8,2,2,19,19,82.0,735.0,82.0,718.0,8.0,8.0,15,0.0
jiaocaineedrop_jiaocai_needrop_en_922.jpg,en_ch_mixed,single_column,v1.5,exam_paper,27,59,15,15,15,15,14,14,13,13,12,12,10,10,8,8,6,6,3,3,0,0,27,59,27,59,27,59,25,49,24,48,21,44,20,43,14,28,7,12,2,1,26,21,304.0,526.0,304.0,506.0,92.0,85.0,17,0.0
jiaocaineedrop_jiaocai_needrop_en_942.jpg,en_ch_mixed,single_column,v1.5,colorful_textbook,32,38,23,23,23,23,23,23,21,21,20,20,18,18,14,14,6,6,1,1,0,0,29,34,29,34,28,32,26,30,25,29,23,27,19,23,11,15,4,7,2,3,27,26,37.0,871.0,37.0,852.0,45.0,159.0,20,0.0
jiaocaineedrop_jiaocai_needrop_en_947.jpg,simplified_chinese,other_layout,v1.5,magazine,14,4,2,2,2,2,2,2,2,2,2,2,2,2,2,2,2,2,2,2,1,1,13,3,13,3,13,3,13,3,13,3,13,3,13,3,13,3,13,3,1,1,2,2,8.0,157.0,8.0,154.0,0.0,0.0,1,0.0
jiaocaineedrop_jiaocai_needrop_en_952.jpg,simplified_chinese,other_layout,v1.5,colorful_textbook,21,28,20,20,20,20,19,19,19,19,17,17,13,13,11,11,9,9,8,8,5,5,21,25,21,25,20,24,20,24,18,22,14,18,12,16,10,14,9,13,5,5,21,18,406.0,836.0,406.0,823.0,55.0,45.0,14,0.1111111111111111
jiaocaineedrop_jiaocai_needrop_en_961.jpg,english,other_layout,v1.5,colorful_textbook,18,21,14,14,14,14,14,14,14,14,13,13,11,11,7,7,6,6,4,4,2,2,18,21,18,21,18,21,18,21,17,20,15,18,11,14,10,13,6,7,4,5,17,17,17.0,614.0,17.0,597.0,28.0,104.0,15,0.11764705882352941
jiaocaineedrop_jiaocai_needrop_en_980.jpg,en_ch_mixed,single_column,v1.5,exam_paper,27,55,8,8,8,8,8,8,7,7,7,7,6,6,6,6,1,1,1,1,0,0,16,39,16,39,16,39,14,35,14,35,13,33,10,20,5,15,2,4,0,0,16,16,83.0,404.0,83.0,396.0,42.0,93.0,13,0.14285714285714285
jiaocaineedrop_jiaocai_needrop_en_999.jpg,simplified_chinese,double_column,v1.5,exam_paper,50,109,25,25,25,25,23,23,21,21,20,20,16,16,12,12,7,7,2,2,0,0,44,100,42,81,39,75,36,71,32,57,27,50,21,41,15,33,6,15,0,0,44,39,469.0,1375.0,469.0,1280.0,169.0,123.0,36,0.0975609756097561
jiaocaineedrop_math-134115.pdf_670.jpg,english,other_layout,v1.5,book,24,29,18,18,18,18,18,18,17,17,15,15,15,15,14,14,12,12,9,9,6,6,22,27,22,27,22,27,20,23,18,21,17,19,16,18,14,16,10,11,7,8,22,18,86.0,2305.0,86.0,2279.0,73.0,350.0,18,0.0
jiaocaineedrop_socialsci-74973.pdf_31.jpg,english,other_layout,v1.5,book,18,18,18,18,18,18,18,18,18,18,17,17,17,17,14,14,9,9,9,9,6,6,18,18,18,18,18,18,18,18,17,17,17,17,14,14,9,9,9,9,6,6,18,17,21.0,3168.0,21.0,3148.0,38.0,491.0,12,0.0
jiaocaineedrop_unit2t03.pdf_63.jpg,english,other_layout,v1.5,magazine,23,24,22,22,22,22,22,22,22,22,22,22,20,20,18,18,15,15,15,15,8,8,21,21,21,21,21,21,21,21,21,21,20,20,18,18,15,15,15,15,8,8,22,20,37.0,3179.0,37.0,3159.0,49.0,495.0,18,0.10526315789473684
magazine_TheEconomist.2023.11.18_page_030.png,english,other_layout,v1.5,magazine,20,20,20,20,18,18,17,17,16,16,13,13,10,10,9,9,9,9,7,7,5,5,20,20,18,18,17,17,16,16,13,13,10,10,9,9,9,9,7,7,5,5,20,17,37.0,3646.0,37.0,3624.0,38.0,576.0,16,0.0
magazine_TheEconomist.2023.11.18_page_068.png,english,three_column,v1.5,magazine,27,49,20,20,20,20,18,18,18,18,15,15,15,15,15,15,15,15,13,13,9,9,25,46,25,46,23,44,23,44,20,39,20,39,20,39,16,38,14,36,10,32,22,21,332.0,6467.0,332.0,6267.0,140.0,987.0,19,0.19047619047619047
magazine_TheEconomist.2023.11.18_page_071.png,english,other_layout,v1.5,magazine,23,24,20,20,19,19,19,19,19,19,19,19,19,19,18,18,17,17,17,17,11,11,20,20,19,19,19,19,19,19,19,19,19,19,18,18,17,17,17,17,11,11,20,20,40.0,6183.0,40.0,6164.0,37.0,1017.0,19,0.0
magazine_TheEconomist.2023.11.18_page_082.png,english,other_layout,v1.5,magazine,25,25,24,24,24,24,24,24,23,23,22,22,20,20,19,19,18,18,17,17,14,14,24,24,24,24,24,24,23,23,22,22,20,20,19,19,18,18,17,17,14,14,24,24,60.0,5688.0,60.0,5655.0,51.0,982.0,21,0.6363636363636364
magazine_TheEconomist.2023.11.25_page_006.png,english,other_layout,v1.5,magazine,10,8,6,6,4,4,3,3,3,3,3,3,3,3,2,2,2,2,2,2,2,2,10,7,9,6,5,4,5,4,5,4,5,4,4,3,4,3,4,3,4,3,6,3,373.0,736.0,373.0,495.0,61.0,82.0,5,0.0
magazine_TheEconomist.2023.11.25_page_068.png,english,1andmore_column,v1.5,magazine,18,18,17,17,17,17,16,16,16,16,15,15,15,15,12,12,12,12,11,11,10,10,17,17,17,17,16,16,16,16,15,15,15,15,12,12,12,12,11,11,10,10,17,16,49.0,6138.0,49.0,6125.0,45.0,1029.0,14,0.0
magazine_TheEconomist.2023.11.25_page_069.png,english,other_layout,v1.5,magazine,23,23,23,23,22,22,21,21,17,17,15,15,12,12,10,10,10,10,8,8,6,6,23,23,22,22,21,21,17,17,15,15,12,12,10,10,10,10,8,8,6,6,23,20,53.0,3467.0,53.0,3451.0,39.0,581.0,19,0.0
magazine_TheEconomist.2023.11.25_page_093.png,english,other_layout,v1.5,magazine,20,37,18,18,17,17,16,16,15,15,13,13,13,13,13,13,7,7,3,3,3,3,19,33,18,32,17,31,16,30,14,28,14,28,14,28,8,22,3,3,3,3,19,16,29.0,1573.0,29.0,1573.0,10.0,216.0,16,0.0
magazine_TheEconomist.2023.12.02_page_023.png,english,other_layout,v1.5,magazine,23,23,22,22,21,21,21,21,19,19,17,17,17,17,15,15,14,14,14,14,8,8,22,22,21,21,21,21,19,19,17,17,17,17,15,15,14,14,14,14,8,8,22,21,73.0,5617.0,73.0,5588.0,64.0,900.0,19,0.0
magazine_TheEconomist.2023.12.02_page_028.png,english,other_layout,v1.5,magazine,20,20,19,19,18,18,17,17,16,16,11,11,11,11,11,11,8,8,8,8,6,6,19,19,18,18,17,17,16,16,11,11,11,11,11,11,8,8,8,8,6,6,19,17,51.0,3243.0,51.0,3231.0,45.0,529.0,16,0.0
magazine_TheEconomist.2023.12.02_page_031.png,english,three_column,v1.5,magazine,27,27,25,25,24,24,24,24,23,23,22,22,19,19,19,19,18,18,14,14,12,12,25,24,25,24,25,24,25,24,24,23,21,20,21,20,20,19,16,15,12,12,24,20,677.0,6354.0,677.0,6325.0,164.0,1017.0,22,0.0
magazine_TheEconomist.2023.12.02_page_056.png,english,other_layout,v1.5,magazine,24,50,22,22,20,20,19,19,19,19,18,18,17,17,17,17,17,17,16,16,9,9,24,48,22,46,21,45,21,45,20,44,19,43,19,43,19,43,17,33,9,13,24,23,287.0,6328.0,287.0,6156.0,99.0,1030.0,20,0.38095238095238093
magazine_TheEconomist.2023.12.02_page_062.png,english,other_layout,v1.5,magazine,24,25,23,23,23,23,23,23,22,22,22,22,20,20,19,19,18,18,17,17,15,15,23,23,23,23,23,23,22,22,22,22,20,20,19,19,18,18,17,17,15,15,23,19,111.0,6286.0,111.0,6222.0,73.0,1010.0,20,0.09523809523809523
magazine_TheEconomist.2023.12.09_page_009.png,english,other_layout,v1.5,magazine,22,22,20,20,20,20,20,20,20,20,20,20,19,19,18,18,17,17,14,14,9,9,21,21,21,21,21,21,21,21,21,21,20,20,19,19,18,18,16,16,10,11,20,19,77.0,4764.0,77.0,4757.0,72.0,801.0,17,0.0
magazine_TheEconomist.2023.12.09_page_015.png,english,other_layout,v1.5,magazine,31,30,24,24,24,24,23,23,22,22,22,22,19,19,18,18,16,16,13,13,6,6,31,30,31,30,31,30,31,30,30,28,27,25,26,24,22,21,16,17,6,6,26,19,98.0,3233.0,98.0,3169.0,32.0,451.0,21,0.0
magazine_TheEconomist.2023.12.09_page_045.png,english,other_layout,v1.5,magazine,24,24,24,24,24,24,23,23,23,23,23,23,22,22,20,20,19,19,17,17,17,17,24,24,24,24,23,23,23,23,23,23,22,22,20,20,19,19,17,17,17,17,24,22,115.0,6453.0,115.0,6430.0,104.0,1050.0,20,0.0
magazine_TheEconomist.2023.12.09_page_048.png,english,three_column,v1.5,magazine,27,27,26,26,26,26,25,25,24,24,23,23,21,21,20,20,18,18,14,14,13,13,26,26,26,26,25,25,24,24,23,23,21,21,20,20,18,18,14,14,13,13,26,26,112.0,6708.0,112.0,6680.0,109.0,1070.0,23,0.0
magazine_TheEconomist.2023.12.09_page_082.png,english,double_column,v1.5,magazine,19,19,19,19,19,19,19,19,19,19,18,18,18,18,18,18,17,17,14,14,12,12,19,19,19,19,19,19,19,19,18,18,18,18,18,18,17,17,14,14,12,12,19,16,54.0,6397.0,54.0,6380.0,51.0,1124.0,15,0.0
magazine_TheEconomist.2023.12.16_page_019.png,english,other_layout,v1.5,magazine,23,23,22,22,22,22,21,21,18,18,15,15,11,11,11,11,9,9,8,8,5,5,22,22,22,22,21,21,18,18,15,15,11,11,11,11,9,9,8,8,5,5,22,18,38.0,3249.0,38.0,3223.0,35.0,487.0,19,0.0
magazine_TheEconomist.2023.12.16_page_026.png,english,three_column,v1.5,magazine,25,23,23,23,23,23,22,22,21,21,21,21,18,18,18,18,16,16,14,14,13,13,25,23,25,23,24,22,23,21,23,21,21,19,21,19,19,17,17,15,13,13,23,21,76.0,6238.0,76.0,6205.0,76.0,1037.0,18,0.2
magazine_TheEconomist.2023.12.16_page_037.png,english,other_layout,v1.5,magazine,18,18,18,18,18,18,16,16,14,14,12,12,10,10,9,9,8,8,7,7,5,5,18,18,18,18,16,16,14,14,12,12,10,10,9,9,8,8,7,7,5,5,18,13,46.0,3500.0,46.0,3475.0,46.0,572.0,14,0.0
magazine_TheEconomist.2023.12.16_page_049.png,english,other_layout,v1.5,magazine,16,15,15,15,15,15,14,14,13,13,10,10,9,9,9,9,9,9,8,8,5,5,16,15,16,15,15,14,14,13,11,10,10,9,10,9,10,9,10,9,5,5,15,14,165.0,3564.0,165.0,3544.0,49.0,566.0,11,0.0
magazine_TheEconomist.2023.12.16_page_062.png,english,1andmore_column,v1.5,magazine,17,18,17,17,17,17,16,16,14,14,14,14,14,14,14,14,13,13,11,11,11,11,17,17,17,17,16,16,14,14,14,14,14,14,14,14,13,13,11,11,11,11,17,16,68.0,6254.0,68.0,6244.0,56.0,1036.0,13,0.0
magazine_TheEconomist.2023.12.23_page_012.png,english,other_layout,v1.5,magazine,24,24,23,23,23,23,21,21,21,21,21,21,21,21,19,19,16,16,16,16,11,11,23,23,23,23,21,21,21,21,21,21,21,21,19,19,16,16,16,16,11,11,23,23,58.0,6087.0,58.0,6062.0,50.0,970.0,20,0.0
magazine_TheEconomist.2023.12.23_page_024.png,english,other_layout,v1.5,magazine,15,19,14,14,14,14,12,12,9,9,9,9,8,8,6,6,6,6,5,5,4,4,15,15,13,13,12,12,9,9,9,9,8,8,6,6,6,6,5,5,4,4,14,12,26.0,2249.0,26.0,2235.0,25.0,358.0,11,0.0
magazine_TheEconomist.2023.12.23_page_052.png,english,1andmore_column,v1.5,magazine,10,11,9,9,9,9,9,9,8,8,7,7,7,7,7,7,6,6,5,5,4,4,10,11,10,11,10,11,9,10,8,9,8,9,8,9,7,8,6,7,4,4,10,7,15.0,1808.0,15.0,1806.0,18.0,309.0,7,0.0
magazine_TheEconomist.2023.12.23_page_060.png,english,other_layout,v1.5,magazine,23,28,20,20,20,20,20,20,20,20,19,19,18,18,18,18,18,18,18,18,15,15,23,28,23,28,21,27,21,27,20,26,19,25,19,25,19,25,19,25,15,15,21,20,68.0,7476.0,68.0,7443.0,69.0,1207.0,20,0.1
magazine_TheEconomist.2023.12.23_page_104.png,english,1andmore_column,v1.5,magazine,17,17,16,16,16,16,15,15,13,13,12,12,12,12,12,12,11,11,11,11,10,10,16,16,16,16,15,15,13,13,12,12,12,12,12,12,11,11,11,11,10,10,16,15,42.0,6127.0,42.0,6119.0,44.0,973.0,13,0.0
magazine_TheEconomist.2024.02.24_page_007.png,english,1andmore_column,v1.5,magazine,25,26,25,25,25,25,25,25,24,24,23,23,23,23,21,21,21,21,21,21,19,19,25,26,25,26,25,26,24,24,23,23,23,23,21,21,21,21,21,21,19,19,25,24,52.0,6377.0,52.0,6351.0,49.0,1031.0,21,0.0
magazine_TheEconomist.2024.02.24_page_008.png,english,other_layout,v1.5,magazine,26,22,22,22,22,22,22,22,21,21,20,20,19,19,19,19,18,18,17,17,15,15,26,22,26,22,26,22,26,22,25,21,25,21,23,20,18,18,17,17,15,15,22,21,75.0,4645.0,75.0,4637.0,65.0,788.0,18,0.0
magazine_TheEconomist.2024.02.24_page_033.png,english,other_layout,v1.5,magazine,19,21,17,17,17,17,17,17,17,17,16,16,15,15,14,14,13,13,12,12,9,9,17,17,17,17,17,17,17,17,16,16,15,15,14,14,13,13,12,12,9,9,17,16,51.0,4456.0,51.0,4416.0,58.0,713.0,15,0.0
magazine_TheEconomist.2024.02.24_page_068.png,english,three_column,v1.5,magazine,26,26,25,25,24,24,24,24,24,24,23,23,22,22,22,22,20,20,18,18,16,16,25,25,24,24,24,24,24,24,23,23,22,22,22,22,20,20,18,18,16,16,25,24,100.0,6903.0,100.0,6853.0,75.0,1077.0,22,0.0
magazine_TheEconomist.2024.02.24_page_076.png,english,other_layout,v1.5,magazine,20,13,13,13,13,13,12,12,12,12,11,11,10,10,9,9,6,6,3,3,1,1,20,13,20,13,19,12,19,12,19,12,18,11,18,11,13,7,10,5,4,2,13,10,168.0,850.0,168.0,849.0,29.0,99.0,6,0.3076923076923077
magazine_TheEconomist.2024.03.02_page_025.png,english,other_layout,v1.5,magazine,22,22,21,21,20,20,19,19,19,19,18,18,16,16,16,16,14,14,13,13,12,12,21,21,20,20,19,19,19,19,18,18,16,16,16,16,14,14,13,13,12,12,21,20,64.0,5986.0,64.0,5975.0,69.0,976.0,18,0.0
magazine_TheEconomist.2024.03.02_page_028.png,english,three_column,v1.5,magazine,30,28,24,24,24,24,24,24,23,23,22,22,22,22,21,21,19,19,19,19,17,17,27,24,27,24,27,24,26,23,26,23,26,23,25,22,23,20,23,20,17,17,24,23,72.0,7054.0,72.0,7015.0,64.0,1167.0,23,0.0
magazine_TheEconomist.2024.03.02_page_031.png,english,other_layout,v1.5,magazine,22,22,21,21,21,21,20,20,18,18,17,17,15,15,14,14,14,14,11,11,7,7,21,21,21,21,20,20,18,18,17,17,15,15,14,14,14,14,11,11,7,7,21,16,43.0,4052.0,43.0,4036.0,41.0,709.0,18,0.0
magazine_TheEconomist.2024.03.02_page_032.png,english,other_layout,v1.5,magazine,25,19,18,18,18,18,17,17,17,17,15,15,15,15,14,14,14,14,12,12,10,10,23,18,23,18,22,17,22,17,21,16,21,16,21,16,21,16,19,14,10,10,18,17,93.0,5316.0,93.0,5301.0,66.0,882.0,15,0.0
magazine_TheEconomist.2024.03.02_page_075.png,english,other_layout,v1.5,magazine,26,26,25,25,25,25,24,24,24,24,24,24,23,23,22,22,18,18,16,16,14,14,25,25,25,25,24,24,24,24,24,24,23,23,22,22,18,18,16,16,14,14,25,25,50.0,5268.0,50.0,5241.0,41.0,862.0,22,0.08695652173913043
magazine_TheEconomist.2024.03.09_page_016.png,english,other_layout,v1.5,magazine,17,17,16,16,16,16,16,16,16,16,16,16,15,15,12,12,10,10,9,9,7,7,16,16,16,16,16,16,16,16,16,16,15,15,12,12,10,10,9,9,7,7,16,15,26.0,3238.0,26.0,3222.0,22.0,542.0,13,0.0
magazine_TheEconomist.2024.03.09_page_029.png,english,three_column,v1.5,magazine,25,20,19,19,19,19,18,18,18,18,18,18,16,16,15,15,14,14,13,13,11,11,24,19,24,19,23,18,23,18,23,18,22,17,22,17,21,16,17,14,11,11,19,18,71.0,6069.0,71.0,6022.0,60.0,968.0,15,0.0
magazine_TheEconomist.2024.03.09_page_064.png,english,1andmore_column,v1.5,magazine,17,17,16,16,15,15,13,13,13,13,13,13,13,13,12,12,12,12,11,11,8,8,16,16,15,15,13,13,13,13,13,13,13,13,12,12,12,12,11,11,8,8,16,15,53.0,6234.0,53.0,6210.0,57.0,1059.0,13,0.0
magazine_TheEconomist.2024.03.09_page_079.png,english,other_layout,v1.5,magazine,27,27,26,26,25,25,23,23,23,23,23,23,22,22,20,20,18,18,15,15,13,13,26,26,25,25,23,23,23,23,23,23,22,22,20,20,18,18,15,15,13,13,26,25,110.0,5638.0,110.0,5565.0,64.0,928.0,23,0.16666666666666666
newspaper_019d4d5296ba8f1c21277d72fb0cf0db_1.jpg,simplified_chinese,other_layout,v1.5,newspaper,94,140,84,84,81,81,80,80,77,77,74,74,69,69,66,66,61,61,46,46,13,13,92,137,89,134,89,134,86,131,83,128,79,117,74,110,69,105,53,81,15,24,91,81,1123.0,8892.0,1123.0,8504.0,77.0,34.0,84,0.09411764705882353
newspaper_01f020903d7bc4b3fc69f500f41eb77e_1.jpg,simplified_chinese,other_layout,v1.5,newspaper,76,133,64,64,63,63,63,63,63,63,58,58,54,54,50,50,39,39,30,30,8,8,74,131,73,130,72,126,72,126,68,122,65,119,62,116,49,103,38,85,10,15,73,61,818.0,5256.0,818.0,4810.0,86.0,22.0,62,0.48484848484848486
newspaper_028a1dd5500fbd774e4d85df3c460c4d_1.jpg,simplified_chinese,other_layout,v1.5,newspaper,88,242,60,60,59,59,56,56,52,52,51,51,43,43,38,38,34,34,23,23,10,10,79,199,75,178,70,169,66,162,65,161,57,153,52,148,51,147,37,126,16,70,76,67,1479.0,7282.0,1479.0,6718.0,123.0,42.0,71,0.4722222222222222
newspaper_02912feb79994ae24665509d964ad9ce_1.jpg,simplified_chinese,other_layout,v1.5,newspaper,108,320,23,23,22,22,20,20,17,17,12,12,6,6,5,5,3,3,1,1,0,0,57,141,53,125,49,99,44,95,38,88,27,52,23,44,13,32,4,17,0,0,42,38,3301.0,4949.0,3301.0,4806.0,95.0,20.0,37,0.5641025641025641
newspaper_06b975dbc47dc2dc2a3a1468293f6a2c_1.jpg,simplified_chinese,other_layout,v1.5,newspaper,71,78,62,62,61,61,58,58,56,56,52,52,48,48,42,42,36,36,25,25,11,11,65,73,64,72,62,70,61,69,56,63,53,60,46,53,40,47,30,37,14,18,63,58,961.0,7177.0,961.0,6699.0,27.0,5.0,55,0.1896551724137931
newspaper_0b1bb8d03b4287eb95f67b68c2cf9f92_1.jpg,simplified_chinese,other_layout,v1.5,newspaper,1236,876,615,615,553,553,422,422,270,270,155,155,64,64,24,24,10,10,2,2,0,0,1203,845,1147,780,1031,657,884,498,765,369,670,275,597,216,381,127,176,65,27,9,638,634,2506.0,11949.0,2506.0,10216.0,635.0,1116.0,635,0.9984251968503937
newspaper_0b86dae4d8f328a0e79d9ac394000dec_1.jpg,simplified_chinese,other_layout,v1.5,newspaper,89,116,76,76,75,75,74,74,72,72,71,71,67,67,56,56,50,50,39,39,13,13,82,104,82,104,81,103,79,101,78,100,74,96,63,84,58,77,42,62,14,28,79,70,776.0,6395.0,776.0,6046.0,131.0,44.0,77,0.15384615384615385
newspaper_0ce88e1e131aef7a59d0533be36870de_1.jpg,simplified_chinese,other_layout,v1.5,newspaper,64,122,49,49,46,46,45,45,43,43,43,43,38,38,34,34,30,30,23,23,6,6,63,114,62,113,60,110,57,105,57,105,52,95,46,86,41,76,32,51,10,12,59,50,1194.0,6889.0,1194.0,6222.0,132.0,36.0,55,0.40350877192982454
newspaper_0cfb8a42b5d4194d8c73dba0cdf6256c_1.jpg,simplified_chinese,other_layout,v1.5,newspaper,74,207,56,56,54,54,53,53,51,51,48,48,46,46,42,42,38,38,24,24,12,12,68,179,64,176,63,174,61,172,57,169,55,167,52,164,46,150,33,133,15,74,64,62,1831.0,8204.0,1831.0,7386.0,182.0,39.0,61,0.5483870967741935
newspaper_0edcd83c195557b43279fa73edaa59aa_1.jpg,english,three_column,v1.5,newspaper,42,42,42,42,42,42,42,42,40,40,38,38,35,35,30,30,24,24,18,18,12,12,42,42,42,42,42,42,40,40,38,38,35,35,30,30,24,24,18,18,12,12,42,41,151.0,6263.0,151.0,6218.0,117.0,954.0,40,0.0
newspaper_14b9d21f7fed39fb42849e9cde233930_1.jpg,simplified_chinese,other_layout,v1.5,newspaper,88,188,65,65,63,63,58,58,55,55,54,54,50,50,45,45,39,39,26,26,7,7,82,181,80,178,76,174,74,172,72,165,67,157,60,148,52,136,39,114,15,84,80,71,986.0,7088.0,986.0,6641.0,141.0,39.0,75,0.6447368421052632
newspaper_17f81b80831d8d58564b9c8e3cf79261_1.jpg,simplified_chinese,other_layout,v1.5,newspaper,68,98,59,59,58,58,57,57,54,54,51,51,48,48,42,42,35,35,25,25,11,11,67,98,66,97,65,96,63,94,60,91,55,85,49,79,41,70,28,57,12,17,64,63,631.0,4891.0,631.0,4653.0,42.0,18.0,61,0.0
newspaper_1cddf9d22ca549f3a86cf1512a3110cc_1.jpg,simplified_chinese,other_layout,v1.5,newspaper,86,143,79,79,77,77,75,75,72,72,69,69,67,67,60,60,54,54,41,41,11,11,85,140,83,138,81,136,78,133,74,128,73,127,66,111,62,107,45,83,16,50,85,75,1556.0,9360.0,1556.0,8768.0,188.0,64.0,79,0.475
newspaper_2140e879cd0d3c1b5ba2ea1e3a75aab6_1.jpg,simplified_chinese,other_layout,v1.5,newspaper,66,115,58,58,55,55,54,54,53,53,52,52,50,50,47,47,38,38,27,27,11,11,66,115,63,112,62,111,59,109,58,108,56,106,53,103,43,91,32,80,13,42,64,57,821.0,6386.0,821.0,5982.0,143.0,35.0,60,0.0
newspaper_26f4ed67a5e8922e7d42b35d317ebf4b_1.jpg,simplified_chinese,other_layout,v1.5,newspaper,73,143,59,59,59,59,57,57,55,55,53,53,49,49,46,46,33,33,24,24,3,3,69,137,69,137,69,137,67,135,66,134,62,130,60,128,46,113,35,98,10,48,68,63,1040.0,6552.0,1040.0,6122.0,118.0,31.0,62,0.03125
newspaper_2a645bfcbcd473423581cd9f1ceb778e_1.jpg,simplified_chinese,other_layout,v1.5,newspaper,81,129,73,73,70,70,63,63,59,59,57,57,53,53,48,48,42,42,33,33,11,11,80,128,78,126,77,125,74,122,73,121,69,117,64,101,56,91,44,74,15,32,80,76,1568.0,9593.0,1568.0,8854.0,129.0,36.0,72,0.410958904109589
newspaper_2a6b4fa088699701a6fa9ccecfb5c25d_1.jpg,english,other_layout,v1.5,newspaper,28,37,26,26,26,26,26,26,26,26,24,24,21,21,15,15,14,14,11,11,4,4,28,34,28,34,28,34,28,34,26,32,23,29,17,23,16,22,13,19,5,9,28,26,62.0,3336.0,62.0,3320.0,62.0,487.0,24,0.14285714285714285
newspaper_2a6b4fa088699701a6fa9ccecfb5c25d_10.jpg,english,three_column,v1.5,newspaper,22,22,22,22,22,22,22,22,21,21,21,21,20,20,17,17,16,16,14,14,14,14,22,22,22,22,22,22,21,21,21,21,20,20,17,17,16,16,14,14,14,14,22,17,82.0,7338.0,82.0,7333.0,59.0,1134.0,20,0.0
newspaper_2a6b4fa088699701a6fa9ccecfb5c25d_11.jpg,english,three_column,v1.5,newspaper,22,22,22,22,22,22,22,22,22,22,22,22,21,21,21,21,19,19,16,16,10,10,22,22,22,22,22,22,22,22,22,22,21,21,21,21,19,19,16,16,10,10,22,22,60.0,7367.0,60.0,7353.0,45.0,1103.0,20,0.0
newspaper_2a6b4fa088699701a6fa9ccecfb5c25d_12.jpg,english,three_column,v1.5,newspaper,15,15,15,15,15,15,15,15,15,15,15,15,15,15,14,14,13,13,13,13,12,12,15,15,15,15,15,15,15,15,15,15,15,15,14,14,13,13,13,13,12,12,15,15,60.0,7601.0,60.0,7564.0,33.0,1166.0,13,0.0
newspaper_2a6b4fa088699701a6fa9ccecfb5c25d_13.jpg,english,three_column,v1.5,newspaper,19,20,19,19,19,19,19,19,19,19,18,18,17,17,17,17,15,15,13,13,12,12,19,20,19,20,19,20,19,20,18,19,17,18,17,18,15,16,13,14,13,14,19,18,129.0,7422.0,129.0,7378.0,88.0,1130.0,17,0.0
newspaper_2a6b4fa088699701a6fa9ccecfb5c25d_14.jpg,english,three_column,v1.5,newspaper,14,14,14,14,14,14,14,14,14,14,14,14,13,13,13,13,11,11,11,11,8,8,14,14,14,14,14,14,14,14,14,14,13,13,13,13,11,11,11,11,8,8,14,13,110.0,7388.0,110.0,7328.0,60.0,1099.0,12,0.0
newspaper_2a6b4fa088699701a6fa9ccecfb5c25d_15.jpg,english,three_column,v1.5,newspaper,10,10,10,10,10,10,9,9,9,9,8,8,8,8,8,8,8,8,8,8,7,7,10,10,10,10,9,9,9,9,8,8,8,8,8,8,8,8,8,8,7,7,10,10,89.0,7628.0,89.0,7569.0,35.0,1113.0,8,0.0
newspaper_2a6b4fa088699701a6fa9ccecfb5c25d_16.jpg,english,three_column,v1.5,newspaper,13,13,13,13,13,13,13,13,13,13,13,13,10,10,7,7,7,7,7,7,7,7,13,13,13,13,13,13,13,13,13,13,10,10,7,7,7,7,7,7,7,7,13,11,78.0,7398.0,78.0,7390.0,61.0,1117.0,11,0.0
newspaper_2a6b4fa088699701a6fa9ccecfb5c25d_17.jpg,english,three_column,v1.5,newspaper,15,15,15,15,14,14,14,14,14,14,12,12,12,12,9,9,9,9,9,9,8,8,15,15,14,14,14,14,14,14,12,12,12,12,9,9,9,9,9,9,8,8,15,14,54.0,7367.0,54.0,7354.0,52.0,1118.0,13,0.0
newspaper_2a6b4fa088699701a6fa9ccecfb5c25d_18.jpg,english,other_layout,v1.5,newspaper,32,33,30,30,30,30,29,29,28,28,28,28,26,26,24,24,21,21,16,16,10,10,32,33,32,33,31,32,31,32,31,32,29,30,27,28,24,25,19,20,10,10,31,27,222.0,3556.0,222.0,3513.0,88.0,539.0,27,0.0
newspaper_2a6b4fa088699701a6fa9ccecfb5c25d_2.jpg,english,other_layout,v1.5,newspaper,18,22,17,17,17,17,17,17,17,17,16,16,15,15,14,14,13,13,10,10,8,8,18,22,18,22,18,22,18,22,17,21,16,20,15,19,14,18,11,15,9,13,18,17,47.0,5011.0,47.0,4984.0,31.0,755.0,15,0.2222222222222222
newspaper_2a6b4fa088699701a6fa9ccecfb5c25d_3.jpg,english,three_column,v1.5,newspaper,18,18,18,18,18,18,18,18,18,18,17,17,17,17,14,14,13,13,12,12,11,11,18,18,18,18,18,18,18,18,17,17,17,17,14,14,13,13,12,12,11,11,18,16,75.0,7125.0,75.0,7120.0,61.0,1075.0,16,0.0
newspaper_2a6b4fa088699701a6fa9ccecfb5c25d_4.jpg,english,three_column,v1.5,newspaper,19,19,19,19,19,19,18,18,17,17,17,17,17,17,14,14,11,11,11,11,10,10,19,19,19,19,18,18,17,17,17,17,17,17,14,14,11,11,11,11,10,10,19,15,83.0,7149.0,83.0,7147.0,70.0,1095.0,17,0.0
newspaper_2a6b4fa088699701a6fa9ccecfb5c25d_5.jpg,english,three_column,v1.5,newspaper,18,18,18,18,18,18,18,18,18,18,16,16,16,16,14,14,12,12,11,11,11,11,18,18,18,18,18,18,18,18,16,16,16,16,14,14,12,12,11,11,11,11,18,14,98.0,7290.0,98.0,7269.0,94.0,1164.0,16,0.0
newspaper_2a6b4fa088699701a6fa9ccecfb5c25d_6.jpg,english,three_column,v1.5,newspaper,16,16,16,16,16,16,16,16,16,16,15,15,14,14,14,14,12,12,9,9,8,8,16,16,16,16,16,16,16,16,15,15,14,14,14,14,12,12,9,9,8,8,16,15,113.0,7252.0,113.0,7233.0,93.0,1179.0,14,0.0
newspaper_2a6b4fa088699701a6fa9ccecfb5c25d_7.jpg,english,three_column,v1.5,newspaper,14,14,14,14,14,14,14,14,13,13,13,13,11,11,11,11,11,11,11,11,8,8,14,14,14,14,14,14,13,13,13,13,11,11,11,11,11,11,11,11,8,8,14,13,68.0,7447.0,68.0,7439.0,57.0,1130.0,12,0.0
newspaper_2a6b4fa088699701a6fa9ccecfb5c25d_8.jpg,english,three_column,v1.5,newspaper,15,15,15,15,15,15,15,15,15,15,15,15,13,13,12,12,10,10,10,10,7,7,15,15,15,15,15,15,15,15,15,15,13,13,12,12,10,10,10,10,7,7,15,12,75.0,7282.0,75.0,7274.0,74.0,1143.0,13,0.0
newspaper_2a6b4fa088699701a6fa9ccecfb5c25d_9.jpg,english,three_column,v1.5,newspaper,17,17,17,17,17,17,17,17,17,17,17,17,17,17,14,14,13,13,10,10,9,9,17,17,17,17,17,17,17,17,17,17,17,17,14,14,13,13,10,10,9,9,17,13,130.0,7292.0,130.0,7233.0,93.0,1149.0,15,0.0
newspaper_2c69e142b52dbb30cac2cb11d3eb25e5_1.jpg,simplified_chinese,other_layout,v1.5,newspaper,79,130,71,71,71,71,71,71,67,67,66,66,62,62,59,59,51,51,30,30,9,9,77,128,77,128,76,126,73,123,72,122,68,117,65,114,56,106,37,87,12,45,76,72,955.0,7759.0,955.0,7301.0,129.0,35.0,71,0.4722222222222222
newspaper_2de954934f60ac538c5bd5dc40833a61_1.jpg,simplified_chinese,other_layout,v1.5,newspaper,90,122,78,78,73,73,67,67,65,65,61,61,57,57,52,52,46,46,38,38,9,9,82,107,77,102,72,97,70,95,66,90,61,83,56,78,50,72,42,64,12,35,81,76,990.0,6389.0,990.0,5973.0,115.0,48.0,76,0.4473684210526316
newspaper_35352f94db65d19e097395380498ec15_1.jpg,simplified_chinese,other_layout,v1.5,newspaper,89,115,77,77,75,75,73,73,71,71,68,68,66,66,59,59,54,54,31,31,9,9,82,103,80,101,79,100,75,94,73,92,71,90,65,83,61,79,39,54,13,23,82,78,1240.0,8611.0,1240.0,8199.0,133.0,47.0,76,0.23076923076923078
newspaper_354720d92a632709eb8e61795b191390_1.jpg,simplified_chinese,other_layout,v1.5,newspaper,55,70,53,53,52,52,51,51,48,48,46,46,45,45,40,40,39,39,28,28,19,19,55,70,55,70,55,70,52,67,51,66,50,65,47,62,45,58,33,43,20,31,54,48,889.0,7006.0,889.0,6559.0,107.0,23.0,48,0.08
newspaper_35bdaa11dec104ccbdc9e19ac8527d21_1.jpg,simplified_chinese,other_layout,v1.5,newspaper,87,160,67,67,67,67,66,66,64,64,61,61,57,57,51,51,49,49,34,34,12,12,77,132,77,132,77,132,75,130,71,125,68,122,62,115,58,112,42,86,15,31,76,73,1018.0,7064.0,1018.0,6554.0,170.0,43.0,70,0.09722222222222222
newspaper_401c73055b88a62c479edd3d490cea8a_1.jpg,simplified_chinese,other_layout,v1.5,newspaper,95,125,87,87,84,84,82,82,78,78,77,77,74,74,71,71,64,64,45,45,12,12,93,122,90,119,88,116,84,112,83,111,79,108,76,105,68,96,50,78,14,32,92,87,899.0,6745.0,899.0,6359.0,136.0,54.0,86,0.3146067415730337
newspaper_41a09cb64841567c220d8cac3c1cc193_1.jpg,simplified_chinese,other_layout,v1.5,newspaper,90,109,83,83,82,82,81,81,78,78,74,74,67,67,63,63,55,55,42,42,17,17,84,103,83,102,81,84,79,82,76,79,69,72,65,68,56,58,43,45,17,17,84,80,1188.0,8886.0,1188.0,8528.0,172.0,58.0,79,0.125
newspaper_4790b51e8fa793743699647c09a93ccb_1.jpg,simplified_chinese,other_layout,v1.5,newspaper,83,160,70,70,70,70,68,68,66,66,62,62,59,59,55,55,52,52,34,34,13,13,79,155,79,155,76,145,75,144,71,140,67,122,63,118,58,106,45,93,16,46,78,73,1342.0,8583.0,1342.0,8035.0,129.0,42.0,74,0.2
newspaper_4b4ad1f6cba28a4844d7ffa9306223a4_1.jpg,simplified_chinese,other_layout,v1.5,newspaper,69,95,58,58,57,57,53,53,52,52,48,48,44,44,42,42,36,36,29,29,16,16,67,86,65,84,64,83,63,82,60,79,52,72,49,65,41,47,34,36,20,21,62,57,708.0,4691.0,708.0,4294.0,152.0,34.0,54,0.08620689655172414
newspaper_4cec63ef5a813c5a49dd8e577f3180e7_1.jpg,simplified_chinese,other_layout,v1.5,newspaper,83,211,55,55,54,54,49,49,48,48,46,46,42,42,35,35,30,30,24,24,5,5,73,176,71,167,66,160,63,153,59,143,57,141,46,114,38,89,29,77,9,27,71,62,1146.0,5999.0,1146.0,5653.0,128.0,39.0,64,0.3787878787878788
newspaper_571a946262006cd89199b67353c408b8_1.jpg,simplified_chinese,other_layout,v1.5,newspaper,72,100,58,58,56,56,54,54,53,53,53,53,49,49,46,46,44,44,35,35,9,9,70,94,69,93,67,91,66,90,66,90,62,86,59,79,57,77,47,68,19,41,61,56,938.0,6697.0,938.0,6335.0,122.0,50.0,57,0.06896551724137931
newspaper_5a8b7563a3262beecbecd7ddd3ef8827_1.jpg,simplified_chinese,other_layout,v1.5,newspaper,85,96,83,83,81,81,80,80,77,77,74,74,71,71,68,68,56,56,40,40,14,14,84,94,82,92,82,92,80,90,77,87,74,84,71,81,59,69,45,55,17,21,84,77,1339.0,9819.0,1339.0,9354.0,186.0,53.0,78,0.0759493670886076
newspaper_5aedf678eff04d8ebac3692d54103e19_1.jpg,simplified_chinese,other_layout,v1.5,newspaper,96,196,73,73,69,69,67,67,62,62,56,56,47,47,41,41,33,33,25,25,9,9,90,162,87,159,84,155,79,150,73,142,64,133,56,126,50,120,36,92,14,36,84,75,1109.0,6272.0,1109.0,5904.0,172.0,44.0,77,0.8227848101265823
newspaper_5bba361b0a5ca11745edbef140e2a431_1.jpg,simplified_chinese,other_layout,v1.5,newspaper,66,76,63,63,63,63,63,63,61,61,60,60,56,56,54,54,48,48,37,37,15,15,66,76,65,72,65,72,65,72,64,71,60,67,58,65,52,56,40,43,16,18,65,60,892.0,6956.0,892.0,6537.0,147.0,46.0,60,0.03278688524590164
newspaper_5c4e17f22cdc19d414a3c521f631c899_1.jpg,simplified_chinese,other_layout,v1.5,newspaper,78,172,60,60,58,58,57,57,54,54,53,53,48,48,42,42,37,37,30,30,8,8,76,169,74,167,73,166,67,157,66,156,61,147,53,137,48,131,40,108,13,64,74,69,1218.0,7781.0,1218.0,7215.0,163.0,46.0,66,0.38235294117647056
newspaper_5d4b8e73eacbc6ecac0d7b1396fd01d7_1.jpg,simplified_chinese,other_layout,v1.5,newspaper,57,359,29,29,28,28,23,23,22,22,21,21,21,21,19,19,18,18,13,13,4,4,41,222,39,208,33,186,32,185,30,181,30,181,27,172,26,171,22,167,7,41,41,39,1881.0,4337.0,1881.0,3498.0,145.0,27.0,32,0.5277777777777778
newspaper_5e266dfd9c498cab274e12a7b4a75755_1.jpg,english,three_column,v1.5,newspaper,55,66,47,47,47,47,47,47,45,45,42,42,39,39,30,30,19,19,16,16,6,6,55,66,55,66,55,66,53,64,50,61,47,58,38,49,26,36,22,31,10,16,55,52,253.0,6451.0,253.0,6439.0,133.0,1054.0,53,0.0
newspaper_5e266dfd9c498cab274e12a7b4a75755_2.jpg,english,three_column,v1.5,newspaper,22,22,22,22,22,22,22,22,22,22,22,22,21,21,21,21,20,20,17,17,11,11,22,22,22,22,22,22,22,22,22,22,21,21,21,21,20,20,17,17,11,11,22,22,103.0,7240.0,103.0,7205.0,62.0,1069.0,20,0.0
newspaper_5e266dfd9c498cab274e12a7b4a75755_3.jpg,english,three_column,v1.5,newspaper,24,24,23,23,23,23,23,23,22,22,22,22,21,21,21,21,21,21,16,16,13,13,24,24,24,24,24,24,23,23,23,23,22,22,22,22,22,22,18,18,15,15,23,23,56.0,7518.0,56.0,7482.0,25.0,1274.0,21,0.0
newspaper_5e266dfd9c498cab274e12a7b4a75755_4.jpg,english,three_column,v1.5,newspaper,29,36,26,26,26,26,25,25,25,25,24,24,22,22,18,18,16,16,13,13,9,9,29,36,29,36,29,36,29,36,28,35,26,33,23,30,21,28,18,25,14,21,28,28,116.0,6586.0,116.0,6543.0,84.0,992.0,26,0.0
newspaper_5e8bcc55b922fd521a667c6ef01027d5_1.jpg,simplified_chinese,other_layout,v1.5,newspaper,66,118,56,56,56,56,54,54,46,46,45,45,40,40,38,38,35,35,25,25,10,10,62,113,61,111,59,109,52,102,51,101,45,94,42,84,39,80,30,71,16,48,62,52,762.0,6394.0,762.0,6044.0,95.0,18.0,57,0.2542372881355932
newspaper_635e4e6a64cf2ccfb2560f9b6dfe24b5_1.jpg,simplified_chinese,other_layout,v1.5,newspaper,103,342,58,58,55,55,53,53,50,50,45,45,40,40,35,35,28,28,20,20,2,2,94,316,89,301,87,299,84,296,78,279,75,275,66,250,52,217,36,175,7,49,93,81,1760.0,7371.0,1760.0,6976.0,142.0,42.0,86,0.8181818181818182
newspaper_6d2b5f833fe20785bc395f757524cb05_1.jpg,simplified_chinese,other_layout,v1.5,newspaper,69,84,52,52,51,51,51,51,49,49,47,47,42,42,41,41,38,38,28,28,12,12,67,80,66,79,66,79,65,78,65,78,56,73,53,70,49,62,36,51,12,12,55,50,530.0,3893.0,530.0,3658.0,91.0,37.0,49,0.15384615384615385
newspaper_6fa919bfb48695bc785d9f326e3cdd36_1.jpg,simplified_chinese,other_layout,v1.5,newspaper,77,80,64,64,61,61,59,59,57,57,53,53,50,50,42,42,35,35,23,23,6,6,75,78,71,73,69,70,66,68,59,59,56,56,45,48,39,42,26,27,8,8,67,63,578.0,4171.0,578.0,3864.0,142.0,37.0,60,0.031746031746031744
newspaper_73fc8720a9b2798307ba43a8b8e47b5e_1.jpg,simplified_chinese,other_layout,v1.5,newspaper,88,166,64,64,64,64,62,62,60,60,57,57,54,54,47,47,39,39,28,28,5,5,79,156,79,156,77,154,74,151,71,148,67,143,62,138,54,130,42,112,9,47,74,64,1018.0,7430.0,1018.0,7043.0,141.0,49.0,70,0.5774647887323944
newspaper_74fc3b01b2cc4a7e6ca0f1af2b998187_1.jpg,simplified_chinese,other_layout,v1.5,newspaper,75,157,43,43,43,43,41,41,40,40,37,37,35,35,32,32,31,31,27,27,10,10,69,127,65,126,64,125,62,116,58,113,52,101,47,94,44,91,37,83,14,44,53,47,998.0,6835.0,998.0,6502.0,119.0,29.0,50,0.43137254901960786
newspaper_75bb60c3be9959e1be400d6b8281fea1_1.jpg,simplified_chinese,other_layout,v1.5,newspaper,85,215,62,62,60,60,59,59,56,56,55,55,50,50,38,38,32,32,23,23,11,11,75,187,72,175,72,175,69,172,68,171,62,164,52,154,45,140,36,121,16,61,74,68,1514.0,7473.0,1514.0,6862.0,252.0,66.0,70,0.28169014084507044
newspaper_7746db2ad2ea24c827eac60244375bbf_1.jpg,simplified_chinese,other_layout,v1.5,newspaper,86,115,78,78,77,77,72,72,68,68,67,67,63,63,57,57,52,52,39,39,8,8,82,101,81,100,77,92,74,89,73,88,69,83,62,75,56,67,43,53,8,8,82,76,923.0,7106.0,923.0,6752.0,164.0,50.0,73,0.23684210526315788
newspaper_7d8b25729455f1d061a95ec4269d72dc_1.jpg,english,three_column,v1.5,newspaper,67,65,64,64,63,63,62,62,60,60,58,58,55,55,50,50,45,45,32,32,13,13,67,65,67,65,66,64,64,62,62,60,59,57,54,52,49,47,34,33,13,13,64,64,216.0,6462.0,216.0,6424.0,113.0,866.0,62,0.0
newspaper_8076765115f6c402e81c6bfb48139bc2_1.jpg,simplified_chinese,other_layout,v1.5,newspaper,53,60,50,50,49,49,47,47,46,46,44,44,42,42,39,39,36,36,28,28,3,3,52,58,51,57,49,54,48,53,46,51,42,43,40,41,37,38,28,28,3,3,52,33,234.0,1931.0,234.0,1874.0,98.0,57.0,31,0.18181818181818182
newspaper_87769622e073730af94822416c60c710_1.jpg,simplified_chinese,other_layout,v1.5,newspaper,88,164,70,70,66,66,63,63,62,62,54,54,54,54,48,48,39,39,28,28,13,13,81,149,79,147,76,144,75,143,66,135,66,135,55,112,45,101,36,92,19,59,76,64,1047.0,6710.0,1047.0,6266.0,174.0,49.0,66,0.09090909090909091
newspaper_95f2062735b213b3d7d471a48d5ec71b_1.jpg,simplified_chinese,other_layout,v1.5,newspaper,81,178,65,65,63,63,60,60,55,55,50,50,49,49,43,43,42,42,36,36,11,11,78,174,77,173,75,171,71,167,65,160,64,159,54,139,51,134,45,128,16,76,78,68,1016.0,7702.0,1016.0,7317.0,163.0,43.0,69,0.2222222222222222
newspaper_9729b78cbf9f2820b9f257fff7e3171b_1.jpg,simplified_chinese,other_layout,v1.5,newspaper,78,83,75,75,75,75,75,75,73,73,70,70,69,69,66,66,58,58,44,44,11,11,78,83,78,83,78,83,76,81,73,78,72,77,70,75,61,63,46,46,12,13,77,74,923.0,6998.0,923.0,6555.0,126.0,28.0,72,0.4166666666666667
newspaper_9bb9e05d38b370251a4b0a8d070d1d55_1.jpg,simplified_chinese,other_layout,v1.5,newspaper,72,132,64,64,63,63,61,61,60,60,59,59,57,57,51,51,43,43,31,31,10,10,70,130,69,129,67,127,66,126,65,125,63,123,58,118,48,105,36,93,14,66,70,69,826.0,6361.0,826.0,5999.0,127.0,34.0,66,0.208955223880597
newspaper_9eafddb83b0f7f99c42ff364b080e2c1_1.jpg,simplified_chinese,other_layout,v1.5,newspaper,110,253,74,74,72,72,66,66,64,64,62,62,55,55,50,50,41,41,26,26,3,3,103,233,100,223,93,213,91,211,88,205,82,199,78,195,68,184,49,156,8,28,96,86,1452.0,7927.0,1452.0,7551.0,129.0,41.0,88,0.42857142857142855
newspaper_Chicago Tribune_0801@magazinesclubnew_page_015.png,english,other_layout,v1.5,newspaper,33,36,27,27,27,27,27,27,26,26,25,25,23,23,20,20,18,18,14,14,11,11,32,34,32,34,30,33,29,32,28,31,27,30,24,27,22,25,18,21,11,14,28,26,510.0,32007.0,510.0,31878.0,401.0,5269.0,24,0.4444444444444444
newspaper_Chicago Tribune_0801@magazinesclubnew_page_019.png,english,other_layout,v1.5,newspaper,102,306,47,47,46,46,46,46,44,44,42,42,41,41,35,35,30,30,12,12,1,1,97,301,96,300,94,282,91,271,89,269,88,268,81,206,73,200,52,181,3,54,56,42,449.0,7783.0,449.0,7425.0,160.0,1232.0,45,0.18181818181818182
newspaper_Chicago Tribune_0801@magazinesclubnew_page_032.png,english,other_layout,v1.5,newspaper,59,56,52,52,51,51,49,49,49,49,49,49,47,47,43,43,39,39,33,33,8,8,57,53,56,52,55,51,55,51,55,51,54,50,48,45,43,41,35,34,8,8,52,47,356.0,9978.0,356.0,9682.0,116.0,1706.0,47,0.0
newspaper_Daily Mail_2022-08-01@magazinesclubnew_page_009.png,english,other_layout,v1.5,newspaper,58,83,51,51,50,50,49,49,49,49,46,46,45,45,44,44,41,41,32,32,19,19,56,81,55,80,53,77,53,77,50,74,48,69,47,68,44,65,35,56,21,38,56,52,307.0,9544.0,307.0,9405.0,163.0,1619.0,52,0.20754716981132076
newspaper_Daily Mail_2022-08-01@magazinesclubnew_page_068.png,english,other_layout,v1.5,newspaper,38,38,36,36,36,36,36,36,36,36,35,35,35,35,29,29,27,27,22,22,6,6,36,36,36,36,36,36,36,36,35,35,35,35,29,29,27,27,22,22,6,6,36,35,188.0,4699.0,188.0,4517.0,46.0,784.0,33,0.11428571428571428
newspaper_Daily Mirror 2025-1-8@magazinesclubnew_page_029.png,english,other_layout,v1.5,newspaper,39,33,22,22,22,22,20,20,19,19,17,17,15,15,15,15,14,14,12,12,2,2,35,26,35,26,34,25,33,24,33,24,32,23,32,23,29,18,27,16,2,2,21,18,270.0,2522.0,270.0,2440.0,78.0,422.0,21,0.1
newspaper_Daily Mirror 2025-1-8@magazinesclubnew_page_034.png,english,other_layout,v1.5,newspaper,51,61,44,44,43,43,43,43,43,43,40,40,39,39,37,37,30,30,24,24,7,7,50,60,49,59,49,59,49,59,48,58,45,56,43,54,34,43,26,31,8,11,49,45,309.0,4903.0,309.0,4816.0,152.0,835.0,45,0.30434782608695654
newspaper_Daily Mirror 2025-1-8@magazinesclubnew_page_058.png,english,other_layout,v1.5,newspaper,83,117,32,32,30,30,28,28,25,25,23,23,22,22,16,16,11,11,6,6,1,1,75,97,75,97,75,97,74,96,72,93,68,85,59,67,54,61,43,37,3,7,44,38,342.0,3048.0,342.0,2791.0,93.0,506.0,38,0.5714285714285714
newspaper_Daily Star 2025-1-8@magazinesclubnew_page_060.png,english,other_layout,v1.5,newspaper,16,20,10,10,10,10,10,10,10,10,10,10,10,10,7,7,6,6,4,4,4,4,15,18,15,18,15,18,15,18,15,18,15,18,11,9,8,7,6,5,6,5,12,4,17.0,300.0,17.0,296.0,0.0,48.0,9,0.36363636363636365
newspaper_NY Daily News_August 1@magazinesclubnew_page_007.png,english,other_layout,v1.5,newspaper,40,38,36,36,36,36,36,36,34,34,31,31,31,31,29,29,27,27,23,23,4,4,39,38,39,38,39,38,37,36,35,34,34,32,32,30,29,28,25,24,6,5,36,36,134.0,4649.0,134.0,4569.0,74.0,811.0,32,0.0
newspaper_NY Daily News_August 1@magazinesclubnew_page_020.png,english,other_layout,v1.5,newspaper,46,43,41,41,41,41,40,40,39,39,38,38,37,37,37,37,36,36,32,32,14,14,46,43,46,43,46,43,45,42,44,41,43,40,43,40,42,39,34,33,14,14,41,41,117.0,5422.0,117.0,5381.0,85.0,910.0,36,0.10256410256410256
newspaper_The Globe and Mail - 2025-1-8@magazinesclubnew_page_003.png,english,other_layout,v1.5,newspaper,34,56,30,30,30,30,30,30,27,27,25,25,25,25,24,24,24,24,21,21,10,10,33,55,33,55,32,43,30,41,28,39,28,39,27,38,27,38,23,23,10,10,32,27,264.0,5827.0,264.0,5699.0,120.0,910.0,28,0.06666666666666667
newspaper_The Globe and Mail - 2025-1-8@magazinesclubnew_page_014.png,english,other_layout,v1.5,newspaper,111,632,63,63,59,59,52,52,48,48,45,45,41,41,31,31,24,24,16,16,3,3,95,613,93,611,86,603,80,597,73,590,64,578,49,562,40,549,26,537,7,502,70,53,295.0,4396.0,295.0,4233.0,81.0,726.0,59,0.2972972972972973
newspaper_The Globe and Mail - 2025-1-8@magazinesclubnew_page_018.png,english,other_layout,v1.5,newspaper,77,87,69,69,69,69,68,68,68,68,66,66,63,63,58,58,50,50,36,36,10,10,75,84,75,84,75,84,75,84,74,83,70,78,64,71,56,63,39,48,10,10,71,68,819.0,14692.0,819.0,14277.0,277.0,2307.0,68,0.14285714285714285
newspaper_The Globe and Mail - 2025-1-8@magazinesclubnew_page_027.png,english,other_layout,v1.5,newspaper,52,62,40,40,38,38,36,36,34,34,33,33,32,32,29,29,24,24,18,18,5,5,50,60,49,59,45,52,43,50,43,50,41,47,37,44,33,40,23,25,9,7,44,41,374.0,6021.0,374.0,5722.0,156.0,968.0,38,0.25
newspaper_The Guardian UK_0801@magazinesclubnew_page_048.png,english,other_layout,v1.5,newspaper,23,22,21,21,21,21,21,21,21,21,20,20,19,19,17,17,14,14,11,11,6,6,23,22,23,22,23,22,23,22,22,21,21,20,19,18,16,15,12,11,8,7,21,18,153.0,4566.0,153.0,4437.0,43.0,726.0,15,0.0
newspaper_The Guardian UK_0801@magazinesclubnew_page_051.png,english,other_layout,v1.5,newspaper,46,42,39,39,39,39,38,38,37,37,36,36,34,34,33,33,32,32,29,29,17,17,45,40,45,40,45,40,44,39,43,38,42,37,41,36,40,35,34,31,21,19,39,35,203.0,9173.0,203.0,9013.0,115.0,1464.0,34,0.0
newspaper_The Guardian UK_0801@magazinesclubnew_page_052.png,english,other_layout,v1.5,newspaper,56,102,47,47,47,47,44,44,43,43,40,40,36,36,32,32,23,23,18,18,7,7,54,100,54,100,51,97,49,94,45,89,41,85,35,80,26,72,20,65,8,11,50,43,220.0,2541.0,220.0,2354.0,84.0,440.0,39,0.10526315789473684
newspaper_The Guardian UK_0801@magazinesclubnew_page_061.png,english,other_layout,v1.5,newspaper,40,37,36,36,35,35,35,35,35,35,35,35,34,34,33,33,33,33,30,30,16,16,39,37,39,37,39,37,39,37,39,37,38,36,37,35,37,35,35,33,19,17,36,34,243.0,9800.0,243.0,9590.0,296.0,1506.0,32,0.058823529411764705
newspaper_The Times UK_0801@magazinesclubnew_page_001.png,english,other_layout,v1.5,newspaper,44,44,43,43,43,43,43,43,43,43,43,43,42,42,41,41,37,37,28,28,11,11,44,44,44,44,44,44,44,44,44,44,43,43,42,42,39,39,30,30,15,15,43,43,115.0,5980.0,115.0,5900.0,105.0,921.0,41,0.0
newspaper_The Times UK_0801@magazinesclubnew_page_020.png,english,other_layout,v1.5,newspaper,64,64,59,59,59,59,59,59,59,59,58,58,56,56,52,52,48,48,35,35,19,19,61,62,61,62,61,62,61,62,60,61,59,60,53,54,49,50,36,37,19,19,59,54,172.0,11975.0,172.0,11866.0,71.0,2000.0,54,0.35714285714285715
newspaper_The Times UK_0801@magazinesclubnew_page_031.png,english,other_layout,v1.5,newspaper,59,55,55,55,55,55,52,52,52,52,51,51,50,50,44,44,41,41,36,36,12,12,59,55,59,55,57,53,57,53,56,52,53,50,47,44,45,42,40,37,16,13,55,52,363.0,12296.0,363.0,12020.0,157.0,2045.0,51,0.5272727272727272
newspaper_The Times UK_0801@magazinesclubnew_page_083.png,english,other_layout,v1.5,newspaper,66,71,55,55,52,52,48,48,43,43,37,37,35,35,29,29,22,22,19,19,1,1,63,69,61,67,58,63,54,59,49,54,48,53,42,46,33,33,28,26,3,2,59,49,209.0,3422.0,209.0,3276.0,54.0,519.0,49,0.047619047619047616
newspaper_The Wall Street Journal - 2025-01-08@magazinesclubnew_page_004.png,english,other_layout,v1.5,newspaper,110,219,83,83,81,81,80,80,78,78,76,76,73,73,65,65,53,53,35,35,7,7,102,195,100,193,100,193,97,191,92,186,90,184,80,168,68,149,49,108,16,50,97,90,1282.0,15695.0,1282.0,14753.0,428.0,2346.0,91,0.2978723404255319
newspaper_The Wall Street Journal - 2025-01-08@magazinesclubnew_page_009.png,english,other_layout,v1.5,newspaper,83,90,77,77,76,76,69,69,67,67,62,62,60,60,53,53,45,45,27,27,13,13,81,90,80,89,77,86,75,84,69,77,69,77,64,72,53,58,33,34,15,14,79,72,928.0,11985.0,928.0,11332.0,406.0,1869.0,74,0.2571428571428571
newspaper_The Wall Street Journal - 2025-01-08@magazinesclubnew_page_018.png,english,other_layout,v1.5,newspaper,102,159,74,74,74,74,73,73,72,72,67,67,60,60,52,52,39,39,23,23,6,6,100,151,100,151,100,151,99,150,96,146,90,140,75,127,58,105,37,81,7,20,82,77,1285.0,11880.0,1285.0,10926.0,345.0,1747.0,76,0.34146341463414637
newspaper_The Wall Street Journal - 2025-01-08@magazinesclubnew_page_021.png,english,other_layout,v1.5,newspaper,62,98,52,52,49,49,49,49,47,47,47,47,44,44,39,39,37,37,21,21,2,2,58,88,55,85,55,85,54,84,54,84,52,82,46,77,43,68,27,36,4,4,56,47,470.0,8173.0,470.0,8024.0,303.0,1365.0,52,0.16666666666666666
newspaper_TheBostonGlobe-2025-1-8@magazinesclubnew_page_003.png,english,other_layout,v1.5,newspaper,82,99,71,71,69,69,66,66,63,63,61,61,57,57,53,53,48,48,33,33,10,10,77,93,75,91,73,89,71,87,67,76,64,72,62,70,54,58,37,41,10,10,74,71,1053.0,12816.0,1053.0,12065.0,371.0,1938.0,70,0.6805555555555556
newspaper_TheBostonGlobe-2025-1-8@magazinesclubnew_page_011.png,english,other_layout,v1.5,newspaper,85,101,65,65,63,63,58,58,57,57,54,54,50,50,48,48,44,44,30,30,12,12,80,98,80,98,75,93,74,92,72,90,68,86,62,81,52,74,36,58,15,13,69,59,619.0,9722.0,619.0,9140.0,316.0,1397.0,66,0.5882352941176471
newspaper_TheBostonGlobe-2025-1-8@magazinesclubnew_page_025.png,english,other_layout,v1.5,newspaper,298,887,140,140,135,135,133,133,126,126,116,116,97,97,82,82,51,51,28,28,5,5,285,873,280,867,275,859,267,848,254,831,235,809,204,781,163,721,101,614,57,454,206,101,2869.0,17066.0,2869.0,15966.0,1029.0,2723.0,186,0.6796116504854369
newspaper_TheBostonGlobe-2025-1-8@magazinesclubnew_page_033.png,english,other_layout,v1.5,newspaper,102,139,70,70,68,68,66,66,64,64,59,59,53,53,48,48,38,38,27,27,6,6,92,128,89,126,87,124,75,116,72,113,67,108,57,98,46,85,34,70,9,45,76,63,926.0,13696.0,926.0,13067.0,684.0,1891.0,70,0.33783783783783783
newspaper_TheGuardianUS-2025-1-8@magazinesclubnew_page_015.png,english,other_layout,v1.5,newspaper,60,108,53,53,50,50,49,49,48,48,46,46,42,42,39,39,34,34,25,25,7,7,58,102,54,97,54,97,53,96,51,94,47,89,44,86,39,81,30,72,7,7,58,56,928.0,9016.0,928.0,8598.0,248.0,1440.0,55,0.14814814814814814
newspaper_TheGuardianUS-2025-1-8@magazinesclubnew_page_029.png,english,other_layout,v1.5,newspaper,61,133,49,49,48,48,48,48,48,48,46,46,45,45,45,45,45,45,40,40,26,26,57,107,56,106,56,106,56,106,54,104,52,98,50,86,50,86,42,64,26,33,55,53,805.0,11448.0,805.0,10862.0,295.0,1762.0,52,0.1320754716981132
newspaper_TheGuardianUS-2025-1-8@magazinesclubnew_page_033.png,english,other_layout,v1.5,newspaper,41,182,32,32,31,31,31,31,30,30,30,30,29,29,28,28,26,26,20,20,10,10,38,155,37,154,37,154,36,153,36,153,35,152,34,151,32,149,26,143,13,81,38,36,768.0,12906.0,768.0,12357.0,256.0,2209.0,34,0.17647058823529413
newspaper_TheGuardianUS-2025-1-8@magazinesclubnew_page_041.png,english,other_layout,v1.5,newspaper,51,51,50,50,49,49,49,49,46,46,45,45,44,44,42,42,39,39,31,31,11,11,50,50,49,49,49,49,46,46,45,45,44,44,42,42,39,39,31,31,11,11,50,48,390.0,9450.0,390.0,9416.0,136.0,1557.0,46,0.0
newspaper_TheWashingtonPost-2025-01-08@magazinesclubnew_page_009.png,english,other_layout,v1.5,newspaper,62,74,55,55,54,54,51,51,50,50,49,49,47,47,44,44,37,37,30,30,11,11,58,70,57,69,55,67,55,67,54,66,53,65,50,62,41,53,31,43,12,24,56,51,654.0,9030.0,654.0,8773.0,192.0,1415.0,51,0.0
newspaper_TheWashingtonPost-2025-01-08@magazinesclubnew_page_042.png,english,other_layout,v1.5,newspaper,134,171,89,89,80,80,73,73,65,65,57,57,49,49,35,35,25,25,18,18,6,6,112,136,108,132,99,121,92,113,85,104,76,93,51,64,37,46,24,29,9,10,99,71,2495.0,38658.0,2495.0,37821.0,1893.0,6879.0,92,0.43617021276595747
newspaper_USAToday-2025-01-08@magazinesclubnew_page_012.png,english,other_layout,v1.5,newspaper,60,61,59,59,59,59,59,59,59,59,58,58,56,56,56,56,55,55,50,50,29,29,59,60,59,60,59,60,59,60,58,59,56,57,56,57,55,56,51,52,30,31,59,58,147.0,14305.0,147.0,14218.0,177.0,2217.0,56,0.07017543859649122
newspaper_USAToday-2025-01-08@magazinesclubnew_page_021.png,english,other_layout,v1.5,newspaper,56,58,56,56,54,54,53,53,50,50,47,47,44,44,43,43,35,35,23,23,7,7,56,58,54,56,53,55,50,52,48,50,45,47,45,47,37,39,23,23,7,7,56,47,205.0,6647.0,205.0,6596.0,107.0,1073.0,46,0.08
newspaper_USAToday-2025-01-08@magazinesclubnew_page_024.png,english,other_layout,v1.5,newspaper,56,56,54,54,52,52,51,51,50,50,49,49,47,47,46,46,39,39,34,34,18,18,56,54,54,52,53,51,52,50,51,49,51,49,48,47,41,40,36,35,18,18,54,50,245.0,8947.0,245.0,8845.0,138.0,1503.0,48,0.0
newspaper_a105e3b0ddb10be6a596f76407c79180_1.jpg,simplified_chinese,other_layout,v1.5,newspaper,187,318,72,72,66,66,63,63,56,56,46,46,35,35,16,16,10,10,5,5,2,2,97,137,90,124,83,111,73,92,63,82,48,62,23,31,12,16,6,10,2,2,80,56,3426.0,4334.0,3426.0,4272.0,119.0,31.0,65,0.7692307692307693
newspaper_a15057349a86850e55b084c235fa2f22_1.jpg,simplified_chinese,other_layout,v1.5,newspaper,86,223,63,63,62,62,58,58,57,57,54,54,51,51,48,48,45,45,26,26,6,6,83,210,80,182,75,174,72,172,68,166,65,163,61,160,56,150,39,124,10,52,77,71,1937.0,8976.0,1937.0,8049.0,269.0,70.0,74,0.5405405405405406
newspaper_a7666484ee01a811247e52f784164cbb_1.jpg,simplified_chinese,other_layout,v1.5,newspaper,77,117,68,68,66,66,66,66,63,63,62,62,60,60,55,55,48,48,35,35,15,15,74,113,72,111,72,111,68,97,66,94,64,92,60,88,54,81,39,55,15,15,73,63,1285.0,9885.0,1285.0,9355.0,223.0,55.0,67,0.17647058823529413
newspaper_a9c9e3816aa5cb6866d02c10273dc665_1.jpg,simplified_chinese,other_layout,v1.5,newspaper,68,66,59,59,59,59,57,57,54,54,51,51,47,47,44,44,34,34,20,20,5,5,65,61,65,61,64,60,61,57,59,55,55,51,52,48,43,39,30,26,9,8,59,53,450.0,3103.0,450.0,2922.0,43.0,19.0,47,0.11538461538461539
newspaper_b615618f3cdb0f2c13ffb5865dea799c_1.jpg,simplified_chinese,other_layout,v1.5,newspaper,189,626,100,100,90,90,78,78,66,66,55,55,49,49,39,39,28,28,19,19,6,6,161,583,153,575,143,565,133,555,120,536,110,515,96,498,75,462,60,424,16,140,147,128,8894.0,19121.0,8894.0,18375.0,666.0,140.0,144,0.9305555555555556
newspaper_b95d1d8eb0d756cc94a5d8b5db3cf69b_1.jpg,simplified_chinese,other_layout,v1.5,newspaper,70,83,62,62,61,61,57,57,54,54,52,52,52,52,47,47,42,42,21,21,8,8,70,82,70,82,66,77,61,69,58,65,58,65,51,59,46,54,24,24,10,9,66,63,495.0,4087.0,495.0,3858.0,103.0,43.0,59,0.03225806451612903
newspaper_baa51a22898f0d534a6c404ba8f12fb1_1.jpg,english,three_column,v1.5,newspaper,66,66,62,62,61,61,60,60,57,57,56,56,50,50,45,45,35,35,24,24,13,13,66,66,66,66,66,66,64,64,64,64,58,58,53,53,43,43,30,31,14,15,62,54,215.0,5820.0,215.0,5787.0,113.0,875.0,60,0.0
newspaper_baa51a22898f0d534a6c404ba8f12fb1_2.jpg,english,three_column,v1.5,newspaper,56,66,53,53,50,50,50,50,50,50,48,48,44,44,41,41,32,32,24,24,11,11,56,66,56,66,56,66,56,66,55,65,53,63,50,60,41,51,32,41,16,21,55,53,231.0,5480.0,231.0,5422.0,160.0,801.0,53,0.03773584905660377
newspaper_bd75af5f4791aa56ef05ce2443e8a7e0_1.jpg,simplified_chinese,other_layout,v1.5,newspaper,79,134,62,62,61,61,61,61,60,60,59,59,56,56,52,52,50,50,37,37,8,8,77,132,76,131,76,131,75,130,72,128,69,123,63,118,59,115,44,101,12,49,68,58,1128.0,6835.0,1128.0,6359.0,136.0,34.0,61,0.34375
newspaper_bf784eedb0c377adb9a0f286954af785_1.jpg,english,three_column,v1.5,newspaper,60,61,57,57,57,57,56,56,54,54,50,50,44,44,40,40,30,30,19,19,6,6,60,61,60,61,59,60,57,58,53,54,45,47,42,44,31,32,20,21,6,6,58,55,130.0,5712.0,130.0,5705.0,80.0,846.0,56,0.0
newspaper_bf784eedb0c377adb9a0f286954af785_2.jpg,english,other_layout,v1.5,newspaper,35,32,28,28,28,28,28,28,28,28,24,24,24,24,22,22,20,20,16,16,11,11,35,32,35,32,35,32,35,32,32,29,32,29,30,27,28,25,24,21,18,14,28,25,15.0,3815.0,15.0,3812.0,15.0,544.0,25,0.14285714285714285
newspaper_c0794b9574ba55a589418fa1ae160b9a_1.jpg,simplified_chinese,other_layout,v1.5,newspaper,109,121,102,102,101,101,96,96,95,95,91,91,89,89,84,84,74,74,50,50,8,8,106,119,105,118,101,114,100,113,96,108,94,106,88,99,79,90,54,61,9,10,104,96,799.0,6331.0,799.0,5926.0,248.0,107.0,99,0.4158415841584158
newspaper_c3c88b76543e2caf044c9f7689f23ec9_1.jpg,simplified_chinese,other_layout,v1.5,newspaper,120,224,90,90,88,88,82,82,76,76,69,69,65,65,60,60,53,53,33,33,11,11,107,185,106,184,100,176,93,170,79,122,75,117,68,108,61,74,38,46,11,12,98,94,2037.0,8473.0,2037.0,7563.0,115.0,31.0,93,0.6947368421052632
newspaper_c79c0c10a5df54b21bccad8f64063ffa_1.jpg,simplified_chinese,other_layout,v1.5,newspaper,70,85,63,63,61,61,55,55,54,54,50,50,45,45,42,42,36,36,21,21,11,11,66,76,64,74,62,72,62,72,57,66,53,62,49,55,43,48,25,29,11,11,65,60,905.0,5374.0,905.0,4927.0,104.0,40.0,61,0.3492063492063492
newspaper_c8e8e00e1b1a70aa44afd1fbdaf59430_1.jpg,simplified_chinese,other_layout,v1.5,newspaper,84,139,71,71,71,71,67,67,64,64,62,62,59,59,53,53,43,43,26,26,4,4,81,133,81,133,78,130,75,127,73,123,70,120,64,114,55,105,33,75,8,45,79,74,818.0,6224.0,818.0,5833.0,152.0,45.0,69,0.02702702702702703
newspaper_c9147e07a59fdd1194da22f2ec07dd1c_1.jpg,simplified_chinese,other_layout,v1.5,newspaper,84,122,64,64,58,58,53,53,53,53,49,49,45,45,41,41,33,33,23,23,9,9,80,115,79,114,74,110,74,110,70,106,66,102,60,97,50,78,34,65,8,9,72,62,757.0,4713.0,757.0,4302.0,23.0,7.0,59,0.4927536231884058
newspaper_c9e9b3e7b8a5f5a5b59304a9924c41b9_1.jpg,simplified_chinese,other_layout,v1.5,newspaper,82,194,66,66,62,62,60,60,60,60,57,57,55,55,50,50,38,38,27,27,9,9,77,191,73,187,72,186,72,186,69,181,68,180,63,175,52,156,42,146,17,86,75,71,1796.0,9407.0,1796.0,8694.0,222.0,51.0,70,0.5492957746478874
newspaper_d1716a12000a38e1e4c0bf66309558db_1.jpg,simplified_chinese,other_layout,v1.5,newspaper,94,181,71,71,70,70,68,68,68,68,61,61,54,54,47,47,37,37,28,28,9,9,88,164,85,146,83,139,81,137,75,131,69,125,57,111,45,79,34,62,9,9,84,74,1028.0,7641.0,1028.0,7309.0,115.0,50.0,76,0.16455696202531644
newspaper_d4ed0f39df940849b16439f49873ff5c_1.jpg,english,three_column,v1.5,newspaper,35,46,30,30,30,30,27,27,27,27,26,26,21,21,20,20,16,16,15,15,7,7,35,46,35,46,33,44,33,44,32,43,27,38,26,37,22,33,18,24,9,13,35,33,106.0,6403.0,106.0,6380.0,78.0,914.0,33,0.0
newspaper_d6cd76e5afe881630173bd4921531a4b_1.jpg,simplified_chinese,other_layout,v1.5,newspaper,77,135,62,62,60,60,60,60,57,57,55,55,52,52,49,49,43,43,30,30,9,9,76,134,73,129,73,129,72,128,69,113,62,103,58,97,51,88,37,73,11,32,73,59,874.0,6077.0,874.0,5756.0,147.0,50.0,68,0.14285714285714285
newspaper_d7fe1132386670993aae3dabc6247bc9_1.jpg,english,three_column,v1.5,newspaper,41,40,32,32,31,31,31,31,30,30,27,27,27,27,25,25,23,23,18,18,11,11,41,40,41,40,41,40,40,39,37,36,37,36,35,34,34,33,28,28,19,19,33,32,177.0,5661.0,177.0,5569.0,94.0,824.0,32,0.375
newspaper_d7fe1132386670993aae3dabc6247bc9_2.jpg,english,three_column,v1.5,newspaper,48,46,40,40,40,40,38,38,34,34,31,31,25,25,22,22,16,16,12,12,10,10,48,46,48,46,48,46,44,42,41,39,36,34,34,32,25,26,19,20,13,13,40,33,248.0,6133.0,248.0,5953.0,92.0,886.0,38,0.0
newspaper_d84e38031cf03d3fd4649910cf0ecce1_1.jpg,simplified_chinese,other_layout,v1.5,newspaper,73,137,60,60,60,60,56,56,56,56,55,55,53,53,50,50,47,47,28,28,12,12,68,131,68,131,65,128,64,126,63,125,61,123,57,115,55,113,34,92,18,67,68,65,1034.0,6165.0,1034.0,5730.0,109.0,21.0,62,0.0625
newspaper_dd99f17cad0992a54fdf424b1c5e86ee_1.jpg,simplified_chinese,other_layout,v1.5,newspaper,87,119,75,75,73,73,73,73,71,71,70,70,65,65,61,61,55,55,36,36,8,8,85,115,82,109,80,108,78,106,77,105,74,102,70,95,64,88,41,62,9,17,83,78,990.0,6665.0,990.0,6242.0,190.0,69.0,78,0.16455696202531644
newspaper_e3842a5681ef54c62a58804adec06c3f_1.jpg,simplified_chinese,other_layout,v1.5,newspaper,65,130,57,57,57,57,52,52,48,48,45,45,40,40,40,40,36,36,25,25,13,13,62,121,62,121,58,117,53,107,50,104,45,97,45,97,39,92,29,69,15,51,61,56,997.0,7520.0,997.0,7115.0,297.0,84.0,54,0.5
newspaper_e567840b2e327602422573ccdc1c4275_1.jpg,simplified_chinese,other_layout,v1.5,newspaper,72,104,66,66,66,66,65,65,63,63,61,61,58,58,55,55,53,53,36,36,13,13,72,102,72,102,72,102,69,96,67,94,62,89,59,86,57,84,42,69,17,30,70,66,865.0,6556.0,865.0,6120.0,233.0,62.0,65,0.0
newspaper_e6083de4647ef28434cb6a598b073ae4_1.jpg,simplified_chinese,other_layout,v1.5,newspaper,58,84,52,52,49,49,49,49,47,47,46,46,46,46,45,45,41,41,32,32,9,9,57,83,55,81,55,81,52,74,51,73,51,73,50,72,46,68,36,56,10,31,55,50,756.0,6184.0,756.0,5825.0,184.0,48.0,49,0.0392156862745098
newspaper_e62730aaeb9b509119e0c3699ac18201_1.jpg,simplified_chinese,other_layout,v1.5,newspaper,92,247,70,70,67,67,63,63,62,62,58,58,54,54,44,44,35,35,18,18,9,9,88,233,82,210,75,182,72,177,70,175,68,173,56,159,47,149,28,118,14,69,84,69,1895.0,9018.0,1895.0,8312.0,95.0,27.0,77,0.625
newspaper_e6cb1ce916e0b7e120c84db53541a3d3_1.jpg,english,three_column,v1.5,newspaper,31,39,28,28,28,28,28,28,26,26,26,26,25,25,24,24,23,23,19,19,13,13,31,39,31,39,31,39,30,38,30,38,29,37,28,36,27,35,22,29,16,23,31,30,202.0,6618.0,202.0,6574.0,137.0,981.0,29,0.0
newspaper_e6ddb0246224fb8bd8788e6cc7839021_1.jpg,simplified_chinese,other_layout,v1.5,newspaper,156,163,129,129,129,129,125,125,110,110,101,101,96,96,90,90,67,67,47,47,14,14,149,156,149,156,147,154,136,142,129,135,124,129,113,119,90,96,61,68,14,14,134,129,1974.0,10579.0,1974.0,9817.0,130.0,52.0,131,0.16793893129770993
newspaper_e7246d706077d2064a6e667dfc73925e_1.jpg,simplified_chinese,other_layout,v1.5,newspaper,88,100,83,83,83,83,83,83,81,81,74,74,70,70,64,64,53,53,35,35,9,9,87,98,87,98,87,98,84,92,78,86,74,82,68,76,56,61,36,42,9,9,86,81,929.0,6938.0,929.0,6519.0,165.0,44.0,81,0.024390243902439025
newspaper_e81b9b3561d4d4e865ff6713782fd432_1.jpg,simplified_chinese,other_layout,v1.5,newspaper,89,97,81,81,81,81,78,78,76,76,73,73,66,66,61,61,54,54,35,35,13,13,87,91,87,91,84,88,82,86,77,82,70,70,65,65,59,59,41,41,17,18,83,74,1221.0,6161.0,1221.0,5650.0,112.0,34.0,82,0.0963855421686747
newspaper_eb569707cf5621d4c71d5898216cdb17_1.jpg,simplified_chinese,other_layout,v1.5,newspaper,74,160,62,62,61,61,59,59,58,58,51,51,49,49,46,46,43,43,33,33,12,12,74,160,74,160,73,159,70,151,64,145,62,143,59,140,54,134,45,116,19,67,73,59,1073.0,7240.0,1073.0,6771.0,135.0,50.0,72,0.2054794520547945
newspaper_ef5c785d9cc21ccf6b73d143f231b5c5_1.jpg,simplified_chinese,other_layout,v1.5,newspaper,348,201,139,139,129,129,100,100,69,69,53,53,38,38,35,35,28,28,19,19,6,6,340,192,331,183,304,156,254,123,239,108,214,83,210,80,171,67,139,52,55,20,141,133,899.0,7874.0,899.0,7545.0,110.0,26.0,138,0.6884057971014492
newspaper_f1de032fb6a25cf85c85c15cb2d2a63a_1.jpg,simplified_chinese,other_layout,v1.5,newspaper,105,190,80,80,77,77,76,76,70,70,64,64,61,61,53,53,51,51,33,33,15,15,99,179,95,170,95,170,89,162,84,156,78,148,70,140,65,127,45,95,18,42,91,83,1977.0,10091.0,1977.0,9311.0,102.0,23.0,86,0.6666666666666666
newspaper_f36d00fe3544ae72725aac9dc7f19aa8_1.jpg,simplified_chinese,other_layout,v1.5,newspaper,89,237,65,65,63,63,62,62,62,62,62,62,57,57,52,52,48,48,33,33,10,10,84,211,78,192,78,192,77,188,74,164,68,151,61,133,54,110,40,82,11,23,82,73,1541.0,8398.0,1541.0,7822.0,190.0,65.0,79,0.25
newspaper_fe2c8b45b2a086cd75984640bb3080e1_1.jpg,simplified_chinese,other_layout,v1.5,newspaper,72,174,44,44,43,43,41,41,38,38,37,37,36,36,33,33,28,28,15,15,2,2,63,163,63,163,61,151,58,148,56,141,55,140,52,136,46,129,29,83,5,50,55,48,977.0,5241.0,977.0,4903.0,164.0,40.0,51,0.6538461538461539
newspaper_fe5ed29024932fad071afc53807b16ba_1.jpg,english,three_column,v1.5,newspaper,33,31,31,31,30,30,29,29,26,26,23,23,21,21,20,20,18,18,14,14,7,7,33,31,32,30,32,30,30,28,27,25,25,23,24,22,22,20,16,15,9,8,31,27,347.0,6646.0,347.0,6404.0,118.0,991.0,29,0.0
newspaper_fe5ed29024932fad071afc53807b16ba_2.jpg,english,three_column,v1.5,newspaper,23,23,23,23,23,23,23,23,23,23,23,23,22,22,18,18,15,15,14,14,9,9,23,23,23,23,23,23,23,23,23,23,22,22,18,18,15,15,14,14,9,9,23,21,62.0,6427.0,62.0,6425.0,43.0,1034.0,19,0.17391304347826086
newspaper_fe5ed29024932fad071afc53807b16ba_3.jpg,english,three_column,v1.5,newspaper,18,18,18,18,18,18,18,18,17,17,17,17,17,17,16,16,15,15,14,14,11,11,18,18,18,18,18,18,17,17,17,17,17,17,16,16,15,15,14,14,11,11,18,18,130.0,7666.0,130.0,7594.0,63.0,1206.0,16,0.0
newspaper_fe5ed29024932fad071afc53807b16ba_4.jpg,english,other_layout,v1.5,newspaper,17,18,16,16,16,16,16,16,16,16,15,15,15,15,15,15,13,13,12,12,11,11,17,18,17,18,17,18,17,18,16,17,16,17,16,17,14,15,12,12,11,11,17,15,34.0,5347.0,34.0,5346.0,29.0,837.0,14,0.23529411764705882
newspaper_fe5ed29024932fad071afc53807b16ba_5.jpg,english,three_column,v1.5,newspaper,32,33,30,30,29,29,29,29,29,29,28,28,26,26,22,22,19,19,16,16,12,12,32,33,32,33,32,33,32,33,31,32,29,30,25,26,22,23,17,19,12,12,31,31,163.0,6731.0,163.0,6632.0,86.0,1015.0,29,0.0
notes_1ba14cb325bc448f7201b20502ecf2b5_10.jpg,simplified_chinese,single_column,v1.5,note,24,27,14,14,11,11,9,9,3,3,3,3,2,2,1,1,0,0,0,0,0,0,18,23,15,20,13,18,7,12,7,12,6,11,5,10,3,7,0,0,0,0,18,16,174.0,589.0,174.0,586.0,18.0,16.0,17,0.0
notes_1ba14cb325bc448f7201b20502ecf2b5_100.jpg,simplified_chinese,single_column,v1.5,note,16,4,0,0,0,0,0,0,0,0,0,0,0,0,0,0,0,0,0,0,0,0,15,3,15,3,14,1,14,1,14,1,14,1,14,1,14,1,0,0,0,0,1,1,0.0,0.0,0.0,0.0,0.0,0.0,0,
notes_1ba14cb325bc448f7201b20502ecf2b5_101.jpg,simplified_chinese,single_column,v1.5,note,18,18,15,15,15,15,15,15,14,14,14,14,14,14,12,12,11,11,4,4,2,2,17,16,17,16,17,16,16,15,16,15,16,15,14,13,13,12,6,5,2,2,15,13,119.0,470.0,119.0,458.0,18.0,24.0,14,0.0
notes_1ba14cb325bc448f7201b20502ecf2b5_102.jpg,simplified_chinese,single_column,v1.5,note,18,3,1,1,1,1,1,1,0,0,0,0,0,0,0,0,0,0,0,0,0,0,18,3,18,3,18,3,17,2,17,2,17,2,17,2,17,2,17,2,0,0,1,1,0.0,0.0,0.0,0.0,0.0,0.0,0,
notes_1ba14cb325bc448f7201b20502ecf2b5_103.jpg,simplified_chinese,single_column,v1.5,note,20,20,17,17,17,17,17,17,16,16,16,16,14,14,8,8,5,5,2,2,1,1,19,18,19,18,19,18,18,17,18,17,16,15,10,9,7,6,4,3,1,1,17,15,95.0,385.0,95.0,371.0,15.0,11.0,16,0.0
notes_1ba14cb325bc448f7201b20502ecf2b5_104.jpg,simplified_chinese,single_column,v1.5,note,18,4,1,1,1,1,1,1,0,0,0,0,0,0,0,0,0,0,0,0,0,0,18,4,18,4,18,4,17,3,17,3,17,3,16,1,0,0,0,0,0,0,2,1,0.0,0.0,0.0,0.0,0.0,0.0,0,
notes_1ba14cb325bc448f7201b20502ecf2b5_11.jpg,simplified_chinese,single_column,v1.5,note,7,3,1,1,1,1,0,0,0,0,0,0,0,0,0,0,0,0,0,0,0,0,1,1,1,1,0,0,0,0,0,0,0,0,0,0,0,0,0,0,0,0,1,1,0.0,0.0,0.0,0.0,0.0,0.0,0,
notes_1ba14cb325bc448f7201b20502ecf2b5_118.jpg,simplified_chinese,single_column,v1.5,note,8,5,1,1,1,1,1,1,1,1,1,1,0,0,0,0,0,0,0,0,0,0,1,1,1,1,1,1,1,1,1,1,0,0,0,0,0,0,0,0,0,0,1,1,0.0,0.0,0.0,0.0,0.0,0.0,0,
notes_1ba14cb325bc448f7201b20502ecf2b5_119.jpg,simplified_chinese,single_column,v1.5,note,26,4,1,1,1,1,1,1,1,1,1,1,1,1,0,0,0,0,0,0,0,0,25,2,25,2,25,2,25,2,1,1,1,1,0,0,0,0,0,0,0,0,1,1,0.0,0.0,0.0,0.0,0.0,0.0,0,
notes_1ba14cb325bc448f7201b20502ecf2b5_12.jpg,simplified_chinese,single_column,v1.5,note,18,35,15,15,13,13,13,13,12,12,9,9,8,8,5,5,5,5,4,4,1,1,18,35,17,34,16,32,15,31,12,28,11,27,8,23,8,23,7,22,1,1,18,11,203.0,459.0,203.0,455.0,24.0,29.0,15,0.0
notes_1ba14cb325bc448f7201b20502ecf2b5_120.jpg,simplified_chinese,single_column,v1.5,note,8,10,7,7,7,7,7,7,7,7,6,6,5,5,2,2,2,2,1,1,0,0,7,7,7,7,7,7,7,7,6,6,5,5,2,2,2,2,1,1,0,0,7,7,16.0,119.0,16.0,111.0,14.0,12.0,6,0.0
notes_1ba14cb325bc448f7201b20502ecf2b5_121.jpg,simplified_chinese,single_column,v1.5,note,26,4,1,1,1,1,1,1,1,1,1,1,1,1,0,0,0,0,0,0,0,0,25,2,25,2,1,1,1,1,1,1,1,1,0,0,0,0,0,0,0,0,1,1,0.0,0.0,0.0,0.0,0.0,0.0,0,
notes_1ba14cb325bc448f7201b20502ecf2b5_122.jpg,simplified_chinese,single_column,v1.5,note,27,4,1,1,1,1,1,1,0,0,0,0,0,0,0,0,0,0,0,0,0,0,26,2,26,2,26,2,25,1,0,0,0,0,0,0,0,0,0,0,0,0,1,1,0.0,0.0,0.0,0.0,0.0,0.0,0,
notes_1ba14cb325bc448f7201b20502ecf2b5_123.jpg,simplified_chinese,single_column,v1.5,note,9,8,6,6,5,5,4,4,4,4,4,4,4,4,3,3,2,2,2,2,2,2,8,6,7,5,7,5,7,5,7,5,7,5,6,4,5,3,5,3,5,3,6,6,222.0,734.0,222.0,547.0,0.0,0.0,5,0.0
notes_1ba14cb325bc448f7201b20502ecf2b5_124.jpg,simplified_chinese,single_column,v1.5,note,10,11,9,9,9,9,9,9,9,9,8,8,8,8,7,7,7,7,7,7,5,5,9,9,9,9,9,9,9,9,8,8,8,8,7,7,7,7,7,7,5,5,9,9,112.0,705.0,112.0,682.0,6.0,5.0,8,0.0
notes_1ba14cb325bc448f7201b20502ecf2b5_125.jpg,simplified_chinese,single_column,v1.5,note,8,9,7,7,7,7,7,7,7,7,7,7,7,7,6,6,4,4,4,4,2,2,7,7,7,7,7,7,7,7,7,7,7,7,6,6,4,4,4,4,2,2,7,7,104.0,772.0,104.0,748.0,5.0,4.0,6,0.0
notes_1ba14cb325bc448f7201b20502ecf2b5_126.jpg,simplified_chinese,single_column,v1.5,note,6,7,5,5,5,5,5,5,5,5,5,5,4,4,4,4,4,4,4,4,2,2,5,5,5,5,5,5,5,5,5,5,4,4,4,4,4,4,4,4,2,2,5,5,101.0,804.0,101.0,786.0,4.0,2.0,4,0.0
notes_1ba14cb325bc448f7201b20502ecf2b5_13.jpg,simplified_chinese,single_column,v1.5,note,10,13,7,7,7,7,7,7,6,6,6,6,6,6,5,5,4,4,2,2,1,1,8,10,8,10,8,10,7,9,7,9,7,9,6,8,5,7,3,5,1,1,8,6,56.0,258.0,56.0,254.0,17.0,17.0,7,0.0
notes_1ba14cb325bc448f7201b20502ecf2b5_14.jpg,simplified_chinese,single_column,v1.5,note,4,12,0,0,0,0,0,0,0,0,0,0,0,0,0,0,0,0,0,0,0,0,2,6,2,6,2,6,2,6,2,6,2,6,2,6,2,6,1,3,0,0,2,2,45.0,126.0,45.0,126.0,10.0,9.0,2,0.0
notes_1ba14cb325bc448f7201b20502ecf2b5_15.jpg,simplified_chinese,single_column,v1.5,note,18,20,16,16,16,16,16,16,16,16,14,14,12,12,12,12,7,7,1,1,1,1,17,18,17,18,16,16,16,16,14,14,12,12,12,12,7,7,1,1,1,1,17,14,85.0,369.0,85.0,362.0,13.0,18.0,15,0.0
notes_1ba14cb325bc448f7201b20502ecf2b5_16.jpg,simplified_chinese,single_column,v1.5,note,23,4,1,1,0,0,0,0,0,0,0,0,0,0,0,0,0,0,0,0,0,0,23,4,22,3,22,3,22,3,21,1,21,1,21,1,21,1,0,0,0,0,2,2,0.0,0.0,0.0,0.0,0.0,0.0,0,
notes_1ba14cb325bc448f7201b20502ecf2b5_30.jpg,simplified_chinese,single_column,v1.5,note,10,21,9,9,9,9,8,8,7,7,7,7,7,7,7,7,5,5,1,1,0,0,10,19,10,19,9,18,9,18,9,18,9,18,8,14,6,12,1,1,0,0,10,5,55.0,145.0,55.0,145.0,9.0,14.0,7,0.0
notes_1ba14cb325bc448f7201b20502ecf2b5_31.jpg,simplified_chinese,single_column,v1.5,note,11,12,10,10,10,10,10,10,10,10,10,10,9,9,6,6,4,4,2,2,0,0,10,10,10,10,10,10,10,10,10,10,9,9,6,6,4,4,2,2,0,0,10,9,124.0,237.0,124.0,235.0,17.0,17.0,8,0.0
notes_1ba14cb325bc448f7201b20502ecf2b5_32.jpg,simplified_chinese,single_column,v1.5,note,19,27,14,14,13,13,10,10,5,5,3,3,2,2,1,1,0,0,0,0,0,0,18,23,17,22,14,19,9,14,7,12,6,11,5,10,4,9,3,7,0,0,18,14,97.0,511.0,97.0,508.0,33.0,33.0,17,0.0
notes_1ba14cb325bc448f7201b20502ecf2b5_33.jpg,simplified_chinese,single_column,v1.5,note,13,15,12,12,12,12,12,12,10,10,9,9,8,8,7,7,7,7,7,7,1,1,12,12,12,12,12,12,10,10,9,9,8,8,7,7,7,7,7,7,1,1,12,10,67.0,175.0,67.0,173.0,8.0,10.0,8,0.0
notes_1ba14cb325bc448f7201b20502ecf2b5_34.jpg,simplified_chinese,single_column,v1.5,note,23,4,2,2,2,2,2,2,0,0,0,0,0,0,0,0,0,0,0,0,0,0,23,4,23,4,23,4,22,3,22,3,22,3,22,3,21,1,0,0,0,0,2,2,0.0,0.0,0.0,0.0,0.0,0.0,0,
notes_1ba14cb325bc448f7201b20502ecf2b5_35.jpg,simplified_chinese,single_column,v1.5,note,10,12,9,9,9,9,9,9,8,8,8,8,7,7,6,6,6,6,2,2,0,0,9,9,9,9,9,9,8,8,8,8,7,7,6,6,6,6,2,2,0,0,9,6,19.0,161.0,19.0,159.0,9.0,13.0,6,0.0
notes_1ba14cb325bc448f7201b20502ecf2b5_36.jpg,simplified_chinese,single_column,v1.5,note,10,11,9,9,9,9,8,8,8,8,7,7,7,7,7,7,5,5,3,3,0,0,9,9,9,9,8,8,8,8,7,7,7,7,7,7,5,5,3,3,0,0,9,5,1.0,68.0,1.0,68.0,2.0,10.0,5,0.0
notes_1ba14cb325bc448f7201b20502ecf2b5_37.jpg,simplified_chinese,single_column,v1.5,note,13,14,12,12,12,12,12,12,12,12,12,12,11,11,7,7,5,5,3,3,2,2,12,12,12,12,12,12,12,12,12,12,11,11,7,7,5,5,3,3,2,2,12,11,48.0,286.0,48.0,279.0,14.0,12.0,10,0.0
notes_1ba14cb325bc448f7201b20502ecf2b5_38.jpg,simplified_chinese,single_column,v1.5,note,18,30,12,12,10,10,9,9,6,6,6,6,3,3,1,1,0,0,0,0,0,0,17,28,15,26,14,25,11,22,11,22,8,19,6,17,3,12,1,8,0,0,17,6,135.0,474.0,135.0,470.0,21.0,24.0,15,0.0
notes_1ba14cb325bc448f7201b20502ecf2b5_52.jpg,simplified_chinese,single_column,v1.5,note,12,18,8,8,8,8,8,8,7,7,5,5,4,4,2,2,1,1,0,0,0,0,11,14,11,14,11,14,10,13,8,11,7,10,5,8,4,7,0,0,0,0,11,10,87.0,301.0,87.0,300.0,18.0,19.0,10,0.0
notes_1ba14cb325bc448f7201b20502ecf2b5_53.jpg,simplified_chinese,single_column,v1.5,note,11,13,9,9,9,9,9,9,9,9,9,9,8,8,7,7,3,3,2,2,0,0,10,11,10,11,10,11,9,9,9,9,8,8,7,7,3,3,2,2,0,0,10,8,37.0,171.0,37.0,166.0,10.0,9.0,8,0.0
notes_1ba14cb325bc448f7201b20502ecf2b5_54.jpg,simplified_chinese,single_column,v1.5,note,11,2,1,1,0,0,0,0,0,0,0,0,0,0,0,0,0,0,0,0,0,0,11,2,10,1,10,1,10,1,10,1,0,0,0,0,0,0,0,0,0,0,1,1,0.0,0.0,0.0,0.0,0.0,0.0,0,
notes_1ba14cb325bc448f7201b20502ecf2b5_55.jpg,simplified_chinese,single_column,v1.5,note,16,17,16,16,16,16,15,15,15,15,15,15,13,13,13,13,10,10,7,7,2,2,16,17,16,17,16,17,16,17,16,17,14,15,14,15,11,12,8,9,2,2,16,13,90.0,322.0,90.0,321.0,38.0,45.0,13,0.0
notes_1ba14cb325bc448f7201b20502ecf2b5_56.jpg,simplified_chinese,single_column,v1.5,note,17,17,17,17,17,17,17,17,17,17,17,17,17,17,13,13,11,11,6,6,3,3,17,17,17,17,17,17,17,17,17,17,17,17,13,13,11,11,6,6,3,3,17,15,124.0,544.0,124.0,537.0,40.0,41.0,14,0.0
notes_1ba14cb325bc448f7201b20502ecf2b5_57.jpg,simplified_chinese,single_column,v1.5,note,3,4,2,2,2,2,2,2,1,1,1,1,1,1,0,0,0,0,0,0,0,0,2,2,2,2,2,2,1,1,1,1,1,1,0,0,0,0,0,0,0,0,2,2,0.0,0.0,0.0,0.0,0.0,0.0,0,
notes_1ba14cb325bc448f7201b20502ecf2b5_58.jpg,simplified_chinese,single_column,v1.5,note,18,20,16,16,16,16,16,16,15,15,14,14,14,14,14,14,7,7,4,4,2,2,17,18,17,18,17,18,16,17,15,16,15,16,15,16,8,9,5,6,2,2,17,17,191.0,526.0,191.0,526.0,30.0,28.0,15,0.0
notes_1ba14cb325bc448f7201b20502ecf2b5_59.jpg,simplified_chinese,single_column,v1.5,note,16,24,9,9,9,9,6,6,4,4,3,3,1,1,0,0,0,0,0,0,0,0,12,18,12,18,9,15,7,13,6,12,4,10,4,10,3,8,1,3,0,0,12,9,76.0,411.0,76.0,407.0,21.0,21.0,10,0.0
notes_1ba14cb325bc448f7201b20502ecf2b5_60.jpg,simplified_chinese,single_column,v1.5,note,13,14,12,12,12,12,12,12,12,12,11,11,10,10,10,10,8,8,5,5,0,0,12,12,12,12,12,12,12,12,11,11,10,10,10,10,8,8,5,5,0,0,12,11,101.0,355.0,101.0,352.0,14.0,14.0,10,0.0
notes_1ba14cb325bc448f7201b20502ecf2b5_74.jpg,simplified_chinese,single_column,v1.5,note,19,20,18,18,18,18,18,18,17,17,17,17,17,17,14,14,9,9,4,4,0,0,18,18,18,18,18,18,17,17,17,17,17,17,14,14,9,9,4,4,0,0,18,16,220.0,502.0,220.0,491.0,60.0,31.0,16,0.0
notes_1ba14cb325bc448f7201b20502ecf2b5_75.jpg,simplified_chinese,single_column,v1.5,note,15,16,14,14,14,14,14,14,14,14,14,14,10,10,6,6,6,6,5,5,3,3,14,14,14,14,14,14,14,14,14,14,10,10,6,6,6,6,5,5,3,3,14,11,125.0,531.0,125.0,529.0,32.0,28.0,12,0.0
notes_1ba14cb325bc448f7201b20502ecf2b5_76.jpg,simplified_chinese,single_column,v1.5,note,14,15,13,13,13,13,13,13,13,13,12,12,11,11,8,8,6,6,4,4,0,0,13,13,13,13,13,13,13,13,12,12,11,11,8,8,6,6,4,4,0,0,13,11,106.0,316.0,106.0,316.0,14.0,11.0,11,0.0
notes_1ba14cb325bc448f7201b20502ecf2b5_77.jpg,simplified_chinese,single_column,v1.5,note,18,4,1,1,1,1,1,1,1,1,1,1,0,0,0,0,0,0,0,0,0,0,17,2,17,2,17,2,17,2,17,2,16,1,16,1,16,1,16,1,0,0,1,1,0.0,0.0,0.0,0.0,0.0,0.0,0,
notes_1ba14cb325bc448f7201b20502ecf2b5_78.jpg,simplified_chinese,single_column,v1.5,note,8,10,7,7,7,7,7,7,7,7,7,7,5,5,5,5,4,4,2,2,0,0,8,10,8,10,7,7,7,7,7,7,5,5,5,5,4,4,2,2,0,0,8,4,8.0,53.0,8.0,51.0,3.0,4.0,4,0.0
notes_1ba14cb325bc448f7201b20502ecf2b5_79.jpg,simplified_chinese,single_column,v1.5,note,7,8,6,6,6,6,6,6,6,6,6,6,5,5,4,4,4,4,0,0,0,0,6,6,6,6,6,6,6,6,6,6,5,5,4,4,4,4,0,0,0,0,6,4,5.0,47.0,5.0,47.0,6.0,7.0,3,0.0
notes_1ba14cb325bc448f7201b20502ecf2b5_8.jpg,simplified_chinese,single_column,v1.5,note,23,28,20,20,19,19,15,15,9,9,6,6,1,1,1,1,0,0,0,0,0,0,21,23,20,22,16,18,11,13,8,10,2,3,2,3,0,0,0,0,0,0,21,18,127.0,422.0,127.0,417.0,34.0,36.0,19,0.0
notes_1ba14cb325bc448f7201b20502ecf2b5_80.jpg,simplified_chinese,single_column,v1.5,note,7,17,4,4,4,4,4,4,4,4,4,4,4,4,4,4,1,1,0,0,0,0,6,15,6,15,6,15,6,15,6,15,6,15,6,15,3,12,1,2,0,0,6,4,17.0,114.0,17.0,110.0,6.0,6.0,4,0.0
notes_1ba14cb325bc448f7201b20502ecf2b5_81.jpg,simplified_chinese,single_column,v1.5,note,10,11,9,9,9,9,9,9,9,9,9,9,9,9,7,7,6,6,3,3,2,2,9,9,9,9,9,9,9,9,9,9,9,9,7,7,6,6,3,3,2,2,9,8,16.0,166.0,16.0,166.0,3.0,6.0,7,0.0
notes_1ba14cb325bc448f7201b20502ecf2b5_82.jpg,simplified_chinese,single_column,v1.5,note,10,12,9,9,9,9,9,9,7,7,7,7,6,6,5,5,4,4,3,3,1,1,9,9,9,9,9,9,7,7,7,7,6,6,5,5,4,4,3,3,1,1,9,8,75.0,178.0,75.0,178.0,20.0,15.0,7,0.0
notes_1ba14cb325bc448f7201b20502ecf2b5_9.jpg,simplified_chinese,single_column,v1.5,note,15,17,12,12,11,11,11,11,10,10,9,9,9,9,6,6,2,2,0,0,0,0,14,14,13,13,13,13,12,12,11,11,11,11,8,8,5,5,0,0,0,0,13,12,49.0,219.0,49.0,203.0,11.0,4.0,11,0.0
notes_1ba14cb325bc448f7201b20502ecf2b5_96.jpg,simplified_chinese,single_column,v1.5,note,4,5,2,2,2,2,2,2,2,2,2,2,2,2,2,2,2,2,1,1,1,1,2,2,2,2,2,2,2,2,2,2,2,2,2,2,2,2,1,1,1,1,2,2,11.0,41.0,11.0,41.0,3.0,4.0,1,0.0
notes_1ba14cb325bc448f7201b20502ecf2b5_97.jpg,simplified_chinese,single_column,v1.5,note,13,14,12,12,12,12,12,12,11,11,11,11,11,11,9,9,8,8,3,3,1,1,12,12,12,12,12,12,11,11,11,11,11,11,9,9,8,8,3,3,1,1,12,9,99.0,248.0,99.0,247.0,17.0,17.0,10,0.0
notes_1ba14cb325bc448f7201b20502ecf2b5_98.jpg,simplified_chinese,single_column,v1.5,note,12,13,11,11,11,11,10,10,10,10,10,10,10,10,8,8,7,7,5,5,1,1,11,11,11,11,10,10,10,10,10,10,10,10,8,8,7,7,5,5,1,1,11,9,78.0,424.0,78.0,420.0,11.0,11.0,9,0.0
notes_1ba14cb325bc448f7201b20502ecf2b5_99.jpg,simplified_chinese,single_column,v1.5,note,19,20,18,18,18,18,18,18,18,18,18,18,18,18,14,14,9,9,5,5,2,2,18,18,18,18,18,18,18,18,18,18,18,18,14,14,9,9,5,5,2,2,18,14,133.0,497.0,133.0,481.0,9.0,9.0,17,0.0
notes_9e951846094758afac08c620144e3a76_10.jpg,simplified_chinese,single_column,v1.5,note,16,6,2,2,2,2,2,2,1,1,1,1,1,1,0,0,0,0,0,0,0,0,15,3,15,3,15,3,14,2,14,2,14,2,13,1,0,0,0,0,0,0,2,2,0.0,0.0,0.0,0.0,0.0,0.0,0,0.0
notes_9e951846094758afac08c620144e3a76_11.jpg,simplified_chinese,single_column,v1.5,note,16,4,3,3,3,3,3,3,3,3,3,3,2,2,2,2,2,2,2,2,0,0,16,4,16,4,16,4,16,4,16,4,15,3,15,3,2,2,2,2,0,0,3,2,0.0,0.0,0.0,0.0,0.0,0.0,0,
notes_9e951846094758afac08c620144e3a76_12.jpg,simplified_chinese,single_column,v1.5,note,23,10,2,2,2,2,2,2,2,2,2,2,2,2,1,1,1,1,0,0,0,0,22,3,22,3,22,3,22,3,22,3,22,3,1,1,1,1,0,0,0,0,2,2,0.0,0.0,0.0,0.0,0.0,0.0,0,
notes_9e951846094758afac08c620144e3a76_13.jpg,simplified_chinese,single_column,v1.5,note,18,4,3,3,3,3,3,3,3,3,3,3,3,3,2,2,1,1,0,0,0,0,18,4,18,4,18,4,18,4,18,4,18,4,2,2,1,1,0,0,0,0,3,2,0.0,0.0,0.0,0.0,0.0,0.0,0,
notes_9e951846094758afac08c620144e3a76_14.jpg,simplified_chinese,single_column,v1.5,note,15,9,2,2,2,2,2,2,2,2,2,2,2,2,2,2,1,1,0,0,0,0,14,3,14,3,14,3,14,3,14,3,14,3,14,3,1,1,0,0,0,0,2,2,0.0,0.0,0.0,0.0,0.0,0.0,0,0.0
notes_9e951846094758afac08c620144e3a76_15.jpg,simplified_chinese,single_column,v1.5,note,16,4,3,3,3,3,3,3,3,3,3,3,3,3,1,1,1,1,1,1,1,1,16,4,16,4,16,4,16,4,16,4,16,4,1,1,1,1,1,1,1,1,3,2,0.0,0.0,0.0,0.0,0.0,0.0,0,0.0
notes_9e951846094758afac08c620144e3a76_16.jpg,simplified_chinese,single_column,v1.5,note,18,6,2,2,2,2,2,2,2,2,2,2,2,2,1,1,0,0,0,0,0,0,17,3,17,3,17,3,17,3,17,3,17,3,1,1,0,0,0,0,0,0,2,2,0.0,0.0,0.0,0.0,0.0,0.0,0,0.0
notes_9e951846094758afac08c620144e3a76_17.jpg,simplified_chinese,single_column,v1.5,note,14,4,3,3,3,3,3,3,3,3,3,3,3,3,3,3,2,2,2,2,1,1,14,4,14,4,14,4,14,4,14,4,14,4,3,3,2,2,2,2,1,1,3,2,0.0,0.0,0.0,0.0,0.0,0.0,0,
notes_9e951846094758afac08c620144e3a76_9.jpg,en_ch_mixed,single_column,v1.5,note,14,4,3,3,3,3,3,3,3,3,3,3,3,3,3,3,3,3,2,2,1,1,14,4,14,4,14,4,14,4,14,4,3,3,3,3,3,3,2,2,1,1,3,2,0.0,0.0,0.0,0.0,0.0,0.0,0,
notes_f7f010b78016aeebd76e56d9283eb67f_111.jpg,en_ch_mixed,single_column,v1.5,note,18,41,5,5,4,4,3,3,1,1,1,1,1,1,1,1,0,0,0,0,0,0,11,25,9,22,8,21,6,19,6,19,5,17,5,17,4,16,1,3,0,0,11,10,143.0,1004.0,143.0,981.0,59.0,167.0,10,0.0
notes_f7f010b78016aeebd76e56d9283eb67f_112.jpg,en_ch_mixed,single_column,v1.5,note,19,44,7,7,5,5,2,2,2,2,2,2,1,1,0,0,0,0,0,0,0,0,12,31,10,29,5,20,5,20,5,20,4,19,1,6,1,6,1,6,0,0,12,12,107.0,1049.0,107.0,1049.0,55.0,175.0,11,0.0
notes_f7f010b78016aeebd76e56d9283eb67f_113.jpg,en_ch_mixed,single_column,v1.5,note,21,32,14,14,11,11,10,10,8,8,3,3,2,2,1,1,0,0,0,0,0,0,19,30,16,27,14,22,12,20,8,16,6,12,4,9,1,2,0,0,0,0,19,17,88.0,1073.0,88.0,1054.0,54.0,169.0,17,0.0
notes_f7f010b78016aeebd76e56d9283eb67f_114.jpg,en_ch_mixed,single_column,v1.5,note,18,35,10,10,9,9,7,7,5,5,4,4,3,3,0,0,0,0,0,0,0,0,16,32,14,28,12,26,10,24,8,20,6,16,3,13,3,13,2,7,0,0,16,14,137.0,788.0,137.0,777.0,44.0,107.0,15,0.0
notes_f7f010b78016aeebd76e56d9283eb67f_115.jpg,en_ch_mixed,single_column,v1.5,note,11,55,2,2,2,2,1,1,1,1,0,0,0,0,0,0,0,0,0,0,0,0,9,52,9,52,8,51,8,51,7,50,6,41,6,41,4,34,2,22,0,0,9,8,241.0,1279.0,241.0,1271.0,99.0,230.0,8,0.0
notes_f7f010b78016aeebd76e56d9283eb67f_116.jpg,en_ch_mixed,single_column,v1.5,note,14,42,2,2,1,1,1,1,0,0,0,0,0,0,0,0,0,0,0,0,0,0,9,35,8,34,8,34,7,33,7,33,7,33,6,30,4,20,2,5,0,0,9,8,256.0,1159.0,256.0,1139.0,97.0,180.0,9,0.0
notes_f7f010b78016aeebd76e56d9283eb67f_117.jpg,en_ch_mixed,single_column,v1.5,note,13,4,1,1,0,0,0,0,0,0,0,0,0,0,0,0,0,0,0,0,0,0,12,2,11,1,11,1,11,1,11,1,11,1,11,1,11,1,11,1,11,1,1,1,0.0,0.0,0.0,0.0,0.0,0.0,0,
notes_f7f010b78016aeebd76e56d9283eb67f_118.jpg,en_ch_mixed,single_column,v1.5,note,7,50,0,0,0,0,0,0,0,0,0,0,0,0,0,0,0,0,0,0,0,0,4,47,4,47,4,47,4,47,4,47,4,47,3,39,1,7,1,7,0,0,4,4,318.0,938.0,318.0,934.0,107.0,174.0,4,0.0
notes_f7f010b78016aeebd76e56d9283eb67f_119.jpg,en_ch_mixed,single_column,v1.5,note,10,28,3,3,3,3,2,2,1,1,1,1,1,1,1,1,0,0,0,0,0,0,5,20,5,20,4,19,4,19,4,19,4,19,4,19,3,18,3,18,2,1,4,4,149.0,820.0,149.0,782.0,38.0,118.0,3,0.0
notes_f7f010b78016aeebd76e56d9283eb67f_2.jpg,simplified_chinese,single_column,v1.5,note,30,4,0,0,0,0,0,0,0,0,0,0,0,0,0,0,0,0,0,0,0,0,30,4,30,4,29,1,29,1,29,1,29,1,29,1,29,1,29,1,0,0,1,0,0.0,0.0,0.0,0.0,0.0,0.0,0,
notes_f7f010b78016aeebd76e56d9283eb67f_23.jpg,en_ch_mixed,single_column,v1.5,note,28,4,3,3,3,3,2,2,1,1,1,1,0,0,0,0,0,0,0,0,0,0,28,4,28,4,27,3,26,2,26,2,25,1,25,1,25,1,25,1,0,0,3,3,2.0,66.0,2.0,65.0,3.0,14.0,2,0.0
notes_f7f010b78016aeebd76e56d9283eb67f_24.jpg,en_ch_mixed,single_column,v1.5,note,28,4,3,3,3,3,2,2,2,2,1,1,0,0,0,0,0,0,0,0,0,0,28,4,28,4,27,3,27,3,26,2,25,1,25,1,25,1,25,1,0,0,3,3,4.0,82.0,4.0,80.0,5.0,18.0,2,0.0
notes_f7f010b78016aeebd76e56d9283eb67f_25.jpg,en_ch_mixed,single_column,v1.5,note,28,34,23,23,17,17,13,13,10,10,6,6,3,3,2,2,1,1,0,0,0,0,25,28,19,21,15,17,12,14,6,6,3,3,2,2,1,1,0,0,0,0,25,25,120.0,785.0,120.0,761.0,85.0,126.0,24,0.0
notes_f7f010b78016aeebd76e56d9283eb67f_26.jpg,en_ch_mixed,single_column,v1.5,note,26,3,2,2,2,2,2,2,1,1,1,1,1,1,1,1,0,0,0,0,0,0,26,3,26,3,26,3,25,2,25,2,25,2,25,2,24,1,24,1,24,1,2,1,0.0,0.0,0.0,0.0,0.0,0.0,0,
notes_f7f010b78016aeebd76e56d9283eb67f_27.jpg,en_ch_mixed,single_column,v1.5,note,21,3,1,1,1,1,0,0,0,0,0,0,0,0,0,0,0,0,0,0,0,0,20,2,20,2,19,1,19,1,19,1,19,1,19,1,19,1,19,1,0,0,1,1,0.0,0.0,0.0,0.0,0.0,0.0,0,
notes_f7f010b78016aeebd76e56d9283eb67f_28.jpg,en_ch_mixed,single_column,v1.5,note,13,3,1,1,0,0,0,0,0,0,0,0,0,0,0,0,0,0,0,0,0,0,13,3,12,2,12,2,12,2,12,2,12,2,12,2,12,2,12,2,12,2,1,1,0.0,0.0,0.0,0.0,0.0,0.0,0,
notes_f7f010b78016aeebd76e56d9283eb67f_29.jpg,en_ch_mixed,single_column,v1.5,note,13,4,1,1,1,1,1,1,1,1,0,0,0,0,0,0,0,0,0,0,0,0,12,2,12,2,12,2,12,2,11,1,11,1,11,1,11,1,11,1,11,1,1,1,0.0,0.0,0.0,0.0,0.0,0.0,0,
notes_f7f010b78016aeebd76e56d9283eb67f_3.jpg,simplified_chinese,single_column,v1.5,note,27,2,0,0,0,0,0,0,0,0,0,0,0,0,0,0,0,0,0,0,0,0,26,1,26,1,26,1,26,1,26,1,26,1,26,1,26,1,0,0,0,0,0,0,0.0,0.0,0.0,0.0,0.0,0.0,0,
notes_f7f010b78016aeebd76e56d9283eb67f_30.jpg,en_ch_mixed,single_column,v1.5,note,23,5,4,4,3,3,3,3,2,2,1,1,0,0,0,0,0,0,0,0,0,0,23,5,22,4,22,4,21,3,20,2,19,1,19,1,19,1,19,1,0,0,4,4,11.0,102.0,11.0,98.0,9.0,16.0,3,0.0
notes_f7f010b78016aeebd76e56d9283eb67f_31.jpg,en_ch_mixed,single_column,v1.5,note,23,8,2,2,2,2,2,2,1,1,1,1,1,1,1,1,0,0,0,0,0,0,21,5,21,5,21,5,20,4,20,4,20,4,20,4,19,3,18,1,0,0,3,3,17.0,127.0,17.0,125.0,7.0,7.0,2,0.0
notes_f7f010b78016aeebd76e56d9283eb67f_4.jpg,simplified_chinese,single_column,v1.5,note,24,3,0,0,0,0,0,0,0,0,0,0,0,0,0,0,0,0,0,0,0,0,23,1,23,1,23,1,23,1,23,1,23,1,0,0,0,0,0,0,0,0,0,0,0.0,0.0,0.0,0.0,0.0,0.0,0,
notes_f7f010b78016aeebd76e56d9283eb67f_45.jpg,en_ch_mixed,single_column,v1.5,note,16,3,2,2,2,2,2,2,2,2,2,2,1,1,1,1,0,0,0,0,0,0,16,3,16,3,16,3,16,3,16,3,15,2,15,2,14,1,14,1,14,1,2,1,0.0,0.0,0.0,0.0,0.0,0.0,0,
notes_f7f010b78016aeebd76e56d9283eb67f_46.jpg,en_ch_mixed,single_column,v1.5,note,14,3,2,2,2,2,2,2,2,2,2,2,1,1,1,1,0,0,0,0,0,0,14,3,14,3,14,3,14,3,14,3,13,2,13,2,12,1,12,1,0,0,2,2,0.0,0.0,0.0,0.0,0.0,0.0,0,
notes_f7f010b78016aeebd76e56d9283eb67f_47.jpg,en_ch_mixed,single_column,v1.5,note,14,3,2,2,2,2,2,2,1,1,1,1,0,0,0,0,0,0,0,0,0,0,14,3,14,3,14,3,13,2,13,2,12,1,12,1,12,1,12,1,12,1,2,2,0.0,0.0,0.0,0.0,0.0,0.0,0,
notes_f7f010b78016aeebd76e56d9283eb67f_48.jpg,en_ch_mixed,single_column,v1.5,note,19,4,3,3,3,3,3,3,3,3,2,2,1,1,0,0,0,0,0,0,0,0,19,4,19,4,19,4,19,4,18,3,17,2,17,2,17,2,17,2,17,2,3,3,4.0,42.0,4.0,42.0,2.0,8.0,1,
notes_f7f010b78016aeebd76e56d9283eb67f_49.jpg,en_ch_mixed,single_column,v1.5,note,17,59,8,8,8,8,8,8,4,4,2,2,1,1,0,0,0,0,0,0,0,0,16,57,15,54,15,54,11,50,9,48,6,43,3,7,3,7,1,3,0,0,16,12,95.0,636.0,95.0,626.0,48.0,80.0,14,0.0
notes_f7f010b78016aeebd76e56d9283eb67f_5.jpg,english,single_column,v1.5,note,1,54,0,0,0,0,0,0,0,0,0,0,0,0,0,0,0,0,0,0,0,0,1,5,1,5,1,5,0,0,0,0,0,0,0,0,0,0,0,0,0,0,1,0,0.0,0.0,0.0,0.0,0.0,0.0,0,
notes_f7f010b78016aeebd76e56d9283eb67f_50.jpg,en_ch_mixed,single_column,v1.5,note,17,5,2,2,2,2,2,2,1,1,0,0,0,0,0,0,0,0,0,0,0,0,17,5,17,5,17,5,17,5,16,4,16,4,16,4,15,1,15,1,15,1,2,1,0.0,0.0,0.0,0.0,0.0,0.0,0,
notes_f7f010b78016aeebd76e56d9283eb67f_51.jpg,en_ch_mixed,single_column,v1.5,note,18,5,2,2,2,2,2,2,2,2,2,2,2,2,1,1,0,0,0,0,0,0,17,3,17,3,17,3,17,3,17,3,17,3,16,2,15,1,15,1,15,1,2,2,8.0,50.0,8.0,47.0,5.0,4.0,1,
notes_f7f010b78016aeebd76e56d9283eb67f_52.jpg,en_ch_mixed,single_column,v1.5,note,16,35,4,4,4,4,4,4,4,4,3,3,3,3,2,2,0,0,0,0,0,0,15,33,15,33,15,33,15,33,14,32,14,32,13,31,8,19,3,8,1,3,15,14,158.0,1000.0,158.0,969.0,83.0,122.0,14,0.0
notes_f7f010b78016aeebd76e56d9283eb67f_53.jpg,en_ch_mixed,single_column,v1.5,note,17,3,1,1,1,1,1,1,1,1,1,1,1,1,1,1,0,0,0,0,0,0,16,2,16,2,16,2,16,2,16,2,16,2,16,2,15,1,15,1,0,0,1,1,0.0,0.0,0.0,0.0,0.0,0.0,0,
notes_f7f010b78016aeebd76e56d9283eb67f_6.jpg,en_ch_mixed,single_column,v1.5,note,20,23,18,18,18,18,18,18,18,18,17,17,17,17,15,15,10,10,5,5,2,2,19,22,18,18,18,18,18,18,17,17,17,17,15,15,10,10,5,5,2,2,19,17,166.0,733.0,166.0,708.0,80.0,87.0,18,0.0
notes_f7f010b78016aeebd76e56d9283eb67f_67.jpg,en_ch_mixed,single_column,v1.5,note,14,4,1,1,1,1,1,1,1,1,0,0,0,0,0,0,0,0,0,0,0,0,13,2,13,2,13,2,13,2,12,1,12,1,12,1,12,1,12,1,12,1,1,1,0.0,0.0,0.0,0.0,0.0,0.0,0,
notes_f7f010b78016aeebd76e56d9283eb67f_68.jpg,en_ch_mixed,single_column,v1.5,note,13,2,0,0,0,0,0,0,0,0,0,0,0,0,0,0,0,0,0,0,0,0,12,1,12,1,12,1,12,1,12,1,0,0,0,0,0,0,0,0,0,0,0,0,0.0,0.0,0.0,0.0,0.0,0.0,0,
notes_f7f010b78016aeebd76e56d9283eb67f_69.jpg,en_ch_mixed,single_column,v1.5,note,52,4,1,1,0,0,0,0,0,0,0,0,0,0,0,0,0,0,0,0,0,0,52,4,51,3,51,3,51,3,51,3,51,3,51,3,51,3,50,1,50,1,2,2,0.0,0.0,0.0,0.0,0.0,0.0,0,0.0
notes_f7f010b78016aeebd76e56d9283eb67f_7.jpg,en_ch_mixed,single_column,v1.5,note,27,30,22,22,21,21,19,19,17,17,8,8,5,5,0,0,0,0,0,0,0,0,24,26,22,23,20,21,18,19,9,10,6,7,1,2,0,0,0,0,0,0,24,24,215.0,691.0,215.0,636.0,111.0,96.0,24,0.0
notes_f7f010b78016aeebd76e56d9283eb67f_70.jpg,en_ch_mixed,single_column,v1.5,note,54,3,1,1,1,1,1,1,1,1,1,1,0,0,0,0,0,0,0,0,0,0,53,2,53,2,53,2,53,2,53,2,52,1,52,1,52,1,52,1,52,1,1,1,0.0,0.0,0.0,0.0,0.0,0.0,0,
notes_f7f010b78016aeebd76e56d9283eb67f_71.jpg,en_ch_mixed,single_column,v1.5,note,54,4,1,1,1,1,1,1,1,1,1,1,1,1,1,1,1,1,0,0,0,0,53,2,53,2,53,2,53,2,53,2,53,2,53,2,53,2,52,1,52,1,1,1,0.0,0.0,0.0,0.0,0.0,0.0,0,
notes_f7f010b78016aeebd76e56d9283eb67f_72.jpg,en_ch_mixed,single_column,v1.5,note,54,3,1,1,1,1,1,1,0,0,0,0,0,0,0,0,0,0,0,0,0,0,53,2,53,2,53,2,52,1,52,1,52,1,52,1,52,1,52,1,52,1,1,1,0.0,0.0,0.0,0.0,0.0,0.0,0,
notes_f7f010b78016aeebd76e56d9283eb67f_73.jpg,en_ch_mixed,single_column,v1.5,note,54,4,1,1,1,1,1,1,1,1,1,1,1,1,1,1,0,0,0,0,0,0,54,4,54,4,54,4,54,4,54,4,54,4,53,2,52,1,52,1,52,1,2,2,0.0,0.0,0.0,0.0,0.0,0.0,0,0.0
notes_f7f010b78016aeebd76e56d9283eb67f_74.jpg,en_ch_mixed,single_column,v1.5,note,33,5,1,1,1,1,1,1,1,1,0,0,0,0,0,0,0,0,0,0,0,0,32,2,32,2,32,2,32,2,31,1,31,1,31,1,31,1,31,1,0,0,1,1,0.0,0.0,0.0,0.0,0.0,0.0,0,
notes_f7f010b78016aeebd76e56d9283eb67f_75.jpg,en_ch_mixed,single_column,v1.5,note,26,5,0,0,0,0,0,0,0,0,0,0,0,0,0,0,0,0,0,0,0,0,25,4,25,4,25,4,25,4,25,4,25,4,1,3,0,0,0,0,0,0,1,0,0.0,0.0,0.0,0.0,0.0,0.0,0,
notes_f7f010b78016aeebd76e56d9283eb67f_8.jpg,en_ch_mixed,single_column,v1.5,note,28,30,24,24,23,23,21,21,13,13,10,10,6,6,0,0,0,0,0,0,0,0,24,24,23,23,21,21,13,13,10,10,6,6,0,0,0,0,0,0,0,0,24,24,99.0,669.0,99.0,652.0,56.0,114.0,24,0.0
notes_f7f010b78016aeebd76e56d9283eb67f_89.jpg,en_ch_mixed,single_column,v1.5,note,10,24,5,5,5,5,5,5,5,5,5,5,4,4,4,4,4,4,3,3,2,2,9,22,9,22,9,22,9,22,9,22,7,16,7,16,6,13,4,6,2,2,9,8,124.0,1109.0,124.0,1092.0,64.0,150.0,8,0.0
notes_f7f010b78016aeebd76e56d9283eb67f_9.jpg,en_ch_mixed,single_column,v1.5,note,28,3,2,2,2,2,2,2,0,0,0,0,0,0,0,0,0,0,0,0,0,0,28,3,28,3,28,3,26,1,26,1,26,1,26,1,26,1,26,1,26,1,2,2,5.0,48.0,5.0,48.0,4.0,8.0,1,
notes_f7f010b78016aeebd76e56d9283eb67f_90.jpg,en_ch_mixed,single_column,v1.5,note,15,44,4,4,3,3,3,3,2,2,1,1,1,1,1,1,1,1,1,1,0,0,10,28,8,24,8,24,7,23,5,18,5,18,5,18,4,16,4,16,0,0,10,8,166.0,791.0,166.0,779.0,32.0,65.0,9,0.0
notes_f7f010b78016aeebd76e56d9283eb67f_91.jpg,simplified_chinese,single_column,v1.5,note,12,13,11,11,11,11,11,11,11,11,10,10,10,10,10,10,7,7,7,7,3,3,11,11,11,11,11,11,11,11,10,10,10,10,10,10,7,7,7,7,3,3,11,11,102.0,627.0,102.0,606.0,0.0,2.0,10,0.0
notes_f7f010b78016aeebd76e56d9283eb67f_92.jpg,simplified_chinese,single_column,v1.5,note,11,12,10,10,10,10,10,10,9,9,9,9,9,9,6,6,6,6,5,5,1,1,10,11,10,11,10,11,9,10,9,10,9,10,7,8,7,8,5,5,1,1,10,8,137.0,689.0,137.0,664.0,28.0,8.0,9,0.0
notes_f7f010b78016aeebd76e56d9283eb67f_93.jpg,simplified_chinese,single_column,v1.5,note,14,14,12,12,12,12,12,12,12,12,12,12,10,10,10,10,8,8,6,6,3,3,13,12,13,12,13,12,13,12,13,12,12,11,12,11,10,9,6,6,3,3,12,12,133.0,703.0,133.0,665.0,36.0,12.0,11,0.0
notes_f7f010b78016aeebd76e56d9283eb67f_94.jpg,en_ch_mixed,single_column,v1.5,note,18,62,6,6,3,3,3,3,3,3,2,2,1,1,0,0,0,0,0,0,0,0,15,59,13,55,11,51,11,51,10,50,7,38,5,35,3,30,2,28,0,0,15,12,262.0,824.0,262.0,816.0,52.0,92.0,14,0.0
notes_f7f010b78016aeebd76e56d9283eb67f_95.jpg,en_ch_mixed,single_column,v1.5,note,14,12,11,11,11,11,10,10,9,9,9,9,6,6,6,6,6,6,5,5,2,2,13,11,13,11,13,11,12,10,12,10,10,8,10,8,10,8,5,5,2,2,11,9,236.0,930.0,236.0,824.0,68.0,92.0,9,0.0
notes_f7f010b78016aeebd76e56d9283eb67f_96.jpg,en_ch_mixed,single_column,v1.5,note,15,42,6,6,6,6,5,5,4,4,3,3,1,1,1,1,0,0,0,0,0,0,12,36,12,36,11,35,10,34,9,33,5,17,4,15,3,14,3,14,1,2,12,10,135.0,1072.0,135.0,1062.0,63.0,181.0,11,0.0
notes_f7f010b78016aeebd76e56d9283eb67f_97.jpg,en_ch_mixed,single_column,v1.5,note,15,42,10,10,10,10,9,9,9,9,9,9,9,9,6,6,5,5,3,3,1,1,14,40,14,40,12,33,12,33,12,33,11,20,8,17,7,16,3,3,1,1,14,12,222.0,924.0,222.0,913.0,48.0,91.0,13,0.0
page-00b6ac57-4466-4eb0-937d-bb29a44fa0d3.png,en_ch_mixed,other_layout,table_hard,PPT2PDF,57,85,44,44,44,44,44,44,42,42,34,34,29,29,23,23,18,18,11,11,2,2,55,81,55,81,55,81,55,81,52,78,49,76,43,70,36,65,15,47,9,8,54,48,939.0,1649.0,939.0,1633.0,136.0,153.0,43,0.41304347826086957
page-014dee5d-dfce-406b-925e-4ec8ffe4ac16.png,simplified_chinese,single_column,layout_hard,exam_paper,44,32,23,23,23,23,21,21,19,19,18,18,13,13,8,8,3,3,0,0,0,0,43,30,43,30,43,30,43,30,42,29,37,24,33,20,23,13,21,11,10,7,24,23,170.0,435.0,170.0,328.0,37.0,38.0,22,0.0
page-014f6999-c15c-41e8-8d06-47d7523fe352.png,simplified_chinese,other_layout,layout_hard,colorful_textbook,16,16,14,14,14,14,14,14,13,13,12,12,12,12,10,10,10,10,6,6,2,2,14,14,14,14,14,14,13,13,12,12,12,12,10,10,10,10,6,6,2,2,14,12,26.0,248.0,26.0,238.0,1.0,2.0,7,0.0
page-01700769-1314-4880-83ab-af23bee36da3.png,en_ch_mixed,single_column,layout_hard,book,7,8,6,6,5,5,4,4,3,3,2,2,2,2,2,2,2,2,0,0,0,0,7,8,7,8,7,8,6,7,5,6,4,4,4,4,4,4,2,2,0,0,6,5,4.0,10.0,4.0,10.0,2.0,3.0,1,0.3333333333333333
page-01a2352e-2a3b-4a56-b3fc-d86b170f1f60.png,en_ch_mixed,single_column,layout_hard,book,21,26,13,13,13,13,13,13,13,13,13,13,12,12,10,10,7,7,7,7,3,3,15,26,15,26,15,26,15,26,15,26,14,25,12,23,8,17,8,17,3,3,15,15,93.0,1275.0,93.0,1224.0,43.0,25.0,13,0.0
page-035cb436-c01e-41db-b40e-8977678777eb.png,english,single_column,table_hard,academic_literature,5,5,5,5,5,5,5,5,5,5,4,4,4,4,4,4,2,2,2,2,1,1,5,5,5,5,5,5,5,5,4,4,4,4,4,4,2,2,2,2,1,1,5,3,2.0,50.0,2.0,50.0,1.0,6.0,3,0.0
page-05746fc5-2045-4dea-94e7-4bbab648d702.png,english,single_column,equation_hard,academic_literature,18,22,16,16,16,16,14,14,14,14,11,11,9,9,8,8,7,7,4,4,2,2,18,22,18,22,18,22,18,22,16,20,14,18,12,14,8,11,6,9,2,2,18,17,650.0,2353.0,650.0,2353.0,227.0,431.0,9,0.0
page-062fc21c-6b9c-40be-8d0e-7a617509a9bc.png,simplified_chinese,single_column,equation_hard,book,11,15,9,9,9,9,9,9,8,8,8,8,8,8,6,6,3,3,3,3,0,0,11,15,11,15,11,15,10,14,10,14,10,14,8,12,5,9,4,6,0,0,11,9,533.0,1325.0,533.0,1325.0,253.0,298.0,10,0.0
page-07088b2f-f9d6-4c38-9c97-d7f98bc3d556.png,traditional_chinese,other_layout,layout_hard,historical_document,49,44,19,19,18,18,18,18,17,17,11,11,10,10,8,8,5,5,3,3,1,1,38,32,37,30,35,29,35,29,30,23,19,15,17,13,5,3,3,1,0,0,25,25,351.0,531.0,351.0,385.0,17.0,6.0,21,0.5909090909090909
page-07b33434-d7fe-4ada-b764-ba2df172d1fb.png,simplified_chinese,single_column,layout_hard,book,10,9,8,8,8,8,8,8,8,8,8,8,8,8,8,8,7,7,7,7,5,5,10,9,10,9,10,9,10,9,10,9,8,8,8,8,7,7,7,7,5,5,8,8,89.0,573.0,89.0,519.0,11.0,6.0,7,0.0
page-07d333cf-4ebf-427c-b146-e419962b81fa.png,simplified_chinese,single_column,table_hard,research_report,14,15,8,8,4,4,3,3,2,2,2,2,2,2,2,2,1,1,0,0,0,0,14,15,14,15,14,15,13,14,13,14,11,10,9,6,7,3,6,2,4,1,8,4,43.0,98.0,43.0,96.0,7.0,10.0,6,0.0
page-08172901-09b1-4698-827e-f7379ca6b531.png,simplified_chinese,single_column,layout_hard,book,14,13,13,13,13,13,13,13,13,13,12,12,10,10,8,8,7,7,5,5,2,2,14,13,14,13,14,13,14,13,14,13,13,12,11,10,10,9,8,7,2,2,14,14,187.0,486.0,187.0,484.0,77.0,83.0,5,0.0
page-085e8c3e-54f9-4f46-b59b-163ee783dbfd.png,english,single_column,equation_hard,book,23,21,20,20,19,19,17,17,15,15,11,11,11,11,11,11,7,7,5,5,0,0,23,21,23,21,23,21,23,21,15,15,11,11,11,11,7,7,5,5,0,0,23,23,160.0,748.0,160.0,748.0,47.0,126.0,9,0.0
page-0a262e27-b24d-4429-9b21-90563d4fada7.png,english,single_column,equation_hard,book,23,29,19,19,17,17,17,17,16,16,13,13,10,10,6,6,5,5,5,5,1,1,23,28,23,28,22,25,21,23,16,17,14,15,11,12,10,10,5,5,1,1,23,23,235.0,1319.0,235.0,1319.0,44.0,209.0,9,0.09523809523809523
page-0b011030-84e4-49e3-adfb-437c96b9947d.png,en_ch_mixed,single_column,layout_hard,academic_literature,12,10,9,9,9,9,9,9,8,8,8,8,7,7,7,7,6,6,4,4,1,1,11,9,11,9,11,9,10,8,10,8,10,8,10,8,7,6,6,5,0,0,10,10,22.0,516.0,22.0,510.0,4.0,53.0,7,0.0
page-0b20ed47-7c6c-4578-bbdf-057a89a083ec.png,simplified_chinese,single_column,layout_hard,book,13,20,9,9,9,9,9,9,9,9,8,8,7,7,6,6,4,4,2,2,2,2,13,20,13,20,13,20,13,20,12,19,12,19,10,15,5,9,3,7,2,2,13,13,389.0,671.0,389.0,664.0,171.0,170.0,9,0.0
page-0b772bee-71ec-4d4a-a406-d7691b1a6e86.png,other,other_layout,layout_hard,magazine,26,8,4,4,3,3,3,3,3,3,3,3,3,3,3,3,3,3,2,2,0,0,26,8,25,7,25,7,25,7,25,7,25,7,25,7,25,7,8,4,3,1,4,3,0.0,79.0,0.0,79.0,0.0,9.0,2,0.5
page-0c1be55c-0b1b-4d62-b17d-ed752f9af9f2.png,simplified_chinese,single_column,table_hard,book,6,5,4,4,4,4,3,3,3,3,3,3,3,3,3,3,1,1,1,1,1,1,6,5,6,5,5,4,5,4,5,4,5,4,5,4,3,2,3,2,3,2,4,2,7.0,20.0,7.0,20.0,4.0,4.0,1,0.0
page-0c28f48b-33da-489c-bfc1-1fe82e5be68f.png,english,three_column,layout_hard,magazine,6,6,6,6,6,6,6,6,6,6,6,6,6,6,5,5,5,5,5,5,3,3,6,6,6,6,6,6,6,6,6,6,6,6,5,5,5,5,5,5,3,3,6,5,20.0,836.0,20.0,836.0,17.0,134.0,4,0.0
page-0c8b5994-685d-4b1b-816a-74f43aff8a53.png,simplified_chinese,other_layout,equation_hard,colorful_textbook,15,20,14,14,14,14,14,14,14,14,13,13,12,12,12,12,7,7,5,5,2,2,15,18,15,18,15,18,14,15,13,14,12,13,12,13,8,9,6,7,3,4,15,8,1021.0,1806.0,1021.0,1804.0,329.0,421.0,14,0.0
page-0cbdcfa9-3248-4e54-8704-2bc73e6d29e7.png,english,single_column,table_hard,academic_literature,10,9,8,8,8,8,8,8,8,8,7,7,7,7,6,6,5,5,2,2,2,2,9,8,9,8,9,8,9,8,8,7,8,7,8,7,8,7,7,6,7,6,9,8,1.0,416.0,1.0,415.0,2.0,73.0,7,0.0
page-112859dc-07d9-473a-a027-94904db8fd84.png,simplified_chinese,single_column,table_hard,research_report,7,10,5,5,5,5,5,5,5,5,5,5,5,5,4,4,3,3,1,1,1,1,7,10,7,10,7,10,7,10,7,10,7,10,6,9,6,9,5,8,1,1,7,6,21.0,270.0,21.0,267.0,12.0,8.0,5,0.0
page-141c2c16-4b50-4c3b-a64b-3e2fd8bb4002.png,en_ch_mixed,single_column,layout_hard,book,8,9,7,7,7,7,7,7,6,6,6,6,6,6,4,4,3,3,3,3,2,2,8,9,8,9,8,9,8,9,8,9,8,9,6,7,4,6,3,4,2,2,7,4,10.0,91.0,10.0,86.0,0.0,0.0,1,0.5714285714285714
page-14a6b411-9097-4eec-86da-92075868d243.png,english,double_column,table_hard,academic_literature,18,22,17,17,17,17,17,17,16,16,15,15,15,15,14,14,13,13,13,13,8,8,18,22,18,22,18,22,17,21,16,20,16,20,15,19,14,18,14,18,8,8,18,18,133.0,4220.0,133.0,4203.0,52.0,676.0,15,0.0
page-14cd673f-d86d-45a7-a13e-2b4e1d91c08f.png,simplified_chinese,single_column,equation_hard,note,19,19,15,15,15,15,15,15,15,15,14,14,11,11,10,10,9,9,4,4,2,2,17,18,17,18,17,18,17,18,14,16,12,14,10,10,9,9,4,4,2,2,16,6,529.0,772.0,529.0,755.0,126.0,135.0,11,0.125
page-15cc8cbe-9ce3-4ad8-8737-9159b061ca95.png,simplified_chinese,double_column,layout_hard,book,25,47,13,13,13,13,13,13,13,13,13,13,11,11,5,5,5,5,2,2,1,1,19,26,19,26,18,22,18,22,18,22,17,21,12,16,8,6,4,3,1,1,16,16,92.0,382.0,92.0,340.0,4.0,6.0,13,0.0
page-175b8afd-8077-4f65-bdbf-40682e0a9a4b.png,english,single_column,equation_hard,academic_literature,14,24,11,11,11,11,11,11,11,11,9,9,8,8,6,6,4,4,2,2,1,1,14,23,13,21,13,21,12,19,10,17,9,16,7,14,5,12,4,11,3,10,14,12,182.0,1651.0,182.0,1650.0,49.0,260.0,8,0.0
page-1853e666-6f83-432c-afc8-923ce8cf0fea.png,english,single_column,equation_hard,book,25,30,19,19,19,19,19,19,19,19,17,17,16,16,12,12,8,8,4,4,0,0,25,30,25,30,25,30,25,30,24,29,23,28,21,26,17,20,9,11,1,4,25,25,463.0,2004.0,463.0,2004.0,137.0,364.0,13,0.0
page-19300c18-7995-4099-a94c-b4c61d7622cb.png,other,other_layout,layout_hard,magazine,17,12,11,11,11,11,11,11,11,11,10,10,9,9,7,7,7,7,4,4,3,3,17,12,17,12,17,12,17,12,17,12,16,11,12,8,10,7,9,6,5,3,13,12,15.0,529.0,15.0,529.0,7.0,88.0,8,0.0
page-1955f827-fb35-4806-b3a4-463d9e0d6cc8.png,english,single_column,table_hard,academic_literature,8,8,7,7,7,7,7,7,5,5,4,4,4,4,4,4,2,2,1,1,1,1,7,7,7,7,7,7,5,5,4,4,4,4,4,4,2,2,1,1,1,1,7,7,0.0,0.0,0.0,0.0,0.0,0.0,0,0.2857142857142857
page-1c08a4a2-8163-44d3-93f0-9449457dbba3.png,simplified_chinese,single_column,equation_hard,colorful_textbook,15,19,13,13,13,13,13,13,12,12,11,11,10,10,8,8,4,4,4,4,1,1,15,19,15,19,15,19,14,18,13,17,12,16,9,10,5,6,4,4,1,1,15,7,1566.0,3115.0,1566.0,3115.0,623.0,711.0,14,0.0
page-1ce383cc-63a3-43c9-b6f2-7498a952b65c.png,english,single_column,equation_hard,academic_literature,20,23,16,16,15,15,11,11,9,9,7,7,7,7,5,5,4,4,4,4,1,1,20,23,20,23,20,23,19,21,15,18,15,18,15,18,15,18,14,14,1,1,19,19,678.0,2891.0,678.0,2890.0,161.0,376.0,6,0.0
page-1cecd66d-3563-422a-a204-999bba0bb528.png,english,single_column,table_hard,academic_literature,8,8,7,7,6,6,6,6,4,4,4,4,2,2,1,1,1,1,1,1,1,1,8,8,7,7,7,7,6,6,6,6,3,2,2,1,2,1,2,1,2,1,7,5,4.0,23.0,4.0,23.0,2.0,4.0,1,0.5714285714285714
page-1f03d0f2-1166-4b9b-9609-94bf8bfd29b2.png,simplified_chinese,single_column,table_hard,academic_literature,8,8,7,7,6,6,6,6,5,5,5,5,4,4,2,2,2,2,2,2,1,1,7,7,6,6,6,6,5,5,5,5,4,4,2,2,2,2,2,2,1,1,7,6,24.0,226.0,24.0,226.0,11.0,16.0,5,0.0
page-1f9a7efa-1d99-46c5-a2aa-48402d699f06.png,english,single_column,layout_hard,book,3,3,1,1,1,1,1,1,1,1,1,1,1,1,1,1,1,1,0,0,0,0,3,2,3,2,3,2,3,2,3,2,3,2,3,2,3,2,2,1,0,0,1,1,3.0,23.0,3.0,23.0,1.0,4.0,1,
page-205e4273-5b94-43e5-bfaf-dc882416b067.png,simplified_chinese,single_column,layout_hard,book,24,42,19,19,19,19,19,19,19,19,19,19,18,18,18,18,13,13,8,8,1,1,23,20,23,20,23,20,23,20,23,20,23,20,23,20,21,18,19,16,1,1,21,19,146.0,478.0,146.0,386.0,23.0,17.0,19,0.0
page-213e6a57-ba81-4afb-8184-2e1cf2a7664d.png,english,single_column,table_hard,academic_literature,5,5,5,5,5,5,5,5,5,5,4,4,3,3,3,3,3,3,3,3,2,2,5,5,5,5,5,5,5,5,4,4,3,3,3,3,3,3,3,3,2,2,5,5,137.0,780.0,137.0,780.0,28.0,125.0,2,0.0
page-21967f5d-667d-488e-a5b3-76b9d6f53656.png,english,single_column,equation_hard,book,32,32,25,25,25,25,22,22,17,17,15,15,13,13,7,7,1,1,1,1,0,0,31,31,31,31,31,31,30,30,29,28,28,27,27,26,25,24,25,24,16,16,31,30,60.0,520.0,60.0,520.0,18.0,70.0,5,0.0
page-219a47e5-3b78-4fa4-9066-3b95bb342a87.png,simplified_chinese,single_column,table_hard,research_report,15,14,14,14,12,12,10,10,10,10,10,10,8,8,6,6,5,5,4,4,4,4,15,14,14,13,12,11,12,11,12,11,10,9,8,7,7,6,6,5,4,4,14,13,50.0,491.0,50.0,462.0,27.0,9.0,8,0.14285714285714285
page-21ad32ba-fd62-43e5-964a-f5e95c0e0441.png,english,other_layout,layout_hard,exam_paper,21,51,9,9,8,8,8,8,8,8,7,7,7,7,6,6,3,3,1,1,0,0,21,42,21,42,21,42,21,42,20,41,19,38,8,11,5,7,2,3,0,0,18,7,81.0,301.0,81.0,297.0,19.0,50.0,6,0.3125
page-2329f04a-41b3-435b-993a-a0652294b07d.png,english,single_column,equation_hard,book,10,18,9,9,9,9,9,9,9,9,7,7,7,7,6,6,5,5,5,5,4,4,10,18,10,18,10,18,10,18,9,17,8,15,7,14,6,13,6,13,4,4,10,8,253.0,1660.0,253.0,1660.0,92.0,274.0,7,0.0
page-232d386f-6c9d-4b50-9463-89dedce995e5.png,english,double_column,table_hard,academic_literature,10,10,10,10,10,10,10,10,10,10,10,10,9,9,8,8,6,6,6,6,6,6,10,10,10,10,10,10,10,10,10,10,9,9,8,8,6,6,6,6,6,6,10,10,57.0,3825.0,57.0,3821.0,35.0,602.0,6,0.0
page-24b49b01-6c1f-46d2-a389-6e537f9902e1.png,english,double_column,layout_hard,magazine,10,9,8,8,8,8,8,8,8,8,8,8,8,8,6,6,4,4,3,3,1,1,9,8,9,8,9,8,9,8,9,8,9,8,8,7,8,7,3,3,1,1,9,7,11.0,402.0,11.0,402.0,7.0,61.0,6,0.0
page-25bb22df-f066-42ea-b1a9-e283ec22a303.png,en_ch_mixed,single_column,layout_hard,book,39,35,35,35,34,34,33,33,28,28,22,22,17,17,13,13,7,7,2,2,0,0,39,35,38,34,38,34,35,31,32,28,26,23,23,20,14,12,1,1,0,0,39,38,76.0,442.0,76.0,407.0,64.0,46.0,32,0.0
page-25cb2b2a-e44a-4043-90e1-3f7058d8b99e.png,simplified_chinese,single_column,table_hard,research_report,13,11,8,8,8,8,8,8,8,8,8,8,7,7,6,6,5,5,3,3,3,3,10,9,10,9,10,9,10,9,10,9,9,8,8,7,7,6,5,4,3,3,8,5,14.0,87.0,14.0,87.0,7.0,12.0,4,0.0
page-268266af-56c0-4b3b-9d07-73c6e50feb58.png,english,single_column,equation_hard,academic_literature,14,34,7,7,5,5,4,4,4,4,3,3,2,2,2,2,2,2,2,2,2,2,14,34,13,32,11,28,9,23,7,20,6,19,6,19,4,13,3,10,2,2,14,14,786.0,1793.0,786.0,1793.0,136.0,256.0,3,0.14285714285714285
page-27a46d41-49b5-4562-a546-6cbbafd23a81.png,english,single_column,equation_hard,book,25,29,22,22,21,21,21,21,18,18,18,18,16,16,13,13,11,11,8,8,3,3,25,29,25,29,25,29,23,25,22,23,20,21,18,19,11,11,8,8,3,3,25,24,601.0,2624.0,601.0,2624.0,122.0,336.0,13,0.0
page-2861127b-41a4-44d5-b026-2de9cb408347.png,english,single_column,layout_hard,academic_literature,14,15,14,14,14,14,13,13,13,13,13,13,13,13,12,12,10,10,9,9,8,8,14,15,14,15,14,15,14,15,14,15,13,13,12,12,10,10,9,9,8,8,14,14,98.0,2619.0,98.0,2616.0,35.0,443.0,12,0.0
page-28657a85-95cc-4bfa-8156-cc98518a0b4c.png,simplified_chinese,single_column,table_hard,academic_literature,10,15,8,8,8,8,8,8,8,8,8,8,8,8,5,5,5,5,5,5,4,4,10,15,10,15,10,15,10,15,10,15,10,15,5,5,5,5,5,5,4,4,10,9,60.0,737.0,60.0,714.0,17.0,10.0,7,0.0
page-28c45f5f-7e0d-464a-89ec-8de3a4abb927.png,english,single_column,table_hard,academic_literature,13,29,9,9,9,9,8,8,7,7,7,7,7,7,7,7,4,4,3,3,3,3,13,29,13,29,12,28,11,27,11,27,11,27,11,27,8,24,7,23,3,3,13,11,18.0,1865.0,18.0,1862.0,11.0,279.0,9,0.0
page-29ccb4ce-9266-4938-8f2d-b2b69ceb43cd.png,english,single_column,equation_hard,book,22,23,20,20,20,20,20,20,17,17,14,14,13,13,8,8,6,6,5,5,3,3,22,22,22,22,21,20,19,18,16,15,15,14,12,11,6,6,5,5,3,3,22,21,137.0,1051.0,137.0,1050.0,57.0,219.0,10,0.09523809523809523
page-2abc2a95-d39a-48db-9b6d-f40410412694.png,traditional_chinese,single_column,table_hard,research_report,11,12,10,10,8,8,7,7,7,7,7,7,7,7,4,4,4,4,3,3,2,2,10,12,10,12,9,11,9,11,9,11,7,7,4,4,4,4,3,3,2,2,10,9,21.0,116.0,21.0,116.0,7.0,9.0,6,0.0
page-2b4c4f44-c0de-41b6-9561-96195c233f47.png,simplified_chinese,single_column,table_hard,research_report,10,10,10,10,10,10,10,10,9,9,8,8,8,8,5,5,4,4,4,4,2,2,10,10,10,10,10,10,9,9,8,8,8,8,5,5,4,4,4,4,2,2,10,10,25.0,599.0,25.0,585.0,12.0,11.0,7,0.0
page-2d8358c5-114a-4bda-92c3-e8480d9ab082.png,traditional_chinese,other_layout,layout_hard,exam_paper,11,25,8,8,8,8,8,8,7,7,4,4,2,2,1,1,0,0,0,0,0,0,11,24,11,24,11,24,10,23,9,22,6,17,6,17,4,6,0,0,0,0,11,9,233.0,424.0,233.0,422.0,108.0,131.0,5,0.3
page-2dc37c8b-1547-43dd-8643-fdbecfe5eea8.png,english,single_column,layout_hard,book,3,3,2,2,2,2,2,2,2,2,1,1,1,1,1,1,1,1,1,1,1,1,2,2,2,2,2,2,2,2,1,1,1,1,1,1,1,1,1,1,1,1,2,2,1.0,7.0,1.0,7.0,0.0,0.0,1,0.0
page-2deb83b3-abe2-442c-a544-0b6a8db464f1.png,english,other_layout,table_hard,academic_literature,15,18,13,13,12,12,9,9,8,8,7,7,6,6,3,3,3,3,1,1,1,1,14,17,14,17,12,15,11,14,10,13,9,12,6,9,4,5,2,3,1,1,14,12,155.0,483.0,155.0,483.0,29.0,73.0,7,0.42857142857142855
page-2ff22832-e343-46a7-b94f-47ed864ce486.png,simplified_chinese,single_column,table_hard,research_report,8,7,7,7,7,7,7,7,6,6,6,6,6,6,6,6,4,4,3,3,2,2,8,7,8,7,8,7,7,6,7,6,7,6,7,6,5,4,4,3,4,3,7,5,2.0,39.0,2.0,39.0,0.0,0.0,2,0.0
page-30aa7cae-34fd-4b0b-b01a-fd35ff3bdfea.png,english,single_column,equation_hard,book,11,17,6,6,6,6,6,6,5,5,5,5,5,5,3,3,2,2,1,1,0,0,11,17,11,17,11,17,11,17,11,17,11,17,8,13,7,12,6,11,0,0,11,9,0.0,30.0,0.0,30.0,0.0,4.0,2,0.0
page-31fb2a53-5b32-40f6-9db1-52b357f3201f.png,en_ch_mixed,single_column,table_hard,PPT2PDF,7,5,4,4,4,4,4,4,4,4,4,4,4,4,2,2,2,2,1,1,1,1,7,5,7,5,5,4,5,4,5,4,5,4,4,3,2,2,1,1,1,1,4,3,58.0,78.0,58.0,78.0,3.0,2.0,2,0.0
page-349417c3-e5f4-4dae-b018-7323ef36b04e.png,simplified_chinese,single_column,table_hard,research_report,10,10,7,7,7,7,5,5,5,5,4,4,4,4,4,4,3,3,3,3,1,1,10,10,10,10,10,10,10,10,9,9,8,7,7,5,6,4,6,4,3,2,7,6,11.0,115.0,11.0,114.0,5.0,7.0,4,0.0
page-34e4675f-4b7f-4bc3-8624-c399423d2c66.png,simplified_chinese,other_layout,layout_hard,book,10,6,4,4,4,4,4,4,3,3,3,3,3,3,3,3,2,2,1,1,0,0,9,5,9,5,9,5,8,4,8,4,8,4,8,4,5,3,4,2,0,0,4,3,6.0,6.0,6.0,6.0,2.0,2.0,1,0.0
page-35ecd651-17dd-43e6-8a6f-8f55d6796d96.png,english,single_column,table_hard,academic_literature,10,9,9,9,8,8,8,8,8,8,7,7,7,7,6,6,4,4,4,4,3,3,10,9,10,9,10,9,10,9,9,8,9,8,8,7,6,5,4,4,3,3,9,8,8.0,1324.0,8.0,1323.0,5.0,180.0,4,0.2222222222222222
page-374e9c4b-6fdb-4176-8ac7-519b86d97e40.png,simplified_chinese,1andmore_column,equation_hard,colorful_textbook,15,24,14,14,13,13,13,13,12,12,11,11,6,6,5,5,4,4,0,0,0,0,15,23,15,23,15,23,14,22,13,21,8,16,6,10,5,9,1,5,1,5,15,13,532.0,989.0,532.0,984.0,192.0,207.0,14,0.0
page-37a801d0-4422-4ddb-8b45-73b259396212.png,english,single_column,equation_hard,book,18,18,14,14,14,14,13,13,11,11,9,9,9,9,7,7,7,7,4,4,4,4,18,18,18,18,17,16,16,14,15,13,15,13,10,9,10,9,8,7,4,4,18,18,535.0,2849.0,535.0,2849.0,240.0,483.0,10,0.0
page-38fc7c6b-80ed-46be-bb53-29986a63ad3e.png,english,single_column,table_hard,academic_literature,7,5,5,5,5,5,5,5,4,4,4,4,4,4,4,4,4,4,4,4,1,1,7,5,7,5,7,5,7,5,7,5,7,5,7,5,7,5,4,4,1,1,5,5,0.0,135.0,0.0,135.0,0.0,18.0,2,0.0
page-39551bb3-1b65-4562-b258-1bc97898cdf9.png,simplified_chinese,other_layout,equation_hard,PPT2PDF,11,47,8,8,8,8,8,8,8,8,5,5,3,3,3,3,3,3,1,1,0,0,11,47,11,47,11,47,11,47,8,44,6,42,5,33,4,16,1,1,0,0,11,8,20.0,100.0,20.0,100.0,25.0,33.0,6,0.18181818181818182
page-39abce32-298b-42ab-8c46-b4fbfbcaa674.png,simplified_chinese,single_column,layout_hard,book,37,36,31,31,31,31,31,31,28,28,27,27,18,18,10,10,4,4,1,1,0,0,36,35,36,35,35,33,32,30,31,29,22,20,14,12,6,5,1,1,0,0,32,25,110.0,609.0,110.0,590.0,38.0,63.0,31,0.0
page-39d18b46-ad1b-4c7a-b7e2-132471c27c15.png,simplified_chinese,single_column,equation_hard,book,21,19,18,18,17,17,17,17,17,17,16,16,12,12,9,9,5,5,1,1,0,0,21,19,21,19,21,19,21,19,20,18,19,17,14,13,12,11,6,5,0,0,21,19,165.0,553.0,165.0,545.0,90.0,121.0,14,0.0
page-39f38730-0ae6-4cfe-8b99-c65d06d09544.png,english,single_column,equation_hard,academic_literature,25,32,18,18,17,17,16,16,15,15,14,14,14,14,11,11,8,8,5,5,3,3,25,32,25,32,24,31,22,28,22,28,22,28,15,16,12,11,10,9,3,3,25,25,268.0,1466.0,268.0,1466.0,99.0,277.0,9,0.0
page-3bed7e71-905d-4f69-aabe-dbff56d7ac4c.png,simplified_chinese,single_column,table_hard,research_report,7,7,7,7,6,6,5,5,5,5,5,5,5,5,3,3,2,2,2,2,2,2,7,7,7,7,7,7,7,7,7,7,5,5,3,3,2,2,2,2,2,2,7,5,8.0,56.0,8.0,56.0,2.0,6.0,2,0.2857142857142857
page-3c690b07-30d7-4e77-bf20-012f0080fb1d.png,simplified_chinese,single_column,table_hard,research_report,8,8,7,7,7,7,6,6,5,5,5,5,4,4,4,4,1,1,1,1,1,1,7,7,7,7,6,6,5,5,5,5,4,4,4,4,1,1,1,1,1,1,7,6,27.0,45.0,27.0,45.0,8.0,9.0,3,0.2857142857142857
page-3ce15378-6ffd-4f3c-9473-8b897451c770.png,en_ch_mixed,single_column,table_hard,academic_literature,9,7,7,7,6,6,6,6,2,2,2,2,2,2,2,2,2,2,2,2,1,1,9,7,8,6,8,6,6,4,6,4,6,4,6,4,4,3,4,3,1,1,7,7,49.0,311.0,49.0,280.0,8.0,35.0,2,0.2857142857142857
page-3e0da562-e549-4a04-8335-e76db83d57e6.png,english,single_column,equation_hard,academic_literature,14,14,14,14,14,14,14,14,14,14,13,13,12,12,12,12,12,12,11,11,8,8,14,14,14,14,14,14,14,14,13,13,12,12,12,12,12,12,11,11,8,8,14,13,888.0,4218.0,888.0,4218.0,265.0,711.0,9,0.14285714285714285
page-3ec8e45c-1c38-41d2-bb9d-c50745232f2a.png,english,single_column,equation_hard,book,19,20,19,19,19,19,19,19,19,19,19,19,17,17,15,15,12,12,8,8,5,5,19,19,19,19,19,19,19,19,19,19,17,17,15,15,12,12,8,8,5,5,19,19,727.0,3429.0,727.0,3429.0,297.0,620.0,11,0.0
page-3ecc67a1-9b19-4fb9-b74d-acbb73db5c53.png,traditional_chinese,single_column,layout_hard,historical_document,5,9,3,3,3,3,3,3,2,2,2,2,1,1,1,1,1,1,1,1,0,0,3,3,3,3,3,3,2,2,2,2,1,1,1,1,1,1,1,1,0,0,3,2,7.0,38.0,7.0,38.0,0.0,0.0,1,0.6666666666666666
page-3f872a77-3faf-47d6-8574-bd2e5806ff98.png,simplified_chinese,single_column,table_hard,research_report,13,13,8,8,7,7,7,7,7,7,7,7,7,7,4,4,3,3,2,2,1,1,12,12,12,12,12,12,12,12,11,10,11,10,8,7,7,6,6,5,5,4,8,6,35.0,248.0,35.0,231.0,5.0,10.0,6,0.0
page-3f8eed58-8b86-4f3a-958d-13671977d3c6.png,simplified_chinese,single_column,table_hard,research_report,13,14,8,8,7,7,6,6,5,5,5,5,5,5,3,3,2,2,1,1,0,0,12,13,11,12,11,12,11,12,9,8,8,6,6,4,5,3,4,2,2,1,9,6,20.0,86.0,20.0,86.0,6.0,9.0,6,0.0
page-4009495f-1a7c-46dc-9f52-7f80f5f0cc5c.png,english,single_column,equation_hard,academic_literature,31,28,26,26,24,24,19,19,17,17,12,12,7,7,5,5,2,2,2,2,0,0,31,28,31,28,30,27,30,27,30,27,29,26,26,23,19,17,19,17,12,11,31,31,72.0,460.0,72.0,460.0,19.0,68.0,4,0.07407407407407407
page-404e0471-bd71-426a-8e5a-81b8327f88e5.png,english,1andmore_column,equation_hard,academic_literature,41,53,27,27,25,25,21,21,20,20,17,17,16,16,10,10,8,8,5,5,3,3,40,51,39,49,38,48,37,46,34,42,25,29,20,23,8,8,5,5,3,3,40,39,171.0,1192.0,171.0,1190.0,33.0,182.0,17,0.0
page-4089ffa0-27f5-4a20-ba2f-c68e3ad46ce2.png,english,single_column,equation_hard,academic_literature,26,24,20,20,19,19,19,19,14,14,13,13,11,11,10,10,7,7,6,6,1,1,26,24,26,24,25,22,25,22,24,21,24,21,23,20,14,12,6,6,1,1,26,26,227.0,1054.0,227.0,1052.0,66.0,189.0,8,0.0
page-422d6037-0834-47e5-932a-408286b37ec5.png,en_ch_mixed,other_layout,layout_hard,book,15,15,7,7,6,6,6,6,6,6,6,6,4,4,3,3,3,3,2,2,0,0,12,14,12,14,11,12,11,12,11,12,9,10,4,7,3,3,2,2,0,0,9,5,47.0,111.0,47.0,111.0,13.0,18.0,5,0.4444444444444444
page-423cdc11-af52-4e41-8feb-a40741b15855.png,traditional_chinese,single_column,table_hard,book,9,8,7,7,7,7,7,7,7,7,7,7,6,6,6,6,5,5,5,5,5,5,9,8,9,8,9,8,9,8,9,8,8,7,8,7,7,6,7,6,5,5,7,6,85.0,679.0,85.0,652.0,0.0,0.0,5,0.0
page-4254323d-8940-46fc-8cbb-b255c26b9693.png,simplified_chinese,other_layout,layout_hard,PPT2PDF,30,26,24,24,24,24,22,22,22,22,21,21,18,18,15,15,10,10,1,1,0,0,30,26,30,26,30,26,28,25,27,24,22,20,19,17,12,11,3,2,0,0,24,21,16.0,244.0,16.0,240.0,7.0,10.0,23,0.08333333333333333
page-430a31db-08e2-41e9-9812-8bd807b8e1c1.png,simplified_chinese,single_column,layout_hard,book,10,8,8,8,8,8,8,8,8,8,8,8,7,7,6,6,5,5,2,2,1,1,10,8,10,8,10,8,10,8,10,8,9,7,9,7,8,6,3,2,0,0,10,9,109.0,385.0,109.0,382.0,55.0,57.0,6,0.0
page-4319d401-c9e8-4326-9869-7572cf2e0e96.png,traditional_chinese,other_layout,layout_hard,exam_paper,12,26,10,10,8,8,8,8,8,8,8,8,8,8,6,6,6,6,4,4,2,2,12,18,11,17,11,17,11,17,11,17,11,17,9,15,8,12,6,9,2,2,12,8,77.0,149.0,77.0,149.0,40.0,47.0,6,0.4166666666666667
page-4431f432-9e71-46d3-a5ea-4d705ad163a8.png,english,double_column,equation_hard,book,17,16,16,16,16,16,16,16,14,14,11,11,9,9,8,8,6,6,5,5,2,2,17,16,17,16,17,16,15,14,13,12,9,9,8,8,6,6,5,5,2,2,16,14,32.0,1636.0,32.0,1632.0,21.0,277.0,7,0.25
page-44a14308-9d3e-4044-9508-5c3e30141a19.png,simplified_chinese,single_column,equation_hard,book,16,15,13,13,13,13,13,13,13,13,13,13,11,11,7,7,5,5,4,4,0,0,13,13,13,13,13,13,13,13,13,13,12,12,10,10,8,8,4,4,0,0,13,11,134.0,440.0,134.0,440.0,72.0,104.0,11,0.0
page-4540d82a-19d8-44ef-8f18-6d42fdb2a2de.png,simplified_chinese,other_layout,layout_hard,exam_paper,24,27,16,16,16,16,15,15,15,15,12,12,12,12,10,10,4,4,4,4,1,1,20,20,20,20,19,19,19,19,14,15,14,15,13,14,7,8,7,8,0,0,18,15,44.0,378.0,44.0,369.0,18.0,31.0,13,0.23529411764705882
page-458ab820-615f-42fe-af33-3a8fb15ad691.png,english,single_column,table_hard,research_report,9,6,4,4,4,4,4,4,4,4,4,4,4,4,4,4,1,1,1,1,1,1,8,6,8,6,8,6,8,6,8,6,8,6,4,4,1,1,1,1,1,1,4,2,20.0,78.0,20.0,78.0,4.0,8.0,1,0.0
page-472c26e2-6bc2-4c05-9889-05132c87a8a9.png,simplified_chinese,single_column,table_hard,research_report,4,4,4,4,4,4,3,3,3,3,3,3,2,2,2,2,1,1,1,1,1,1,4,4,4,4,3,3,3,3,3,3,2,2,2,2,1,1,1,1,1,1,4,4,45.0,85.0,45.0,85.0,9.0,4.0,1,0.0
page-47977c29-59ca-4534-9a00-becad3bfdaa4.png,english,single_column,equation_hard,academic_literature,24,20,18,18,16,16,12,12,9,9,7,7,4,4,2,2,2,2,1,1,0,0,24,20,24,20,23,19,22,18,18,15,11,10,9,8,9,8,1,1,0,0,22,22,0.0,155.0,0.0,155.0,0.0,25.0,4,0.0
page-48687e49-b9db-4251-96cf-124144aa4d08.png,english,other_layout,layout_hard,PPT2PDF,6,4,1,1,1,1,1,1,1,1,0,0,0,0,0,0,0,0,0,0,0,0,5,3,5,3,5,3,3,2,2,1,2,1,2,1,2,1,2,1,0,0,1,1,0.0,0.0,0.0,0.0,0.0,0.0,0,
page-49746735-505c-442d-b3f6-c55b1bf9e48b.png,english,double_column,table_hard,academic_literature,16,17,16,16,16,16,16,16,15,15,15,15,13,13,13,13,12,12,10,10,7,7,16,17,16,17,16,17,15,16,15,16,14,15,14,15,13,14,11,12,8,9,16,15,48.0,4590.0,48.0,4574.0,44.0,693.0,13,0.0
page-49776237-a9be-441d-a326-002eb7084385.png,simplified_chinese,single_column,equation_hard,book,12,110,6,6,5,5,5,5,5,5,4,4,4,4,4,4,1,1,1,1,1,1,11,109,11,109,11,109,11,109,10,108,10,108,10,108,7,104,7,104,0,0,11,9,295.0,529.0,295.0,517.0,67.0,80.0,3,0.0
page-4b8f8a9d-e061-4207-a42e-ebf9b7090099.png,simplified_chinese,single_column,equation_hard,book,24,28,23,23,23,23,21,21,21,21,16,16,13,13,10,10,7,7,6,6,2,2,24,26,24,26,24,26,23,24,21,22,17,17,11,12,7,7,6,6,2,2,24,24,132.0,499.0,132.0,495.0,46.0,62.0,14,0.0
page-4c92c2ac-d7f7-43a5-b323-f242f31ddbf8.png,en_ch_mixed,other_layout,layout_hard,PPT2PDF,18,12,9,9,9,9,9,9,9,9,8,8,7,7,3,3,1,1,1,1,0,0,16,12,16,12,16,12,10,11,9,10,8,9,4,5,2,3,2,3,0,0,10,10,36.0,250.0,36.0,231.0,11.0,8.0,10,0.0
page-4e3c4fd6-32b7-44c8-9247-4a09e83e87c8.png,simplified_chinese,single_column,layout_hard,book,16,33,5,5,5,5,4,4,4,4,4,4,3,3,3,3,2,2,2,2,1,1,16,33,16,33,16,33,16,33,16,33,12,28,12,28,5,15,3,7,1,1,15,15,209.0,641.0,209.0,617.0,100.0,63.0,11,0.0
page-50209df6-f404-4e67-a646-bc9697f2e214.png,simplified_chinese,other_layout,layout_hard,book,25,23,23,23,23,23,23,23,23,23,23,23,23,23,20,20,19,19,16,16,11,11,25,23,25,23,25,23,25,23,25,23,25,23,22,20,21,19,18,16,14,12,25,22,134.0,1096.0,134.0,1050.0,37.0,22.0,19,0.17391304347826086
page-50ffe5d2-cd27-449a-a813-d4a8c44b12ea.png,english,single_column,table_hard,academic_literature,5,4,4,4,4,4,3,3,2,2,2,2,2,2,1,1,1,1,1,1,1,1,5,4,5,4,4,3,3,2,3,2,3,2,2,1,2,1,2,1,2,1,4,4,0.0,0.0,0.0,0.0,0.0,0.0,0,0.0
page-51757cee-c153-4baf-8616-ac106b543885.png,simplified_chinese,other_layout,layout_hard,book,30,35,25,25,25,25,24,24,24,24,23,23,21,21,18,18,11,11,6,6,2,2,30,34,30,34,30,34,29,32,27,29,23,23,20,19,15,14,11,10,2,2,30,29,329.0,890.0,329.0,886.0,178.0,196.0,17,0.13793103448275862
page-52875b3d-f4dc-44c2-a9bb-514b0763833d.png,simplified_chinese,other_layout,equation_hard,colorful_textbook,21,26,19,19,19,19,19,19,18,18,18,18,18,18,14,14,7,7,5,5,1,1,21,26,21,26,21,26,20,25,20,25,20,25,16,21,9,14,5,5,1,1,21,9,734.0,1717.0,734.0,1714.0,286.0,267.0,20,0.0
page-52e82aa9-7bd7-4683-8adc-520cae0291e0.png,english,single_column,layout_hard,book,16,16,15,15,15,15,15,15,15,15,15,15,15,15,15,15,15,15,12,12,9,9,15,15,15,15,15,15,15,15,15,15,15,15,15,15,15,15,12,12,9,9,15,15,14.0,1483.0,14.0,1481.0,10.0,275.0,12,0.0
page-550c6f8b-929c-46c8-a3b6-264be02d2993.png,english,single_column,layout_hard,book,16,19,12,12,12,12,12,12,11,11,10,10,10,10,9,9,6,6,6,6,3,3,14,18,14,18,13,15,13,15,12,14,12,14,11,13,8,10,8,10,4,5,14,14,267.0,1533.0,267.0,1478.0,49.0,262.0,11,0.14285714285714285
page-56023e3d-ae9b-486d-b7bb-419624d18356.png,simplified_chinese,other_layout,layout_hard,book,13,9,5,5,5,5,3,3,3,3,2,2,2,2,2,2,2,2,1,1,0,0,12,8,12,8,12,8,10,7,8,6,7,4,5,3,5,3,1,1,0,0,5,4,116.0,157.0,116.0,142.0,21.0,8.0,4,0.4
page-572316a1-cdf8-4c50-81d4-2e6dc13dcdce.png,simplified_chinese,single_column,table_hard,research_report,11,11,11,11,11,11,10,10,10,10,10,10,8,8,6,6,2,2,2,2,2,2,11,11,11,11,10,10,10,10,10,10,8,8,6,6,2,2,2,2,2,2,11,8,22.0,213.0,22.0,204.0,1.0,2.0,9,0.0
page-573c437e-c309-4483-a038-ef2f440b104a.png,english,single_column,equation_hard,book,8,9,6,6,6,6,6,6,6,6,6,6,5,5,5,5,4,4,4,4,3,3,8,9,8,9,8,9,8,9,8,9,8,9,6,8,4,4,4,4,3,3,7,6,81.0,624.0,81.0,624.0,26.0,96.0,4,0.0
page-57d5842c-85c2-41c9-9d37-65aad59c1277.png,english,single_column,equation_hard,book,30,36,27,27,25,25,21,21,15,15,13,13,7,7,5,5,3,3,1,1,0,0,30,36,30,36,30,36,30,36,29,34,26,30,23,26,21,24,9,11,0,0,30,30,183.0,676.0,183.0,674.0,34.0,82.0,7,0.21428571428571427
page-59ff417b-63b3-40a4-a6ac-8fc2cdf71b5f.png,en_ch_mixed,single_column,layout_hard,colorful_textbook,24,23,22,22,22,22,21,21,18,18,17,17,12,12,9,9,8,8,4,4,2,2,22,22,22,22,21,21,18,18,17,17,12,12,9,9,8,8,4,4,2,2,22,22,21.0,316.0,21.0,314.0,10.0,37.0,21,0.13636363636363635
page-5a104368-22a2-440a-a1aa-49b7d1eb57f0.png,simplified_chinese,other_layout,layout_hard,note,23,20,17,17,17,17,17,17,17,17,14,14,11,11,10,10,4,4,1,1,0,0,22,18,22,18,22,18,22,18,20,16,19,15,19,15,16,12,15,11,5,2,18,18,26.0,348.0,26.0,345.0,17.0,23.0,13,0.11764705882352941
page-5b2f2dec-8e96-450f-aea0-b73d46eac172.png,english,single_column,equation_hard,academic_literature,23,22,17,17,16,16,13,13,8,8,6,6,5,5,5,5,1,1,1,1,0,0,23,22,23,22,23,22,20,20,16,16,13,13,13,13,9,9,9,9,0,0,23,23,94.0,577.0,94.0,577.0,30.0,90.0,5,0.0
page-5c7ed29b-b72b-4838-9536-a461adf3006d.png,simplified_chinese,other_layout,layout_hard,colorful_textbook,24,18,16,16,16,16,16,16,16,16,14,14,12,12,9,9,4,4,3,3,0,0,24,18,24,18,24,18,24,18,22,16,20,14,18,12,15,9,12,7,4,1,19,14,22.0,159.0,22.0,156.0,12.0,14.0,12,0.0
page-5cb4b2fe-c14d-450e-9b97-4b6e7c99493b.png,english,single_column,table_hard,academic_literature,11,7,4,4,4,4,4,4,3,3,2,2,2,2,2,2,1,1,1,1,1,1,11,7,11,7,8,6,7,5,6,4,6,4,4,3,3,2,1,1,1,1,4,1,0.0,134.0,0.0,134.0,0.0,17.0,1,0.0
page-5d58cdf7-6d00-4ea5-97b2-358cbc0cab21.png,english,other_layout,table_hard,academic_literature,10,9,7,7,7,7,7,7,7,7,7,7,7,7,6,6,5,5,3,3,2,2,9,8,9,8,9,8,9,8,9,8,9,8,8,7,7,6,5,4,4,3,7,5,4.0,568.0,4.0,568.0,1.0,79.0,4,0.0
page-5ef91820-15a4-41af-b57f-36ec76879fee.png,english,single_column,layout_hard,academic_literature,11,10,10,10,10,10,10,10,10,10,9,9,8,8,7,7,6,6,5,5,4,4,11,10,11,10,11,10,11,10,10,9,9,8,8,7,8,7,4,4,4,4,11,10,67.0,2737.0,67.0,2733.0,22.0,392.0,7,0.2
page-60d560a3-cd92-4b7d-b6c5-f0d6ce6dc3f1.png,english,single_column,equation_hard,academic_literature,29,28,25,25,25,25,24,24,22,22,18,18,10,10,6,6,5,5,4,4,2,2,29,28,29,28,28,27,27,26,27,26,20,19,13,13,12,12,4,4,2,2,29,29,266.0,1692.0,266.0,1692.0,65.0,270.0,11,0.07692307692307693
page-617783f8-bbd6-4faf-bca6-a05222c29314.png,english,single_column,equation_hard,book,32,32,26,26,23,23,18,18,13,13,10,10,9,9,4,4,2,2,1,1,0,0,32,32,32,32,31,30,31,30,30,29,30,29,21,20,19,18,1,1,0,0,32,32,279.0,972.0,279.0,972.0,66.0,104.0,7,0.0
page-632fad6b-6da9-4567-bd2d-a4763a03a314.png,simplified_chinese,single_column,table_hard,research_report,13,13,13,13,13,13,13,13,13,13,12,12,12,12,12,12,12,12,7,7,6,6,13,13,13,13,13,13,13,13,12,12,12,12,12,12,12,12,7,7,6,6,13,8,9.0,47.0,9.0,44.0,0.0,0.0,5,0.0
page-6486c98f-3fc3-4c8f-b35c-ce6005ecb876.png,english,single_column,equation_hard,book,28,32,22,22,22,22,20,20,20,20,20,20,15,15,13,13,8,8,6,6,2,2,28,32,28,32,26,30,25,28,25,28,20,22,18,20,13,15,6,6,2,2,28,28,542.0,2597.0,542.0,2596.0,120.0,383.0,13,0.07407407407407407
page-653953a1-a20e-410a-9e86-95f2bafe04f2.png,simplified_chinese,single_column,layout_hard,colorful_textbook,14,20,6,6,6,6,5,5,5,5,5,5,4,4,4,4,3,3,2,2,0,0,13,17,13,17,13,17,13,17,13,17,12,16,12,16,11,15,10,13,0,0,12,12,40.0,272.0,40.0,259.0,16.0,14.0,9,0.0
page-658add0f-ce6e-4007-8a99-de47dbc92a57.png,en_ch_mixed,single_column,layout_hard,colorful_textbook,26,15,7,7,7,7,6,6,5,5,4,4,3,3,2,2,1,1,1,1,1,1,26,15,26,15,26,15,25,14,24,13,23,12,20,10,19,9,19,9,3,2,7,6,21.0,96.0,21.0,95.0,11.0,28.0,5,0.0
page-66aa2b38-32c0-4222-839a-50df648218df.png,simplified_chinese,single_column,table_hard,research_report,6,6,6,6,6,6,6,6,5,5,5,5,4,4,4,4,2,2,2,2,1,1,6,6,6,6,6,6,5,5,5,5,4,4,4,4,2,2,2,2,1,1,6,5,9.0,70.0,9.0,65.0,5.0,2.0,3,0.3333333333333333
page-67013be9-58e5-4842-809d-7a3c1fc91fc7.png,simplified_chinese,other_layout,equation_hard,colorful_textbook,15,15,12,12,11,11,11,11,11,11,11,11,11,11,11,11,7,7,6,6,0,0,14,14,14,14,14,14,14,14,14,14,14,14,14,14,10,10,9,9,1,2,12,12,460.0,998.0,460.0,972.0,228.0,255.0,8,0.0
page-6788acda-bfb0-479c-bc2a-9b471ec2cc33.png,simplified_chinese,other_layout,layout_hard,book,22,30,14,14,12,12,11,11,8,8,6,6,4,4,2,2,2,2,1,1,1,1,22,30,22,30,22,30,17,22,14,18,12,16,10,14,7,8,5,3,1,1,18,18,549.0,1107.0,549.0,1105.0,224.0,240.0,14,0.0
page-68e347d8-6f34-431b-a2a2-549b3634dabc.png,simplified_chinese,single_column,table_hard,academic_literature,9,8,6,6,5,5,5,5,5,5,5,5,4,4,2,2,1,1,1,1,1,1,9,7,9,7,9,7,9,7,9,7,8,6,4,3,3,2,3,2,1,1,6,6,109.0,189.0,109.0,188.0,54.0,54.0,3,0.0
page-69c15957-4d6d-485c-a244-04a1a8d29d37.png,simplified_chinese,single_column,table_hard,research_report,11,10,9,9,8,8,6,6,6,6,5,5,4,4,2,2,1,1,1,1,1,1,11,10,10,9,10,9,10,9,9,8,7,5,3,2,2,1,2,1,2,1,9,8,19.0,55.0,19.0,55.0,10.0,13.0,4,0.2222222222222222
page-6c29d065-b8f0-4bb0-b7c3-779f9cbab09a.png,simplified_chinese,single_column,table_hard,research_report,7,7,5,5,4,4,4,4,4,4,4,4,3,3,2,2,2,2,2,2,0,0,7,7,6,6,6,6,6,6,4,5,3,4,2,3,2,3,2,3,1,2,5,4,12.0,201.0,12.0,197.0,2.0,2.0,3,0.0
page-6e75aef4-33d0-478a-a3a3-489c782bfa39.png,simplified_chinese,double_column,layout_hard,magazine,17,18,17,17,17,17,17,17,16,16,16,16,16,16,15,15,15,15,12,12,8,8,17,17,17,17,17,17,16,16,16,16,16,16,15,15,15,15,12,12,8,8,17,17,140.0,1139.0,140.0,1097.0,34.0,23.0,14,0.11764705882352941
page-6eaea9af-1dfa-4166-9881-b5047bbd0a4f.png,simplified_chinese,single_column,layout_hard,book,18,18,18,18,18,18,18,18,16,16,11,11,8,8,6,6,3,3,1,1,0,0,18,18,18,18,18,18,16,16,11,11,8,8,6,6,3,3,1,1,0,0,18,18,11.0,111.0,11.0,109.0,3.0,8.0,18,0.0
page-7050793e-109f-4066-be91-107f94b617b9.png,english,single_column,equation_hard,academic_literature,28,26,19,19,19,19,18,18,16,16,13,13,12,12,10,10,8,8,4,4,0,0,27,25,27,25,27,25,26,24,25,23,25,23,25,23,21,15,17,13,0,0,24,24,1515.0,3575.0,1515.0,3575.0,271.0,502.0,9,0.0
page-7319096f-4c23-42d5-815f-41397976da34.png,en_ch_mixed,single_column,layout_hard,colorful_textbook,22,22,20,20,20,20,20,20,20,20,19,19,17,17,12,12,11,11,6,6,1,1,20,20,20,20,20,20,20,20,19,19,17,17,12,12,11,11,6,6,1,1,20,20,64.0,344.0,64.0,329.0,27.0,44.0,19,0.0
page-73432bc8-cd0f-4e14-b119-0a9de73ab141.png,simplified_chinese,single_column,table_hard,research_report,21,20,18,18,18,18,18,18,17,17,15,15,14,14,10,10,9,9,8,8,4,4,21,19,21,19,21,19,20,18,18,16,17,15,13,11,12,10,11,9,4,4,18,16,23.0,968.0,23.0,956.0,5.0,8.0,13,0.0
page-7430bf33-f161-485f-b880-c9f4ce58b83b.png,simplified_chinese,single_column,layout_hard,book,7,7,6,6,6,6,6,6,6,6,6,6,6,6,5,5,5,5,3,3,3,3,6,6,6,6,6,6,6,6,6,6,6,6,5,5,5,5,3,3,3,3,6,6,204.0,589.0,204.0,578.0,82.0,85.0,3,0.3333333333333333
page-74749e1d-5239-4d8e-b89c-6d83f5e59374.png,simplified_chinese,single_column,table_hard,research_report,7,9,5,5,4,4,3,3,3,3,3,3,3,3,3,3,3,3,2,2,2,2,7,9,7,9,7,9,7,9,7,9,6,7,6,7,5,4,4,3,4,3,6,3,19.0,102.0,19.0,100.0,6.0,8.0,3,0.0
page-74961b9a-ef4c-42d8-a95f-406e6b84cf63.png,simplified_chinese,single_column,table_hard,research_report,8,41,7,7,5,5,5,5,5,5,3,3,3,3,3,3,2,2,0,0,0,0,8,41,6,39,6,39,6,39,4,37,4,37,4,37,3,36,1,34,1,34,8,5,7.0,38.0,7.0,37.0,3.0,5.0,3,0.0
page-74c7629d-b064-4b8f-8667-bf943f5ba367.png,simplified_chinese,single_column,equation_hard,book,34,35,23,23,21,21,19,19,18,18,16,16,10,10,8,8,4,4,2,2,1,1,33,34,32,33,32,33,31,32,27,29,19,21,9,12,5,8,3,6,1,1,30,30,168.0,642.0,168.0,633.0,125.0,134.0,13,0.07692307692307693
page-773aa2c0-3413-41d0-b019-a573da251455.png,en_ch_mixed,single_column,layout_hard,book,15,11,8,8,8,8,8,8,8,8,8,8,8,8,7,7,6,6,4,4,3,3,14,10,14,10,14,10,10,9,10,9,10,9,9,8,8,7,4,4,3,3,8,7,25.0,252.0,25.0,241.0,19.0,16.0,4,0.0
page-776044e4-c33c-420d-84a8-acbffad569bd.png,english,other_layout,layout_hard,magazine,13,22,10,10,9,9,9,9,8,8,8,8,8,8,7,7,7,7,6,6,4,4,13,22,13,22,13,22,12,21,12,21,12,21,11,20,11,20,11,20,9,17,12,8,24.0,1608.0,24.0,1595.0,34.0,236.0,6,0.0
page-796ae342-1329-4bd4-9e64-4d1379cdd26e.png,english,single_column,equation_hard,book,17,17,15,15,14,14,13,13,13,13,11,11,8,8,8,8,8,8,7,7,3,3,17,17,17,17,17,17,17,17,16,16,14,14,11,12,11,12,7,7,3,3,17,17,418.0,2159.0,418.0,2159.0,123.0,378.0,9,0.13333333333333333
page-7a7566fd-43d8-46e4-8a4f-0330e1f27a88.png,english,single_column,equation_hard,academic_literature,26,31,20,20,20,20,20,20,17,17,15,15,13,13,7,7,5,5,4,4,1,1,26,31,26,31,26,31,25,29,23,25,21,22,16,16,14,14,13,13,10,10,26,26,188.0,892.0,188.0,892.0,51.0,148.0,10,0.0
page-7a8cfa1e-c76b-4449-a38f-497648074cd1.png,simplified_chinese,other_layout,layout_hard,colorful_textbook,26,20,16,16,11,11,11,11,11,11,11,11,9,9,8,8,6,6,3,3,1,1,21,17,19,15,19,15,19,15,19,15,17,13,16,12,14,10,9,6,3,2,16,14,38.0,121.0,38.0,109.0,7.0,8.0,9,0.1875
page-7bfad9a4-c5b7-40f3-8600-be513d1b1aaa.png,simplified_chinese,double_column,table_hard,research_report,35,42,30,30,28,28,25,25,23,23,17,17,14,14,13,13,11,11,8,8,5,5,35,41,33,38,30,34,27,29,22,22,17,15,16,14,15,13,12,10,5,5,34,30,245.0,1618.0,245.0,1497.0,82.0,72.0,26,0.42424242424242425
page-7d2d833d-37b1-4c18-9ee6-4e09d352e265.png,english,single_column,equation_hard,academic_literature,25,27,21,21,21,21,16,16,13,13,10,10,7,7,5,5,3,3,1,1,0,0,25,27,25,27,25,27,24,25,21,21,16,16,13,12,11,10,9,8,0,0,25,25,188.0,668.0,188.0,668.0,36.0,91.0,7,0.08695652173913043
page-7dfc88d8-6d95-446c-b910-2410e8552f76.png,simplified_chinese,single_column,equation_hard,book,17,18,17,17,17,17,16,16,16,16,16,16,15,15,14,14,13,13,8,8,2,2,17,18,17,18,16,17,16,17,16,17,15,16,14,15,13,14,9,10,2,2,17,17,242.0,668.0,242.0,668.0,163.0,184.0,14,0.0
page-7e4386d0-51fa-49cc-ad79-dc011a0772d9.png,simplified_chinese,other_layout,layout_hard,PPT2PDF,22,32,16,16,16,16,16,16,16,16,16,16,16,16,11,11,5,5,4,4,0,0,22,32,22,32,22,32,22,32,22,32,22,32,17,27,13,23,10,21,0,0,18,13,13.0,158.0,13.0,156.0,5.0,6.0,11,0.0
page-80a540c8-88d4-4643-b40e-282489353fb8.png,english,single_column,equation_hard,book,17,19,15,15,14,14,12,12,11,11,8,8,6,6,5,5,4,4,3,3,1,1,17,19,17,19,17,19,17,19,16,18,15,17,15,17,14,16,7,7,0,0,17,17,116.0,383.0,116.0,383.0,25.0,48.0,2,0.0
page-82c2ab31-2cf0-47bb-bfb6-110770323718.png,simplified_chinese,single_column,layout_hard,book,6,5,5,5,5,5,5,5,5,5,5,5,5,5,3,3,3,3,3,3,2,2,6,5,6,5,6,5,6,5,6,5,6,5,4,3,4,3,4,3,4,3,5,5,88.0,864.0,88.0,831.0,16.0,2.0,3,0.0
page-83587fc3-fe55-4e51-a3c5-f0664edba743.png,english,double_column,table_hard,academic_literature,19,20,18,18,17,17,16,16,15,15,15,15,15,15,15,15,15,15,12,12,10,10,19,20,19,20,19,20,17,17,17,17,16,15,16,15,16,15,13,12,12,11,19,19,60.0,4920.0,60.0,4903.0,41.0,739.0,14,0.0
page-83a26c96-4318-4587-9fba-877fd6fe5414.png,en_ch_mixed,single_column,layout_hard,colorful_textbook,26,27,25,25,25,25,24,24,23,23,21,21,20,20,11,11,6,6,1,1,0,0,25,25,25,25,24,24,23,23,21,21,20,20,11,11,6,6,1,1,0,0,25,24,49.0,341.0,49.0,333.0,15.0,35.0,22,0.0
page-83a675ab-0021-4979-8293-8af0d36146a0.png,english,single_column,equation_hard,academic_literature,17,31,11,11,11,11,9,9,8,8,8,8,7,7,4,4,3,3,3,3,1,1,17,31,17,31,16,30,15,29,15,29,15,29,13,27,7,19,5,13,2,6,17,15,278.0,1635.0,278.0,1635.0,47.0,248.0,8,0.0
page-8524b54d-6372-4f9e-a662-5254349cfda3.png,english,single_column,equation_hard,academic_literature,30,27,26,26,26,26,25,25,19,19,16,16,12,12,9,9,7,7,3,3,2,2,30,27,30,27,30,27,30,27,29,26,25,23,24,22,19,18,17,16,2,2,30,30,257.0,694.0,257.0,694.0,41.0,89.0,7,0.0
page-85377cdf-d6a2-4611-bd50-08795bf7acb6.png,english,single_column,equation_hard,academic_literature,24,23,18,18,17,17,16,16,13,13,8,8,6,6,5,5,4,4,4,4,2,2,24,23,24,23,24,23,24,23,23,22,23,22,20,20,19,19,15,15,8,8,24,24,57.0,436.0,57.0,436.0,28.0,78.0,4,0.0
page-87866578-c897-404e-b751-51fd444f59b2.png,simplified_chinese,single_column,layout_hard,book,7,12,6,6,6,6,6,6,6,6,4,4,4,4,3,3,1,1,1,1,1,1,6,6,6,6,6,6,6,6,4,4,4,4,3,3,1,1,1,1,1,1,6,6,117.0,203.0,117.0,203.0,53.0,54.0,4,0.0
page-8792f466-c570-468c-86dc-402a510e9bb7.png,simplified_chinese,single_column,table_hard,research_report,9,30,6,6,6,6,5,5,5,5,5,5,4,4,3,3,2,2,1,1,0,0,9,30,9,30,8,29,8,29,8,29,5,27,4,26,3,25,2,24,0,0,7,5,15.0,223.0,15.0,220.0,4.0,5.0,5,0.0
page-87c18f88-ea2f-4044-b092-02e9b2a7436d.png,english,single_column,equation_hard,academic_literature,11,14,9,9,8,8,8,8,8,8,8,8,8,8,8,8,8,8,7,7,6,6,11,14,11,14,11,14,10,12,10,12,8,8,8,8,8,8,7,7,6,6,11,11,140.0,2378.0,140.0,2378.0,47.0,371.0,7,0.0
page-89180317-baf8-4c13-9b21-722e7d634eeb.png,simplified_chinese,single_column,layout_hard,book,25,23,23,23,23,23,23,23,23,23,22,22,20,20,20,20,14,14,4,4,1,1,25,23,25,23,25,23,25,23,24,22,22,20,22,20,14,13,3,3,1,1,25,20,783.0,1673.0,783.0,1672.0,473.0,596.0,18,0.0
page-8c21f73a-b849-4f71-9573-57d50fbcc180.png,english,single_column,equation_hard,book,16,29,12,12,12,12,12,12,11,11,11,11,10,10,8,8,8,8,7,7,6,6,16,20,16,20,16,20,16,20,16,20,15,19,12,16,9,12,7,7,6,6,15,15,264.0,2206.0,264.0,2206.0,66.0,372.0,9,0.0
page-8cbbe0d4-a3a8-4533-a620-048bebfa714b.png,english,single_column,equation_hard,academic_literature,26,24,23,23,22,22,21,21,20,20,19,19,16,16,13,13,12,12,5,5,1,1,26,23,26,23,25,22,22,20,21,19,20,18,18,16,15,14,5,5,1,1,26,26,659.0,2815.0,659.0,2815.0,119.0,413.0,15,0.0
page-8d57c3d2-8e50-4161-871f-bfa7b8c0fdb6.png,english,single_column,layout_hard,book,19,19,17,17,17,17,17,17,17,17,16,16,16,16,15,15,12,12,11,11,7,7,18,17,18,17,18,17,18,17,17,16,17,16,17,16,15,14,10,10,7,7,18,18,26.0,1660.0,26.0,1660.0,12.0,304.0,15,0.0
page-8d707810-de48-43ba-81a7-b976918e7be2.png,en_ch_mixed,single_column,table_hard,academic_literature,10,6,5,5,5,5,3,3,3,3,3,3,1,1,1,1,1,1,1,1,1,1,10,6,10,6,9,5,9,5,9,5,7,3,7,3,5,2,3,1,3,1,5,4,0.0,0.0,0.0,0.0,0.0,0.0,0,0.8
page-8d885b06-4da2-453f-84f7-2f43bc4ae2dd.png,en_ch_mixed,other_layout,layout_hard,colorful_textbook,28,13,8,8,8,8,6,6,6,6,5,5,5,5,4,4,2,2,1,1,0,0,22,12,22,12,21,11,21,11,21,11,21,11,20,10,18,8,17,7,8,3,8,8,42.0,112.0,42.0,87.0,6.0,9.0,7,0.0
page-8daacb2d-9648-48f0-a14b-acf186d58fca.png,en_ch_mixed,single_column,layout_hard,book,13,15,6,6,4,4,3,3,3,3,3,3,3,3,3,3,3,3,2,2,0,0,11,10,11,10,10,9,9,6,9,6,9,6,9,6,9,6,8,5,0,0,7,6,31.0,70.0,31.0,41.0,5.0,7.0,3,0.0
page-8e2f7ce3-83c4-4977-b6dc-278394c4bd64.png,simplified_chinese,other_layout,layout_hard,historical_document,33,220,3,3,3,3,2,2,2,2,2,2,2,2,2,2,1,1,0,0,0,0,16,189,16,189,14,186,13,181,11,179,9,148,5,147,4,146,1,120,0,0,10,8,385.0,439.0,385.0,300.0,10.0,9.0,9,0.4
page-8f6792bd-b5e4-435e-b1b0-1b2daa3f7234.png,simplified_chinese,other_layout,layout_hard,colorful_textbook,26,18,14,14,14,14,14,14,13,13,12,12,10,10,7,7,4,4,3,3,1,1,24,17,24,17,24,17,23,16,22,15,20,13,17,10,14,7,13,6,3,2,14,11,32.0,175.0,32.0,161.0,6.0,7.0,8,0.0
page-91460e0a-922c-4f9b-9d11-d1a7981c3a05.png,simplified_chinese,single_column,table_hard,research_report,14,19,6,6,5,5,5,5,4,4,4,4,4,4,4,4,3,3,1,1,0,0,13,17,10,12,8,8,6,5,6,5,6,5,6,5,5,4,3,2,2,1,11,9,46.0,199.0,46.0,198.0,12.0,18.0,9,0.0
page-91b20bf2-3ad5-41f4-b739-4cc4b18ab1eb.png,simplified_chinese,single_column,table_hard,academic_literature,5,5,5,5,5,5,4,4,4,4,4,4,2,2,2,2,1,1,1,1,1,1,5,5,5,5,4,4,4,4,4,4,2,2,2,2,1,1,1,1,1,1,5,4,0.0,16.0,0.0,16.0,0.0,3.0,1,0.0
page-92062914-ea02-4640-8f54-24623dba4388.png,simplified_chinese,single_column,table_hard,magazine,9,6,3,3,3,3,3,3,3,3,3,3,2,2,2,2,1,1,1,1,1,1,7,5,7,5,7,5,5,4,5,4,2,2,2,2,1,1,1,1,1,1,3,3,0.0,8.0,0.0,8.0,0.0,2.0,1,0.0
page-9390721f-e06c-47ea-8b21-0f27c72df7b7.png,english,other_layout,table_hard,academic_literature,11,12,10,10,10,10,10,10,10,10,10,10,8,8,8,8,6,6,6,6,4,4,11,12,11,12,11,12,10,10,10,10,8,8,8,8,6,6,6,6,4,4,11,10,14.0,1932.0,14.0,1924.0,19.0,306.0,8,0.0
page-942ac90d-4704-43f3-9286-719c7be9e655.png,traditional_chinese,other_layout,layout_hard,historical_document,11,14,10,10,8,8,8,8,8,8,8,8,7,7,6,6,3,3,2,2,0,0,11,13,10,12,10,12,10,12,10,12,10,12,10,12,9,11,9,11,1,3,11,10,436.0,746.0,436.0,719.0,17.0,17.0,8,0.6
page-94600a77-35db-4549-b505-3dadc092b3f4.png,simplified_chinese,single_column,table_hard,research_report,4,35,2,2,1,1,1,1,1,1,1,1,1,1,1,1,1,1,0,0,0,0,3,35,2,34,2,34,2,34,2,34,2,34,2,34,2,34,1,33,0,0,3,1,0.0,13.0,0.0,13.0,0.0,0.0,1,0.0
page-9470d573-83bd-40bb-8491-534e9df043f6.png,simplified_chinese,single_column,table_hard,research_report,13,17,10,10,8,8,8,8,8,8,8,8,8,8,7,7,5,5,5,5,5,5,12,16,12,16,11,14,8,8,8,8,8,8,7,7,5,5,5,5,5,5,12,12,68.0,729.0,68.0,711.0,9.0,13.0,9,0.0
page-9477c155-19b3-4f2d-ac18-ee3f8997d2f8.png,english,single_column,equation_hard,academic_literature,23,22,21,21,19,19,17,17,13,13,12,12,8,8,7,7,6,6,5,5,2,2,23,22,23,22,22,21,18,18,18,18,16,16,15,15,14,14,5,5,2,2,23,23,233.0,1801.0,233.0,1801.0,66.0,256.0,8,0.0
page-9551c5d5-0786-4bf6-9a87-86b4f6c4111f.png,simplified_chinese,other_layout,layout_hard,book,32,29,27,27,27,27,27,27,27,27,25,25,23,23,20,20,12,12,10,10,3,3,31,28,31,28,31,28,31,28,29,26,27,24,24,21,14,13,12,11,3,3,28,21,118.0,750.0,118.0,717.0,19.0,18.0,24,0.07407407407407407
page-961a543b-d09d-4fd8-944a-1a38d67bb3bc.png,simplified_chinese,single_column,layout_hard,PPT2PDF,13,16,9,9,8,8,7,7,7,7,6,6,6,6,6,6,5,5,3,3,1,1,12,16,12,16,12,16,12,16,11,14,11,14,10,11,6,7,3,3,1,1,11,7,225.0,351.0,225.0,351.0,42.0,44.0,5,0.18181818181818182
page-99c0fd2f-608e-479c-9af5-5b012de4f6af.png,simplified_chinese,single_column,equation_hard,book,24,26,24,24,24,24,24,24,24,24,22,22,19,19,18,18,11,11,9,9,5,5,24,25,24,25,24,25,24,25,23,24,20,21,19,20,11,11,9,9,5,5,24,21,346.0,1217.0,346.0,1212.0,143.0,158.0,20,0.0
page-9a25d716-f3a8-42e6-9a4d-e5e49a71ab41.png,simplified_chinese,single_column,table_hard,research_report,16,15,14,14,13,13,13,13,12,12,11,11,8,8,6,6,5,5,5,5,4,4,15,14,14,13,14,13,14,13,13,12,10,9,8,7,7,6,5,5,4,4,14,12,18.0,574.0,18.0,563.0,2.0,5.0,7,0.14285714285714285
page-9b70f2f0-2a0e-4337-8750-84e79503e939.png,english,single_column,equation_hard,book,13,16,11,11,11,11,11,11,10,10,9,9,8,8,8,8,5,5,5,5,0,0,13,16,13,16,13,16,12,15,11,14,10,13,10,13,8,11,8,11,2,1,12,11,113.0,1066.0,113.0,1060.0,22.0,176.0,6,0.0
page-9bcba6da-bdb0-4403-97cb-8874898ac8ab.png,simplified_chinese,single_column,equation_hard,colorful_textbook,17,22,16,16,16,16,14,14,13,13,11,11,10,10,8,8,6,6,4,4,2,2,17,22,17,22,16,21,15,20,13,18,12,17,10,15,7,11,5,9,2,2,17,10,636.0,1364.0,636.0,1352.0,298.0,282.0,16,0.0
page-9cca07f9-2e06-4da7-b4f4-496c6e305543.png,english,single_column,equation_hard,book,23,24,20,20,20,20,18,18,13,13,12,12,10,10,9,9,7,7,5,5,3,3,23,24,23,24,22,23,19,18,18,17,18,17,17,16,15,14,13,12,3,3,23,23,308.0,2051.0,308.0,2051.0,107.0,284.0,9,0.0
page-9d14b692-a01c-45bd-9726-929bd3c4b726.png,simplified_chinese,single_column,layout_hard,book,9,30,3,3,3,3,3,3,3,3,3,3,2,2,1,1,1,1,1,1,0,0,9,3,9,3,9,3,9,3,9,3,8,2,7,1,7,1,7,1,0,0,3,3,0.0,0.0,0.0,0.0,0.0,0.0,0,1.0
page-9e69b0ce-dcd8-4b13-a5fb-a0bd6f85f77d.png,simplified_chinese,other_layout,layout_hard,exam_paper,11,12,11,11,11,11,11,11,11,11,10,10,9,9,7,7,5,5,2,2,1,1,11,12,11,12,11,12,11,12,11,12,10,11,8,9,6,7,2,2,1,1,11,3,370.0,820.0,370.0,820.0,151.0,186.0,10,0.0
page-9edf7687-029e-4e72-a9a6-c23faa1e1861.png,simplified_chinese,single_column,table_hard,research_report,9,12,7,7,7,7,6,6,5,5,5,5,5,5,4,4,3,3,3,3,2,2,9,12,9,12,8,11,8,11,8,11,6,7,5,6,4,5,3,3,2,2,9,7,28.0,93.0,28.0,92.0,6.0,7.0,6,0.0
page-9f6bc620-1983-4503-bb0f-f9c7949ccb77.png,simplified_chinese,other_layout,table_hard,academic_literature,20,18,15,15,12,12,11,11,9,9,8,8,7,7,5,5,4,4,4,4,3,3,19,17,19,17,19,17,18,16,18,16,17,15,13,12,10,10,4,4,3,3,17,17,128.0,644.0,128.0,627.0,42.0,46.0,6,0.125
page-a0018d4b-a1a5-4f8b-872e-b5f5c05c6b36.png,simplified_chinese,single_column,layout_hard,book,5,18,5,5,5,5,5,5,4,4,4,4,4,4,4,4,4,4,3,3,3,3,5,5,5,5,5,5,4,4,4,4,4,4,4,4,4,4,3,3,3,3,5,5,74.0,578.0,74.0,526.0,0.0,0.0,3,0.0
page-a31baeee-95aa-4758-8d3a-ebf33fdc1626.png,english,single_column,layout_hard,book,7,6,5,5,5,5,5,5,5,5,5,5,5,5,4,4,4,4,3,3,3,3,5,5,5,5,5,5,5,5,5,5,5,5,4,4,4,4,3,3,3,3,5,5,4.0,538.0,4.0,538.0,2.0,97.0,4,0.0
page-a32698bb-e3ae-49bc-b3af-203fb77b2bdf.png,english,single_column,equation_hard,book,28,28,25,25,25,25,24,24,22,22,18,18,14,14,11,11,7,7,5,5,1,1,28,28,28,28,28,28,27,27,25,24,23,22,21,20,13,12,5,5,1,1,27,27,122.0,708.0,122.0,707.0,27.0,112.0,10,0.08
page-a6d06208-475c-4c6e-9d84-858f7e2ecf72.png,english,single_column,equation_hard,academic_literature,31,31,26,26,25,25,23,23,21,21,16,16,10,10,9,9,6,6,4,4,2,2,31,31,31,31,30,30,30,30,27,26,27,26,27,26,19,19,14,14,2,2,31,31,581.0,1939.0,581.0,1939.0,104.0,236.0,9,0.0
page-a70b2ec9-379a-4e83-9f64-852c343ec8cd.png,simplified_chinese,other_layout,layout_hard,colorful_textbook,45,23,14,14,14,14,13,13,13,13,13,13,11,11,9,9,6,6,4,4,2,2,44,23,44,23,44,23,44,23,42,22,40,20,38,18,33,14,31,12,2,2,16,14,53.0,298.0,53.0,285.0,27.0,20.0,11,0.125
page-a8d87718-ab19-4fc0-9ef5-3611ad10f88e.png,simplified_chinese,single_column,table_hard,research_report,7,6,5,5,5,5,5,5,5,5,4,4,2,2,2,2,1,1,1,1,1,1,6,5,6,5,6,5,6,5,6,5,4,3,4,3,3,2,3,2,3,2,5,4,2.0,18.0,2.0,18.0,0.0,0.0,1,0.4
page-a976a26e-4dbb-492a-a380-b923b87ed496.png,english,single_column,equation_hard,book,15,21,11,11,10,10,9,9,9,9,9,9,9,9,5,5,5,5,2,2,0,0,15,21,15,21,14,20,13,18,13,18,13,18,12,17,9,15,3,5,1,3,15,15,687.0,2555.0,687.0,2555.0,135.0,388.0,8,0.0
page-aae359c6-5e6e-4e18-9187-2e9d55b6e9bd.png,english,single_column,equation_hard,book,14,19,11,11,10,10,9,9,7,7,7,7,7,7,7,7,6,6,6,6,3,3,13,18,13,18,13,18,11,16,10,14,10,14,10,14,9,12,9,12,3,3,12,10,997.0,3806.0,997.0,3805.0,256.0,576.0,8,0.16666666666666666
page-ab441454-71f1-4900-87c1-d71d5602261e.png,en_ch_mixed,single_column,layout_hard,book,5,5,5,5,5,5,5,5,5,5,5,5,3,3,2,2,2,2,2,2,1,1,5,5,5,5,5,5,5,5,5,5,3,3,2,2,2,2,2,2,1,1,5,3,4.0,9.0,4.0,9.0,1.0,2.0,3,0.0
page-ab4f331b-e8f3-41fb-ba6b-8da5ade54983.png,english,single_column,table_hard,academic_literature,10,7,5,5,5,5,5,5,5,5,5,5,5,5,5,5,5,5,4,4,2,2,10,7,10,7,10,7,10,7,10,7,10,7,10,7,8,6,7,5,2,2,5,3,2.0,20.0,2.0,18.0,0.0,0.0,2,0.0
page-ad5a110f-a4b4-430b-b5db-ecd0ee394451.png,english,single_column,equation_hard,academic_literature,25,24,19,19,18,18,12,12,12,12,9,9,6,6,5,5,5,5,3,3,1,1,25,24,24,23,24,23,24,23,22,20,22,20,18,16,13,12,3,3,1,1,24,24,19.0,485.0,19.0,476.0,12.0,83.0,4,0.0
page-ad96cd76-ac99-45cc-94d1-f9c0451fbc6c.png,simplified_chinese,single_column,layout_hard,colorful_textbook,12,14,12,12,12,12,12,12,12,12,12,12,12,12,12,12,8,8,6,6,3,3,12,12,12,12,12,12,12,12,12,12,12,12,12,12,8,8,6,6,3,3,12,12,55.0,446.0,55.0,437.0,2.0,4.0,12,0.0
page-ae356bde-652d-44a9-9e21-76cadf5a9dea.png,english,single_column,equation_hard,book,26,27,25,25,25,25,24,24,22,22,21,21,16,16,10,10,4,4,1,1,0,0,26,27,26,27,25,26,23,24,21,21,16,16,10,10,4,4,1,1,0,0,26,26,96.0,837.0,96.0,837.0,21.0,137.0,11,0.0
page-aee8f1d9-7240-4517-b615-389594556d57.png,simplified_chinese,other_layout,layout_hard,PPT2PDF,14,11,7,7,6,6,5,5,4,4,4,4,4,4,4,4,3,3,2,2,0,0,14,11,14,11,14,11,14,11,14,11,14,11,14,11,13,10,6,2,5,1,8,7,6.0,29.0,6.0,29.0,5.0,6.0,1,0.2857142857142857
page-af9aded3-1faf-4d12-ad5f-28a66d0a9114.png,simplified_chinese,other_layout,layout_hard,book,27,26,20,20,19,19,18,18,17,17,17,17,15,15,13,13,7,7,4,4,2,2,26,26,26,26,26,26,24,23,23,21,21,19,19,17,12,9,9,6,2,2,22,21,109.0,539.0,109.0,504.0,37.0,37.0,14,0.18181818181818182
page-affbb0cc-d616-481d-b493-80ed1ccb5a10.png,simplified_chinese,single_column,equation_hard,book,7,16,3,3,3,3,2,2,2,2,2,2,1,1,1,1,1,1,1,1,0,0,7,16,7,16,6,14,6,14,6,14,5,13,5,13,5,13,4,10,3,9,6,2,1570.0,3114.0,1570.0,3114.0,671.0,824.0,4,0.0
page-b0bdb7a8-c7de-4e6c-9e9c-bf979f3a3227.png,english,single_column,equation_hard,academic_literature,25,26,24,24,20,20,19,19,15,15,14,14,13,13,13,13,11,11,7,7,4,4,25,26,25,26,25,26,23,23,22,21,21,20,21,20,19,18,15,14,4,4,25,25,1036.0,3522.0,1036.0,3522.0,256.0,518.0,10,0.0
page-b13fef06-6ae9-4b2d-a948-0340e03f97ce.png,simplified_chinese,single_column,layout_hard,book,16,11,7,7,7,7,7,7,7,7,7,7,6,6,5,5,5,5,5,5,2,2,16,11,16,11,16,11,16,11,16,11,15,10,13,7,13,7,13,7,10,4,8,8,105.0,487.0,105.0,487.0,47.0,57.0,4,0.25
page-b145da5c-182f-4d4e-813a-28b8d6971b0f.png,simplified_chinese,single_column,layout_hard,exam_paper,24,2,1,1,1,1,1,1,1,1,1,1,1,1,0,0,0,0,0,0,0,0,24,2,24,2,24,2,24,2,24,2,24,2,23,1,23,1,23,1,0,0,1,1,8.0,15.0,8.0,15.0,7.0,8.0,1,
page-b1b8cc79-a7b3-4ac5-a7c2-49416b195ccb.png,simplified_chinese,other_layout,layout_hard,PPT2PDF,7,5,5,5,4,4,4,4,4,4,4,4,4,4,4,4,2,2,1,1,1,1,7,5,7,5,7,5,7,5,7,5,4,4,4,4,2,2,1,1,1,1,5,5,7.0,48.0,7.0,47.0,2.0,2.0,2,0.0
page-b21c7247-a843-4316-a44d-c3365077f077.png,simplified_chinese,single_column,equation_hard,book,17,19,16,16,16,16,16,16,16,16,14,14,13,13,10,10,7,7,3,3,0,0,17,19,17,19,17,19,17,19,15,17,14,16,11,13,8,10,4,6,0,0,17,14,590.0,1187.0,590.0,1164.0,263.0,287.0,14,0.0
page-b2349b51-01db-4dc1-9e4a-58e52f5e4362.png,simplified_chinese,single_column,equation_hard,book,16,20,13,13,12,12,11,11,9,9,8,8,8,8,8,8,6,6,4,4,1,1,16,20,16,20,15,18,15,18,13,15,13,15,13,15,13,15,4,4,1,1,16,16,86.0,465.0,86.0,455.0,52.0,50.0,7,0.0
page-b23ec9d4-e4aa-458f-8e65-c2c7f8e9dd46.png,english,other_layout,table_hard,academic_literature,14,12,9,9,9,9,9,9,9,9,7,7,7,7,5,5,5,5,5,5,5,5,13,11,13,11,13,11,13,11,11,9,11,9,9,7,9,7,5,5,5,5,9,9,20.0,1759.0,20.0,1743.0,27.0,275.0,5,0.2222222222222222
page-b2cc5729-a6b2-49ba-af62-788bf069b617.png,english,single_column,equation_hard,book,26,32,19,19,16,16,11,11,7,7,6,6,5,5,4,4,3,3,3,3,1,1,26,32,26,32,26,32,25,31,25,31,24,30,14,23,13,22,13,22,11,20,26,26,730.0,1991.0,730.0,1991.0,184.0,313.0,5,0.0
page-b3394f89-fe60-4f69-a0ee-aca79889950d.png,english,single_column,equation_hard,academic_literature,22,25,19,19,19,19,15,15,12,12,7,7,7,7,5,5,3,3,3,3,1,1,22,25,22,25,21,24,20,23,19,22,19,22,15,19,14,18,14,18,1,1,22,20,79.0,769.0,79.0,769.0,23.0,130.0,5,0.0
page-b342f5e6-cc5a-4920-b1b5-83f96bc476d8.png,simplified_chinese,single_column,layout_hard,book,2,25,2,2,1,1,1,1,1,1,1,1,0,0,0,0,0,0,0,0,0,0,2,2,1,1,1,1,1,1,1,1,0,0,0,0,0,0,0,0,0,0,2,0,6.0,13.0,6.0,13.0,4.0,4.0,2,0.0
page-b4b6b1d1-5fa6-42ce-8a62-8a6ddd4608f6.png,english,single_column,equation_hard,academic_literature,13,14,12,12,12,12,12,12,12,12,11,11,9,9,8,8,7,7,7,7,4,4,12,13,12,13,12,13,12,13,11,12,10,11,9,10,8,9,8,9,4,4,12,12,581.0,2400.0,581.0,2400.0,108.0,315.0,6,0.0
page-b4d4cf5b-0a0e-454b-8220-8c7f58402791.png,simplified_chinese,single_column,table_hard,research_report,7,7,7,7,7,7,7,7,7,7,7,7,7,7,3,3,3,3,2,2,2,2,7,7,7,7,7,7,7,7,7,7,7,7,3,3,3,3,2,2,2,2,7,6,59.0,632.0,59.0,612.0,28.0,13.0,4,0.2857142857142857
page-b527edec-3363-4d38-a390-2f3a307f2392.png,simplified_chinese,single_column,table_hard,research_report,9,10,7,7,5,5,4,4,4,4,4,4,4,4,3,3,1,1,1,1,1,1,9,10,9,10,8,9,8,9,7,7,7,7,5,4,3,2,3,2,1,1,7,6,13.0,41.0,13.0,41.0,3.0,6.0,4,0.0
page-b9d507e7-1239-42de-b70a-d7ca65393dc9.png,traditional_chinese,single_column,table_hard,research_report,13,12,11,11,11,11,11,11,11,11,10,10,8,8,6,6,6,6,6,6,4,4,13,12,13,12,13,12,13,12,12,11,10,9,8,7,8,7,8,7,4,4,11,10,66.0,811.0,66.0,797.0,7.0,6.0,7,0.0
page-ba4443e6-f432-435f-89e7-ddf0a571d2cd.png,simplified_chinese,other_layout,equation_hard,PPT2PDF,12,13,9,9,9,9,9,9,7,7,7,7,6,6,6,6,4,4,2,2,0,0,12,13,12,13,12,13,12,13,12,13,11,12,11,12,11,12,11,12,0,0,10,8,18.0,112.0,18.0,111.0,9.0,16.0,5,0.0
page-bb98165a-8033-4ea4-a527-58ac974f2c32.png,english,single_column,equation_hard,book,15,16,13,13,12,12,12,12,12,12,11,11,9,9,6,6,5,5,3,3,3,3,15,14,15,14,15,14,15,14,14,13,12,12,10,10,10,10,9,9,3,3,14,14,238.0,984.0,238.0,984.0,55.0,162.0,6,0.15384615384615385
page-bbe2b2d5-1e02-4d53-ba1c-158eaab2e6d5.png,english,single_column,equation_hard,book,17,22,15,15,15,15,13,13,13,13,13,13,12,12,8,8,8,8,7,7,3,3,17,22,17,22,15,20,15,20,15,20,13,17,9,13,9,13,8,12,3,3,17,17,1212.0,3229.0,1212.0,3229.0,172.0,397.0,10,0.11764705882352941
page-bd6eb36e-0856-4d9d-b587-21b4a0209c8b.png,english,single_column,equation_hard,academic_literature,10,17,7,7,7,7,6,6,6,6,6,6,6,6,6,6,6,6,6,6,4,4,10,17,10,17,10,17,10,17,8,16,8,16,8,16,7,13,6,6,4,4,9,7,87.0,872.0,87.0,872.0,38.0,170.0,4,0.0
page-bd83d09b-302b-4cc6-999d-19fe668b6577.png,traditional_chinese,single_column,layout_hard,book,8,8,8,8,8,8,8,8,6,6,6,6,6,6,6,6,6,6,6,6,5,5,8,8,8,8,8,8,6,6,6,6,6,6,6,6,6,6,6,6,5,5,8,7,60.0,679.0,60.0,653.0,0.0,0.0,6,0.25
page-bd9166d9-2c1a-4e3c-87f3-717e2474c77e.png,english,double_column,layout_hard,academic_literature,40,32,24,24,24,24,24,24,22,22,22,22,21,21,20,20,18,18,18,18,8,8,40,32,40,32,40,32,39,31,39,31,38,30,37,29,29,22,23,19,10,8,25,22,96.0,4224.0,96.0,4150.0,35.0,659.0,22,0.08333333333333333
page-be2ebf31-5f24-4d3e-97f0-4a8df7e773b4.png,english,other_layout,table_hard,academic_literature,15,15,15,15,15,15,15,15,15,15,15,15,14,14,11,11,10,10,10,10,8,8,15,15,15,15,15,15,15,15,15,15,14,14,11,11,10,10,10,10,8,8,15,15,21.0,3748.0,21.0,3739.0,23.0,594.0,12,0.26666666666666666
page-bea34248-acae-4578-9ff2-3149a84d7c38.png,simplified_chinese,other_layout,layout_hard,colorful_textbook,20,16,13,13,12,12,11,11,11,11,9,9,9,9,6,6,4,4,2,2,0,0,19,16,19,16,19,16,19,16,17,14,17,14,14,11,10,7,8,5,0,0,14,10,345.0,797.0,345.0,773.0,160.0,150.0,9,0.0
page-bf2cd266-22b7-41d7-a244-28595d23974f.png,simplified_chinese,single_column,table_hard,research_report,14,14,13,13,13,13,13,13,13,13,13,13,10,10,7,7,5,5,5,5,4,4,13,13,13,13,13,13,13,13,13,13,10,10,7,7,5,5,5,5,4,4,13,11,33.0,183.0,33.0,180.0,6.0,12.0,8,0.0
page-bf3685a0-f0ea-46a7-bb99-1526da8f8077.png,simplified_chinese,single_column,table_hard,research_report,17,15,14,14,12,12,12,12,12,12,12,12,11,11,11,11,6,6,5,5,3,3,16,15,14,13,14,13,14,13,14,13,13,12,13,12,6,6,5,5,3,3,14,13,20.0,339.0,20.0,336.0,6.0,11.0,9,0.0
page-c018d221-68b3-4a14-84cd-c9abde2db3a4.png,simplified_chinese,other_layout,layout_hard,book,18,18,18,18,18,18,18,18,18,18,18,18,17,17,16,16,14,14,10,10,7,7,18,18,18,18,18,18,18,18,18,18,17,17,16,16,14,14,10,10,7,7,18,18,146.0,1124.0,146.0,1081.0,12.0,14.0,14,0.2222222222222222
page-c1c135ad-427e-482b-b01c-05c0ccbc6e76.png,english,single_column,equation_hard,academic_literature,14,29,11,11,11,11,10,10,10,10,10,10,10,10,8,8,7,7,6,6,3,3,13,28,13,28,13,28,13,28,12,26,11,24,10,23,8,20,7,19,3,3,13,12,520.0,2974.0,520.0,2974.0,161.0,498.0,8,0.0
page-c32797b5-0a58-40da-82b4-b35dded00f25.png,simplified_chinese,other_layout,layout_hard,colorful_textbook,17,14,12,12,12,12,11,11,10,10,10,10,8,8,7,7,4,4,1,1,0,0,17,14,17,14,17,14,16,13,16,13,12,10,11,9,8,6,1,1,0,0,12,7,30.0,325.0,30.0,309.0,10.0,10.0,6,0.5833333333333334
page-c6168ed8-ca6a-4ddd-8bfc-92dec77f1870.png,english,single_column,equation_hard,academic_literature,23,22,21,21,20,20,20,20,14,14,10,10,5,5,3,3,2,2,2,2,0,0,23,22,23,22,23,22,18,17,15,14,8,8,3,3,2,2,2,2,0,0,23,23,18.0,303.0,18.0,301.0,10.0,50.0,5,0.0
page-c7771a62-5b6b-48f0-b591-6b657d26e125.png,english,single_column,table_hard,academic_literature,5,4,4,4,4,4,3,3,3,3,3,3,2,2,2,2,2,2,0,0,0,0,5,4,5,4,5,4,5,4,5,4,4,3,4,3,4,3,2,1,2,1,4,4,2.0,45.0,2.0,44.0,3.0,7.0,1,0.5
page-c7792da7-4167-4f5c-a7ca-ec0f8833f83b.png,traditional_chinese,single_column,table_hard,research_report,4,3,3,3,3,3,3,3,3,3,2,2,2,2,2,2,2,2,1,1,1,1,4,3,4,3,4,3,4,3,4,3,4,3,2,2,2,2,1,1,1,1,3,2,0.0,9.0,0.0,9.0,0.0,0.0,1,0.0
page-c7a51204-5142-4c7a-bc9d-1faf1fe1be02.png,simplified_chinese,single_column,layout_hard,book,18,100,0,0,0,0,0,0,0,0,0,0,0,0,0,0,0,0,0,0,0,0,17,55,17,55,15,45,15,45,15,45,14,42,14,42,14,42,5,16,0,0,17,14,118.0,225.0,118.0,214.0,29.0,43.0,14,0.0
page-c7fec126-2adb-4094-8110-5d81a92e05b0.png,english,single_column,equation_hard,academic_literature,28,30,23,23,18,18,13,13,10,10,7,7,4,4,4,4,3,3,2,2,1,1,28,30,28,30,26,25,26,25,24,23,23,22,23,22,16,15,2,2,1,1,28,28,268.0,951.0,268.0,951.0,53.0,120.0,6,0.0
page-c8a4555b-2c14-40c2-b67f-097dbc77a6b7.png,simplified_chinese,single_column,table_hard,book,20,18,18,18,18,18,17,17,16,16,13,13,10,10,3,3,3,3,1,1,1,1,20,18,20,18,19,17,18,16,17,15,15,13,11,9,11,9,1,1,1,1,20,19,20.0,201.0,20.0,199.0,7.0,27.0,15,0.1111111111111111
page-c9614e79-fb1f-46ef-a660-0f8de860ae30.png,simplified_chinese,single_column,table_hard,book,17,17,16,16,16,16,16,16,16,16,15,15,12,12,9,9,8,8,8,8,2,2,16,16,16,16,16,16,16,16,15,15,12,12,9,9,8,8,8,8,2,2,16,16,104.0,598.0,104.0,590.0,13.0,14.0,14,0.0
page-c9654418-0624-48d4-8be7-6065f45dd1f9.png,simplified_chinese,single_column,equation_hard,book,25,23,20,20,18,18,13,13,10,10,9,9,6,6,4,4,4,4,3,3,1,1,24,22,23,21,21,19,20,18,20,18,18,16,14,13,10,9,3,3,1,1,23,22,377.0,757.0,377.0,757.0,194.0,216.0,6,0.0
page-c99421f9-4435-44a9-82f8-7b044bb0ee1d.png,simplified_chinese,single_column,table_hard,research_report,12,16,10,10,9,9,8,8,5,5,5,5,5,5,5,5,4,4,1,1,1,1,12,16,12,16,12,16,10,14,9,12,7,8,7,8,4,6,3,5,3,5,10,7,43.0,200.0,43.0,197.0,7.0,7.0,6,0.2
page-cb30bac7-d4bd-47d0-ac84-e0b46d051fe9.png,english,single_column,table_hard,academic_literature,6,4,4,4,4,4,4,4,4,4,4,4,3,3,2,2,2,2,1,1,0,0,6,4,6,4,6,4,6,4,6,4,6,4,3,2,3,2,3,2,2,1,4,4,282.0,441.0,282.0,441.0,49.0,59.0,1,0.0
page-cc37a835-903b-4079-88fc-ae04625c9b5d.png,english,single_column,equation_hard,academic_literature,28,27,23,23,23,23,21,21,20,20,13,13,12,12,3,3,1,1,1,1,0,0,28,27,28,27,27,25,27,25,25,23,25,23,18,16,12,11,1,1,0,0,27,27,12.0,343.0,12.0,343.0,6.0,67.0,7,0.0
page-ccd77e4e-4f94-45df-8e3d-e054a951f65f.png,english,single_column,equation_hard,book,19,22,15,15,15,15,12,12,12,12,9,9,7,7,4,4,3,3,2,2,1,1,19,22,18,20,17,18,17,18,16,17,15,16,12,13,10,10,2,2,1,1,18,18,276.0,884.0,276.0,884.0,56.0,109.0,6,0.0
page-ccfdaadf-2231-4aad-89a9-2caf72099849.png,english,other_layout,layout_hard,magazine,11,11,11,11,11,11,10,10,10,10,10,10,7,7,7,7,6,6,6,6,2,2,11,11,11,11,10,10,10,10,10,10,7,7,7,7,6,6,6,6,2,2,11,9,4.0,322.0,4.0,322.0,2.0,56.0,6,0.18181818181818182
page-cd70bbf7-d3ee-4329-8e82-74144e709481.png,simplified_chinese,double_column,layout_hard,PPT2PDF,15,20,11,11,11,11,10,10,7,7,5,5,2,2,0,0,0,0,0,0,0,0,13,19,13,19,13,19,13,19,12,18,12,18,12,18,12,18,12,18,0,0,13,12,95.0,315.0,95.0,309.0,37.0,42.0,10,0.0
page-cdb92c2f-f43f-45ef-ace7-91d4664a7834.png,english,single_column,equation_hard,academic_literature,42,40,32,32,30,30,27,27,20,20,14,14,7,7,4,4,2,2,2,2,0,0,41,39,41,39,40,38,37,36,36,35,34,33,33,32,29,28,12,11,0,0,41,40,505.0,1749.0,505.0,1749.0,104.0,215.0,7,0.0
page-cdd33cf6-76ce-42bb-a99c-342c861afed0.png,simplified_chinese,other_layout,equation_hard,book,12,17,10,10,10,10,10,10,10,10,10,10,10,10,8,8,4,4,2,2,0,0,12,17,12,17,12,17,12,17,12,17,12,17,10,15,6,11,3,5,0,0,12,7,434.0,958.0,434.0,958.0,133.0,116.0,10,0.0
page-d0b2bb59-ce8e-4a1c-9ba1-a805606a477f.png,traditional_chinese,single_column,layout_hard,research_report,8,5,4,4,4,4,4,4,3,3,3,3,3,3,3,3,1,1,1,1,0,0,8,5,8,5,8,5,7,4,7,4,7,4,7,4,5,2,5,2,5,2,4,4,3.0,15.0,3.0,15.0,2.0,2.0,2,0.0
page-d127acc0-f8c9-4f01-8e87-b4c19be7cbb0.png,english,double_column,layout_hard,magazine,12,8,8,8,7,7,7,7,6,6,6,6,6,6,5,5,5,5,3,3,2,2,12,8,12,8,12,8,11,7,11,7,11,7,10,6,5,5,3,3,2,2,8,7,16.0,2377.0,16.0,2365.0,17.0,399.0,4,0.0
page-d1561665-5359-42fe-920c-d6e3bff81953.png,english,single_column,equation_hard,book,15,17,13,13,13,13,12,12,10,10,10,10,9,9,7,7,7,7,6,6,2,2,15,17,15,17,15,17,13,15,13,15,12,14,8,10,7,7,6,6,2,2,15,15,504.0,1920.0,504.0,1920.0,90.0,335.0,7,0.14285714285714285
page-d209d5c0-fe1e-4cf0-90d8-6d610948b235.png,english,single_column,equation_hard,book,16,19,13,13,13,13,12,12,11,11,11,11,10,10,8,8,8,8,7,7,7,7,16,19,16,19,14,16,12,13,11,11,10,10,8,8,8,8,7,7,7,7,16,13,1351.0,4494.0,1351.0,4494.0,373.0,671.0,11,0.125
page-d271a2ab-4523-44c4-94b5-303bf54b69e9.png,english,single_column,layout_hard,exam_paper,26,37,13,13,12,12,10,10,10,10,8,8,5,5,4,4,3,3,2,2,0,0,26,32,26,32,26,32,26,32,26,32,25,31,24,30,24,30,2,2,0,0,14,13,13.0,369.0,13.0,369.0,4.0,63.0,12,0.0
page-d2816bbe-3c28-4905-ad6d-5f873b525de3.png,english,single_column,equation_hard,academic_literature,19,19,13,13,13,13,12,12,10,10,6,6,4,4,2,2,2,2,2,2,1,1,19,19,19,19,18,18,17,16,16,15,16,15,13,13,13,13,13,13,12,12,17,17,76.0,583.0,76.0,583.0,26.0,106.0,3,0.0
page-d29fe4d2-832a-4ad6-ac80-dc01cf8b0e16.png,simplified_chinese,single_column,table_hard,research_report,10,27,9,9,9,9,8,8,7,7,7,7,5,5,5,5,4,4,1,1,1,1,10,27,10,27,9,26,9,26,9,26,9,26,9,26,9,26,6,22,1,1,10,8,8.0,305.0,8.0,302.0,2.0,3.0,3,0.0
page-d2cdac80-318c-4157-ac6e-bdab333f66bd.png,english,single_column,table_hard,academic_literature,9,8,8,8,8,8,8,8,7,7,7,7,7,7,6,6,4,4,4,4,4,4,9,8,9,8,9,8,9,8,7,7,7,7,6,6,4,4,4,4,4,4,8,8,7.0,2361.0,7.0,2359.0,6.0,339.0,5,0.0
page-d43b98f8-6a96-44f8-a3cf-65de9397f582.png,simplified_chinese,single_column,equation_hard,book,25,26,25,25,25,25,24,24,24,24,21,21,14,14,12,12,6,6,5,5,2,2,25,26,25,26,25,26,25,26,22,23,15,16,13,14,7,8,5,5,2,2,25,25,506.0,1289.0,506.0,1289.0,314.0,388.0,22,0.0
page-d4fe8fcc-37e2-4ac1-9ae2-7d00ac937937.png,english,single_column,layout_hard,exam_paper,8,28,8,8,8,8,8,8,8,8,4,4,1,1,1,1,0,0,0,0,0,0,8,8,8,8,8,8,8,8,4,4,1,1,1,1,0,0,0,0,0,0,8,8,1.0,236.0,1.0,235.0,2.0,48.0,7,0.0
page-d5a3ea83-5427-4f90-a157-7b39b784b26e.png,simplified_chinese,single_column,table_hard,research_report,8,11,7,7,6,6,6,6,6,6,5,5,5,5,5,5,3,3,1,1,1,1,8,11,7,10,7,10,7,10,6,9,6,9,6,9,4,7,2,5,1,1,8,5,2.0,49.0,2.0,49.0,0.0,0.0,3,0.0
page-d5c82c0e-2a7d-4573-9dce-bff939504367.png,english,single_column,equation_hard,academic_literature,45,40,36,36,35,35,33,33,26,26,18,18,14,14,10,10,5,5,3,3,0,0,44,39,44,39,43,38,42,37,41,36,41,36,34,30,26,23,17,15,0,0,41,40,477.0,2245.0,477.0,2244.0,188.0,381.0,15,0.0
page-d5e0cd38-ac0f-422c-b6d5-c8f001720491.png,simplified_chinese,single_column,table_hard,research_report,8,10,8,8,7,7,5,5,5,5,5,5,5,5,5,5,2,2,1,1,1,1,8,10,8,10,7,9,7,9,7,9,5,5,5,5,2,2,1,1,1,1,8,5,40.0,99.0,40.0,79.0,7.0,8.0,5,0.0
page-d5f79be0-5d57-4849-9897-6106dd32117a.png,simplified_chinese,other_layout,layout_hard,book,23,18,15,15,14,14,14,14,12,12,12,12,11,11,8,8,6,6,4,4,1,1,23,18,20,16,20,16,18,14,18,14,17,13,16,12,15,11,8,5,5,1,17,16,179.0,680.0,179.0,676.0,81.0,117.0,10,0.25
page-d627077d-61cd-45c5-936f-a2c306ec3b5b.png,simplified_chinese,single_column,table_hard,research_report,22,21,20,20,20,20,19,19,17,17,16,16,15,15,12,12,7,7,3,3,3,3,22,21,22,21,21,20,19,18,18,17,17,16,12,12,7,7,3,3,3,3,20,18,90.0,360.0,90.0,343.0,21.0,32.0,13,0.4
page-d8376ede-3935-4a80-8acb-525b14796774.png,simplified_chinese,single_column,table_hard,research_report,18,18,13,13,12,12,12,12,12,12,11,11,10,10,10,10,9,9,7,7,6,6,18,18,18,18,18,18,16,14,15,13,14,12,14,12,13,11,11,9,6,6,14,11,66.0,799.0,66.0,767.0,32.0,13.0,9,0.0
page-d9a27df2-127e-4f76-bb61-e7e741078bef.png,english,single_column,equation_hard,academic_literature,22,28,18,18,18,18,18,18,17,17,14,14,14,14,12,12,12,12,8,8,4,4,22,27,22,27,22,27,21,26,17,21,17,21,15,19,15,19,9,13,4,4,20,18,775.0,3071.0,775.0,3071.0,296.0,578.0,11,0.0
page-d9cbe0d2-9aa5-4be4-8b43-e328e2bea931.png,simplified_chinese,single_column,layout_hard,book,15,16,11,11,11,11,10,10,10,10,9,9,4,4,4,4,1,1,1,1,1,1,13,13,13,13,13,13,13,13,11,10,6,5,6,5,3,2,1,1,1,1,12,9,51.0,156.0,51.0,152.0,12.0,12.0,5,0.16666666666666666
page-dad0f4e5-290f-496f-bbdd-099ad75c6ff0.png,english,single_column,equation_hard,academic_literature,24,26,21,21,21,21,21,21,20,20,18,18,17,17,16,16,13,13,11,11,3,3,24,25,24,25,24,25,23,24,21,22,20,21,18,18,15,15,14,14,4,5,24,23,1289.0,4967.0,1289.0,4893.0,270.0,658.0,16,0.0
page-dad79c54-8125-4927-9988-ee1d2a139d7b.png,traditional_chinese,other_layout,layout_hard,historical_document,41,363,6,6,5,5,5,5,4,4,4,4,4,4,3,3,0,0,0,0,0,0,29,253,24,198,17,124,13,91,10,54,7,15,6,14,3,11,2,1,0,0,28,28,640.0,701.0,640.0,440.0,0.0,0.0,28,0.7142857142857143
page-db672e93-7102-4a62-a08b-c9122f1ace72.png,simplified_chinese,single_column,layout_hard,book,6,6,6,6,6,6,6,6,6,6,6,6,6,6,5,5,4,4,4,4,1,1,6,6,6,6,6,6,6,6,6,6,6,6,5,5,4,4,4,4,1,1,6,6,41.0,292.0,41.0,288.0,8.0,9.0,4,0.0
page-dbed9c07-e155-4ba1-92f9-a2962dc9a8f9.png,english,other_layout,table_hard,academic_literature,18,12,10,10,10,10,9,9,9,9,9,9,7,7,7,7,7,7,7,7,3,3,10,10,10,10,9,9,9,9,9,9,7,7,7,7,7,7,7,7,3,3,10,9,368.0,1949.0,368.0,1949.0,74.0,312.0,7,0.0
page-dc728bd5-50a9-41e8-9e5a-d4b01e6664a2.png,english,single_column,equation_hard,academic_literature,22,23,17,17,17,17,11,11,10,10,7,7,3,3,2,2,1,1,1,1,1,1,22,23,22,23,22,23,21,22,20,21,11,14,10,13,8,10,8,10,1,1,21,21,106.0,404.0,106.0,403.0,18.0,42.0,5,0.1111111111111111
page-dca64e05-1ce6-49ee-857a-9b5d05a87357.png,english,single_column,table_hard,academic_literature,5,4,4,4,4,4,3,3,3,3,3,3,3,3,2,2,2,2,2,2,0,0,5,4,5,4,5,4,3,3,3,3,3,3,2,2,2,2,2,2,0,0,4,4,87.0,142.0,87.0,142.0,17.0,23.0,1,0.0
page-dd5b0a99-4cc6-4fa9-ab63-a277947735b1.png,simplified_chinese,other_layout,table_hard,academic_literature,18,17,17,17,16,16,15,15,15,15,14,14,14,14,13,13,12,12,8,8,6,6,18,17,17,16,16,15,16,15,15,14,15,14,14,13,13,12,10,9,8,7,17,17,211.0,1241.0,211.0,1172.0,52.0,40.0,12,0.0
page-ddb9d794-5230-4b43-b1ec-273b9e7ebc11.png,english,single_column,table_hard,book,10,14,7,7,6,6,5,5,5,5,4,4,4,4,4,4,3,3,3,3,3,3,10,14,9,13,9,13,9,13,8,12,8,12,8,12,7,11,3,3,3,3,10,10,17.0,1578.0,17.0,1573.0,14.0,270.0,6,0.0
page-df88c6e5-891e-4984-9f69-8d83891ecb67.png,en_ch_mixed,other_layout,layout_hard,colorful_textbook,43,55,27,27,26,26,24,24,20,20,17,17,15,15,12,12,5,5,4,4,1,1,38,47,38,47,36,45,33,42,30,39,28,37,26,35,6,9,4,4,1,1,38,36,199.0,763.0,199.0,749.0,63.0,111.0,28,0.2857142857142857
page-e13fef95-c179-4a0f-94f9-1cc970aab788.png,english,single_column,equation_hard,academic_literature,21,19,18,18,17,17,14,14,13,13,11,11,7,7,2,2,1,1,1,1,1,1,21,19,21,19,21,19,21,19,21,19,20,18,19,17,19,17,19,17,1,1,20,20,502.0,1113.0,502.0,1113.0,354.0,406.0,2,0.0
page-e2fbf592-51f5-431a-8ae6-0c62e3349e89.png,simplified_chinese,single_column,equation_hard,book,38,42,32,32,31,31,30,30,29,29,29,29,26,26,24,24,16,16,13,13,6,6,38,42,38,42,37,41,37,41,37,41,37,41,31,34,23,26,20,22,4,4,37,35,702.0,1232.0,702.0,1145.0,127.0,92.0,24,0.08333333333333333
page-e4053f20-e6e6-430e-83ef-db298a3199aa.png,english,single_column,equation_hard,academic_literature,28,25,25,25,21,21,18,18,16,16,13,13,9,9,5,5,5,5,2,2,0,0,28,25,27,24,27,24,27,24,26,23,25,22,21,19,21,19,2,2,0,0,28,27,149.0,726.0,149.0,726.0,48.0,105.0,5,0.0
page-e6c5454d-90ad-495c-85db-a416b7cd6452.png,simplified_chinese,single_column,table_hard,research_report,16,17,15,15,13,13,12,12,12,12,12,12,12,12,9,9,7,7,4,4,3,3,16,17,16,17,16,17,15,15,15,15,14,13,11,10,9,8,4,4,3,3,15,10,32.0,168.0,32.0,168.0,11.0,17.0,9,0.0
page-e721a819-6dbf-453a-a7ad-857c24f9aa3e.png,english,single_column,equation_hard,academic_literature,21,28,15,15,14,14,12,12,10,10,9,9,8,8,6,6,5,5,5,5,1,1,21,28,21,28,20,27,18,24,17,22,16,21,14,18,10,10,5,5,1,1,21,21,481.0,2246.0,481.0,2245.0,104.0,304.0,7,0.10526315789473684
page-e7681b54-2c4a-40a2-9abe-caebba01cefb.png,simplified_chinese,single_column,table_hard,research_report,9,11,8,8,7,7,6,6,5,5,4,4,4,4,4,4,2,2,2,2,2,2,9,11,9,11,9,11,9,11,8,9,6,5,4,4,2,2,2,2,2,2,8,6,25.0,69.0,25.0,67.0,3.0,5.0,5,0.0
page-e9e8bc8e-e22d-4d1a-a3fb-5d175e5e4d70.png,english,single_column,equation_hard,academic_literature,21,20,17,17,16,16,12,12,10,10,5,5,4,4,4,4,3,3,2,2,1,1,21,20,21,20,21,20,21,20,20,19,20,19,20,19,20,19,13,13,1,1,20,20,92.0,474.0,92.0,474.0,23.0,77.0,3,0.0
page-eb7308e0-1395-4444-b6a5-9d33cc3a03b2.png,en_ch_mixed,single_column,layout_hard,book,4,3,3,3,3,3,2,2,2,2,2,2,2,2,2,2,1,1,1,1,1,1,4,3,4,3,4,3,4,3,4,3,4,3,2,2,1,1,1,1,1,1,3,3,16.0,54.0,16.0,54.0,3.0,5.0,1,0.0
page-ed0f3b67-a631-4e9d-b8d8-d9594a5aa652.png,english,other_layout,layout_hard,magazine,13,39,7,7,7,7,6,6,5,5,5,5,5,5,4,4,2,2,2,2,0,0,10,22,10,22,9,21,8,20,8,20,8,20,7,19,5,17,4,3,0,0,8,7,103.0,156.0,103.0,147.0,49.0,22.0,5,0.0
page-eff3dc3a-8d44-4c68-9c3a-55df4aaf1e36.png,english,single_column,table_hard,academic_literature,6,5,5,5,5,5,5,5,4,4,3,3,3,3,2,2,1,1,1,1,1,1,6,5,6,5,6,5,5,4,4,3,4,3,3,2,2,1,2,1,2,1,5,4,0.0,0.0,0.0,0.0,0.0,0.0,0,0.4
page-f029e208-32a7-49e6-a0a1-675590a3e55e.png,english,single_column,equation_hard,book,24,23,19,19,18,18,16,16,15,15,12,12,11,11,9,9,9,9,6,6,4,4,24,23,24,23,24,23,24,23,24,23,23,22,23,22,19,17,13,12,3,3,23,16,652.0,2265.0,652.0,2265.0,173.0,320.0,12,0.0
page-f108020f-edc5-4a27-85d9-d9d9c5d67309.png,english,double_column,equation_hard,academic_literature,39,52,28,28,25,25,22,22,19,19,18,18,14,14,13,13,12,12,12,12,5,5,39,52,39,52,39,52,39,52,37,47,36,46,30,40,21,28,20,26,5,5,39,37,512.0,3262.0,512.0,3261.0,113.0,451.0,17,0.0
page-f222e5f3-8628-47cd-a0b6-40f62123228f.png,english,other_layout,table_hard,academic_literature,14,13,12,12,11,11,11,11,9,9,7,7,4,4,4,4,4,4,4,4,3,3,14,13,13,12,13,12,11,10,9,8,6,5,6,5,6,5,6,5,5,4,12,7,40.0,1984.0,40.0,1961.0,26.0,260.0,8,0.0
page-f245e436-c16e-4d7c-8797-c473bf25880a.png,simplified_chinese,single_column,table_hard,research_report,6,8,6,6,6,6,4,4,4,4,4,4,2,2,2,2,2,2,2,2,2,2,6,8,6,8,6,8,6,8,5,6,3,4,2,2,2,2,2,2,2,2,6,5,17.0,43.0,17.0,43.0,5.0,6.0,3,0.0
page-f3e750d8-8201-4a22-9419-9776798b7a32.png,english,single_column,table_hard,academic_literature,2,2,2,2,2,2,2,2,2,2,2,2,2,2,1,1,1,1,1,1,1,1,2,2,2,2,2,2,2,2,2,2,2,2,1,1,1,1,1,1,1,1,2,2,0.0,43.0,0.0,43.0,0.0,7.0,1,0.0
page-f46e72b1-865d-43e6-ab94-afae16c5f178.png,simplified_chinese,other_layout,table_hard,research_report,8,17,6,6,6,6,6,6,6,6,6,6,6,6,6,6,5,5,5,5,2,2,7,16,7,16,7,16,7,16,7,16,7,16,7,16,6,15,6,15,3,12,7,5,32.0,421.0,32.0,402.0,2.0,2.0,5,0.0
page-f5b824d0-be81-48a9-aae6-3060d11a6503.png,simplified_chinese,single_column,table_hard,research_report,9,8,8,8,8,8,7,7,7,7,7,7,4,4,3,3,2,2,1,1,1,1,9,8,9,8,8,7,8,7,8,7,6,5,5,4,4,3,3,2,1,1,8,7,8.0,47.0,8.0,42.0,0.0,0.0,2,0.5
page-f628d36d-1c38-41a0-990b-7681c214e29c.png,simplified_chinese,other_layout,layout_hard,book,3,8,3,3,3,3,3,3,3,3,3,3,3,3,3,3,1,1,1,1,1,1,3,3,3,3,3,3,3,3,3,3,3,3,3,3,1,1,1,1,1,1,3,3,17.0,110.0,17.0,103.0,2.0,4.0,3,0.0
page-f6ad0f1c-acb7-43c0-b08d-5606ca82fc1b.png,english,single_column,equation_hard,book,29,28,23,23,22,22,18,18,16,16,14,14,10,10,7,7,7,7,3,3,0,0,29,28,29,28,27,25,27,25,25,22,20,18,12,11,7,7,3,3,0,0,29,29,280.0,1349.0,280.0,1349.0,74.0,198.0,9,0.0
page-f6b6cfb8-3bb5-4393-b3fb-70efef72aca5.png,simplified_chinese,single_column,table_hard,research_report,7,7,6,6,5,5,5,5,5,5,4,4,4,4,3,3,3,3,3,3,1,1,6,6,5,5,5,5,5,5,4,4,4,4,3,3,3,3,3,3,1,1,6,5,9.0,208.0,9.0,206.0,3.0,3.0,3,0.0
page-f8c08102-a96d-4533-b3a1-dac6020513b5.png,english,single_column,table_hard,academic_literature,10,9,9,9,9,9,8,8,8,8,8,8,6,6,4,4,2,2,1,1,1,1,10,9,10,9,9,8,9,8,9,8,7,6,5,4,3,2,2,1,2,1,9,7,42.0,387.0,42.0,380.0,13.0,58.0,4,0.0
page-f8fad378-8ee9-4bb0-b195-35a4d55f3113.png,simplified_chinese,other_layout,table_hard,research_report,10,11,10,10,10,10,9,9,8,8,8,8,7,7,5,5,5,5,5,5,3,3,10,10,10,10,9,9,8,8,8,8,7,7,5,5,5,5,5,5,3,3,10,9,32.0,475.0,32.0,461.0,14.0,6.0,7,0.0
page-f9583127-1277-4424-be9d-35430e0aedd6.png,english,single_column,equation_hard,academic_literature,18,18,17,17,17,17,16,16,16,16,13,13,13,13,11,11,11,11,10,10,5,5,18,18,18,18,18,18,18,18,14,13,14,13,12,11,12,11,11,10,5,5,18,18,143.0,3130.0,143.0,3126.0,63.0,491.0,13,0.0
page-fb79f57d-9d7e-4129-a08c-6fc189e84a21.png,english,single_column,equation_hard,academic_literature,26,26,20,20,19,19,12,12,10,10,9,9,5,5,3,3,3,3,3,3,0,0,26,26,26,26,25,25,24,23,24,23,20,19,11,10,11,10,3,3,0,0,25,25,26.0,709.0,26.0,709.0,9.0,109.0,5,0.0
page-fbfad23e-60e1-40d5-ba55-e7a1bcb26c97.png,simplified_chinese,other_layout,layout_hard,book,28,27,24,24,23,23,22,22,20,20,20,20,18,18,15,15,13,13,9,9,4,4,26,24,25,23,25,23,23,21,23,21,22,20,12,11,9,9,6,6,3,3,25,23,311.0,1235.0,311.0,1230.0,169.0,247.0,18,0.25
page-fd04ea51-677c-4de2-8e8e-adfd791e2957.png,english,single_column,table_hard,academic_literature,11,11,11,11,11,11,11,11,10,10,9,9,9,9,9,9,9,9,8,8,8,8,11,11,11,11,11,11,10,10,9,9,9,9,9,9,9,9,8,8,8,8,11,11,8.0,4090.0,8.0,4090.0,10.0,671.0,8,0.0
page-fd7003ba-9af2-4b60-8c45-1e2ac1c7f474.png,traditional_chinese,single_column,table_hard,research_report,11,12,11,11,11,11,9,9,9,9,9,9,9,9,8,8,5,5,5,5,3,3,11,12,11,12,10,11,9,9,9,9,9,9,8,8,5,5,5,5,3,3,11,11,19.0,565.0,19.0,558.0,3.0,7.0,8,0.0
page-fe0bca35-a6c4-4591-a6dc-c5649c01ba6d.png,simplified_chinese,other_layout,table_hard,book,9,9,9,9,9,9,9,9,8,8,8,8,6,6,6,6,4,4,3,3,3,3,9,9,9,9,9,9,8,8,8,8,6,6,6,6,4,4,3,3,3,3,9,7,119.0,391.0,119.0,391.0,50.0,64.0,6,0.0
scihub_AEM.01420-09.pdf_3.jpg,english,1andmore_column,v1.5,academic_literature,10,12,9,9,8,8,8,8,8,8,7,7,5,5,5,5,4,4,4,4,4,4,10,12,9,11,9,11,9,11,8,10,6,8,6,8,5,7,4,4,4,4,10,6,271.0,1544.0,271.0,1543.0,117.0,278.0,6,0.0
scihub_TNANO.2007.893575.pdf_0.jpg,english,1andmore_column,v1.5,academic_literature,16,22,14,14,13,13,13,13,13,13,12,12,11,11,11,11,9,9,8,8,4,4,15,21,14,20,14,20,14,20,13,19,12,18,12,18,10,16,9,15,5,11,15,14,204.0,4922.0,204.0,4880.0,161.0,742.0,12,0.0
scihub_bloodadvances.2019030924.pdf_3.jpg,english,1andmore_column,v1.5,academic_literature,14,15,11,11,11,11,10,10,9,9,9,9,9,9,8,8,7,7,6,6,6,6,14,15,14,15,14,15,13,14,13,14,13,14,12,13,8,9,7,8,6,6,12,10,246.0,4281.0,246.0,4276.0,194.0,727.0,8,0.0
scihub_c2gc35284b.pdf_6.jpg,english,1andmore_column,v1.5,academic_literature,11,10,10,10,10,10,10,10,8,8,7,7,7,7,7,7,6,6,5,5,3,3,11,10,11,10,11,10,10,9,9,8,7,7,7,7,6,6,5,5,3,3,10,9,175.0,3788.0,175.0,3775.0,125.0,531.0,6,0.0
scihub_carcin%2Fbgh032.pdf_2.jpg,english,1andmore_column,v1.5,academic_literature,15,14,14,14,14,14,14,14,14,14,14,14,12,12,11,11,10,10,7,7,5,5,15,14,15,14,15,14,15,14,15,14,13,12,12,11,11,10,8,7,7,6,14,14,199.0,3741.0,199.0,3729.0,143.0,540.0,9,0.0
scihub_fmicb.2019.01892.pdf_2.jpg,english,1andmore_column,v1.5,academic_literature,15,15,14,14,14,14,13,13,13,13,12,12,12,12,11,11,9,9,7,7,5,5,14,14,14,14,13,13,13,13,12,12,12,12,11,11,9,9,7,7,5,5,14,13,263.0,4464.0,263.0,4447.0,144.0,689.0,9,0.0
scihub_gbe%2Fevaa098.pdf_0.jpg,english,1andmore_column,v1.5,academic_literature,25,26,25,25,25,25,24,24,24,24,23,23,20,20,11,11,10,10,4,4,1,1,25,26,25,26,25,26,25,26,24,25,21,22,12,13,11,12,4,4,1,1,25,15,133.0,3931.0,133.0,3917.0,80.0,523.0,21,0.0
scihub_iccwamtip51612.2020.9317329.pdf_4.jpg,english,1andmore_column,v1.5,academic_literature,30,41,27,27,27,27,27,27,27,27,27,27,26,26,26,26,23,23,13,13,5,5,30,41,30,41,29,39,29,39,29,39,28,38,28,38,25,35,15,25,6,11,30,29,140.0,3763.0,140.0,3704.0,135.0,521.0,27,0.0
scihub_ie102256j.pdf_4.jpg,english,1andmore_column,v1.5,academic_literature,16,16,16,16,16,16,15,15,15,15,14,14,14,14,14,14,13,13,9,9,7,7,16,16,16,16,15,15,15,15,14,14,14,14,14,14,13,13,9,9,7,7,16,16,144.0,4411.0,144.0,4389.0,152.0,724.0,10,0.0
scihub_ijcac.2012040101.pdf_5.jpg,english,1andmore_column,v1.5,academic_literature,15,15,14,14,14,14,14,14,14,14,14,14,13,13,13,13,11,11,9,9,6,6,15,15,15,15,15,15,15,15,15,15,14,14,14,14,13,13,9,9,6,6,14,14,53.0,3083.0,53.0,3034.0,76.0,431.0,11,0.16666666666666666
scihub_ijop.12033.pdf_5.jpg,english,1andmore_column,v1.5,academic_literature,13,13,13,13,13,13,13,13,13,13,12,12,10,10,9,9,8,8,8,8,6,6,13,13,13,13,13,13,13,13,12,12,10,10,9,9,8,8,8,8,6,6,13,13,20.0,4229.0,20.0,4209.0,29.0,586.0,9,0.0
scihub_j.1528-1167.2008.01552.x.pdf_3.jpg,english,double_column,v1.5,academic_literature,13,13,12,12,12,12,12,12,12,12,12,12,12,12,12,12,9,9,8,8,6,6,12,12,12,12,12,12,12,12,12,12,12,12,12,12,9,9,8,8,6,6,12,12,270.0,2997.0,270.0,2994.0,92.0,393.0,9,0.0
scihub_j.cbpb.2019.110324.pdf_6.jpg,english,1andmore_column,v1.5,academic_literature,11,13,9,9,9,9,8,8,8,8,6,6,6,6,6,6,6,6,6,6,4,4,10,12,10,12,9,11,9,11,7,9,7,9,7,9,7,9,7,9,5,7,10,9,92.0,3691.0,92.0,3613.0,125.0,505.0,6,0.0
scihub_j.coisb.2017.11.013.pdf_0.jpg,english,1andmore_column,v1.5,academic_literature,21,28,19,19,19,19,19,19,18,18,17,17,15,15,13,13,11,11,7,7,4,4,21,28,21,28,21,28,20,27,19,26,17,24,15,22,13,20,8,9,4,4,21,18,99.0,4887.0,99.0,4839.0,108.0,624.0,16,0.0
scihub_j.conbuildmat.2019.117698.pdf_5.jpg,english,1andmore_column,v1.5,academic_literature,17,31,15,15,14,14,13,13,13,13,12,12,11,11,11,11,10,10,7,7,6,6,17,31,16,30,15,29,15,29,14,28,13,27,13,27,12,26,9,23,8,22,17,16,178.0,4893.0,178.0,4868.0,79.0,762.0,13,0.0
scihub_j.ejcts.2011.04.042.pdf_3.jpg,english,1andmore_column,v1.5,academic_literature,18,18,18,18,18,18,18,18,18,18,17,17,17,17,16,16,15,15,13,13,6,6,18,18,18,18,18,18,18,18,17,17,17,17,16,16,15,15,13,13,6,6,18,18,82.0,2830.0,82.0,2757.0,100.0,416.0,13,0.0
scihub_j.jallcom.2003.09.015.pdf_1.jpg,english,1andmore_column,v1.5,academic_literature,16,29,15,15,15,15,14,14,13,13,13,13,13,13,12,12,11,11,8,8,7,7,16,29,16,29,16,29,15,28,15,28,15,28,14,27,14,27,11,24,8,22,15,12,582.0,3146.0,582.0,3130.0,181.0,493.0,11,0.15384615384615385
scihub_j.jmb.2003.10.009.pdf_4.jpg,english,1andmore_column,v1.5,academic_literature,10,10,10,10,10,10,10,10,10,10,10,10,10,10,8,8,7,7,7,7,4,4,10,10,10,10,10,10,10,10,10,10,10,10,8,8,7,7,7,7,4,4,10,10,93.0,3832.0,93.0,3831.0,61.0,657.0,7,0.0
scihub_j.jnutbio.2010.09.015.pdf_0.jpg,english,1andmore_column,v1.5,academic_literature,20,22,18,18,18,18,18,18,16,16,15,15,13,13,10,10,9,9,9,9,7,7,19,21,19,21,19,21,17,19,16,18,14,16,11,13,10,12,10,12,8,10,19,14,234.0,4872.0,234.0,4794.0,118.0,643.0,13,0.0
scihub_j.physe.2007.10.027.pdf_0.jpg,english,1andmore_column,v1.5,academic_literature,20,20,19,19,19,19,18,18,17,17,17,17,16,16,15,15,12,12,7,7,4,4,20,20,20,20,20,20,19,19,19,19,18,18,17,17,14,14,10,10,7,7,19,14,231.0,3930.0,231.0,3890.0,129.0,544.0,13,0.0
scihub_jai.12343.pdf_3.jpg,english,1andmore_column,v1.5,academic_literature,11,13,10,10,10,10,10,10,10,10,10,10,9,9,8,8,7,7,6,6,3,3,11,13,11,13,11,13,11,13,11,13,10,12,9,11,8,10,7,9,3,3,11,7,29.0,1755.0,29.0,1739.0,35.0,246.0,6,0.36363636363636365
scihub_jb%2Fmvh022.pdf_1.jpg,english,1andmore_column,v1.5,academic_literature,10,10,10,10,10,10,10,10,9,9,9,9,9,9,6,6,5,5,5,5,4,4,10,10,10,10,10,10,9,9,9,9,9,9,6,6,5,5,5,5,4,4,10,8,118.0,3167.0,118.0,3128.0,111.0,449.0,5,0.0
scihub_jee%2Ftoaa103.pdf_2.jpg,english,1andmore_column,v1.5,academic_literature,15,15,14,14,14,14,14,14,14,14,12,12,12,12,11,11,10,10,10,10,8,8,14,14,14,14,14,14,14,14,12,12,12,12,11,11,10,10,10,10,8,8,14,14,285.0,5903.0,285.0,5782.0,289.0,805.0,11,0.0
scihub_jgh.13044.pdf_2.jpg,english,1andmore_column,v1.5,academic_literature,12,17,10,10,9,9,9,9,9,9,7,7,7,7,7,7,6,6,4,4,4,4,12,17,11,16,11,16,11,16,9,14,9,14,9,14,8,13,5,9,5,9,12,9,172.0,1933.0,172.0,1862.0,83.0,267.0,6,0.0
scihub_jneurosci.16-15-04625.1996.pdf_2.jpg,english,1andmore_column,v1.5,academic_literature,10,13,9,9,9,9,9,9,8,8,8,8,8,8,7,7,5,5,5,5,4,4,10,13,10,13,10,13,9,12,9,12,9,12,8,11,6,9,6,9,5,8,10,10,500.0,4363.0,500.0,4314.0,192.0,631.0,7,0.0
scihub_journal.pone.0166577.pdf_5.jpg,english,single_column,v1.5,academic_literature,7,8,7,7,7,7,7,7,7,7,5,5,4,4,4,4,3,3,3,3,1,1,7,8,7,8,7,8,7,8,5,6,4,5,4,5,3,4,3,4,1,2,7,6,154.0,228.0,154.0,228.0,28.0,29.0,2,0.0
scihub_jp.2017.29.pdf_0.jpg,english,1andmore_column,v1.5,academic_literature,22,38,21,21,21,21,21,21,21,21,20,20,16,16,15,15,14,14,11,11,10,10,22,38,22,38,22,38,22,38,21,37,18,34,17,33,16,32,13,29,11,26,22,20,312.0,6037.0,312.0,6021.0,156.0,852.0,19,0.0
scihub_jps.21547.pdf_7.jpg,english,1andmore_column,v1.5,academic_literature,15,15,15,15,15,15,15,15,15,15,14,14,13,13,12,12,11,11,11,11,9,9,15,15,15,15,15,15,15,15,14,14,13,13,12,12,11,11,11,11,9,9,15,15,88.0,2931.0,88.0,2913.0,74.0,407.0,9,0.18181818181818182
scihub_md.0000000000002934.pdf_0.jpg,english,1andmore_column,v1.5,academic_literature,34,30,26,26,25,25,25,25,25,25,25,25,25,25,23,23,20,20,14,14,10,10,33,29,33,29,33,29,33,29,33,29,33,29,32,28,29,25,17,17,10,10,27,17,461.0,6239.0,461.0,5851.0,269.0,743.0,25,0.0
scihub_mol.66.4.921.pdf_1.jpg,english,1andmore_column,v1.5,academic_literature,13,13,13,13,13,13,13,13,13,13,12,12,11,11,11,11,9,9,8,8,7,7,13,13,13,13,13,13,13,13,12,12,11,11,11,11,9,9,8,8,7,7,13,13,539.0,4792.0,539.0,4657.0,196.0,617.0,9,0.0
scihub_prrv.2001.0150.pdf_0.jpg,english,other_layout,v1.5,academic_literature,16,16,15,15,14,14,14,14,14,14,14,14,14,14,10,10,10,10,9,9,4,4,15,15,14,14,14,14,14,14,14,14,14,14,10,10,10,10,9,9,4,4,15,11,49.0,3475.0,49.0,3458.0,42.0,481.0,12,0.0
scihub_pssa.201330411.pdf_0.jpg,english,1andmore_column,v1.5,academic_literature,22,28,19,19,19,19,17,17,16,16,15,15,14,14,14,14,12,12,10,10,9,9,22,28,21,23,20,22,19,21,18,20,16,15,16,15,14,13,12,11,11,10,21,17,295.0,4207.0,295.0,4119.0,96.0,602.0,17,0.0
scihub_s00381-021-05138-3.pdf_3.jpg,english,single_column,v1.5,academic_literature,4,4,4,4,4,4,4,4,4,4,4,4,4,4,4,4,1,1,1,1,1,1,4,4,4,4,4,4,4,4,4,4,4,4,4,4,1,1,1,1,1,1,4,4,26.0,103.0,26.0,93.0,5.0,12.0,1,0.0
scihub_s00586-010-1656-7.pdf_3.jpg,english,other_layout,v1.5,academic_literature,16,16,16,16,16,16,16,16,16,16,15,15,12,12,12,12,10,10,9,9,8,8,16,16,16,16,16,16,16,16,15,15,12,12,12,12,10,10,9,9,8,8,16,15,27.0,3139.0,27.0,3116.0,37.0,477.0,11,0.25
scihub_s00784-003-0233-4.pdf_1.jpg,english,1andmore_column,v1.5,academic_literature,11,11,11,11,11,11,11,11,10,10,10,10,9,9,9,9,9,9,9,9,7,7,11,11,11,11,11,11,10,10,10,10,9,9,9,9,9,9,9,9,7,7,11,10,102.0,3414.0,102.0,3345.0,95.0,502.0,9,0.0
scihub_s00894-012-1568-z.pdf_2.jpg,english,other_layout,v1.5,academic_literature,15,15,15,15,15,15,15,15,15,15,15,15,15,15,12,12,9,9,8,8,7,7,15,15,15,15,15,15,15,15,15,15,15,15,12,12,9,9,8,8,7,7,15,15,233.0,3432.0,233.0,3430.0,69.0,546.0,9,0.5333333333333333
scihub_s11661-013-1726-7.pdf_2.jpg,english,1andmore_column,v1.5,academic_literature,12,9,8,8,8,8,8,8,8,8,8,8,8,8,6,6,5,5,5,5,3,3,12,9,12,9,12,9,12,9,12,9,12,9,10,7,9,6,9,6,7,4,8,8,113.0,2412.0,113.0,2411.0,90.0,416.0,5,0.0
scihub_s12237-014-9873-7.pdf_4.jpg,english,single_column,v1.5,academic_literature,5,4,4,4,4,4,4,4,3,3,2,2,2,2,2,2,2,2,0,0,0,0,5,4,5,4,5,4,4,3,3,2,3,2,3,2,3,2,2,1,2,1,4,4,200.0,492.0,200.0,492.0,40.0,72.0,1,0.0
scihub_s12935-018-0683-z.pdf_0.jpg,english,1andmore_column,v1.5,academic_literature,20,22,20,20,19,19,18,18,18,18,18,18,18,18,15,15,13,13,10,10,5,5,20,22,19,21,19,21,19,21,19,21,19,21,16,18,14,16,11,13,6,8,20,16,65.0,3425.0,65.0,3395.0,67.0,483.0,13,0.0
yanbaopptmerge_0b41cf8ff07c565b2b3eed6b269c036bb41bc38effea5d0d11b90c69d07fac21.pdf_1.jpg,simplified_chinese,single_column,v1.5,research_report,9,10,8,8,7,7,6,6,6,6,6,6,3,3,3,3,3,3,3,3,1,1,8,9,7,8,7,8,7,8,7,8,4,5,3,3,3,3,3,3,1,1,8,8,5.0,70.0,5.0,67.0,0.0,0.0,3,0.0
yanbaopptmerge_0c79d327060dbf9f1582d03c235dadb039533a19091d2c0d24f2ad95d267f79b.pdf_2.jpg,simplified_chinese,single_column,v1.5,research_report,20,20,20,20,20,20,19,19,18,18,18,18,18,18,12,12,9,9,7,7,5,5,20,20,20,20,19,19,18,18,18,18,18,18,12,12,9,9,7,7,5,5,20,18,39.0,1119.0,39.0,1088.0,0.0,0.0,14,0.0
yanbaopptmerge_0dd24976bcc395ad595cf73b411d627e14c19ba0299bb3fa0d8108993d079545.pdf_8.jpg,simplified_chinese,single_column,v1.5,research_report,7,7,7,7,7,7,7,7,7,7,7,7,7,7,6,6,6,6,3,3,1,1,7,7,7,7,7,7,7,7,7,7,7,7,6,6,6,6,3,3,1,1,7,6,2.0,18.0,2.0,17.0,2.0,2.0,1,0.0
yanbaopptmerge_11eeaa31ab6171a9d1ea55aeb0b167e51bffeaa8a83a97cb5e2c3fb7963bf1bf.pdf_7.jpg,simplified_chinese,single_column,v1.5,research_report,7,8,7,7,7,7,7,7,7,7,7,7,7,7,4,4,2,2,2,2,0,0,7,8,7,8,7,8,7,8,7,8,7,8,5,6,3,4,3,4,1,2,7,5,13.0,76.0,13.0,68.0,0.0,2.0,3,0.2857142857142857
yanbaopptmerge_1c5f17c3dfa38c45b86802b9d014da18.pdf_1372.jpg,english,single_column,v1.5,colorful_textbook,14,15,14,14,14,14,13,13,13,13,12,12,11,11,11,11,10,10,7,7,6,6,14,15,14,15,14,15,13,13,12,12,11,11,11,11,10,10,7,7,6,6,14,11,34.0,3851.0,34.0,3830.0,52.0,608.0,10,0.0
yanbaopptmerge_2325ef43385f09f3c8539d0f817edf9b39a086325d416958e4b481904f9867db.pdf_12.jpg,simplified_chinese,single_column,v1.5,research_report,11,11,10,10,10,10,10,10,10,10,9,9,8,8,5,5,3,3,3,3,3,3,10,10,10,10,10,10,10,10,9,9,8,8,5,5,3,3,3,3,3,3,10,9,17.0,192.0,17.0,184.0,0.0,0.0,5,0.0
yanbaopptmerge_293df2702e017fa1e78f6fe9b42d64ce.pdf_928.jpg,english,1andmore_column,v1.5,book,17,17,17,17,17,17,16,16,15,15,11,11,10,10,10,10,9,9,7,7,4,4,17,17,17,17,16,16,15,15,11,11,10,10,10,10,9,9,7,7,4,4,17,16,98.0,2329.0,98.0,2298.0,93.0,392.0,15,0.0
yanbaopptmerge_2b8553b00244437fa3e502aa2d3d319ed74459a1e264a4fdd9ecc14ce46609d5.pdf_2.jpg,simplified_chinese,single_column,v1.5,research_report,14,14,14,14,13,13,13,13,13,13,13,13,11,11,8,8,6,6,5,5,1,1,14,14,13,13,13,13,13,13,13,13,11,11,8,8,6,6,5,5,1,1,14,13,16.0,124.0,16.0,116.0,5.0,6.0,6,0.0
yanbaopptmerge_2d0d871a074b4818b16b4425cafac8dd221d91fbde8deae28efba2af50359c50.pdf_1.jpg,simplified_chinese,single_column,v1.5,research_report,12,28,8,8,8,8,7,7,7,7,7,7,4,4,2,2,2,2,2,2,1,1,11,27,11,27,10,25,10,25,10,25,7,22,5,20,4,17,4,17,2,9,11,9,83.0,622.0,83.0,566.0,64.0,16.0,7,0.0
yanbaopptmerge_2f4902871606698497c53ccb18d3fec2f83d05047d883cd65bbce26bfb27bcd2.pdf_1.jpg,simplified_chinese,single_column,v1.5,research_report,6,6,6,6,6,6,6,6,6,6,6,6,4,4,3,3,3,3,2,2,2,2,6,6,6,6,6,6,6,6,6,6,4,4,3,3,3,3,2,2,2,2,6,6,4.0,42.0,4.0,40.0,0.0,0.0,2,0.0
yanbaopptmerge_3aa9b6677e17fd012b0a7a230b9f18db.pdf_1327.jpg,english,single_column,v1.5,book,30,27,26,26,24,24,23,23,21,21,19,19,17,17,11,11,7,7,4,4,3,3,30,27,29,26,28,25,28,25,27,24,25,22,18,16,12,11,4,4,3,3,26,21,131.0,1685.0,131.0,1679.0,53.0,283.0,16,0.0
yanbaopptmerge_3f514841b9bba3e68710fde7af9562d36a424736a356ece18bb5eea86b43ada5.pdf_15.jpg,simplified_chinese,single_column,v1.5,research_report,8,8,8,8,8,8,8,8,8,8,8,8,8,8,6,6,5,5,3,3,2,2,8,8,8,8,8,8,8,8,8,8,8,8,6,6,5,5,3,3,2,2,8,7,41.0,426.0,41.0,408.0,17.0,2.0,3,0.0
yanbaopptmerge_4304d65458262c3161cf5d0440c6a56851222ce1da3d7886cdd2320ce2222c4a.pdf_7.jpg,simplified_chinese,1andmore_column,v1.5,research_report,19,18,18,18,17,17,17,17,15,15,13,13,11,11,6,6,4,4,3,3,2,2,19,18,18,17,18,17,16,15,14,13,12,11,7,6,6,5,3,3,2,2,18,13,36.0,434.0,36.0,412.0,0.0,0.0,10,0.0
yanbaopptmerge_46f23989f000d2a83058955c99cdcc1220d6649f16db4f5719d356aa5ced01bc.pdf_7.jpg,simplified_chinese,single_column,v1.5,research_report,8,8,7,7,7,7,7,7,7,7,7,7,7,7,7,7,3,3,3,3,2,2,7,7,7,7,7,7,7,7,7,7,7,7,7,7,3,3,3,3,2,2,7,6,47.0,271.0,47.0,248.0,26.0,7.0,3,0.0
yanbaopptmerge_51e549c0d1a2669ac976409fcf99ce91908b1e0a07f0fc70d92263abf6d07f18.pdf_1.jpg,simplified_chinese,single_column,v1.5,research_report,5,5,5,5,4,4,4,4,4,4,3,3,3,3,3,3,2,2,1,1,1,1,5,5,4,4,4,4,4,4,3,3,3,3,3,3,2,2,1,1,1,1,5,5,2.0,17.0,2.0,17.0,0.0,0.0,1,0.0
yanbaopptmerge_5473246b8da789b9bfdeef53a70c4d72afd480415d5cbcedb83d105856710328.pdf_8.jpg,simplified_chinese,single_column,v1.5,research_report,16,16,15,15,15,15,15,15,14,14,13,13,11,11,8,8,7,7,7,7,5,5,15,15,15,15,15,15,14,14,13,13,11,11,8,8,7,7,7,7,5,5,15,12,22.0,1039.0,22.0,1024.0,0.0,0.0,10,0.0
yanbaopptmerge_56df5dde920f95a11bf5b9d69353fbd82045f3fec4f553bc928a0b50c136f99a.pdf_3.jpg,simplified_chinese,single_column,v1.5,research_report,17,17,15,15,15,15,14,14,14,14,14,14,12,12,12,12,12,12,9,9,5,5,15,15,15,15,14,14,14,14,14,14,12,12,12,12,12,12,9,9,5,5,15,13,61.0,627.0,61.0,589.0,4.0,4.0,10,0.0
yanbaopptmerge_593a9a157e4d56a5a57eb14f1d1beec5.pdf_944.jpg,english,three_column,v1.5,book,124,116,54,54,53,53,51,51,44,44,32,32,12,12,5,5,4,4,1,1,0,0,124,116,123,115,121,113,114,106,102,94,82,74,74,65,63,47,47,18,28,1,83,80,142.0,2223.0,142.0,2108.0,149.0,215.0,81,0.8888888888888888
yanbaopptmerge_6b6ed54523980841c1a28a656d0295ec638cf50c991c16cafec715237c83919f.pdf_31.jpg,simplified_chinese,single_column,v1.5,PPT2PDF,9,9,9,9,9,9,8,8,8,8,8,8,8,8,8,8,6,6,6,6,4,4,9,9,9,9,8,8,8,8,8,8,8,8,8,8,6,6,6,6,4,4,9,7,33.0,695.0,33.0,694.0,24.0,24.0,6,0.2222222222222222
yanbaopptmerge_6ffacf656934424ef14b39750f1d93926693dd8b7fa925859f1349d253ba2566.pdf_2.jpg,simplified_chinese,single_column,v1.5,research_report,14,23,13,13,13,13,13,13,12,12,12,12,11,11,11,11,9,9,9,9,6,6,14,23,14,23,14,23,13,22,13,22,12,21,12,21,10,19,10,19,7,16,14,11,35.0,974.0,35.0,949.0,0.0,0.0,10,0.0
yanbaopptmerge_70a45bf10fb90ae0c91d44a11e0a97a8f9515d85626b54eb50a80b6146e5c2bf.pdf_10.jpg,simplified_chinese,single_column,v1.5,research_report,16,30,10,10,10,10,8,8,4,4,4,4,3,3,1,1,1,1,0,0,0,0,13,25,12,22,9,18,5,14,5,14,4,13,3,12,3,12,1,9,0,0,13,8,68.0,245.0,68.0,231.0,13.0,9.0,8,0.0
yanbaopptmerge_7c6e8be0695a66c716176c95257a76e940f7d08d8227b37e9ee47142eca6b448.pdf_5.jpg,simplified_chinese,single_column,v1.5,research_report,15,14,13,13,12,12,12,12,12,12,10,10,9,9,7,7,6,6,4,4,1,1,15,14,14,13,14,13,14,13,12,11,11,10,9,8,8,7,6,5,1,1,13,12,31.0,230.0,31.0,216.0,0.0,0.0,8,0.0
yanbaopptmerge_903cf6cd7820b5463e95c5aaab9f16134f9853cd7963567497337527e73b9bcc.pdf_7.jpg,simplified_chinese,single_column,v1.5,research_report,5,5,4,4,4,4,4,4,4,4,3,3,3,3,3,3,2,2,1,1,1,1,4,4,4,4,4,4,4,4,3,3,3,3,3,3,2,2,1,1,1,1,4,4,0.0,0.0,0.0,0.0,0.0,0.0,0,
yanbaopptmerge_9081a70ff98b3e7d640660a9412c447d.pdf_1287.jpg,english,three_column,v1.5,book,138,83,72,72,64,64,61,61,56,56,43,43,37,37,20,20,5,5,1,1,1,1,138,81,138,81,136,80,132,78,129,76,116,69,90,52,55,30,31,16,3,2,72,65,1.0,121.0,1.0,121.0,1.0,24.0,6,0.9565217391304348
yanbaopptmerge_9882208cc25205150eeb522e78541631.pdf_501.jpg,english,1andmore_column,v1.5,book,38,37,37,37,36,36,36,36,36,36,35,35,33,33,28,28,22,22,14,14,4,4,38,37,38,37,38,37,38,37,35,35,33,33,28,28,22,22,14,14,4,4,37,37,60.0,2771.0,60.0,2741.0,58.0,497.0,35,0.8
yanbaopptmerge_PattPatelCh12.pdf_27.jpg,english,single_column,v1.5,PPT2PDF,4,4,4,4,4,4,4,4,4,4,4,4,4,4,3,3,3,3,3,3,2,2,4,4,4,4,4,4,4,4,4,4,4,4,3,3,3,3,3,3,2,2,4,3,0.0,21.0,0.0,21.0,0.0,3.0,1,0.0
yanbaopptmerge_SE05.pdf_7.jpg,english,single_column,v1.5,PPT2PDF,11,11,10,10,10,10,10,10,10,10,10,10,10,10,10,10,9,9,7,7,2,2,10,10,10,10,10,10,10,10,10,10,10,10,10,10,9,9,7,7,2,2,10,10,41.0,344.0,41.0,344.0,17.0,64.0,10,0.0
yanbaopptmerge_SE14.pdf_1.jpg,english,single_column,v1.5,PPT2PDF,6,6,6,6,6,6,6,6,6,6,6,6,6,6,6,6,5,5,5,5,4,4,6,6,6,6,6,6,6,6,6,6,6,6,6,6,5,5,5,5,4,4,6,6,11.0,517.0,11.0,517.0,6.0,84.0,5,0.0
yanbaopptmerge_SE17.pdf_10.jpg,english,single_column,v1.5,PPT2PDF,7,15,4,4,4,4,4,4,4,4,4,4,4,4,4,4,4,4,3,3,1,1,6,13,6,13,6,13,6,13,6,13,6,13,6,13,6,13,3,3,1,1,6,6,15.0,739.0,15.0,739.0,11.0,110.0,6,0.0
yanbaopptmerge_SE20.pdf_2.jpg,english,single_column,v1.5,PPT2PDF,6,17,4,4,4,4,4,4,3,3,3,3,3,3,2,2,2,2,1,1,0,0,6,17,6,17,6,17,6,17,5,15,5,15,4,14,4,14,4,14,1,2,6,5,8.0,546.0,8.0,546.0,6.0,88.0,4,0.0
yanbaopptmerge_a822e4cc59988e86ed9654dff1252cc3593961abf1aee12087c522068f2c54e2.pdf_2.jpg,simplified_chinese,single_column,v1.5,research_report,8,8,6,6,5,5,5,5,5,5,5,5,5,5,5,5,5,5,4,4,1,1,8,8,8,8,8,8,8,8,8,8,8,8,8,8,8,8,7,7,3,2,7,6,31.0,147.0,31.0,136.0,16.0,9.0,3,0.8571428571428571
yanbaopptmerge_abef2a4978ae4d13e931f0392502bd40.pdf_1130.jpg,english,1andmore_column,v1.5,book,68,67,63,63,60,60,55,55,51,51,45,45,32,32,22,22,10,10,4,4,1,1,67,66,64,63,59,58,53,52,47,46,34,33,24,23,10,10,4,4,1,1,63,45,690.0,1544.0,690.0,1542.0,98.0,138.0,62,0.25806451612903225
yanbaopptmerge_abef2a4978ae4d13e931f0392502bd40.pdf_1287.jpg,english,three_column,v1.5,book,184,116,95,95,76,76,56,56,46,46,36,36,30,30,16,16,9,9,5,5,1,1,184,116,184,116,182,114,175,110,134,86,83,58,48,35,27,21,10,9,3,2,97,42,758.0,1450.0,758.0,1429.0,181.0,216.0,42,0.9787234042553191
yanbaopptmerge_aec1bf4ddb8fb4996b0512e90b3bfb31c9b151919f5d7b4a4f658f4b1f762b9e.pdf_2.jpg,simplified_chinese,1andmore_column,v1.5,research_report,13,14,12,12,11,11,10,10,10,10,10,10,9,9,6,6,4,4,2,2,2,2,13,14,12,13,11,12,11,12,11,12,10,11,7,8,5,6,2,2,2,2,13,10,12.0,127.0,12.0,122.0,3.0,3.0,6,0.2222222222222222
yanbaopptmerge_b96c77724a4dcf5e1c535d2d4e8f77b26255cf5c4561d37e11fcff640a74919a.pdf_7.jpg,simplified_chinese,single_column,v1.5,research_report,23,26,22,22,20,20,19,19,19,19,19,19,17,17,16,16,15,15,14,14,7,7,23,26,22,25,21,24,21,24,20,22,18,19,17,18,16,17,15,16,8,9,23,19,58.0,1207.0,58.0,1171.0,0.0,0.0,18,0.0
yanbaopptmerge_ba38a4c7e8f15937f3ae537cf2de2cd5.pdf_104.jpg,english,1andmore_column,v1.5,book,12,12,12,12,12,12,12,12,11,11,10,10,9,9,7,7,7,7,7,7,4,4,12,12,12,12,12,12,11,11,10,10,9,9,7,7,7,7,7,7,4,4,12,10,66.0,3234.0,66.0,3194.0,44.0,479.0,8,0.0
yanbaopptmerge_baa6d02928efcac46ccf7dfd3859de565cfb0bea918ae0ec0eed50944a7c20b4.pdf_11.jpg,simplified_chinese,single_column,v1.5,research_report,5,5,5,5,5,5,5,5,5,5,5,5,3,3,3,3,3,3,1,1,1,1,5,5,5,5,5,5,5,5,5,5,3,3,3,3,3,3,1,1,1,1,5,4,4.0,20.0,4.0,18.0,0.0,0.0,1,0.0
yanbaopptmerge_bde265c4886a63cc9a96575991522f2abfce961325fcd4884fabd9a79c423ffa.pdf_2.jpg,simplified_chinese,single_column,v1.5,research_report,12,12,12,12,12,12,12,12,12,12,12,12,12,12,11,11,9,9,4,4,3,3,12,12,12,12,12,12,12,12,12,12,12,12,11,11,9,9,4,4,3,3,12,11,61.0,565.0,61.0,526.0,32.0,8.0,7,0.0
yanbaopptmerge_c75b0a56d8f1b31d04fbe97f776244f25f5238f6cada15fb4007f8bfb17bdf9f.pdf_1.jpg,simplified_chinese,single_column,v1.5,research_report,7,8,6,6,5,5,4,4,4,4,4,4,3,3,3,3,3,3,1,1,0,0,6,7,5,6,5,6,5,6,5,6,4,5,4,5,4,5,2,3,1,2,6,4,4.0,24.0,4.0,22.0,0.0,0.0,1,0.0
yanbaopptmerge_c894b375daca22d041c8a35946295d0a73d6589ad7c3d1d39d8664a2666372bf.pdf_10.jpg,simplified_chinese,single_column,v1.5,research_report,8,8,7,7,7,7,7,7,7,7,7,7,7,7,5,5,3,3,2,2,2,2,7,7,7,7,7,7,7,7,7,7,7,7,5,5,3,3,2,2,2,2,7,5,16.0,273.0,16.0,264.0,0.0,0.0,4,0.0
yanbaopptmerge_cf41c3f5ddc7509959ef643ca6308d5ae90f3e87708855d6770df564b749fe7b.pdf_3.jpg,simplified_chinese,single_column,v1.5,research_report,16,16,16,16,16,16,16,16,16,16,15,15,12,12,11,11,9,9,5,5,3,3,16,16,16,16,16,16,16,16,15,15,12,12,11,11,9,9,5,5,3,3,16,15,33.0,842.0,33.0,825.0,0.0,0.0,12,0.0
yanbaopptmerge_d346b889f1d85c61950a71d4b0ac2752.pdf_89.jpg,english,single_column,v1.5,book,15,15,15,15,14,14,14,14,14,14,14,14,13,13,7,7,7,7,7,7,6,6,15,15,14,14,14,14,14,14,14,14,13,13,7,7,7,7,7,7,6,6,15,15,22.0,4131.0,22.0,4115.0,36.0,671.0,11,0.0
yanbaopptmerge_d4fc7cba428625974e93183edfccea73.pdf_89.jpg,english,single_column,v1.5,book,14,14,14,14,14,14,14,14,13,13,13,13,12,12,10,10,7,7,6,6,4,4,14,14,14,14,14,14,13,13,13,13,12,12,10,10,7,7,6,6,4,4,14,14,64.0,3102.0,64.0,3063.0,70.0,531.0,9,0.0
yanbaopptmerge_e3b48594d5a2a6dc86b51244737f24867a0c1781e9f0e4fb52d96bbc6f9d95c7.pdf_3.jpg,simplified_chinese,single_column,v1.5,research_report,8,6,5,5,5,5,5,5,5,5,3,3,3,3,2,2,1,1,0,0,0,0,8,6,8,6,8,6,8,6,6,4,6,4,5,3,4,2,3,1,3,1,5,4,2.0,15.0,2.0,15.0,0.0,0.0,1,
yanbaopptmerge_e60b3b61281e87ddf42f9321a9e6ef9d.pdf_159.jpg,english,single_column,v1.5,book,27,27,27,27,27,27,27,27,26,26,25,25,24,24,19,19,15,15,10,10,5,5,27,27,27,27,27,27,26,26,25,25,24,24,19,19,15,15,10,10,5,5,27,27,32.0,2596.0,32.0,2593.0,24.0,470.0,22,0.0
yanbaopptmerge_ee19df4a08e3d07ac1190446f5b3dd3f25438c661b87cf4fbb9040ac5fac443b.pdf_1.jpg,simplified_chinese,single_column,v1.5,research_report,13,14,12,12,12,12,12,12,12,12,12,12,12,12,7,7,5,5,4,4,3,3,13,14,13,14,13,14,13,14,13,14,13,14,8,9,6,7,5,6,4,5,13,12,49.0,564.0,49.0,537.0,25.0,24.0,7,0.0
yanbaopptmerge_fa82190001969f29ed969fe5034956ba12f782219a8345468bb6593cba7ffc48.pdf_2.jpg,simplified_chinese,single_column,v1.5,research_report,15,24,14,14,14,14,14,14,14,14,14,14,12,12,10,10,8,8,6,6,3,3,15,24,15,24,15,24,15,24,15,24,13,22,11,20,8,8,6,6,3,3,15,13,68.0,1182.0,68.0,1143.0,0.0,0.0,11,0.0
yanbaopptmerge_m3_Unit_1_Where_did_you_go.pdf_5.jpg,english,single_column,v1.5,PPT2PDF,4,2,1,1,1,1,1,1,1,1,1,1,1,1,1,1,1,1,0,0,0,0,4,2,4,2,4,2,4,2,4,2,1,1,1,1,1,1,0,0,0,0,1,0,0.0,29.0,0.0,29.0,0.0,6.0,1,
yanbaopptmerge_yanbaoPPT_1015.jpg,english,single_column,v1.5,PPT2PDF,2,1,0,0,0,0,0,0,0,0,0,0,0,0,0,0,0,0,0,0,0,0,0,0,0,0,0,0,0,0,0,0,0,0,0,0,0,0,0,0,0,0,0,0,0.0,0.0,0.0,0.0,0.0,0.0,0,
yanbaopptmerge_yanbaoPPT_1020.jpg,simplified_chinese,single_column,v1.5,PPT2PDF,3,3,3,3,3,3,3,3,3,3,3,3,3,3,2,2,1,1,1,1,1,1,3,3,3,3,3,3,3,3,3,3,3,3,2,2,1,1,1,1,1,1,3,1,19.0,19.0,19.0,19.0,2.0,2.0,1,0.0
yanbaopptmerge_yanbaoPPT_1080.jpg,simplified_chinese,single_column,v1.5,PPT2PDF,2,2,2,2,2,2,2,2,2,2,2,2,2,2,2,2,2,2,1,1,1,1,2,2,2,2,2,2,2,2,2,2,2,2,2,2,2,2,1,1,1,1,2,2,13.0,143.0,13.0,137.0,0.0,0.0,2,0.0
yanbaopptmerge_yanbaoPPT_1090.jpg,simplified_chinese,double_column,v1.5,PPT2PDF,11,12,11,11,11,11,11,11,11,11,11,11,11,11,11,11,11,11,3,3,1,1,11,11,11,11,11,11,11,11,11,11,11,11,11,11,11,11,3,3,1,1,11,11,10.0,77.0,10.0,77.0,18.0,18.0,10,0.0
yanbaopptmerge_yanbaoPPT_1120.jpg,english,single_column,v1.5,PPT2PDF,5,5,4,4,4,4,4,4,4,4,4,4,4,4,4,4,4,4,4,4,1,1,4,4,4,4,4,4,4,4,4,4,4,4,4,4,4,4,4,4,1,1,4,4,0.0,101.0,0.0,101.0,0.0,19.0,3,0.0
yanbaopptmerge_yanbaoPPT_120.jpg,en_ch_mixed,other_layout,v1.5,PPT2PDF,9,11,9,9,9,9,9,9,9,9,7,7,6,6,5,5,5,5,2,2,1,1,9,10,9,10,9,10,9,10,8,9,7,8,6,7,6,7,3,4,2,3,9,7,20.0,169.0,20.0,167.0,13.0,25.0,8,0.0
yanbaopptmerge_yanbaoPPT_1220.jpg,simplified_chinese,single_column,v1.5,PPT2PDF,3,1,0,0,0,0,0,0,0,0,0,0,0,0,0,0,0,0,0,0,0,0,0,0,0,0,0,0,0,0,0,0,0,0,0,0,0,0,0,0,0,0,0,0,0.0,0.0,0.0,0.0,0.0,0.0,0,
yanbaopptmerge_yanbaoPPT_1225.jpg,simplified_chinese,single_column,v1.5,PPT2PDF,11,21,5,5,5,5,5,5,4,4,4,4,4,4,3,3,1,1,1,1,0,0,11,8,11,8,11,8,10,7,10,7,10,7,9,6,7,4,5,3,0,0,5,1,0.0,24.0,0.0,24.0,0.0,0.0,4,0.0
yanbaopptmerge_yanbaoPPT_1235.jpg,simplified_chinese,single_column,v1.5,PPT2PDF,2,1,0,0,0,0,0,0,0,0,0,0,0,0,0,0,0,0,0,0,0,0,0,0,0,0,0,0,0,0,0,0,0,0,0,0,0,0,0,0,0,0,0,0,0.0,0.0,0.0,0.0,0.0,0.0,0,
yanbaopptmerge_yanbaoPPT_1360.jpg,simplified_chinese,single_column,v1.5,PPT2PDF,4,4,3,3,3,3,3,3,3,3,3,3,3,3,3,3,3,3,2,2,0,0,3,3,3,3,3,3,3,3,3,3,3,3,3,3,3,3,2,2,0,0,3,2,19.0,203.0,19.0,199.0,7.0,5.0,2,0.0
yanbaopptmerge_yanbaoPPT_1375.jpg,simplified_chinese,single_column,v1.5,PPT2PDF,4,7,2,2,2,2,2,2,2,2,2,2,2,2,2,2,1,1,1,1,0,0,4,6,4,6,4,6,4,6,4,6,4,6,4,6,3,5,3,5,1,2,4,3,15.0,84.0,15.0,79.0,0.0,2.0,4,0.0
yanbaopptmerge_yanbaoPPT_145.jpg,simplified_chinese,single_column,v1.5,PPT2PDF,3,4,3,3,3,3,3,3,3,3,3,3,3,3,3,3,3,3,1,1,1,1,3,3,3,3,3,3,3,3,3,3,3,3,3,3,3,3,1,1,1,1,3,2,8.0,160.0,8.0,158.0,7.0,3.0,2,0.0
yanbaopptmerge_yanbaoPPT_1465.jpg,simplified_chinese,single_column,v1.5,PPT2PDF,6,11,4,4,4,4,4,4,4,4,4,4,4,4,4,4,4,4,3,3,1,1,6,11,6,11,5,8,5,8,5,8,5,8,5,8,5,8,4,7,1,1,6,4,8.0,110.0,8.0,106.0,4.0,6.0,4,0.0
yanbaopptmerge_yanbaoPPT_1475.jpg,simplified_chinese,single_column,v1.5,PPT2PDF,3,3,3,3,3,3,3,3,3,3,3,3,3,3,3,3,3,3,3,3,1,1,3,3,3,3,3,3,3,3,3,3,3,3,3,3,3,3,3,3,1,1,3,2,12.0,63.0,12.0,58.0,8.0,4.0,3,0.0
yanbaopptmerge_yanbaoPPT_150.jpg,english,single_column,v1.5,PPT2PDF,3,5,2,2,2,2,2,2,2,2,2,2,2,2,1,1,1,1,0,0,0,0,3,4,3,4,3,4,3,4,3,4,3,4,2,3,1,1,0,0,0,0,3,2,0.0,25.0,0.0,25.0,0.0,5.0,1,
yanbaopptmerge_yanbaoPPT_1615.jpg,en_ch_mixed,single_column,v1.5,PPT2PDF,3,1,0,0,0,0,0,0,0,0,0,0,0,0,0,0,0,0,0,0,0,0,0,0,0,0,0,0,0,0,0,0,0,0,0,0,0,0,0,0,0,0,0,0,0.0,0.0,0.0,0.0,0.0,0.0,0,
yanbaopptmerge_yanbaoPPT_1625.jpg,simplified_chinese,single_column,v1.5,PPT2PDF,1,1,1,1,1,1,1,1,1,1,1,1,1,1,1,1,1,1,1,1,1,1,1,1,1,1,1,1,1,1,1,1,1,1,1,1,1,1,1,1,1,1,1,1,7.0,34.0,7.0,30.0,6.0,2.0,1,
yanbaopptmerge_yanbaoPPT_1685.jpg,simplified_chinese,single_column,v1.5,PPT2PDF,2,1,0,0,0,0,0,0,0,0,0,0,0,0,0,0,0,0,0,0,0,0,0,0,0,0,0,0,0,0,0,0,0,0,0,0,0,0,0,0,0,0,0,0,0.0,0.0,0.0,0.0,0.0,0.0,0,
yanbaopptmerge_yanbaoPPT_1695.jpg,simplified_chinese,single_column,v1.5,PPT2PDF,3,3,3,3,3,3,3,3,3,3,3,3,3,3,3,3,3,3,2,2,1,1,3,3,3,3,3,3,3,3,3,3,3,3,3,3,3,3,2,2,1,1,3,2,1.0,15.0,1.0,15.0,0.0,0.0,2,0.0
yanbaopptmerge_yanbaoPPT_1710.jpg,simplified_chinese,single_column,v1.5,PPT2PDF,3,5,2,2,2,2,2,2,2,2,2,2,2,2,2,2,2,2,2,2,0,0,3,4,3,4,3,4,3,4,3,4,3,4,3,4,3,4,3,4,0,0,3,3,7.0,64.0,7.0,64.0,4.0,5.0,3,0.0
yanbaopptmerge_yanbaoPPT_1735.jpg,simplified_chinese,single_column,v1.5,PPT2PDF,3,4,3,3,3,3,3,3,3,3,3,3,3,3,3,3,3,3,1,1,1,1,3,3,3,3,3,3,3,3,3,3,3,3,3,3,3,3,1,1,1,1,3,2,9.0,116.0,9.0,109.0,0.0,0.0,2,0.0
yanbaopptmerge_yanbaoPPT_1745.jpg,simplified_chinese,single_column,v1.5,PPT2PDF,3,3,3,3,3,3,3,3,3,3,3,3,3,3,3,3,3,3,3,3,3,3,3,3,3,3,3,3,3,3,3,3,3,3,3,3,3,3,3,3,3,3,3,3,32.0,104.0,32.0,100.0,0.0,0.0,3,0.0
yanbaopptmerge_yanbaoPPT_1810.jpg,simplified_chinese,single_column,v1.5,PPT2PDF,4,5,3,3,3,3,3,3,3,3,3,3,3,3,3,3,3,3,1,1,0,0,4,5,4,5,4,5,4,5,4,5,4,5,4,5,4,5,2,3,0,0,4,3,8.0,52.0,8.0,48.0,0.0,0.0,3,0.0
yanbaopptmerge_yanbaoPPT_1820.jpg,simplified_chinese,single_column,v1.5,PPT2PDF,2,8,1,1,1,1,1,1,1,1,1,1,1,1,1,1,1,1,1,1,0,0,2,8,2,8,2,8,2,8,2,8,2,8,2,8,2,8,2,8,2,8,2,1,0.0,4.0,0.0,4.0,0.0,0.0,1,0.0
yanbaopptmerge_yanbaoPPT_1825.jpg,simplified_chinese,other_layout,v1.5,PPT2PDF,12,4,0,0,0,0,0,0,0,0,0,0,0,0,0,0,0,0,0,0,0,0,11,3,11,3,11,3,11,3,11,3,11,3,11,3,10,1,10,1,0,0,1,0,4.0,20.0,4.0,18.0,0.0,0.0,1,
yanbaopptmerge_yanbaoPPT_1835.jpg,simplified_chinese,single_column,v1.5,PPT2PDF,3,3,3,3,3,3,3,3,3,3,3,3,3,3,3,3,3,3,2,2,1,1,3,3,3,3,3,3,3,3,3,3,3,3,3,3,3,3,2,2,1,1,3,3,9.0,67.0,9.0,64.0,1.0,2.0,3,0.0
yanbaopptmerge_yanbaoPPT_2400.jpg,simplified_chinese,single_column,v1.5,PPT2PDF,9,15,7,7,7,7,7,7,7,7,6,6,5,5,4,4,3,3,3,3,3,3,9,15,9,15,9,15,9,15,8,14,7,13,6,12,3,3,3,3,3,3,9,9,142.0,609.0,142.0,605.0,37.0,20.0,8,0.0
yanbaopptmerge_yanbaoPPT_2460.jpg,simplified_chinese,other_layout,v1.5,PPT2PDF,13,14,11,11,10,10,9,9,8,8,8,8,7,7,6,6,5,5,4,4,0,0,12,13,12,13,11,12,11,12,11,12,9,9,8,8,7,7,4,4,0,0,11,6,33.0,37.0,33.0,29.0,3.0,3.0,3,0.18181818181818182
yanbaopptmerge_yanbaoPPT_2545.jpg,simplified_chinese,single_column,v1.5,PPT2PDF,6,9,4,4,4,4,4,4,4,4,4,4,4,4,3,3,3,3,3,3,2,2,5,6,4,4,4,4,4,4,4,4,4,4,3,3,3,3,3,3,2,2,5,4,8.0,123.0,8.0,120.0,6.0,6.0,3,0.0
yanbaopptmerge_yanbaoPPT_2825.jpg,simplified_chinese,single_column,v1.5,PPT2PDF,2,7,1,1,1,1,1,1,1,1,1,1,1,1,1,1,1,1,1,1,1,1,2,3,2,3,2,3,2,3,2,3,2,3,2,3,2,3,1,1,1,1,2,1,13.0,73.0,13.0,67.0,0.0,0.0,1,
yanbaopptmerge_yanbaoPPT_2845.jpg,simplified_chinese,single_column,v1.5,PPT2PDF,3,1,0,0,0,0,0,0,0,0,0,0,0,0,0,0,0,0,0,0,0,0,0,0,0,0,0,0,0,0,0,0,0,0,0,0,0,0,0,0,0,0,0,0,0.0,0.0,0.0,0.0,0.0,0.0,0,
yanbaopptmerge_yanbaoPPT_2950.jpg,simplified_chinese,single_column,v1.5,PPT2PDF,7,7,6,6,6,6,6,6,6,6,6,6,6,6,6,6,6,6,5,5,1,1,6,6,6,6,6,6,6,6,6,6,6,6,6,6,6,6,5,5,1,1,6,6,30.0,325.0,30.0,324.0,4.0,3.0,6,0.0
yanbaopptmerge_yanbaoPPT_3125.jpg,simplified_chinese,single_column,v1.5,PPT2PDF,10,10,9,9,9,9,9,9,9,9,9,9,9,9,9,9,6,6,3,3,1,1,9,9,9,9,9,9,9,9,9,9,9,9,9,9,6,6,3,3,1,1,9,4,69.0,347.0,69.0,338.0,8.0,8.0,9,0.0
yanbaopptmerge_yanbaoPPT_3150.jpg,simplified_chinese,single_column,v1.5,PPT2PDF,8,11,6,6,6,6,5,5,5,5,5,5,4,4,4,4,2,2,1,1,0,0,7,9,7,9,6,7,6,7,6,7,5,6,5,6,3,4,1,1,0,0,7,7,27.0,133.0,27.0,129.0,0.0,0.0,7,0.0
yanbaopptmerge_yanbaoPPT_3215.jpg,simplified_chinese,single_column,v1.5,PPT2PDF,10,13,9,9,9,9,9,9,9,9,9,9,9,9,9,9,9,9,6,6,1,1,9,9,9,9,9,9,9,9,9,9,9,9,9,9,9,9,6,6,1,1,9,9,21.0,113.0,21.0,97.0,0.0,0.0,9,0.0
yanbaopptmerge_yanbaoPPT_3290.jpg,simplified_chinese,single_column,v1.5,PPT2PDF,4,3,3,3,3,3,3,3,3,3,3,3,3,3,2,2,2,2,1,1,1,1,4,3,4,3,4,3,4,3,4,3,4,3,4,3,4,3,3,2,3,2,3,3,35.0,143.0,35.0,117.0,0.0,0.0,2,0.0
yanbaopptmerge_yanbaoPPT_335.jpg,simplified_chinese,single_column,v1.5,PPT2PDF,6,6,6,6,6,6,6,6,6,6,6,6,6,6,6,6,6,6,6,6,5,5,6,6,6,6,6,6,6,6,6,6,6,6,6,6,6,6,6,6,5,5,6,6,22.0,284.0,22.0,272.0,0.0,0.0,5,0.0
yanbaopptmerge_yanbaoPPT_3395.jpg,simplified_chinese,single_column,v1.5,PPT2PDF,3,3,3,3,3,3,3,3,3,3,3,3,3,3,3,3,3,3,3,3,2,2,3,3,3,3,3,3,3,3,3,3,3,3,3,3,3,3,3,3,2,2,3,3,4.0,36.0,4.0,36.0,2.0,2.0,2,0.0
yanbaopptmerge_yanbaoPPT_3930.jpg,simplified_chinese,single_column,v1.5,PPT2PDF,4,4,4,4,4,4,4,4,4,4,4,4,4,4,4,4,4,4,3,3,0,0,4,4,4,4,4,4,4,4,4,4,4,4,4,4,4,4,3,3,0,0,4,4,17.0,77.0,17.0,74.0,3.0,3.0,4,0.0
yanbaopptmerge_yanbaoPPT_4000.jpg,simplified_chinese,single_column,v1.5,PPT2PDF,2,2,2,2,2,2,2,2,2,2,2,2,2,2,2,2,2,2,2,2,0,0,2,2,2,2,2,2,2,2,2,2,2,2,2,2,2,2,2,2,0,0,2,2,4.0,75.0,4.0,72.0,0.0,0.0,2,0.0
yanbaopptmerge_yanbaoPPT_4010.jpg,simplified_chinese,single_column,v1.5,PPT2PDF,7,7,6,6,6,6,6,6,6,6,6,6,5,5,5,5,4,4,3,3,0,0,6,6,6,6,6,6,6,6,6,6,5,5,5,5,4,4,3,3,0,0,6,5,33.0,111.0,33.0,99.0,10.0,7.0,4,0.0
yanbaopptmerge_yanbaoPPT_4020.jpg,simplified_chinese,single_column,v1.5,PPT2PDF,5,1,0,0,0,0,0,0,0,0,0,0,0,0,0,0,0,0,0,0,0,0,5,1,5,1,5,1,5,1,5,1,5,1,0,0,0,0,0,0,0,0,0,0,0.0,0.0,0.0,0.0,0.0,0.0,0,
yanbaopptmerge_yanbaoPPT_4050.jpg,simplified_chinese,single_column,v1.5,PPT2PDF,7,7,4,4,4,4,4,4,4,4,4,4,4,4,4,4,4,4,2,2,1,1,7,7,7,7,7,7,7,7,7,7,7,7,7,7,6,5,4,3,1,1,5,5,32.0,268.0,32.0,255.0,4.0,2.0,5,0.0
yanbaopptmerge_yanbaoPPT_4095.jpg,simplified_chinese,single_column,v1.5,PPT2PDF,3,3,3,3,3,3,3,3,3,3,3,3,3,3,3,3,2,2,2,2,2,2,3,3,3,3,3,3,3,3,3,3,3,3,3,3,2,2,2,2,2,2,3,3,34.0,346.0,34.0,329.0,12.0,2.0,2,0.0
yanbaopptmerge_yanbaoPPT_4115.jpg,simplified_chinese,single_column,v1.5,PPT2PDF,4,4,4,4,4,4,4,4,4,4,4,4,4,4,4,4,4,4,4,4,2,2,4,4,4,4,4,4,4,4,4,4,4,4,4,4,4,4,4,4,2,2,4,4,19.0,275.0,19.0,274.0,8.0,7.0,4,0.0
yanbaopptmerge_yanbaoPPT_4125.jpg,simplified_chinese,single_column,v1.5,PPT2PDF,13,10,9,9,9,9,9,9,9,9,9,9,9,9,9,9,6,6,4,4,3,3,13,10,13,10,13,10,13,10,13,10,13,10,13,10,11,8,6,5,3,3,9,7,192.0,428.0,192.0,415.0,57.0,36.0,7,0.0
yanbaopptmerge_yanbaoPPT_4150.jpg,simplified_chinese,other_layout,v1.5,PPT2PDF,13,7,5,5,5,5,5,5,4,4,4,4,4,4,4,4,3,3,1,1,0,0,11,6,11,6,11,6,11,6,7,5,5,4,5,4,5,4,1,1,0,0,5,4,3.0,46.0,3.0,45.0,0.0,0.0,2,0.0
yanbaopptmerge_yanbaoPPT_4185.jpg,simplified_chinese,single_column,v1.5,PPT2PDF,2,2,2,2,2,2,2,2,2,2,2,2,2,2,2,2,2,2,2,2,2,2,2,2,2,2,2,2,2,2,2,2,2,2,2,2,2,2,2,2,2,2,2,1,10.0,94.0,10.0,92.0,7.0,6.0,2,0.0
yanbaopptmerge_yanbaoPPT_4245.jpg,simplified_chinese,single_column,v1.5,PPT2PDF,5,8,2,2,2,2,2,2,2,2,2,2,1,1,1,1,1,1,0,0,0,0,3,5,3,5,3,5,3,5,3,5,1,1,1,1,1,1,0,0,0,0,3,2,0.0,0.0,0.0,0.0,0.0,0.0,0,
yanbaopptmerge_yanbaoPPT_4275.jpg,simplified_chinese,single_column,v1.5,PPT2PDF,4,2,1,1,1,1,1,1,1,1,1,1,1,1,1,1,1,1,1,1,1,1,4,2,4,2,4,2,4,2,4,2,1,1,1,1,1,1,1,1,1,1,1,0,5.0,35.0,5.0,33.0,0.0,0.0,1,
yanbaopptmerge_yanbaoPPT_4285.jpg,simplified_chinese,single_column,v1.5,PPT2PDF,2,2,2,2,2,2,2,2,2,2,2,2,2,2,2,2,2,2,2,2,2,2,2,2,2,2,2,2,2,2,2,2,2,2,2,2,2,2,2,2,2,2,2,1,0.0,6.0,0.0,6.0,0.0,0.0,1,0.0
yanbaopptmerge_yanbaoPPT_4310.jpg,simplified_chinese,single_column,v1.5,PPT2PDF,4,11,1,1,1,1,1,1,1,1,1,1,0,0,0,0,0,0,0,0,0,0,4,8,4,8,4,8,4,8,4,8,3,7,3,7,3,7,2,4,1,2,4,3,13.0,58.0,13.0,56.0,4.0,3.0,2,0.0
yanbaopptmerge_yanbaoPPT_4330.jpg,simplified_chinese,single_column,v1.5,PPT2PDF,1,2,0,0,0,0,0,0,0,0,0,0,0,0,0,0,0,0,0,0,0,0,0,0,0,0,0,0,0,0,0,0,0,0,0,0,0,0,0,0,0,0,0,0,0.0,0.0,0.0,0.0,0.0,0.0,0,
yanbaopptmerge_yanbaoPPT_4380.jpg,simplified_chinese,single_column,v1.5,PPT2PDF,1,12,0,0,0,0,0,0,0,0,0,0,0,0,0,0,0,0,0,0,0,0,1,11,1,11,1,11,1,11,1,11,1,11,1,11,1,11,1,11,1,11,1,1,30.0,305.0,30.0,290.0,17.0,2.0,1,
yanbaopptmerge_yanbaoPPT_4460.jpg,simplified_chinese,single_column,v1.5,PPT2PDF,4,4,4,4,4,4,4,4,4,4,4,4,4,4,4,4,4,4,3,3,1,1,4,4,4,4,4,4,4,4,4,4,4,4,4,4,4,4,3,3,1,1,4,3,12.0,77.0,12.0,75.0,2.0,2.0,4,0.0
yanbaopptmerge_yanbaoPPT_455.jpg,simplified_chinese,other_layout,v1.5,PPT2PDF,6,15,5,5,5,5,5,5,5,5,5,5,5,5,5,5,5,5,4,4,1,1,6,15,6,15,6,15,6,15,6,15,6,15,6,15,6,15,4,4,1,1,6,5,28.0,196.0,28.0,185.0,3.0,2.0,4,0.0
yanbaopptmerge_yanbaoPPT_4565.jpg,english,single_column,v1.5,PPT2PDF,7,4,2,2,2,2,2,2,2,2,2,2,2,2,2,2,1,1,1,1,1,1,7,4,7,4,7,4,7,4,7,4,7,4,7,4,6,3,6,3,6,3,2,2,0.0,36.0,0.0,36.0,0.0,6.0,2,0.0
yanbaopptmerge_yanbaoPPT_4570.jpg,simplified_chinese,other_layout,v1.5,PPT2PDF,32,1,0,0,0,0,0,0,0,0,0,0,0,0,0,0,0,0,0,0,0,0,32,1,32,1,32,1,0,0,0,0,0,0,0,0,0,0,0,0,0,0,0,0,0.0,0.0,0.0,0.0,0.0,0.0,0,
yanbaopptmerge_yanbaoPPT_4615.jpg,simplified_chinese,single_column,v1.5,PPT2PDF,4,4,4,4,4,4,4,4,4,4,4,4,4,4,4,4,4,4,3,3,0,0,4,4,4,4,4,4,4,4,4,4,4,4,4,4,4,4,3,3,0,0,4,4,17.0,92.0,17.0,88.0,0.0,0.0,4,0.0
yanbaopptmerge_yanbaoPPT_4630.jpg,simplified_chinese,single_column,v1.5,PPT2PDF,7,22,2,2,2,2,2,2,2,2,1,1,1,1,1,1,1,1,1,1,0,0,7,22,7,22,7,22,7,22,7,22,7,22,6,20,3,9,1,1,0,0,7,7,57.0,384.0,57.0,384.0,16.0,14.0,7,0.0
yanbaopptmerge_yanbaoPPT_4635.jpg,simplified_chinese,single_column,v1.5,PPT2PDF,1,1,0,0,0,0,0,0,0,0,0,0,0,0,0,0,0,0,0,0,0,0,0,0,0,0,0,0,0,0,0,0,0,0,0,0,0,0,0,0,0,0,0,0,0.0,0.0,0.0,0.0,0.0,0.0,0,
yanbaopptmerge_yanbaoPPT_4660.jpg,simplified_chinese,single_column,v1.5,PPT2PDF,4,3,1,1,1,1,1,1,1,1,1,1,1,1,1,1,1,1,1,1,0,0,3,2,3,2,3,2,3,2,3,2,3,2,3,2,3,2,3,2,0,0,1,1,0.0,70.0,0.0,70.0,0.0,2.0,1,
yanbaopptmerge_yanbaoPPT_4710.jpg,simplified_chinese,single_column,v1.5,PPT2PDF,4,4,2,2,2,2,2,2,2,2,2,2,2,2,2,2,2,2,1,1,1,1,4,3,4,3,4,3,4,3,4,3,4,3,4,3,4,3,3,2,1,1,2,0,0.0,24.0,0.0,24.0,0.0,2.0,1,
yanbaopptmerge_yanbaoPPT_4750.jpg,simplified_chinese,single_column,v1.5,PPT2PDF,8,14,4,4,4,4,3,3,2,2,2,2,2,2,2,2,2,2,1,1,0,0,8,14,8,14,7,13,6,12,6,12,6,12,6,12,6,12,5,11,3,6,8,8,49.0,197.0,49.0,184.0,31.0,24.0,8,0.0
yanbaopptmerge_yanbaoPPT_4770.jpg,simplified_chinese,single_column,v1.5,PPT2PDF,4,5,4,4,4,4,4,4,4,4,4,4,4,4,4,4,4,4,3,3,2,2,4,4,4,4,4,4,4,4,4,4,4,4,4,4,4,4,3,3,2,2,4,4,12.0,67.0,12.0,61.0,1.0,2.0,3,0.0
yanbaopptmerge_yanbaoPPT_4820.jpg,simplified_chinese,single_column,v1.5,PPT2PDF,2,2,2,2,2,2,2,2,2,2,2,2,2,2,2,2,2,2,2,2,2,2,2,2,2,2,2,2,2,2,2,2,2,2,2,2,2,2,2,2,2,2,2,1,22.0,270.0,22.0,255.0,0.0,0.0,2,0.0
yanbaopptmerge_yanbaoPPT_485.jpg,english,single_column,v1.5,PPT2PDF,3,1,0,0,0,0,0,0,0,0,0,0,0,0,0,0,0,0,0,0,0,0,0,0,0,0,0,0,0,0,0,0,0,0,0,0,0,0,0,0,0,0,0,0,0.0,0.0,0.0,0.0,0.0,0.0,0,
yanbaopptmerge_yanbaoPPT_4900.jpg,simplified_chinese,single_column,v1.5,PPT2PDF,6,6,6,6,6,6,6,6,6,6,6,6,6,6,6,6,6,6,5,5,1,1,6,6,6,6,6,6,6,6,6,6,6,6,6,6,6,6,5,5,1,1,6,5,8.0,84.0,8.0,81.0,0.0,0.0,5,0.0
yanbaopptmerge_yanbaoPPT_495.jpg,simplified_chinese,single_column,v1.5,PPT2PDF,15,22,14,14,14,14,14,14,14,14,13,13,11,11,10,10,8,8,5,5,0,0,15,21,15,21,15,21,15,21,14,20,12,18,11,17,8,12,6,10,1,5,15,13,268.0,614.0,268.0,359.0,2.0,2.0,13,0.0
yanbaopptmerge_yanbaoPPT_4975.jpg,simplified_chinese,single_column,v1.5,PPT2PDF,2,3,2,2,2,2,2,2,2,2,2,2,2,2,2,2,2,2,2,2,0,0,2,2,2,2,2,2,2,2,2,2,2,2,2,2,2,2,2,2,0,0,2,2,1.0,9.0,1.0,9.0,0.0,0.0,1,0.0
yanbaopptmerge_yanbaoPPT_5.jpg,simplified_chinese,single_column,v1.5,PPT2PDF,3,3,3,3,3,3,3,3,3,3,3,3,3,3,3,3,3,3,2,2,2,2,3,3,3,3,3,3,3,3,3,3,3,3,3,3,3,3,2,2,2,2,3,3,11.0,76.0,11.0,73.0,5.0,2.0,3,0.0
yanbaopptmerge_yanbaoPPT_5070.jpg,simplified_chinese,single_column,v1.5,PPT2PDF,1,1,0,0,0,0,0,0,0,0,0,0,0,0,0,0,0,0,0,0,0,0,0,0,0,0,0,0,0,0,0,0,0,0,0,0,0,0,0,0,0,0,0,0,0.0,0.0,0.0,0.0,0.0,0.0,0,
yanbaopptmerge_yanbaoPPT_5175.jpg,simplified_chinese,single_column,v1.5,PPT2PDF,2,8,2,2,2,2,2,2,2,2,2,2,2,2,2,2,2,2,2,2,1,1,2,2,2,2,2,2,2,2,2,2,2,2,2,2,2,2,2,2,1,1,2,2,12.0,108.0,12.0,103.0,0.0,0.0,2,0.0
yanbaopptmerge_yanbaoPPT_520.jpg,simplified_chinese,single_column,v1.5,PPT2PDF,3,3,2,2,2,2,2,2,2,2,2,2,2,2,2,2,2,2,2,2,0,0,1,1,1,1,1,1,1,1,1,1,1,1,1,1,1,1,1,1,0,0,2,1,0.0,9.0,0.0,9.0,0.0,0.0,1,
yanbaopptmerge_yanbaoPPT_5205.jpg,simplified_chinese,single_column,v1.5,PPT2PDF,3,6,2,2,2,2,2,2,2,2,2,2,2,2,2,2,2,2,1,1,0,0,3,6,3,6,3,6,3,6,3,6,3,6,3,6,3,6,2,5,1,4,3,3,46.0,165.0,46.0,124.0,0.0,0.0,3,0.0
yanbaopptmerge_yanbaoPPT_5245.jpg,simplified_chinese,single_column,v1.5,PPT2PDF,6,7,3,3,3,3,3,3,3,3,3,3,3,3,2,2,1,1,1,1,0,0,3,5,3,5,3,5,3,5,3,5,3,5,3,5,2,4,1,1,0,0,4,4,23.0,146.0,23.0,142.0,8.0,4.0,4,0.0
yanbaopptmerge_yanbaoPPT_5300.jpg,simplified_chinese,single_column,v1.5,PPT2PDF,4,1,0,0,0,0,0,0,0,0,0,0,0,0,0,0,0,0,0,0,0,0,0,0,0,0,0,0,0,0,0,0,0,0,0,0,0,0,0,0,0,0,0,0,0.0,0.0,0.0,0.0,0.0,0.0,0,
yanbaopptmerge_yanbaoPPT_5305.jpg,simplified_chinese,single_column,v1.5,PPT2PDF,3,4,3,3,3,3,3,3,3,3,3,3,3,3,3,3,2,2,2,2,1,1,3,3,3,3,3,3,3,3,3,3,3,3,3,3,2,2,2,2,1,1,3,1,29.0,33.0,29.0,33.0,0.0,0.0,2,0.0
yanbaopptmerge_yanbaoPPT_5345.jpg,simplified_chinese,single_column,v1.5,PPT2PDF,3,4,3,3,3,3,3,3,3,3,3,3,3,3,3,3,3,3,1,1,0,0,3,3,3,3,3,3,3,3,3,3,3,3,3,3,3,3,1,1,0,0,3,3,3.0,34.0,3.0,33.0,0.0,0.0,2,0.0
yanbaopptmerge_yanbaoPPT_5350.jpg,simplified_chinese,single_column,v1.5,PPT2PDF,5,5,5,5,5,5,5,5,5,5,5,5,5,5,5,5,5,5,2,2,1,1,5,5,5,5,5,5,5,5,5,5,5,5,5,5,5,5,2,2,1,1,5,4,17.0,108.0,17.0,101.0,3.0,2.0,2,0.0
yanbaopptmerge_yanbaoPPT_5435.jpg,simplified_chinese,other_layout,v1.5,PPT2PDF,2,3,1,1,1,1,1,1,1,1,1,1,1,1,1,1,1,1,1,1,1,1,1,1,1,1,1,1,1,1,1,1,1,1,1,1,1,1,1,1,1,1,1,0,1.0,23.0,1.0,22.0,0.0,0.0,1,
yanbaopptmerge_yanbaoPPT_5540.jpg,simplified_chinese,single_column,v1.5,PPT2PDF,4,4,4,4,4,4,4,4,4,4,4,4,4,4,4,4,4,4,4,4,3,3,4,4,4,4,4,4,4,4,4,4,4,4,4,4,4,4,4,4,3,3,4,4,31.0,306.0,31.0,292.0,0.0,0.0,4,0.0
yanbaopptmerge_yanbaoPPT_5555.jpg,simplified_chinese,single_column,v1.5,PPT2PDF,2,6,1,1,1,1,1,1,1,1,1,1,1,1,1,1,1,1,1,1,0,0,2,3,2,3,2,3,2,3,2,3,2,3,2,3,2,3,2,3,1,2,2,1,5.0,42.0,5.0,40.0,0.0,0.0,2,0.0
yanbaopptmerge_yanbaoPPT_5560.jpg,simplified_chinese,single_column,v1.5,PPT2PDF,1,2,1,1,1,1,1,1,1,1,1,1,1,1,1,1,1,1,1,1,1,1,1,1,1,1,1,1,1,1,1,1,1,1,1,1,1,1,1,1,1,1,1,1,8.0,41.0,8.0,36.0,0.0,0.0,1,
yanbaopptmerge_yanbaoPPT_5620.jpg,simplified_chinese,single_column,v1.5,PPT2PDF,3,4,3,3,3,3,3,3,3,3,3,3,3,3,2,2,1,1,1,1,1,1,3,3,3,3,3,3,3,3,3,3,3,3,2,2,1,1,1,1,1,1,3,3,9.0,52.0,9.0,46.0,5.0,2.0,3,0.6666666666666666
yanbaopptmerge_yanbaoPPT_5675.jpg,simplified_chinese,single_column,v1.5,PPT2PDF,7,7,4,4,4,4,4,4,4,4,3,3,3,3,1,1,1,1,0,0,0,0,6,5,6,5,6,5,6,5,5,4,5,4,3,2,3,2,2,1,2,1,4,3,8.0,78.0,8.0,73.0,2.0,2.0,2,0.0
yanbaopptmerge_yanbaoPPT_5685.jpg,simplified_chinese,single_column,v1.5,PPT2PDF,6,7,5,5,5,5,5,5,5,5,5,5,5,5,5,5,5,5,4,4,2,2,6,7,6,7,6,7,6,7,6,7,6,7,6,7,6,7,5,6,2,2,6,6,38.0,185.0,38.0,169.0,4.0,2.0,6,0.0
yanbaopptmerge_yanbaoPPT_5885.jpg,simplified_chinese,other_layout,v1.5,PPT2PDF,5,4,2,2,2,2,2,2,2,2,2,2,2,2,2,2,1,1,1,1,0,0,2,2,2,2,2,2,2,2,2,2,2,2,2,2,1,1,1,1,0,0,2,1,2.0,12.0,2.0,12.0,0.0,0.0,2,0.0
yanbaopptmerge_yanbaoPPT_5930.jpg,simplified_chinese,single_column,v1.5,PPT2PDF,2,2,2,2,2,2,2,2,2,2,2,2,2,2,2,2,2,2,2,2,2,2,2,2,2,2,2,2,2,2,2,2,2,2,2,2,2,2,2,2,2,2,2,2,20.0,152.0,20.0,143.0,12.0,2.0,2,0.0
yanbaopptmerge_yanbaoPPT_5940.jpg,simplified_chinese,single_column,v1.5,PPT2PDF,3,5,2,2,2,2,2,2,2,2,2,2,2,2,2,2,2,2,0,0,0,0,3,4,3,4,3,4,3,4,3,4,3,4,3,4,3,4,1,2,0,0,3,1,5.0,32.0,5.0,32.0,5.0,5.0,2,0.0
yanbaopptmerge_yanbaoPPT_5945.jpg,en_ch_mixed,single_column,v1.5,PPT2PDF,7,8,7,7,7,7,7,7,7,7,7,7,7,7,7,7,6,6,2,2,0,0,7,7,7,7,7,7,7,7,7,7,7,7,7,7,6,6,2,2,0,0,7,7,45.0,358.0,45.0,320.0,47.0,39.0,7,0.0
yanbaopptmerge_yanbaoPPT_5980.jpg,simplified_chinese,single_column,v1.5,PPT2PDF,3,1,0,0,0,0,0,0,0,0,0,0,0,0,0,0,0,0,0,0,0,0,3,1,3,1,3,1,3,1,3,1,3,1,3,1,0,0,0,0,0,0,0,0,0.0,0.0,0.0,0.0,0.0,0.0,0,
yanbaopptmerge_yanbaoPPT_6025.jpg,simplified_chinese,single_column,v1.5,PPT2PDF,3,3,3,3,3,3,3,3,3,3,3,3,2,2,2,2,2,2,1,1,0,0,3,3,3,3,3,3,3,3,3,3,2,2,2,2,2,2,1,1,0,0,3,2,34.0,181.0,34.0,161.0,22.0,7.0,2,0.0
yanbaopptmerge_yanbaoPPT_6070.jpg,simplified_chinese,single_column,v1.5,PPT2PDF,3,4,3,3,3,3,3,3,3,3,3,3,3,3,3,3,2,2,1,1,0,0,3,3,3,3,3,3,3,3,3,3,3,3,3,3,2,2,1,1,0,0,3,3,8.0,72.0,8.0,66.0,0.0,0.0,2,0.0
yanbaopptmerge_yanbaoPPT_6130.jpg,simplified_chinese,single_column,v1.5,PPT2PDF,9,24,6,6,6,6,5,5,5,5,5,5,5,5,5,5,3,3,2,2,1,1,9,20,9,20,9,20,9,20,8,18,8,18,8,18,6,16,5,15,3,11,9,7,37.0,175.0,37.0,172.0,10.0,15.0,9,0.0
yanbaopptmerge_yanbaoPPT_6170.jpg,simplified_chinese,single_column,v1.5,PPT2PDF,3,5,2,2,2,2,2,2,2,2,2,2,2,2,2,2,2,2,2,2,1,1,3,5,3,5,3,5,3,5,3,5,3,5,3,5,3,5,2,2,1,1,3,3,18.0,117.0,18.0,116.0,5.0,4.0,3,0.0
yanbaopptmerge_yanbaoPPT_620.jpg,simplified_chinese,single_column,v1.5,PPT2PDF,5,1,0,0,0,0,0,0,0,0,0,0,0,0,0,0,0,0,0,0,0,0,0,0,0,0,0,0,0,0,0,0,0,0,0,0,0,0,0,0,0,0,0,0,0.0,0.0,0.0,0.0,0.0,0.0,0,
yanbaopptmerge_yanbaoPPT_685.jpg,simplified_chinese,single_column,v1.5,PPT2PDF,1,1,1,1,1,1,1,1,1,1,1,1,1,1,1,1,1,1,1,1,1,1,1,1,1,1,1,1,1,1,1,1,1,1,1,1,1,1,1,1,1,1,1,1,11.0,91.0,11.0,86.0,0.0,0.0,1,
yanbaopptmerge_yanbaoPPT_70.jpg,simplified_chinese,single_column,v1.5,PPT2PDF,3,3,3,3,3,3,3,3,3,3,3,3,3,3,3,3,3,3,3,3,1,1,3,3,3,3,3,3,3,3,3,3,3,3,3,3,3,3,3,3,1,1,3,3,24.0,209.0,24.0,198.0,0.0,0.0,3,0.0
yanbaopptmerge_yanbaoPPT_725.jpg,simplified_chinese,single_column,v1.5,PPT2PDF,3,13,1,1,1,1,1,1,1,1,1,1,1,1,1,1,0,0,0,0,0,0,3,13,3,13,3,13,3,13,3,13,3,13,3,13,3,13,3,13,1,12,2,2,23.0,66.0,23.0,62.0,0.0,0.0,1,0.0
yanbaopptmerge_yanbaoPPT_745.jpg,simplified_chinese,single_column,v1.5,PPT2PDF,3,3,3,3,3,3,3,3,3,3,3,3,3,3,3,3,2,2,2,2,0,0,3,3,3,3,3,3,3,3,3,3,3,3,3,3,2,2,2,2,0,0,3,2,5.0,27.0,5.0,27.0,1.0,4.0,3,0.0
yanbaopptmerge_yanbaoPPT_750.jpg,simplified_chinese,single_column,v1.5,PPT2PDF,2,3,2,2,2,2,2,2,2,2,2,2,2,2,2,2,1,1,0,0,0,0,2,2,2,2,2,2,2,2,2,2,2,2,2,2,1,1,0,0,0,0,2,2,2.0,21.0,2.0,20.0,0.0,0.0,2,0.0
yanbaopptmerge_yanbaoPPT_770.jpg,simplified_chinese,single_column,v1.5,PPT2PDF,3,7,1,1,1,1,1,1,0,0,0,0,0,0,0,0,0,0,0,0,0,0,1,2,1,2,1,2,1,2,1,2,1,2,0,0,0,0,0,0,0,0,1,1,2.0,11.0,2.0,11.0,0.0,0.0,1,
yanbaopptmerge_yanbaoPPT_805.jpg,simplified_chinese,single_column,v1.5,PPT2PDF,3,6,1,1,1,1,1,1,1,1,1,1,1,1,1,1,1,1,1,1,0,0,3,5,3,5,3,5,3,5,3,5,3,5,3,5,3,5,3,5,2,4,3,3,4.0,52.0,4.0,50.0,0.0,0.0,3,0.0
yanbaopptmerge_yanbaoPPT_820.jpg,simplified_chinese,single_column,v1.5,PPT2PDF,4,4,1,1,1,1,1,1,1,1,1,1,1,1,1,1,1,1,1,1,1,1,1,1,1,1,1,1,1,1,1,1,1,1,1,1,1,1,1,1,1,1,1,1,21.0,162.0,21.0,151.0,0.0,0.0,1,
yanbaopptmerge_yanbaoPPT_825.jpg,simplified_chinese,single_column,v1.5,PPT2PDF,3,3,2,2,2,2,2,2,2,2,2,2,2,2,2,2,2,2,2,2,1,1,2,2,2,2,2,2,2,2,2,2,2,2,2,2,2,2,2,2,1,1,2,2,28.0,201.0,28.0,200.0,10.0,5.0,2,0.0
yanbaopptmerge_yanbaoPPT_840.jpg,simplified_chinese,single_column,v1.5,PPT2PDF,3,3,3,3,3,3,3,3,3,3,3,3,3,3,3,3,3,3,3,3,1,1,3,3,3,3,3,3,3,3,3,3,3,3,3,3,3,3,3,3,1,1,3,2,13.0,85.0,13.0,83.0,1.0,2.0,3,0.0
yanbaopptmerge_yanbaoPPT_870.jpg,simplified_chinese,single_column,v1.5,PPT2PDF,3,3,1,1,1,1,1,1,1,1,1,1,1,1,1,1,1,1,0,0,0,0,3,2,3,2,3,2,1,1,1,1,1,1,1,1,1,1,0,0,0,0,1,1,3.0,29.0,3.0,29.0,0.0,0.0,1,
yanbaopptmerge_yanbaoPPT_90.jpg,simplified_chinese,single_column,v1.5,PPT2PDF,2,1,0,0,0,0,0,0,0,0,0,0,0,0,0,0,0,0,0,0,0,0,0,0,0,0,0,0,0,0,0,0,0,0,0,0,0,0,0,0,0,0,0,0,0.0,0.0,0.0,0.0,0.0,0.0,0,
yanbaopptmerge_yanbaoPPT_935.jpg,simplified_chinese,single_column,v1.5,PPT2PDF,1,1,1,1,1,1,1,1,1,1,1,1,1,1,1,1,1,1,1,1,0,0,1,1,1,1,1,1,1,1,1,1,1,1,1,1,1,1,1,1,0,0,1,1,17.0,141.0,17.0,138.0,9.0,2.0,1,
yanbaopptmerge_yanbaoPPT_985.jpg,simplified_chinese,single_column,v1.5,PPT2PDF,5,5,5,5,5,5,5,5,5,5,5,5,5,5,5,5,5,5,4,4,1,1,5,5,5,5,5,5,5,5,5,5,5,5,5,5,5,5,4,4,1,1,5,5,10.0,74.0,10.0,72.0,4.0,4.0,5,0.0
yanbaor2_001c0e4e970dcae8f91980266459d41aa0fd9c54245320b5d41d9651c4fc575d.pdf_26.jpg,english,1andmore_column,v1.5,book,14,16,13,13,13,13,13,13,13,13,13,13,12,12,11,11,10,10,8,8,5,5,14,16,14,16,14,16,14,16,14,16,13,15,12,14,11,13,9,11,5,5,14,13,28.0,1973.0,28.0,1970.0,15.0,318.0,11,0.0
yanbaor2_001c0e4e970dcae8f91980266459d41aa0fd9c54245320b5d41d9651c4fc575d.pdf_46.jpg,english,1andmore_column,v1.5,book,7,7,7,7,7,7,7,7,7,7,7,7,6,6,5,5,4,4,3,3,3,3,7,7,7,7,7,7,7,7,7,7,6,6,5,5,4,4,3,3,3,3,7,7,20.0,666.0,20.0,662.0,20.0,96.0,4,0.0
yanbaor2_0071908e787f90267682e19ef093bb18dda6e1c1614534c445ddd62c425b3a94.pdf_36.jpg,english,other_layout,v1.5,magazine,16,18,15,15,15,15,14,14,13,13,13,13,11,11,9,9,8,8,8,8,7,7,15,18,15,18,15,18,14,17,14,17,13,16,11,14,11,14,11,14,9,11,15,14,32.0,3249.0,32.0,3223.0,52.0,462.0,12,0.0
yanbaor2_0071908e787f90267682e19ef093bb18dda6e1c1614534c445ddd62c425b3a94.pdf_44.jpg,english,three_column,v1.5,book,24,19,19,19,19,19,19,19,18,18,17,17,17,17,15,15,11,11,10,10,7,7,23,19,23,19,23,19,23,19,22,18,22,18,20,16,17,13,16,12,7,7,19,17,115.0,3684.0,115.0,3588.0,42.0,568.0,15,0.0
yanbaor2_07331c0c18a9d47c7318a99860c8ccf95726fefa629d6e446677b30938f2f14f.pdf_18.jpg,simplified_chinese,double_column,v1.5,book,20,20,19,19,19,19,19,19,19,19,18,18,17,17,15,15,15,15,12,12,10,10,19,19,19,19,19,19,19,19,18,18,17,17,15,15,15,15,12,12,10,10,19,17,124.0,1071.0,124.0,1008.0,11.0,6.0,17,0.0
yanbaor2_0a47b1d6b03103a249101f13e89f2226a273a75378d8110d46eb42c1cfa65ffd.pdf_10.jpg,simplified_chinese,other_layout,v1.5,book,5,28,4,4,3,3,3,3,3,3,3,3,2,2,2,2,1,1,1,1,0,0,5,28,4,27,4,27,4,27,4,27,3,26,3,26,2,25,2,25,1,24,5,3,6.0,99.0,6.0,96.0,2.0,2.0,2,0.0
yanbaor2_0a49fd5fc362650bf30a0a9391a2d2f091e751ba3d51da18e630e23856905c63.pdf_8.jpg,english,1andmore_column,v1.5,book,9,9,8,8,8,8,8,8,8,8,8,8,8,8,8,8,7,7,7,7,4,4,8,8,8,8,8,8,8,8,8,8,8,8,8,8,7,7,7,7,4,4,8,8,11.0,1972.0,11.0,1971.0,22.0,323.0,6,0.0
yanbaor2_0aa9545ccbc482a37e3b55c96897f0f24cee08bb80c7addfb0c219814af44a3b.pdf_27.jpg,simplified_chinese,single_column,v1.5,book,5,5,4,4,4,4,4,4,4,4,4,4,4,4,4,4,3,3,2,2,1,1,4,4,4,4,4,4,4,4,4,4,4,4,4,4,3,3,2,2,1,1,4,2,9.0,35.0,9.0,32.0,0.0,2.0,2,0.6666666666666666
yanbaor2_0ef01b835238626f3589faa671abdfb832f2b98987eadad53cb2e35699dcc039.pdf_13.jpg,simplified_chinese,three_column,v1.5,book,14,15,12,12,12,12,12,12,12,12,12,12,12,12,11,11,10,10,10,10,8,8,12,12,12,12,12,12,12,12,12,12,12,12,11,11,10,10,10,10,8,8,12,12,73.0,974.0,73.0,914.0,0.0,0.0,12,0.0
yanbaor2_0ef01b835238626f3589faa671abdfb832f2b98987eadad53cb2e35699dcc039.pdf_18.jpg,simplified_chinese,other_layout,v1.5,magazine,89,37,21,21,20,20,20,20,19,19,19,19,17,17,15,15,9,9,5,5,0,0,88,35,87,34,87,34,86,33,86,33,84,31,78,28,64,20,55,15,15,3,21,19,3.0,86.0,3.0,85.0,0.0,0.0,7,0.1
yanbaor2_1492d25d79af850815ea449254ea62418c3c7fd582792b5191e1879671ba1219.pdf_88.jpg,simplified_chinese,single_column,v1.5,research_report,4,4,4,4,4,4,4,4,4,4,4,4,3,3,2,2,1,1,1,1,1,1,4,4,4,4,4,4,4,4,4,4,3,3,2,2,1,1,1,1,1,1,4,3,22.0,27.0,22.0,25.0,3.0,2.0,1,0.0
yanbaor2_1cb2b2a2c6e3a1157a6f2876205bbeaa4d3958d0482e9cdc88dd2c002ed1ffc1.pdf_61.jpg,simplified_chinese,other_layout,v1.5,magazine,12,1,0,0,0,0,0,0,0,0,0,0,0,0,0,0,0,0,0,0,0,0,12,1,12,1,12,1,12,1,0,0,0,0,0,0,0,0,0,0,0,0,0,0,0.0,0.0,0.0,0.0,0.0,0.0,0,
yanbaor2_22297b092df74748ad1cd50ad9045024d5bac9f423854a04cc8dbfb428c4deb7.pdf_5.jpg,simplified_chinese,1andmore_column,v1.5,book,15,16,12,12,12,12,12,12,12,12,12,12,11,11,10,10,9,9,8,8,5,5,13,15,13,15,13,15,13,15,13,15,12,14,11,13,10,12,9,11,5,5,13,12,84.0,1109.0,84.0,1063.0,25.0,17.0,12,0.0
yanbaor2_2bb182d656d09ada0534548b3ed375c020750a3e5e949d4ea0ea20536bcbeb20.pdf_0.jpg,simplified_chinese,double_column,v1.5,magazine,8,7,7,7,6,6,6,6,5,5,5,5,5,5,5,5,4,4,2,2,1,1,8,7,8,7,8,7,7,6,7,6,5,5,5,5,4,4,2,2,1,1,7,6,20.0,334.0,20.0,326.0,3.0,3.0,5,0.0
yanbaor2_2c5836d2ee86c7815050e5d75632777fb38f91911d81ddc758249c7c0b8a366a.pdf_9.jpg,simplified_chinese,single_column,v1.5,magazine,5,5,4,4,4,4,4,4,4,4,4,4,4,4,3,3,2,2,2,2,1,1,4,4,4,4,4,4,4,4,4,4,4,4,3,3,2,2,2,2,1,1,4,3,14.0,220.0,14.0,214.0,8.0,5.0,2,0.0
yanbaor2_323ab38d3b3b9a44837779e3c7b4a2f7088d9e0eb6c966d4d596faf6c01011a6.pdf_2.jpg,simplified_chinese,other_layout,v1.5,magazine,4,18,3,3,3,3,3,3,3,3,3,3,2,2,2,2,2,2,0,0,0,0,4,18,4,18,4,18,4,18,4,18,2,2,2,2,2,2,0,0,0,0,4,2,0.0,6.0,0.0,6.0,0.0,0.0,1,0.0
yanbaor2_37eeaab2c1abfc6443b9781c9bca92468c4a8a9aac837e2523122b1ae632b74e.pdf_13.jpg,simplified_chinese,double_column,v1.5,magazine,12,12,12,12,11,11,11,11,11,11,11,11,10,10,9,9,9,9,6,6,3,3,12,12,11,11,11,11,11,11,11,11,10,10,9,9,9,9,6,6,3,3,12,10,51.0,585.0,51.0,557.0,0.0,0.0,7,0.0
yanbaor2_3dbe3df8f74dd8f975a3b13ca378ecbdf8f8cc6ce37ffdce349004bdf5b4628c.pdf_11.jpg,simplified_chinese,double_column,v1.5,magazine,6,5,5,5,5,5,5,5,5,5,5,5,4,4,3,3,3,3,2,2,2,2,6,5,6,5,6,5,6,5,6,5,6,5,3,3,3,3,2,2,2,2,5,5,32.0,386.0,32.0,367.0,3.0,4.0,4,0.0
yanbaor2_3e1be78252e2fdfe1adf12bba38ec2a7b30699e152d61269aa6e5827f5adcc35.pdf_13.jpg,simplified_chinese,other_layout,v1.5,magazine,11,19,8,8,8,8,8,8,8,8,8,8,8,8,7,7,6,6,4,4,1,1,9,12,9,12,9,12,9,12,8,9,8,9,7,8,6,7,5,6,1,1,9,5,231.0,525.0,231.0,522.0,13.0,9.0,5,0.0
yanbaor2_46d1322f4302f190a3c973320545b892f3a83f0931f1e3ac158069c324049979.pdf_8.jpg,english,double_column,v1.5,book,15,15,15,15,15,15,14,14,14,14,14,14,14,14,13,13,11,11,11,11,9,9,15,15,15,15,14,14,14,14,14,14,14,14,13,13,11,11,11,11,9,9,15,13,19.0,2947.0,19.0,2945.0,19.0,460.0,12,0.0
yanbaor2_4862cd850679e945a98c54c8d4c37be0154b5790d2c32da35d0f5ca0be413693.pdf_9.jpg,simplified_chinese,single_column,v1.5,PPT2PDF,5,7,5,5,4,4,3,3,3,3,3,3,3,3,2,2,2,2,2,2,1,1,5,6,5,6,4,5,4,5,4,5,4,5,3,4,3,4,3,4,1,1,5,3,3.0,72.0,3.0,72.0,0.0,0.0,2,0.0
yanbaor2_4e9a940b90058ba924ee3a9a659167960bfe5b595134f556aad6a9d2ff004f73.pdf_1.jpg,simplified_chinese,single_column,v1.5,book,15,17,14,14,13,13,13,13,13,13,13,13,11,11,10,10,8,8,4,4,1,1,15,17,14,16,14,16,14,16,14,16,12,14,11,13,9,11,5,7,2,4,15,15,85.0,1020.0,85.0,995.0,48.0,28.0,12,0.0
yanbaor2_4f58b4bb233e5ccdf512d286d177cb94e6f6ae91d5b089ac841727067a20a510.pdf_3.jpg,simplified_chinese,single_column,v1.5,book,2,2,2,2,2,2,2,2,2,2,2,2,2,2,2,2,1,1,1,1,1,1,2,2,2,2,2,2,2,2,2,2,2,2,2,2,1,1,1,1,1,1,2,2,0.0,0.0,0.0,0.0,0.0,0.0,0,
yanbaor2_533f881f4aabe82c1477b97463169dc51256487aa3770f2f47a32c3a16723478.pdf_18.jpg,simplified_chinese,other_layout,v1.5,magazine,22,9,6,6,6,6,5,5,5,5,5,5,5,5,4,4,4,4,1,1,1,1,22,9,22,9,21,8,21,8,21,8,21,8,20,7,20,7,17,4,7,2,6,6,0.0,0.0,0.0,0.0,0.0,0.0,0,0.0
yanbaor2_5e0df1ef7b30d8982c5cd3665f60d5b7a92d3ba7bb1b76c61b8a01777cebc7a6.pdf_19.jpg,simplified_chinese,single_column,v1.5,PPT2PDF,6,6,6,6,5,5,5,5,5,5,4,4,3,3,3,3,2,2,2,2,1,1,6,6,5,5,5,5,5,5,4,4,3,3,3,3,2,2,2,2,1,1,6,4,5.0,86.0,5.0,84.0,3.0,2.0,2,0.0
yanbaor2_5e780ffd1efcf79950df199abb69a114dd782d5b549ecd025b640f29a4feabef.pdf_2.jpg,simplified_chinese,single_column,v1.5,book,5,5,5,5,5,5,5,5,4,4,4,4,4,4,3,3,3,3,1,1,1,1,5,5,5,5,5,5,4,4,4,4,4,4,3,3,3,3,1,1,1,1,5,5,4.0,74.0,4.0,71.0,0.0,0.0,2,0.0
yanbaor2_6895262fb7b86d4e1dbb324a50fae4294eaf0713d2e1796866cb9f7ecb88d644.pdf_11.jpg,simplified_chinese,1andmore_column,v1.5,book,11,65,9,9,9,9,9,9,9,9,8,8,7,7,7,7,6,6,5,5,3,3,10,64,10,64,10,64,10,64,9,63,8,62,8,62,7,61,5,5,3,3,10,8,127.0,1071.0,127.0,1003.0,42.0,9.0,8,0.0
yanbaor2_6a016aa81b2fc8281a2a51bae6417769e4cae7fbe161cbc4351596b82e7002fa.pdf_8.jpg,simplified_chinese,single_column,v1.5,PPT2PDF,5,5,4,4,4,4,4,4,3,3,3,3,3,3,2,2,2,2,1,1,1,1,4,4,4,4,4,4,3,3,3,3,3,3,2,2,2,2,1,1,1,1,4,3,6.0,84.0,6.0,83.0,0.0,0.0,2,0.0
yanbaor2_75f9d788216f5e26469269defcd466aa8d250542b2142c72782103913bc6e61b.pdf_6.jpg,simplified_chinese,single_column,v1.5,PPT2PDF,5,5,4,4,4,4,4,4,4,4,4,4,3,3,1,1,1,1,1,1,1,1,4,4,4,4,4,4,4,4,4,4,3,3,1,1,1,1,1,1,1,1,4,3,4.0,61.0,4.0,61.0,0.0,0.0,2,0.0
yanbaor2_782b0e71579c32d2a6c6c04494d8193c775e8c865b80b7252008ef661dae96b9.pdf_15.jpg,simplified_chinese,other_layout,v1.5,magazine,14,16,14,14,13,13,13,13,13,13,13,13,13,13,11,11,9,9,4,4,1,1,13,13,12,12,12,12,12,12,12,12,12,12,11,11,9,9,4,4,1,1,14,11,45.0,577.0,45.0,556.0,10.0,10.0,11,0.15384615384615385
yanbaor2_7c46e933c6b7fa7ceab9503da9546f676d1175f4499cd8b1f90a58b1c33f4498.pdf_65.jpg,simplified_chinese,1andmore_column,v1.5,PPT2PDF,10,18,7,7,6,6,6,6,4,4,4,4,4,4,4,4,3,3,3,3,1,1,10,18,10,18,10,18,6,16,6,16,6,16,6,16,5,15,5,15,2,5,7,3,9.0,185.0,9.0,181.0,4.0,4.0,5,0.0
yanbaor2_7d1e64f512712a29658dd6c775c5120c90dda9a50698b42b953882a8a8020dbb.pdf_57.jpg,simplified_chinese,1andmore_column,v1.5,PPT2PDF,20,20,20,20,20,20,20,20,20,20,20,20,19,19,16,16,8,8,6,6,4,4,20,20,20,20,20,20,20,20,20,20,19,19,16,16,8,8,6,6,4,4,20,19,22.0,368.0,22.0,360.0,3.0,2.0,17,0.3333333333333333
yanbaor2_7f386f737cb55cffa10c8321a94bd38d7169cd69b3b253b9e2e502c12a68feea.pdf_15.jpg,simplified_chinese,single_column,v1.5,PPT2PDF,21,26,19,19,19,19,18,18,17,17,16,16,16,16,15,15,13,13,10,10,3,3,20,24,20,24,19,23,18,22,17,21,17,21,16,20,14,18,11,15,3,3,20,16,57.0,374.0,57.0,342.0,0.0,0.0,16,0.0
yanbaor2_8072f7ea9b3083ff5e8f9bfbba591771e61115039c96fda1c8ea391a7570f098.pdf_13.jpg,simplified_chinese,other_layout,v1.5,magazine,13,12,11,11,11,11,11,11,11,11,11,11,11,11,10,10,8,8,8,8,3,3,12,11,12,11,12,11,12,11,12,11,12,11,11,10,10,9,10,9,5,4,11,9,72.0,505.0,72.0,464.0,8.0,3.0,8,0.0
yanbaor2_8072f7ea9b3083ff5e8f9bfbba591771e61115039c96fda1c8ea391a7570f098.pdf_5.jpg,simplified_chinese,double_column,v1.5,research_report,16,15,13,13,12,12,12,12,12,12,9,9,8,8,8,8,8,8,7,7,4,4,16,15,15,14,15,14,15,14,12,11,12,11,12,11,11,9,9,8,4,4,13,10,54.0,675.0,54.0,648.0,9.0,2.0,8,0.36363636363636365
yanbaor2_864cbd5f0adeb98dea6cf7105cc8dfb272a9be974757633b2db8cf3f9a11c92b.pdf_33.jpg,simplified_chinese,single_column,v1.5,magazine,12,11,11,11,11,11,11,11,11,11,10,10,9,9,9,9,9,9,9,9,2,2,12,11,12,11,12,11,12,11,12,11,11,10,11,10,11,10,11,10,2,2,11,11,114.0,1569.0,114.0,1522.0,15.0,8.0,8,0.0
yanbaor2_864cbd5f0adeb98dea6cf7105cc8dfb272a9be974757633b2db8cf3f9a11c92b.pdf_40.jpg,simplified_chinese,double_column,v1.5,magazine,19,19,19,19,19,19,19,19,18,18,17,17,15,15,14,14,12,12,6,6,4,4,19,19,19,19,19,19,18,18,17,17,15,15,14,14,12,12,6,6,4,4,19,12,77.0,801.0,77.0,774.0,17.0,8.0,14,0.0
yanbaor2_89c3718f5a45179ef57a5063c6df36fc2c9b7e3ab4275f4905ed89f1c17232ea.pdf_14.jpg,simplified_chinese,other_layout,v1.5,magazine,12,12,11,11,11,11,11,11,11,11,10,10,9,9,8,8,7,7,6,6,3,3,11,11,11,11,11,11,11,11,10,10,9,9,8,8,7,7,6,6,3,3,11,11,32.0,638.0,32.0,616.0,0.0,0.0,9,0.0
yanbaor2_8fc66512196d9d6f66f09955f83a7f693cf2e31c411da8ce6cdfbe9c39f90ff6.pdf_8.jpg,simplified_chinese,single_column,v1.5,magazine,8,7,7,7,6,6,6,6,6,6,6,6,6,6,5,5,3,3,2,2,0,0,8,7,7,6,7,6,7,6,7,6,7,6,6,5,4,3,3,2,2,1,7,7,12.0,165.0,12.0,162.0,3.0,2.0,4,0.0
yanbaor2_930d8c81854d7450cd35af7b050fed88e4e461b4f0ac0dab07e3232a4e703a06.pdf_14.jpg,english,other_layout,v1.5,magazine,10,14,8,8,8,8,8,8,8,8,8,8,7,7,7,7,5,5,4,4,2,2,10,14,10,14,10,14,10,14,10,14,9,13,9,13,7,11,6,10,4,8,10,9,48.0,2564.0,48.0,2531.0,58.0,356.0,8,0.25
yanbaor2_965b491c51a8fcd511bcb12adcebca5836ab96fe8742a5d04d12669faec90531.pdf_2.jpg,simplified_chinese,single_column,v1.5,PPT2PDF,8,9,8,8,8,8,8,8,7,7,7,7,7,7,6,6,4,4,4,4,0,0,8,8,8,8,8,8,7,7,7,7,7,7,6,6,4,4,4,4,0,0,8,7,33.0,419.0,33.0,402.0,0.0,0.0,5,0.0
yanbaor2_9674ff37a7d4ea8fb80538bf2d8193dd0dca8f838bdd51f4862769746e996126.pdf_26.jpg,english,1andmore_column,v1.5,book,12,13,10,10,10,10,10,10,10,10,10,10,9,9,8,8,8,8,5,5,5,5,11,12,11,12,11,12,11,12,11,12,10,11,9,10,9,10,5,5,5,5,11,9,50.0,3162.0,50.0,3134.0,68.0,440.0,9,0.0
yanbaor2_9be04f6bcbe2c6afc83f0751eb05e361872f9673ccd4bec49cf844c66f34bff0.pdf_19.jpg,simplified_chinese,three_column,v1.5,magazine,16,15,14,14,14,14,13,13,13,13,13,13,13,13,12,12,12,12,10,10,6,6,16,15,16,15,15,14,15,14,15,14,15,14,14,13,12,12,10,10,6,6,14,14,118.0,1072.0,118.0,1008.0,5.0,2.0,11,0.0
yanbaor2_a019c26b871cb84ec8fecb95b55ec68f2edec0db3c504de5fdaa72caba95d995.pdf_3.jpg,simplified_chinese,1andmore_column,v1.5,book,12,13,11,11,11,11,10,10,9,9,9,9,8,8,7,7,7,7,3,3,2,2,12,13,11,11,10,10,9,9,9,9,8,8,7,7,7,7,3,3,2,2,12,12,54.0,734.0,54.0,712.0,7.0,4.0,10,0.0
yanbaor2_a6a80b48db3438977793c75185e980ee4aff22f79083427cb03ea4134f7b241f.pdf_67.jpg,english,double_column,v1.5,book,15,14,14,14,14,14,14,14,13,13,13,13,13,13,13,13,13,13,11,11,7,7,15,14,15,14,15,14,15,14,15,14,13,13,13,13,13,13,11,11,7,7,14,12,64.0,4205.0,64.0,4150.0,106.0,611.0,11,0.0
yanbaor2_a6b1184da1f8167144544b92fff11726f5218e5ca106c86dc00436c14725d7b9.pdf_5.jpg,simplified_chinese,1andmore_column,v1.5,book,9,9,7,7,7,7,7,7,7,7,6,6,6,6,6,6,6,6,5,5,5,5,7,7,7,7,7,7,7,7,6,6,6,6,6,6,6,6,5,5,5,5,7,7,86.0,1114.0,86.0,1066.0,15.0,3.0,6,0.0
yanbaor2_afad9eb86f2a04271428aa988aec7d1949713bb5a5ce5c0cf26f320650b7966a.pdf_14.jpg,simplified_chinese,single_column,v1.5,PPT2PDF,5,14,4,4,3,3,3,3,3,3,3,3,2,2,1,1,1,1,0,0,0,0,5,14,4,13,4,13,4,13,4,13,3,12,2,11,2,11,1,10,0,0,5,4,6.0,131.0,6.0,130.0,0.0,0.0,2,0.0
yanbaor2_b2f600a88fc341bdd0b2b58b8bd4b0ab448277b06e167aa879b838e8139db19d.pdf_17.jpg,simplified_chinese,double_column,v1.5,book,14,11,11,11,11,11,11,11,11,11,9,9,8,8,6,6,4,4,3,3,2,2,14,11,14,11,14,11,14,11,12,9,11,8,9,6,9,6,5,4,2,2,11,11,22.0,486.0,22.0,470.0,23.0,7.0,6,0.0
yanbaor2_b5cf8249bdf8eebf7625f4b0e39ad38d684d7797ac7bf1617452cd0565ca28a2.pdf_29.jpg,simplified_chinese,1andmore_column,v1.5,book,14,14,14,14,13,13,13,13,12,12,12,12,10,10,9,9,7,7,7,7,3,3,14,14,13,13,13,13,12,12,12,12,10,10,9,9,7,7,7,7,3,3,14,14,40.0,413.0,40.0,408.0,9.0,9.0,10,0.0
yanbaor2_b997efc056ce194205f46dbd1c669eb32da025c4a3055c88d5f19ce434040b7b.pdf_46.jpg,english,single_column,v1.5,magazine,10,12,9,9,8,8,8,8,8,8,8,8,6,6,6,6,5,5,5,5,2,2,10,12,9,11,9,11,9,11,9,11,7,9,7,9,7,9,7,9,4,6,9,6,132.0,773.0,132.0,762.0,31.0,113.0,4,0.0
yanbaor2_bc193526614fd5857f7b5254e67bced76222cf3396b01e516303b92609a20075.pdf_14.jpg,simplified_chinese,single_column,v1.5,magazine,4,5,4,4,4,4,4,4,4,4,4,4,4,4,4,4,4,4,4,4,1,1,4,4,4,4,4,4,4,4,4,4,4,4,4,4,4,4,4,4,1,1,4,4,13.0,337.0,13.0,324.0,0.0,0.0,4,0.0
yanbaor2_bedda45af71c9703274cf8b2c62a772e6be615c355d2b255d9408b1b40b606de.pdf_3.jpg,simplified_chinese,other_layout,v1.5,magazine,10,14,8,8,5,5,5,5,3,3,3,3,3,3,3,3,1,1,1,1,1,1,10,13,10,13,10,13,9,12,9,12,7,11,7,11,4,7,2,3,1,1,9,9,34.0,285.0,34.0,270.0,0.0,0.0,7,0.625
yanbaor2_bfe5f11c4ad2e94d966ef6801dc992816f42c9150e2be42b008c95f59713e901.pdf_137.jpg,simplified_chinese,other_layout,v1.5,magazine,29,30,28,28,28,28,28,28,27,27,26,26,21,21,17,17,12,12,5,5,0,0,29,30,29,30,29,30,28,29,27,28,22,23,18,19,13,14,5,5,0,0,29,26,13.0,493.0,13.0,483.0,2.0,4.0,21,0.0
yanbaor2_bfe5f11c4ad2e94d966ef6801dc992816f42c9150e2be42b008c95f59713e901.pdf_139.jpg,simplified_chinese,other_layout,v1.5,magazine,30,31,29,29,29,29,29,29,25,25,24,24,22,22,14,14,12,12,7,7,0,0,30,31,30,31,30,31,26,27,25,26,22,22,14,14,12,12,7,7,0,0,30,23,14.0,531.0,14.0,522.0,4.0,2.0,22,0.0
yanbaor2_c1ba77569ecdcc4e0ce5903a503f817fe347683a893426dc4acefd8b8770f047.pdf_9.jpg,simplified_chinese,double_column,v1.5,book,8,8,7,7,7,7,7,7,7,7,7,7,7,7,5,5,5,5,4,4,4,4,7,7,7,7,7,7,7,7,7,7,7,7,5,5,5,5,4,4,4,4,7,7,130.0,1392.0,130.0,1329.0,36.0,9.0,6,0.0
yanbaor2_c23ab881b15885d295fd4ea93d0c36a058ba1a53a36574087ddd39df2811d34d.pdf_3.jpg,simplified_chinese,1andmore_column,v1.5,magazine,14,15,13,13,13,13,13,13,13,13,12,12,12,12,11,11,9,9,8,8,5,5,13,14,13,14,13,14,13,14,13,14,13,14,12,13,10,11,8,8,5,5,13,10,144.0,1271.0,144.0,1223.0,55.0,26.0,10,0.0
yanbaor2_cb862501e720c830960aa5387f65d10961604a63f0491bbdc7fb71257cbd2112.pdf_96.jpg,simplified_chinese,double_column,v1.5,magazine,41,29,22,22,22,22,22,22,19,19,18,18,15,15,12,12,7,7,3,3,2,2,41,26,41,26,41,26,38,23,37,22,33,17,30,14,9,8,3,3,2,2,23,19,20.0,379.0,20.0,367.0,0.0,0.0,19,0.8
yanbaor2_d2326887a8905dfa7f5745e04a3a526735a59d741feac1923a0c0926e48ed691.pdf_130.jpg,simplified_chinese,other_layout,v1.5,magazine,36,38,29,29,29,29,29,29,27,27,24,24,20,20,14,14,10,10,7,7,0,0,36,37,36,37,36,37,34,35,31,32,27,28,20,19,12,14,8,9,0,0,32,27,13.0,336.0,13.0,330.0,7.0,6.0,24,0.35714285714285715
yanbaor2_d3c82bef4d6b8f3a9d1c1b3e7a02d8ba86c91e585d83766d70b6f540456a6a54.pdf_4.jpg,simplified_chinese,double_column,v1.5,magazine,25,25,22,22,21,21,19,19,17,17,15,15,12,12,11,11,8,8,6,6,3,3,25,25,25,25,25,25,23,23,19,20,14,16,12,13,9,10,6,6,3,3,23,18,110.0,1070.0,110.0,1011.0,15.0,7.0,18,0.0
yanbaor2_d599e33e54376640020110ac1733ccdde8c6323d5d5f0c3ca8cb395dc6e46cf5.pdf_7.jpg,simplified_chinese,single_column,v1.5,magazine,14,20,11,11,8,8,7,7,7,7,6,6,5,5,4,4,1,1,0,0,0,0,12,18,10,16,8,13,8,13,7,12,7,12,7,12,4,8,2,4,0,0,12,12,32.0,262.0,32.0,253.0,0.0,0.0,10,0.0
yanbaor2_decf70a006d6f8f66725ead2f27b248a911016d258a236cefcdd26c6aff1d463.pdf_40.jpg,simplified_chinese,1andmore_column,v1.5,magazine,13,14,13,13,12,12,12,12,11,11,11,11,10,10,10,10,8,8,7,7,4,4,13,14,12,13,12,13,11,12,11,12,11,12,11,12,9,10,8,9,5,6,13,12,125.0,941.0,125.0,902.0,31.0,14.0,11,0.0
yanbaor2_e2f6b15971d68a7f081216b0c0d8538cab413124fc8911f4db4fbb3d17f167c4.pdf_14.jpg,english,1andmore_column,v1.5,book,10,10,8,8,7,7,7,7,7,7,7,7,7,7,6,6,4,4,4,4,2,2,10,10,9,9,9,9,9,9,9,9,9,9,9,9,7,7,6,5,2,2,9,8,17.0,1196.0,17.0,1179.0,15.0,174.0,6,0.0
yanbaor2_ea86fd46182ff9b675775645ecaf43782b996ffaeeb09c679f56a47aabfbf6b7.pdf_9.jpg,simplified_chinese,1andmore_column,v1.5,magazine,10,10,10,10,10,10,9,9,9,9,8,8,8,8,7,7,6,6,6,6,5,5,10,10,10,10,9,9,9,9,8,8,8,8,7,7,6,6,6,6,5,5,10,10,80.0,816.0,80.0,784.0,25.0,11.0,8,0.0
yanbaor2_ec10ef335b55af1612e6ab51b5ebdff506d496da9eb8c17c74fe2751661c22f7.pdf_1.jpg,simplified_chinese,other_layout,v1.5,magazine,5,3,2,2,2,2,2,2,1,1,1,1,1,1,0,0,0,0,0,0,0,0,2,2,2,2,2,2,1,1,1,1,1,1,0,0,0,0,0,0,0,0,2,2,0.0,0.0,0.0,0.0,0.0,0.0,0,
yanbaor2_ey-better-pension-outcomes-reimagined-20180926.pdf_1.jpg,english,other_layout,v1.5,magazine,16,9,3,3,3,3,3,3,2,2,2,2,2,2,2,2,1,1,1,1,0,0,12,7,12,7,8,5,5,3,2,2,2,2,2,2,1,1,1,1,0,0,3,3,0.0,8.0,0.0,8.0,0.0,0.0,1,
yanbaor2_ey-beyond-traditional-corporate-governance.pdf_1.jpg,english,other_layout,v1.5,magazine,12,20,9,9,9,9,8,8,8,8,7,7,7,7,7,7,6,6,3,3,1,1,12,19,12,19,11,18,11,18,10,17,10,17,9,15,7,10,4,7,1,1,12,10,15.0,1076.0,15.0,1069.0,17.0,137.0,9,0.0
yanbaor2_ey-digital-state-tax-article.pdf_0.jpg,english,1andmore_column,v1.5,magazine,15,13,12,12,12,12,11,11,11,11,11,11,10,10,9,9,7,7,5,5,3,3,15,13,15,13,14,12,11,11,11,11,10,10,9,9,7,7,5,5,3,3,12,12,3.0,2035.0,3.0,2033.0,4.0,301.0,10,0.8
yanbaor2_ey-drug-device-combination-products-whitepaper.pdf_6.jpg,english,1andmore_column,v1.5,book,13,15,13,13,13,13,13,13,12,12,12,12,12,12,10,10,9,9,8,8,6,6,13,15,13,15,13,15,12,14,12,14,12,14,11,13,11,13,10,12,7,8,13,11,32.0,2957.0,32.0,2931.0,46.0,474.0,11,0.0
yanbaor2_ey-financial-sustainability-whitepaper.pdf_17.jpg,english,double_column,v1.5,book,14,15,14,14,14,14,14,14,13,13,13,13,13,13,12,12,12,12,10,10,5,5,14,15,14,15,14,15,13,14,13,14,13,14,12,13,12,13,11,12,6,7,14,14,8.0,3147.0,8.0,3140.0,14.0,467.0,12,0.16666666666666666
yanbaor2_ey-global-fintech-adoption-index.pdf_30.jpg,english,single_column,v1.5,book,4,4,4,4,4,4,4,4,4,4,4,4,4,4,4,4,3,3,1,1,1,1,4,4,4,4,4,4,4,4,4,4,4,4,4,4,3,3,1,1,1,1,4,3,0.0,40.0,0.0,40.0,0.0,8.0,1,0.0
yanbaor2_ey-how-can-all-benefit-from-green-leadership-by-the-few.pdf_21.jpg,english,double_column,v1.5,book,13,13,13,13,12,12,12,12,12,12,12,12,12,12,12,12,11,11,10,10,9,9,13,13,12,12,12,12,12,12,12,12,12,12,12,12,11,11,10,10,9,9,13,13,100.0,3424.0,100.0,3409.0,71.0,492.0,11,0.0
yanbaor2_ey-how-covid-19-has-triggered-a-sprint-toward-smarter-health-care.pdf_5.jpg,english,1andmore_column,v1.5,book,21,14,13,13,13,13,13,13,12,12,12,12,11,11,8,8,5,5,4,4,3,3,21,14,21,14,21,14,20,13,20,13,19,12,16,9,13,6,12,5,11,4,13,7,45.0,2201.0,45.0,2162.0,58.0,308.0,11,0.0
yanbaor2_ey-icl-barking-and-dagenham-case-study.pdf_10.jpg,english,double_column,v1.5,magazine,6,6,5,5,5,5,5,5,5,5,5,5,5,5,5,5,4,4,4,4,4,4,5,5,5,5,5,5,5,5,5,5,5,5,5,5,4,4,4,4,4,4,5,5,13.0,2506.0,13.0,2496.0,23.0,418.0,4,0.0
yanbaor2_ey-icl-harnessing-the-power-of-data.pdf_13.jpg,english,double_column,v1.5,magazine,11,10,10,10,10,10,10,10,10,10,10,10,10,10,8,8,6,6,4,4,2,2,11,10,11,10,11,10,11,10,11,10,11,10,9,8,8,7,4,4,2,2,10,9,11.0,984.0,11.0,984.0,6.0,139.0,9,0.0
yanbaor2_ey-is-your-next-step-about-changing-direction-or-directing-change.pdf_4.jpg,english,double_column,v1.5,book,7,7,7,7,7,7,7,7,7,7,6,6,5,5,5,5,5,5,4,4,2,2,7,7,7,7,7,7,7,7,6,6,5,5,5,5,5,5,4,4,2,2,7,7,4.0,1262.0,4.0,1261.0,8.0,224.0,3,0.0
yanbaor2_ey-political-guidelines-next-commission.pdf_14.jpg,english,double_column,v1.5,book,16,35,14,14,14,14,14,14,14,14,14,14,14,14,14,14,14,14,13,13,9,9,16,35,16,35,16,35,16,35,16,35,16,35,16,35,16,35,15,34,10,21,16,15,31.0,2946.0,31.0,2929.0,37.0,503.0,16,0.0
yanbaor2_ey-report-strategy-for-a-tech-driven-gba-zh.pdf_16.jpg,simplified_chinese,other_layout,v1.5,magazine,5,49,4,4,4,4,3,3,2,2,1,1,0,0,0,0,0,0,0,0,0,0,5,49,5,49,4,48,3,47,2,46,1,45,1,45,1,45,1,45,1,45,5,3,1.0,22.0,1.0,22.0,0.0,0.0,2,0.0
yanbaor2_f197117877bfd892faf3c89f14c35ae92c3150ec7affb49dd51d8f8ce202604a.pdf_22.jpg,simplified_chinese,double_column,v1.5,book,14,15,13,13,13,13,12,12,12,12,12,12,11,11,10,10,8,8,6,6,5,5,14,15,14,15,13,14,13,14,13,14,12,13,11,12,9,10,6,6,5,5,14,10,85.0,870.0,85.0,834.0,39.0,11.0,11,0.16666666666666666
yanbaor2_f285730f47c99283aba722e704b936c4362d8c175463dc13de640fc54e8887ac.pdf_75.jpg,simplified_chinese,1andmore_column,v1.5,book,10,10,10,10,10,10,10,10,9,9,9,9,9,9,8,8,7,7,6,6,3,3,10,10,10,10,10,10,9,9,9,9,9,9,8,8,7,7,6,6,3,3,10,9,49.0,1009.0,49.0,988.0,19.0,11.0,8,0.0
yanbaor2_f832cad1f46c067198e9df95ae7b150213f16805037c1a5725e72245010d3e97.pdf_3.jpg,en_ch_mixed,1andmore_column,v1.5,book,33,33,33,33,33,33,31,31,31,31,28,28,26,26,25,25,25,25,21,21,8,8,33,33,33,33,31,31,31,31,28,28,26,26,25,25,25,25,21,21,8,8,33,31,68.0,1635.0,68.0,1621.0,58.0,211.0,30,0.0
yanbaor2_yanbaoPPT_1295.jpg,english,other_layout,v1.5,magazine,22,23,21,21,21,21,21,21,20,20,20,20,19,19,18,18,18,18,14,14,10,10,22,23,22,23,22,23,21,22,21,22,20,21,19,20,18,18,14,14,10,10,22,20,34.0,2704.0,34.0,2684.0,46.0,420.0,19,0.3
yanbaor2_yanbaoPPT_1332.jpg,simplified_chinese,other_layout,v1.5,magazine,13,15,11,11,11,11,11,11,10,10,10,10,10,10,9,9,9,9,7,7,2,2,13,15,13,15,13,15,12,14,12,14,12,14,11,13,10,11,8,9,2,2,13,12,74.0,669.0,74.0,648.0,21.0,15.0,10,0.0
yanbaor2_yanbaoPPT_1517.jpg,english,single_column,v1.5,magazine,6,6,6,6,6,6,6,6,6,6,6,6,6,6,6,6,6,6,3,3,2,2,6,6,6,6,6,6,6,6,6,6,6,6,6,6,6,6,3,3,2,2,6,5,5.0,472.0,5.0,467.0,10.0,63.0,3,0.0
yanbaor2_yanbaoPPT_1760.jpg,simplified_chinese,1andmore_column,v1.5,PPT2PDF,23,24,19,19,19,19,17,17,16,16,15,15,13,13,12,12,9,9,3,3,0,0,23,24,23,24,20,19,19,18,17,15,15,13,14,12,12,10,6,4,0,0,21,16,35.0,332.0,35.0,328.0,9.0,14.0,14,0.125
yanbaor2_yanbaoPPT_2098.jpg,simplified_chinese,single_column,v1.5,book,3,3,3,3,3,3,3,3,3,3,2,2,1,1,1,1,1,1,1,1,1,1,3,3,3,3,3,3,3,3,2,2,1,1,1,1,1,1,1,1,1,1,3,3,0.0,0.0,0.0,0.0,0.0,0.0,0,
yanbaor2_yanbaoPPT_2108.jpg,simplified_chinese,other_layout,v1.5,magazine,10,10,10,10,10,10,10,10,10,10,9,9,8,8,8,8,6,6,6,6,5,5,10,10,10,10,10,10,10,10,9,9,8,8,8,8,6,6,6,6,5,5,10,9,27.0,360.0,27.0,347.0,5.0,3.0,7,0.0
yanbaor2_yanbaoPPT_2172.jpg,simplified_chinese,double_column,v1.5,magazine,17,16,15,15,15,15,14,14,13,13,13,13,13,13,10,10,9,9,7,7,3,3,16,15,16,15,16,15,15,14,15,14,15,14,12,11,9,9,7,7,3,3,15,14,261.0,2359.0,261.0,2340.0,123.0,144.0,13,0.3333333333333333
yanbaor2_yanbaoPPT_2432.jpg,simplified_chinese,1andmore_column,v1.5,book,11,11,11,11,11,11,11,11,10,10,10,10,10,10,10,10,8,8,4,4,4,4,11,11,11,11,11,11,10,10,10,10,10,10,10,10,8,8,4,4,4,4,11,11,56.0,449.0,56.0,415.0,0.0,0.0,8,0.0
yanbaor2_yanbaoPPT_3074.jpg,simplified_chinese,1andmore_column,v1.5,book,14,17,13,13,13,13,13,13,13,13,10,10,10,10,9,9,5,5,4,4,4,4,14,17,14,17,14,17,14,17,11,14,11,14,10,13,6,9,5,8,4,4,14,9,59.0,538.0,59.0,527.0,18.0,19.0,10,0.0
yanbaor2_yanbaoPPT_3282.jpg,simplified_chinese,other_layout,v1.5,magazine,15,27,12,12,12,12,11,11,9,9,8,8,7,7,5,5,2,2,1,1,0,0,14,26,14,26,14,26,12,24,11,23,10,22,7,10,4,7,3,5,0,0,13,6,6.0,67.0,6.0,64.0,0.0,0.0,5,0.2
yanbaor2_yanbaoPPT_3302.jpg,simplified_chinese,1andmore_column,v1.5,book,13,16,12,12,12,12,12,12,11,11,10,10,10,10,9,9,9,9,9,9,9,9,13,16,13,16,13,16,12,15,11,14,11,14,9,9,9,9,9,9,9,9,13,10,143.0,1457.0,143.0,1386.0,52.0,39.0,11,0.0
yanbaor2_yanbaoPPT_3604.jpg,simplified_chinese,double_column,v1.5,magazine,15,26,10,10,8,8,6,6,5,5,5,5,4,4,4,4,3,3,1,1,0,0,14,25,14,25,13,23,12,21,11,19,9,16,9,16,6,10,1,1,0,0,14,8,67.0,425.0,67.0,402.0,0.0,0.0,13,0.0
yanbaor2_yanbaoPPT_3745.jpg,english,other_layout,v1.5,magazine,20,15,11,11,10,10,10,10,10,10,10,10,9,9,9,9,7,7,6,6,4,4,19,15,18,14,18,14,18,14,16,13,15,12,15,12,13,10,13,10,8,5,12,11,25.0,3186.0,25.0,3177.0,28.0,478.0,10,0.0
yanbaor2_yanbaoPPT_4618.jpg,simplified_chinese,other_layout,v1.5,magazine,16,13,7,7,7,7,7,7,7,7,7,7,5,5,4,4,2,2,2,2,1,1,16,13,16,13,16,13,16,13,16,13,14,11,13,10,11,8,10,6,1,1,8,6,16.0,239.0,16.0,236.0,4.0,4.0,6,0.0
yanbaor2_yanbaoPPT_467.jpg,simplified_chinese,other_layout,v1.5,magazine,10,10,10,10,10,10,10,10,9,9,8,8,6,6,5,5,4,4,2,2,2,2,10,10,10,10,10,10,9,9,8,8,6,6,5,5,4,4,2,2,2,2,10,10,38.0,335.0,38.0,323.0,15.0,13.0,6,0.0
yanbaor2_yanbaoPPT_469.jpg,english,1andmore_column,v1.5,book,9,29,8,8,8,8,7,7,7,7,6,6,6,6,6,6,5,5,4,4,3,3,9,28,9,28,8,27,8,27,7,26,7,26,7,26,6,25,5,24,4,23,9,7,20.0,1048.0,20.0,1031.0,32.0,146.0,5,0.0
yanbaor2_yanbaoPPT_5.jpg,simplified_chinese,1andmore_column,v1.5,book,10,26,7,7,7,7,7,7,5,5,5,5,4,4,4,4,4,4,4,4,0,0,10,25,10,25,10,25,8,23,8,23,8,23,7,18,6,12,6,12,2,7,10,9,116.0,498.0,116.0,476.0,28.0,15.0,7,0.25
yanbaor2_yanbaoPPT_5544.jpg,simplified_chinese,single_column,v1.5,book,8,8,8,8,8,8,8,8,8,8,8,8,7,7,4,4,4,4,3,3,3,3,8,8,8,8,8,8,8,8,8,8,7,7,4,4,4,4,3,3,3,3,8,8,15.0,290.0,15.0,281.0,3.0,2.0,5,0.0
yanbaor2_yanbaoPPT_5627.jpg,english,1andmore_column,v1.5,magazine,11,12,11,11,11,11,11,11,11,11,11,11,11,11,11,11,11,11,5,5,3,3,11,11,11,11,11,11,11,11,11,11,11,11,11,11,11,11,5,5,3,3,11,6,12.0,733.0,12.0,732.0,8.0,110.0,11,0.0
yanbaor2_yanbaoPPT_569.jpg,simplified_chinese,single_column,v1.5,book,4,4,3,3,3,3,3,3,3,3,3,3,3,3,3,3,3,3,2,2,1,1,3,3,3,3,3,3,3,3,3,3,3,3,3,3,3,3,2,2,1,1,3,3,22.0,183.0,22.0,167.0,0.0,0.0,2,0.0
yanbaor2_yanbaoPPT_5846.jpg,simplified_chinese,1andmore_column,v1.5,PPT2PDF,17,15,12,12,12,12,12,12,12,12,11,11,10,10,10,10,8,8,4,4,2,2,16,13,16,13,16,13,16,13,15,12,15,12,15,12,14,11,4,4,2,2,12,11,28.0,266.0,28.0,262.0,15.0,8.0,8,0.2
yanbaor2_yanbaoPPT_5877.jpg,simplified_chinese,single_column,v1.5,book,3,3,3,3,3,3,3,3,3,3,3,3,2,2,2,2,2,2,1,1,1,1,3,3,3,3,3,3,3,3,3,3,2,2,2,2,2,2,1,1,1,1,3,3,0.0,0.0,0.0,0.0,0.0,0.0,0,
yanbaor2_yanbaoPPT_5946.jpg,english,other_layout,v1.5,magazine,25,21,20,20,19,19,19,19,18,18,16,16,14,14,14,14,10,10,9,9,6,6,23,21,22,20,22,20,21,19,20,18,18,16,18,16,14,12,11,10,6,6,20,13,122.0,3497.0,122.0,3411.0,49.0,514.0,16,0.0
yanbaor2_yanbaoPPT_6065.jpg,simplified_chinese,single_column,v1.5,magazine,9,13,5,5,5,5,4,4,4,4,3,3,3,3,2,2,2,2,2,2,1,1,8,12,8,12,7,11,7,11,6,10,5,8,4,7,4,7,4,7,1,1,8,6,56.0,298.0,56.0,292.0,7.0,8.0,7,0.0
yanbaor2_yanbaoPPT_6148.jpg,simplified_chinese,1andmore_column,v1.5,book,12,22,12,12,12,12,11,11,10,10,10,10,9,9,8,8,8,8,6,6,4,4,12,22,12,22,12,22,11,21,11,21,10,20,9,19,9,19,7,17,4,4,12,9,40.0,383.0,40.0,361.0,0.0,0.0,9,0.0
yanbaor2_yanbaoPPT_6570.jpg,simplified_chinese,other_layout,v1.5,magazine,6,21,4,4,4,4,3,3,3,3,3,3,3,3,2,2,1,1,0,0,0,0,4,20,4,20,4,20,4,20,4,20,4,20,3,19,2,18,1,17,0,0,4,2,26.0,161.0,26.0,156.0,8.0,11.0,3,0.0
yanbaor2_yanbaoPPT_916.jpg,simplified_chinese,1andmore_column,v1.5,PPT2PDF,8,9,8,8,8,8,8,8,7,7,5,5,5,5,3,3,2,2,2,2,2,2,8,9,8,9,8,9,8,9,5,5,5,5,3,3,2,2,2,2,2,2,8,6,8.0,175.0,8.0,169.0,0.0,0.0,4,0.3333333333333333
