variant,table_id,xml,has_span,size_band,gt_cells,pred_cells,tp@0.50,tp@0.75,iou_sum_matched@0.50,n_matched@0.50,gt_spanning,gt_plain,tp_spanning,tp_plain
merged,PMC4557484_table_1,PMC4557484_table_1.xml,False,small,24,24,24,23,19.578802,24,0,24,0,24
merged,PMC3220646_table_2,PMC3220646_table_2.xml,False,medium,49,52,47,41,40.123197,47,0,49,0,47
merged,PMC4830095_table_0,PMC4830095_table_0.xml,False,small,24,24,24,24,21.792317,24,0,24,0,24
merged,PMC4871359_table_2,PMC4871359_table_2.xml,True,medium,69,69,69,69,57.885144,69,8,61,8,61
merged,PMC3551747_table_3,PMC3551747_table_3.xml,True,large,213,228,209,132,157.700154,209,7,206,3,206
merged,PMC4603756_table_2,PMC4603756_table_2.xml,True,large,167,213,162,148,128.686866,162,9,158,4,158
merged,PMC4476686_table_3,PMC4476686_table_3.xml,True,medium,66,66,66,66,54.903764,66,4,62,4,62
merged,PMC3200184_table_1,PMC3200184_table_1.xml,False,small,28,28,28,28,23.940644,28,0,28,0,28
merged,PMC5801397_table_1,PMC5801397_table_1.xml,False,small,20,43,9,9,8.305572,9,0,20,0,9
merged,PMC2174452_table_0,PMC2174452_table_0.xml,True,large,105,122,104,101,89.695205,104,9,96,9,95
merged,PMC2979471_table_0,PMC2979471_table_0.xml,False,small,18,18,18,0,11.632123,18,0,18,0,18
merged,PMC4661520_table_0,PMC4661520_table_0.xml,False,large,246,251,242,88,180.614559,242,0,246,0,242
merged,PMC2585558_table_0,PMC2585558_table_0.xml,True,large,77,108,22,10,15.347627,22,7,70,2,20
merged,PMC4462139_table_1,PMC4462139_table_1.xml,False,medium,42,42,42,32,34.579468,42,0,42,0,42
merged,PMC3626709_table_3,PMC3626709_table_3.xml,True,large,70,87,62,56,50.771624,62,6,64,0,62
merged,PMC3353967_table_0,PMC3353967_table_0.xml,True,small,17,18,17,16,14.319834,17,1,16,1,16
merged,PMC3091531_table_0,PMC3091531_table_0.xml,False,large,114,114,114,114,95.921059,114,0,114,0,114
merged,PMC5859532_table_0,PMC5859532_table_0.xml,True,large,98,97,64,50,52.801554,64,48,50,38,26
merged,PMC4950718_table_3,PMC4950718_table_3.xml,True,large,96,87,52,51,47.512059,52,10,86,2,50
merged,PMC6069772_table_0,PMC6069772_table_0.xml,True,small,19,22,17,14,15.04959,17,3,16,3,14
merged,PMC1488876_table_0,PMC1488876_table_0.xml,False,medium,36,36,36,36,31.986853,36,0,36,0,36
merged,PMC6107733_table_3,PMC6107733_table_3.xml,False,small,6,3,3,3,2.529674,3,0,6,0,3
merged,PMC3391175_table_3,PMC3391175_table_3.xml,False,large,96,96,96,96,85.103663,96,0,96,0,96
merged,PMC2969096_table_2,PMC2969096_table_2.xml,False,small,16,17,15,6,10.92104,15,0,16,0,15
merged,PMC2954184_table_0,PMC2954184_table_0.xml,False,medium,36,36,36,36,29.785698,36,0,36,0,36
merged,PMC2577639_table_0,PMC2577639_table_0.xml,False,medium,72,72,72,72,59.460483,72,0,72,0,72
merged,PMC4748054_table_0,PMC4748054_table_0.xml,False,small,28,28,28,28,27.130487,28,0,28,0,28
merged,PMC5895719_table_0,PMC5895719_table_0.xml,False,small,22,32,18,12,14.482539,18,0,22,0,18
merged,PMC2886070_table_1,PMC2886070_table_1.xml,True,medium,52,64,42,29,32.70409,42,6,46,2,40
merged,PMC5098732_table_3,PMC5098732_table_3.xml,True,medium,36,39,22,0,13.221898,22,3,33,0,22
merged,PMC4650654_table_2,PMC4650654_table_2.xml,True,large,94,96,93,93,84.467962,93,1,93,0,93
merged,PMC4819383_table_0,PMC4819383_table_0.xml,True,medium,49,53,35,24,28.049863,35,27,22,17,18
merged,PMC3046132_table_2,PMC3046132_table_2.xml,True,large,219,223,217,181,166.547033,217,5,214,3,214
merged,PMC2711331_table_1,PMC2711331_table_1.xml,True,large,57,84,49,46,40.026312,49,11,46,3,46
merged,PMC4609873_table_0,PMC4609873_table_0.xml,False,large,116,116,116,112,95.031599,116,0,116,0,116
merged,PMC2623298_table_1,PMC2623298_table_1.xml,True,medium,49,52,45,45,40.393868,45,1,48,0,45
merged,PMC4641688_table_0,PMC4641688_table_0.xml,True,large,117,118,115,115,101.384251,115,2,115,0,115
merged,PMC2527552_table_1,PMC2527552_table_1.xml,False,medium,52,52,52,52,45.675589,52,0,52,0,52
merged,PMC4578763_table_2,PMC4578763_table_2.xml,False,medium,40,40,40,40,34.597599,40,0,40,0,40
merged,PMC1266024_table_0,PMC1266024_table_0.xml,True,large,133,150,100,20,68.926625,100,6,127,1,99
merged,PMC5906091_table_3,PMC5906091_table_3.xml,False,medium,55,55,55,26,41.345777,55,0,55,0,55
merged,PMC5075886_table_1,PMC5075886_table_1.xml,True,medium,42,43,40,40,32.924077,40,2,40,0,40
merged,PMC3346768_table_2,PMC3346768_table_2.xml,True,medium,34,38,30,10,21.967008,30,4,30,0,30
merged,PMC6460509_table_3,PMC6460509_table_3.xml,True,medium,48,48,45,45,38.231808,45,8,40,7,38
merged,PMC4933005_table_0,PMC4933005_table_0.xml,False,small,10,12,8,8,6.902284,8,0,10,0,8
merged,PMC5745737_table_2,PMC5745737_table_2.xml,True,large,94,94,94,94,77.96011,94,4,90,4,90
merged,PMC3009352_table_3,PMC3009352_table_3.xml,False,medium,56,56,56,40,44.542166,56,0,56,0,56
merged,PMC4830067_table_0,PMC4830067_table_0.xml,True,medium,58,57,57,57,49.932272,57,3,55,3,54
merged,PMC4957341_table_0,PMC4957341_table_0.xml,False,small,33,33,33,33,28.560619,33,0,33,0,33
merged,PMC2983561_table_0,PMC2983561_table_0.xml,False,small,16,18,16,5,11.587694,16,0,16,0,16
merged,PMC2904386_table_0,PMC2904386_table_0.xml,False,small,20,20,20,20,17.523825,20,0,20,0,20
merged,PMC6126004_table_3,PMC6126004_table_3.xml,False,large,112,112,112,112,96.124858,112,0,112,0,112
merged,PMC6037082_table_1,PMC6037082_table_1.xml,True,large,347,300,300,300,243.807026,300,14,333,8,292
merged,PMC5724365_table_1,PMC5724365_table_1.xml,True,large,79,81,52,0,31.491971,52,1,78,0,52
merged,PMC3583622_table_1,PMC3583622_table_1.xml,False,large,120,108,108,82,87.795558,108,0,120,0,108
merged,PMC2678101_table_0,PMC2678101_table_0.xml,False,small,30,30,30,30,27.027191,30,0,30,0,30
merged,PMC3507873_table_2,PMC3507873_table_2.xml,False,medium,72,72,72,70,59.118751,72,0,72,0,72
merged,PMC2821402_table_0,PMC2821402_table_0.xml,False,small,9,9,9,9,7.813719,9,0,9,0,9
merged,PMC5673718_table_3,PMC5673718_table_3.xml,True,medium,41,41,41,41,37.74557,41,4,37,4,37
merged,PMC4521151_table_0,PMC4521151_table_0.xml,False,medium,63,63,63,63,56.034519,63,0,63,0,63
merged,PMC4489625_table_0,PMC4489625_table_0.xml,True,medium,35,35,35,35,31.545813,35,7,28,7,28
merged,PMC3506454_table_0,PMC3506454_table_0.xml,False,small,14,14,14,14,13.187714,14,0,14,0,14
merged,PMC2352870_table_5,PMC2352870_table_5.xml,True,large,188,174,166,133,137.736919,166,4,184,3,163
merged,PMC6131896_table_1,PMC6131896_table_1.xml,True,large,92,100,82,7,56.537566,82,8,84,0,82
merged,PMC3004931_table_0,PMC3004931_table_0.xml,False,small,16,16,16,16,14.264221,16,0,16,0,16
merged,PMC4570425_table_0,PMC4570425_table_0.xml,False,medium,48,48,48,48,42.537922,48,0,48,0,48
merged,PMC1945034_table_3,PMC1945034_table_3.xml,True,medium,60,64,57,57,49.535104,57,7,53,4,53
merged,PMC2689505_table_0,PMC2689505_table_0.xml,False,medium,64,64,64,64,58.086611,64,0,64,0,64
merged,PMC5894967_table_0,PMC5894967_table_0.xml,True,large,81,96,78,18,49.802205,78,9,72,6,72
merged,PMC3296740_table_0,PMC3296740_table_0.xml,True,medium,67,76,62,42,49.246268,62,8,59,3,59
merged,PMC2640380_table_1,PMC2640380_table_1.xml,False,small,16,16,16,16,14.971954,16,0,16,0,16
merged,PMC6034749_table_0,PMC6034749_table_0.xml,True,medium,37,49,35,35,29.66193,35,2,35,0,35
merged,PMC2830220_table_0,PMC2830220_table_0.xml,False,medium,42,45,35,35,30.323478,35,0,42,0,35
merged,PMC4706714_table_0,PMC4706714_table_0.xml,False,medium,36,37,33,33,30.420362,33,0,36,0,33
merged,PMC3022830_table_0,PMC3022830_table_0.xml,True,large,121,130,114,112,97.765902,114,8,113,3,111
merged,PMC4472718_table_3,PMC4472718_table_3.xml,True,large,140,216,62,61,51.829087,62,4,136,2,60
merged,PMC4599890_table_3,PMC4599890_table_3.xml,False,small,12,12,12,12,11.032703,12,0,12,0,12
merged,PMC3184418_table_0,PMC3184418_table_0.xml,False,small,28,28,28,9,20.503304,28,0,28,0,28
merged,PMC2529317_table_1,PMC2529317_table_1.xml,True,large,74,84,68,62,56.577114,68,7,67,6,62
merged,PMC3151975_table_1,PMC3151975_table_1.xml,False,small,16,19,12,1,8.432718,12,0,16,0,12
merged,PMC4656969_table_0,PMC4656969_table_0.xml,False,medium,49,42,35,35,32.571526,35,0,49,0,35
merged,PMC5941763_table_1,PMC5941763_table_1.xml,True,large,86,90,84,82,71.863152,84,4,82,2,82
merged,PMC4347917_table_0,PMC4347917_table_0.xml,False,medium,36,38,32,22,24.727847,32,0,36,0,32
merged,PMC2718512_table_2,PMC2718512_table_2.xml,False,large,112,112,112,112,89.630472,112,0,112,0,112
merged,PMC3588267_table_1,PMC3588267_table_1.xml,False,large,84,84,84,83,68.463922,84,0,84,0,84
merged,PMC4895272_table_4,PMC4895272_table_4.xml,False,small,24,24,24,24,20.170802,24,0,24,0,24
merged,PMC4624135_table_2,PMC4624135_table_2.xml,True,large,101,112,101,95,83.922883,101,5,96,5,96
merged,PMC3501519_table_0,PMC3501519_table_0.xml,False,large,96,96,96,96,80.10703,96,0,96,0,96
merged,PMC2741440_table_2,PMC2741440_table_2.xml,True,large,86,88,85,85,70.136788,85,11,75,10,75
merged,PMC6226465_table_2,PMC6226465_table_2.xml,False,large,84,84,84,64,63.969363,84,0,84,0,84
merged,PMC2903598_table_1,PMC2903598_table_1.xml,False,small,18,18,18,15,14.684881,18,0,18,0,18
merged,PMC4882360_table_2,PMC4882360_table_2.xml,True,medium,45,51,42,42,38.406216,42,3,42,0,42
merged,PMC4419512_table_2,PMC4419512_table_2.xml,False,medium,36,36,36,36,31.154379,36,0,36,0,36
merged,PMC1851395_table_2,PMC1851395_table_2.xml,True,large,281,294,188,17,121.52528,188,8,273,0,188
merged,PMC3686801_table_0,PMC3686801_table_0.xml,True,medium,46,25,24,4,15.503868,24,2,44,2,22
merged,PMC3036605_table_0,PMC3036605_table_0.xml,True,large,110,129,105,105,94.073818,105,5,105,0,105
merged,PMC6032104_table_0,PMC6032104_table_0.xml,False,medium,70,70,70,65,56.73354,70,0,70,0,70
merged,PMC6173411_table_0,PMC6173411_table_0.xml,False,small,25,25,25,5,16.444409,25,0,25,0,25
merged,PMC2939516_table_0,PMC2939516_table_0.xml,False,small,33,33,33,33,30.732454,33,0,33,0,33
merged,PMC5791941_table_0,PMC5791941_table_0.xml,True,large,106,108,104,104,94.031125,104,37,69,35,69
merged,PMC3064576_table_2,PMC3064576_table_2.xml,True,small,23,23,22,21,19.393709,22,3,20,2,20
merged,PMC1622761_table_1,PMC1622761_table_1.xml,False,small,12,12,12,12,11.281291,12,0,12,0,12
merged,PMC4902286_table_2,PMC4902286_table_2.xml,True,small,33,33,33,33,27.979708,33,2,31,2,31
merged,PMC3238335_table_3,PMC3238335_table_3.xml,True,large,81,87,81,72,64.275481,81,7,74,7,74
merged,PMC3072946_table_0,PMC3072946_table_0.xml,False,medium,70,70,70,70,58.906716,70,0,70,0,70
merged,PMC5068742_table_4,PMC5068742_table_4.xml,True,small,13,13,13,13,11.940967,13,2,11,2,11
merged,PMC2983272_table_1,PMC2983272_table_1.xml,False,small,12,12,12,6,9.210904,12,0,12,0,12
merged,PMC3689524_table_2,PMC3689524_table_2.xml,True,small,14,15,9,9,8.040956,9,1,13,1,8
merged,PMC3541249_table_4,PMC3541249_table_4.xml,False,small,6,6,6,6,5.871401,6,0,6,0,6
merged,PMC4871359_table_3,PMC4871359_table_3.xml,True,medium,69,70,68,67,58.66926,68,8,61,7,61
merged,PMC5956962_table_1,PMC5956962_table_1.xml,False,medium,42,42,42,42,37.274192,42,0,42,0,42
merged,PMC4629756_table_0,PMC4629756_table_0.xml,False,small,27,35,18,12,14.016458,18,0,27,0,18
merged,PMC6010860_table_1,PMC6010860_table_1.xml,True,large,131,149,122,121,113.291462,122,6,125,0,122
merged,PMC5880062_table_1,PMC5880062_table_1.xml,True,large,123,171,88,21,58.742591,88,31,92,3,85
merged,PMC2955703_table_4,PMC2955703_table_4.xml,False,medium,55,55,55,55,45.641253,55,0,55,0,55
merged,PMC4641589_table_1,PMC4641589_table_1.xml,False,medium,60,60,60,60,51.045942,60,0,60,0,60
merged,PMC4490793_table_0,PMC4490793_table_0.xml,False,small,27,29,26,24,22.867342,26,0,27,0,26
merged,PMC5081668_table_2,PMC5081668_table_2.xml,True,large,115,133,90,69,70.916789,90,11,104,1,89
merged,PMC5997944_table_5,PMC5997944_table_5.xml,False,medium,48,48,48,48,41.901433,48,0,48,0,48
merged,PMC4658139_table_0,PMC4658139_table_0.xml,False,small,21,21,21,21,19.122391,21,0,21,0,21
merged,PMC5027767_table_0,PMC5027767_table_0.xml,False,small,15,15,11,0,6.108924,11,0,15,0,11
merged,PMC6154426_table_3,PMC6154426_table_3.xml,True,small,26,19,16,13,13.37923,16,4,22,3,13
merged,PMC6100046_table_0,PMC6100046_table_0.xml,False,medium,49,49,49,49,43.552114,49,0,49,0,49
merged,PMC3164601_table_2,PMC3164601_table_2.xml,True,large,70,60,48,39,38.077329,48,6,64,4,44
merged,PMC1929151_table_0,PMC1929151_table_0.xml,False,large,135,135,135,131,108.81428,135,0,135,0,135
merged,PMC2941694_table_1,PMC2941694_table_1.xml,False,medium,48,43,43,43,38.437487,43,0,48,0,43
merged,PMC2960599_table_0,PMC2960599_table_0.xml,False,small,20,21,19,2,13.580603,19,0,20,0,19
merged,PMC3673891_table_0,PMC3673891_table_0.xml,True,medium,36,47,33,20,24.863631,33,5,31,2,31
merged,PMC3629600_table_1,PMC3629600_table_1.xml,False,small,15,15,15,11,11.683919,15,0,15,0,15
merged,PMC4853443_table_3,PMC4853443_table_3.xml,False,small,20,20,20,20,17.389263,20,0,20,0,20
merged,PMC3615965_table_1,PMC3615965_table_1.xml,False,small,24,24,24,24,21.712154,24,0,24,0,24
merged,PMC4851769_table_0,PMC4851769_table_0.xml,True,large,92,100,90,90,77.865648,90,2,90,0,90
merged,PMC4987991_table_1,PMC4987991_table_1.xml,True,small,24,30,24,21,20.677397,24,3,21,3,21
merged,PMC2959565_table_1,PMC2959565_table_1.xml,False,large,168,168,168,168,140.591837,168,0,168,0,168
merged,PMC4873261_table_3,PMC4873261_table_3.xml,True,large,200,256,192,192,163.196557,192,8,192,0,192
merged,PMC2993656_table_11,PMC2993656_table_11.xml,True,medium,57,63,56,44,43.237851,56,2,55,1,55
merged,PMC6007071_table_0,PMC6007071_table_0.xml,False,small,21,21,14,0,7.467962,14,0,21,0,14
merged,PMC3200594_table_1,PMC3200594_table_1.xml,False,small,16,17,15,6,11.117024,15,0,16,0,15
merged,PMC3247576_table_1,PMC3247576_table_1.xml,False,small,16,17,16,12,12.00087,16,0,16,0,16
merged,PMC5989356_table_4,PMC5989356_table_4.xml,True,small,13,14,13,12,11.391967,13,2,11,2,11
merged,PMC5025155_table_3,PMC5025155_table_3.xml,True,large,78,79,78,67,62.492801,78,14,64,14,64
merged,PMC3232225_table_2,PMC3232225_table_2.xml,True,medium,55,67,43,11,28.737496,43,6,49,1,42
merged,PMC6071998_table_1,PMC6071998_table_1.xml,True,large,108,108,108,108,96.091708,108,2,106,2,106
merged,PMC3430984_table_0,PMC3430984_table_0.xml,False,large,96,96,96,96,76.652173,96,0,96,0,96
merged,PMC4936294_table_2,PMC4936294_table_2.xml,False,small,30,30,30,30,25.990284,30,0,30,0,30
merged,PMC4461065_table_0,PMC4461065_table_0.xml,False,small,24,24,24,24,22.502686,24,0,24,0,24
merged,PMC6225095_table_1,PMC6225095_table_1.xml,False,medium,44,46,44,34,36.50366,44,0,44,0,44
merged,PMC4457489_table_0,PMC4457489_table_0.xml,True,large,84,104,82,60,65.280665,82,8,76,6,76
merged,PMC5711908_table_3,PMC5711908_table_3.xml,False,medium,40,40,32,21,24.570789,32,0,40,0,32
merged,PMC4513019_table_0,PMC4513019_table_0.xml,True,large,190,191,188,185,153.741752,188,5,185,3,185
merged,PMC5086409_table_0,PMC5086409_table_0.xml,True,medium,40,91,12,3,7.907316,12,2,38,0,12
merged,PMC6025390_table_0,PMC6025390_table_0.xml,True,large,232,236,226,23,164.4656,226,4,228,3,223
merged,PMC3195289_table_0,PMC3195289_table_0.xml,False,large,96,96,96,72,75.694801,96,0,96,0,96
merged,PMC3132509_table_2,PMC3132509_table_2.xml,True,medium,56,57,56,41,43.963414,56,4,52,4,52
merged,PMC3700867_table_2,PMC3700867_table_2.xml,True,small,17,17,17,6,13.032892,17,1,16,1,16
merged,PMC4962254_table_0,PMC4962254_table_0.xml,False,small,27,27,27,27,25.431774,27,0,27,0,27
merged,PMC3688689_table_0,PMC3688689_table_0.xml,False,large,161,161,161,157,127.972984,161,0,161,0,161
merged,PMC4373873_table_5,PMC4373873_table_5.xml,False,medium,42,42,42,42,33.529138,42,0,42,0,42
merged,PMC5879993_table_0,PMC5879993_table_0.xml,True,medium,55,65,49,30,35.634094,49,13,42,12,37
merged,PMC3599909_table_0,PMC3599909_table_0.xml,True,large,71,79,66,65,57.409026,66,7,64,2,64
merged,PMC3671244_table_0,PMC3671244_table_0.xml,True,large,103,102,102,98,83.693461,102,4,99,4,98
merged,PMC6023632_table_1,PMC6023632_table_1.xml,True,large,101,101,101,101,87.254884,101,3,98,3,98
merged,PMC4493637_table_1,PMC4493637_table_1.xml,True,large,172,196,169,169,142.948284,169,3,169,0,169
merged,PMC3341574_table_3,PMC3341574_table_3.xml,True,medium,44,54,42,42,35.297775,42,2,42,0,42
merged,PMC4824530_table_1,PMC4824530_table_1.xml,False,medium,48,48,48,48,40.605623,48,0,48,0,48
merged,PMC4990542_table_0,PMC4990542_table_0.xml,True,large,138,148,131,41,96.749025,131,8,130,1,130
merged,PMC5739639_table_0,PMC5739639_table_0.xml,True,medium,67,72,67,62,57.069597,67,5,62,5,62
merged,PMC4526633_table_3,PMC4526633_table_3.xml,False,medium,48,48,48,48,42.370835,48,0,48,0,48
merged,PMC5048428_table_0,PMC5048428_table_0.xml,True,medium,33,33,33,33,29.356767,33,2,31,2,31
merged,PMC2967991_table_0,PMC2967991_table_0.xml,False,small,20,21,19,0,11.762789,19,0,20,0,19
merged,PMC3325992_table_2,PMC3325992_table_2.xml,False,medium,60,46,36,36,30.430021,36,0,60,0,36
merged,PMC5058761_table_1,PMC5058761_table_1.xml,True,small,29,29,29,29,26.614767,29,3,26,3,26
merged,PMC6205954_table_0,PMC6205954_table_0.xml,False,small,30,83,12,4,7.899747,12,0,30,0,12
merged,PMC5896998_table_0,PMC5896998_table_0.xml,False,small,15,10,5,0,3.409903,5,0,15,0,5
merged,PMC5688640_table_7,PMC5688640_table_7.xml,False,medium,65,65,65,65,60.486579,65,0,65,0,65
merged,PMC6092857_table_0,PMC6092857_table_0.xml,True,large,224,260,206,171,162.181526,206,14,210,1,205
merged,PMC4963123_table_0,PMC4963123_table_0.xml,False,small,12,12,12,12,10.917235,12,0,12,0,12
merged,PMC4485293_table_1,PMC4485293_table_1.xml,False,small,20,20,20,20,17.82766,20,0,20,0,20
merged,PMC4864823_table_0,PMC4864823_table_0.xml,False,small,6,20,3,3,2.748425,3,0,6,0,3
merged,PMC5102476_table_1,PMC5102476_table_1.xml,True,large,69,84,64,38,51.228158,64,5,64,0,64
merged,PMC4523781_table_1,PMC4523781_table_1.xml,False,small,25,25,25,25,21.09496,25,0,25,0,25
merged,PMC4955163_table_0,PMC4955163_table_0.xml,True,small,13,32,8,8,7.082236,8,1,12,0,8
merged,PMC4485614_table_0,PMC4485614_table_0.xml,True,medium,67,76,64,34,47.66033,64,3,64,0,64
merged,PMC4871438_table_1,PMC4871438_table_1.xml,False,large,186,186,186,183,153.623585,186,0,186,0,186
merged,PMC1939840_table_1,PMC1939840_table_1.xml,False,medium,52,52,52,52,46.011797,52,0,52,0,52
merged,PMC5120060_table_4,PMC5120060_table_4.xml,False,small,20,23,18,18,16.43361,18,0,20,0,18
merged,PMC6025384_table_1,PMC6025384_table_1.xml,True,medium,57,62,57,52,51.311503,57,6,51,6,51
merged,PMC4709483_table_1,PMC4709483_table_1.xml,True,medium,62,57,51,6,35.793979,51,3,59,2,49
merged,PMC3409068_table_1,PMC3409068_table_1.xml,False,large,92,92,88,23,53.695932,88,0,92,0,88
merged,PMC5093738_table_3,PMC5093738_table_3.xml,False,large,104,104,104,103,89.43519,104,0,104,0,104
merged,PMC4678211_table_1,PMC4678211_table_1.xml,True,large,83,98,77,63,59.714231,77,5,78,3,74
merged,PMC5017671_table_1,PMC5017671_table_1.xml,True,medium,40,43,39,37,34.028061,39,4,36,3,36
merged,PMC4940829_table_0,PMC4940829_table_0.xml,True,large,62,42,28,14,20.920051,28,31,31,15,13
merged,PMC5927400_table_0,PMC5927400_table_0.xml,False,large,253,253,253,157,192.017348,253,0,253,0,253
merged,PMC3072324_table_0,PMC3072324_table_0.xml,False,small,27,27,27,27,25.180425,27,0,27,0,27
merged,PMC2960525_table_3,PMC2960525_table_3.xml,False,small,10,4,2,0,1.032768,2,0,10,0,2
merged,PMC4355521_table_0,PMC4355521_table_0.xml,False,small,16,16,16,16,13.858647,16,0,16,0,16
merged,PMC4431603_table_2,PMC4431603_table_2.xml,True,medium,65,65,65,65,55.623367,65,3,62,3,62
merged,PMC5953918_table_0,PMC5953918_table_0.xml,True,large,193,198,190,78,137.515349,190,9,184,7,183
merged,PMC3129319_table_1,PMC3129319_table_1.xml,False,small,27,27,27,18,20.625147,27,0,27,0,27
merged,PMC3544827_table_2,PMC3544827_table_2.xml,True,medium,38,38,38,31,31.171704,38,2,36,2,36
merged,PMC4597800_table_0,PMC4597800_table_0.xml,True,small,25,23,23,23,21.85365,23,2,23,2,21
merged,PMC2944255_table_5,PMC2944255_table_5.xml,False,small,21,19,19,18,16.136772,19,0,21,0,19
merged,PMC5996883_table_0,PMC5996883_table_0.xml,True,medium,56,57,56,39,43.630029,56,4,52,4,52
merged,PMC3269416_table_0,PMC3269416_table_0.xml,False,small,9,9,9,9,8.230798,9,0,9,0,9
merged,PMC5829779_table_3,PMC5829779_table_3.xml,False,medium,52,52,52,52,46.183856,52,0,52,0,52
merged,PMC6019505_table_2,PMC6019505_table_2.xml,False,medium,36,36,36,36,31.020283,36,0,36,0,36
merged,PMC6085217_table_3,PMC6085217_table_3.xml,True,small,27,32,20,20,17.900843,20,3,24,3,17
merged,PMC3446543_table_1,PMC3446543_table_1.xml,True,small,17,22,12,1,7.931454,12,2,15,0,12
merged,PMC6038205_table_4,PMC6038205_table_4.xml,True,large,99,114,80,0,47.263532,80,3,96,0,80
merged,PMC3653782_table_3,PMC3653782_table_3.xml,True,large,71,103,61,41,47.501061,61,11,60,1,60
merged,PMC4795930_table_0,PMC4795930_table_0.xml,True,large,105,109,105,21,75.937145,105,5,100,5,100
merged,PMC2999564_table_3,PMC2999564_table_3.xml,False,large,80,80,80,79,67.81249,80,0,80,0,80
merged,PMC6236952_table_0,PMC6236952_table_0.xml,True,small,18,18,18,7,13.277332,18,3,15,3,15
merged,PMC2959605_table_1,PMC2959605_table_1.xml,False,large,175,174,173,173,147.071646,173,0,175,0,173
merged,PMC3680193_table_1,PMC3680193_table_1.xml,True,large,193,241,184,181,161.553254,184,10,183,2,182
merged,PMC4472248_table_0,PMC4472248_table_0.xml,True,large,103,85,80,64,62.820922,80,4,99,1,79
merged,PMC3444503_table_2,PMC3444503_table_2.xml,True,large,69,84,66,61,53.93991,66,3,66,0,66
merged,PMC2861057_table_0,PMC2861057_table_0.xml,True,medium,36,42,33,33,30.298439,33,3,33,0,33
merged,PMC5945046_table_1,PMC5945046_table_1.xml,True,large,97,115,94,5,62.56668,94,5,92,2,92
merged,PMC3473247_table_2,PMC3473247_table_2.xml,False,small,15,15,15,15,13.186263,15,0,15,0,15
merged,PMC5725103_table_2,PMC5725103_table_2.xml,True,large,155,155,155,155,129.367272,155,5,150,5,150
merged,PMC6040068_table_3,PMC6040068_table_3.xml,True,large,88,106,80,69,65.804557,80,3,85,2,78
merged,PMC4699818_table_0,PMC4699818_table_0.xml,False,medium,60,60,60,60,52.619467,60,0,60,0,60
merged,PMC6079442_table_0,PMC6079442_table_0.xml,False,large,192,192,192,163,153.080232,192,0,192,0,192
merged,PMC3072304_table_0,PMC3072304_table_0.xml,False,small,32,36,32,28,27.634002,32,0,32,0,32
merged,PMC3036079_table_0,PMC3036079_table_0.xml,True,large,152,153,152,140,124.314588,152,1,151,1,151
merged,PMC5751415_table_2,PMC5751415_table_2.xml,True,small,25,22,20,14,15.353324,20,2,23,1,19
merged,PMC6028909_table_2,PMC6028909_table_2.xml,True,large,136,138,135,133,113.138005,135,4,132,3,132
merged,PMC4364747_table_1,PMC4364747_table_1.xml,False,large,90,90,90,90,74.413716,90,0,90,0,90
merged,PMC3099919_table_4,PMC3099919_table_4.xml,False,medium,45,45,36,0,22.908683,36,0,45,0,36
merged,PMC4740352_table_3,PMC4740352_table_3.xml,True,medium,66,90,55,45,45.10933,55,3,63,3,52
merged,PMC5020513_table_0,PMC5020513_table_0.xml,True,large,142,160,136,136,123.149791,136,8,134,2,134
merged,PMC6087012_table_2,PMC6087012_table_2.xml,True,medium,67,72,60,60,56.76564,60,4,63,0,60
merged,PMC4641152_table_2,PMC4641152_table_2.xml,True,small,13,13,13,2,8.939244,13,2,11,2,11
merged,PMC4446004_table_0,PMC4446004_table_0.xml,False,large,120,120,120,117,95.712549,120,0,120,0,120
merged,PMC2596488_table_1,PMC2596488_table_1.xml,True,medium,64,70,63,45,52.27934,63,1,63,0,63
merged,PMC5679600_table_1,PMC5679600_table_1.xml,False,small,25,25,25,25,21.914948,25,0,25,0,25
merged,PMC4697506_table_0,PMC4697506_table_0.xml,False,medium,42,42,42,42,35.686906,42,0,42,0,42
merged,PMC3006915_table_2,PMC3006915_table_2.xml,False,large,280,267,266,198,208.323099,266,0,280,0,266
merged,PMC3484115_table_0,PMC3484115_table_0.xml,True,large,101,103,101,68,77.919605,101,7,94,7,94
merged,PMC5840833_table_0,PMC5840833_table_0.xml,True,large,144,160,140,114,120.191569,140,4,140,0,140
merged,PMC4923155_table_3,PMC4923155_table_3.xml,True,large,213,237,207,151,157.838155,207,9,204,3,204
merged,PMC6002068_table_6,PMC6002068_table_6.xml,True,small,23,27,20,19,17.319362,20,4,19,1,19
merged,PMC3103460_table_0,PMC3103460_table_0.xml,True,large,135,173,107,66,85.438296,107,14,121,4,103
merged,PMC4360558_table_1,PMC4360558_table_1.xml,False,small,16,13,12,11,11.065258,12,0,16,0,12
merged,PMC4378979_table_0,PMC4378979_table_0.xml,True,large,73,75,71,71,61.649555,71,4,69,2,69
merged,PMC3585286_table_1,PMC3585286_table_1.xml,False,large,120,113,113,89,86.811394,113,0,120,0,113
merged,PMC1599734_table_0,PMC1599734_table_0.xml,False,small,27,20,17,17,15.877801,17,0,27,0,17
merged,PMC3535723_table_1,PMC3535723_table_1.xml,True,large,73,91,70,68,56.323754,70,3,70,0,70
merged,PMC5768441_table_0,PMC5768441_table_0.xml,True,medium,48,51,44,40,38.446321,44,2,46,1,43
merged,PMC2649911_table_0,PMC2649911_table_0.xml,False,small,9,8,8,8,7.527165,8,0,9,0,8
merged,PMC3485083_table_1,PMC3485083_table_1.xml,False,large,156,151,151,39,111.181134,151,0,156,0,151
merged,PMC3526551_table_2,PMC3526551_table_2.xml,True,medium,30,20,20,15,16.829379,20,15,15,15,5
merged,PMC4667499_table_0,PMC4667499_table_0.xml,True,large,149,185,101,31,68.173142,101,15,134,5,96
merged,PMC5966494_table_1,PMC5966494_table_1.xml,True,large,174,179,170,155,133.413995,170,5,169,1,169
merged,PMC3338423_table_0,PMC3338423_table_0.xml,True,large,154,184,144,51,106.405797,144,12,142,2,142
merged,PMC4349793_table_0,PMC4349793_table_0.xml,True,large,119,152,107,107,92.080467,107,11,108,0,107
merged,PMC5707816_table_1,PMC5707816_table_1.xml,True,large,96,121,93,92,80.579648,93,7,89,4,89
merged,PMC3224767_table_0,PMC3224767_table_0.xml,True,medium,45,48,44,44,37.850555,44,1,44,0,44
merged,PMC4345205_table_0,PMC4345205_table_0.xml,False,small,18,18,18,4,12.452064,18,0,18,0,18
merged,PMC3269996_table_1,PMC3269996_table_1.xml,True,large,101,101,101,99,83.311226,101,3,98,3,98
merged,PMC3464599_table_0,PMC3464599_table_0.xml,False,small,24,24,24,24,22.12427,24,0,24,0,24
merged,PMC2577088_table_1,PMC2577088_table_1.xml,False,small,30,30,30,30,27.98572,30,0,30,0,30
merged,PMC2969637_table_1,PMC2969637_table_1.xml,False,large,161,161,161,161,133.664193,161,0,161,0,161
merged,PMC5998039_table_0,PMC5998039_table_0.xml,False,large,84,84,84,84,68.955771,84,0,84,0,84
merged,PMC4897879_table_0,PMC4897879_table_0.xml,True,large,125,171,62,62,51.840409,62,58,67,0,62
merged,PMC5745915_table_0,PMC5745915_table_0.xml,False,large,140,131,131,79,100.350019,131,0,140,0,131
merged,PMC5033576_table_1,PMC5033576_table_1.xml,True,large,115,115,114,114,99.769171,114,3,112,2,112
merged,PMC3637233_table_1,PMC3637233_table_1.xml,False,medium,60,60,60,60,52.312121,60,0,60,0,60
merged,PMC2732638_table_4,PMC2732638_table_4.xml,True,small,11,11,10,10,9.397361,10,1,10,0,10
merged,PMC3236460_table_1,PMC3236460_table_1.xml,False,small,32,32,32,32,28.994416,32,0,32,0,32
merged,PMC6137918_table_1,PMC6137918_table_1.xml,True,medium,58,64,57,17,40.469932,57,6,52,6,51
merged,PMC6156278_table_0,PMC6156278_table_0.xml,True,large,76,84,74,57,62.445862,74,3,73,1,73
merged,PMC2695361_table_4,PMC2695361_table_4.xml,False,small,16,16,16,16,15.079496,16,0,16,0,16
merged,PMC4747561_table_0,PMC4747561_table_0.xml,True,medium,45,49,43,43,38.018207,43,2,43,0,43
merged,PMC6025609_table_0,PMC6025609_table_0.xml,False,medium,40,40,40,40,37.466357,40,0,40,0,40
merged,PMC2628647_table_1,PMC2628647_table_1.xml,False,medium,42,42,42,42,36.398806,42,0,42,0,42
merged,PMC4736147_table_0,PMC4736147_table_0.xml,True,large,186,180,150,15,96.581298,150,6,180,0,150
merged,PMC3201530_table_3,PMC3201530_table_3.xml,False,small,15,15,14,11,11.196874,14,0,15,0,14
merged,PMC5714139_table_0,PMC5714139_table_0.xml,True,small,26,40,18,15,13.888594,18,1,25,0,18
merged,PMC4446492_table_0,PMC4446492_table_0.xml,False,large,123,123,123,123,98.533997,123,0,123,0,123
merged,PMC4524475_table_0,PMC4524475_table_0.xml,False,large,140,140,140,110,107.859164,140,0,140,0,140
merged,PMC4650288_table_3,PMC4650288_table_3.xml,True,medium,55,63,48,47,41.171964,48,8,47,1,47
merged,PMC6017431_table_0,PMC6017431_table_0.xml,True,medium,72,72,72,72,59.510502,72,5,67,5,67
merged,PMC3515887_table_0,PMC3515887_table_0.xml,True,small,6,79,0,0,0,0,3,3,0,0
merged,PMC3006894_table_1,PMC3006894_table_1.xml,False,medium,50,50,46,30,34.980372,46,0,50,0,46
merged,PMC6172266_table_0,PMC6172266_table_0.xml,True,large,98,99,98,76,75.24579,98,2,96,2,96
merged,PMC4457818_table_1,PMC4457818_table_1.xml,True,medium,56,59,56,52,47.68628,56,7,49,7,49
merged,PMC5074446_table_0,PMC5074446_table_0.xml,True,small,24,37,16,10,13.128782,16,3,21,0,16
merged,PMC5117527_table_0,PMC5117527_table_0.xml,False,small,22,22,22,22,19.70565,22,0,22,0,22
merged,PMC2830186_table_10,PMC2830186_table_10.xml,True,large,161,161,161,161,131.854016,161,2,159,2,159
merged,PMC3589335_table_2,PMC3589335_table_2.xml,True,medium,40,48,37,35,30.492538,37,5,35,2,35
merged,PMC2623298_table_0,PMC2623298_table_0.xml,True,medium,49,56,45,43,39.558811,45,1,48,0,45
merged,PMC4343049_table_0,PMC4343049_table_0.xml,True,large,82,106,75,75,65.444492,75,10,72,3,72
merged,PMC4459660_table_2,PMC4459660_table_2.xml,True,medium,43,55,39,20,29.974831,39,3,40,0,39
merged,PMC5686811_table_2,PMC5686811_table_2.xml,False,large,88,88,88,88,77.64254,88,0,88,0,88
merged,PMC3217847_table_2,PMC3217847_table_2.xml,True,large,107,108,106,106,87.873781,106,3,104,2,104
merged,PMC3089322_table_4,PMC3089322_table_4.xml,False,large,154,154,154,154,131.699078,154,0,154,0,154
merged,PMC4666065_table_1,PMC4666065_table_1.xml,True,large,149,152,145,51,107.373777,145,4,145,0,145
merged,PMC6016042_table_1,PMC6016042_table_1.xml,True,medium,56,72,48,48,41.789404,48,8,48,0,48
merged,PMC6147783_table_0,PMC6147783_table_0.xml,False,small,20,20,20,7,14.431872,20,0,20,0,20
merged,PMC4898693_table_2,PMC4898693_table_2.xml,True,small,19,21,18,12,14.58169,18,1,18,0,18
merged,PMC5100194_table_1,PMC5100194_table_1.xml,True,medium,59,61,57,57,50.705855,57,6,53,4,53
merged,PMC3412721_table_0,PMC3412721_table_0.xml,True,medium,34,40,32,32,30.917088,32,2,32,0,32
merged,PMC4550389_table_3,PMC4550389_table_3.xml,True,large,103,103,103,96,84.896812,103,5,98,5,98
merged,PMC2721847_table_0,PMC2721847_table_0.xml,True,small,26,30,25,25,21.634882,25,1,25,0,25
merged,PMC2865542_table_4,PMC2865542_table_4.xml,False,small,25,50,15,10,11.47024,15,0,25,0,15
merged,PMC3405067_table_0,PMC3405067_table_0.xml,False,large,132,132,132,125,105.192897,132,0,132,0,132
merged,PMC3462107_table_0,PMC3462107_table_0.xml,True,large,133,156,126,123,115.830304,126,9,124,3,123
merged,PMC4632702_table_0,PMC4632702_table_0.xml,False,small,12,12,12,12,11.369474,12,0,12,0,12
merged,PMC5751186_table_0,PMC5751186_table_0.xml,True,small,17,17,17,17,16.23476,17,1,16,1,16
merged,PMC6105256_table_2,PMC6105256_table_2.xml,False,large,324,289,247,145,185.357108,247,0,324,0,247
merged,PMC3503853_table_2,PMC3503853_table_2.xml,False,small,21,21,21,21,18.634443,21,0,21,0,21
merged,PMC2959688_table_1,PMC2959688_table_1.xml,False,large,154,153,153,153,133.113717,153,0,154,0,153
merged,PMC5916864_table_0,PMC5916864_table_0.xml,False,small,24,24,24,24,20.497174,24,0,24,0,24
merged,PMC5991593_table_1,PMC5991593_table_1.xml,True,medium,56,56,56,56,51.738585,56,1,55,1,55
merged,PMC3437489_table_0,PMC3437489_table_0.xml,True,large,93,96,85,77,69.530097,85,7,86,4,81
merged,PMC5059980_table_1,PMC5059980_table_1.xml,True,small,19,19,19,18,15.953835,19,5,14,5,14
merged,PMC5704458_table_0,PMC5704458_table_0.xml,True,small,30,61,17,16,14.961865,17,2,28,1,16
merged,PMC6094581_table_1,PMC6094581_table_1.xml,False,medium,40,45,35,32,30.266643,35,0,40,0,35
merged,PMC4866963_table_0,PMC4866963_table_0.xml,True,small,32,32,30,27,25.306017,30,3,29,3,27
merged,PMC5015207_table_2,PMC5015207_table_2.xml,True,small,32,32,32,32,29.292935,32,3,29,3,29
merged,PMC4710970_table_1,PMC4710970_table_1.xml,True,large,62,64,61,58,53.873559,61,10,52,9,52
merged,PMC6003148_table_0,PMC6003148_table_0.xml,True,small,18,18,14,2,9.556609,14,1,17,1,13
merged,PMC4882771_table_2,PMC4882771_table_2.xml,False,large,92,92,92,92,83.250863,92,0,92,0,92
merged,PMC5100185_table_0,PMC5100185_table_0.xml,True,small,17,18,17,16,14.319582,17,1,16,1,16
merged,PMC3564795_table_0,PMC3564795_table_0.xml,True,large,202,241,200,136,153.016702,200,2,200,0,200
merged,PMC4449761_table_2,PMC4449761_table_2.xml,True,large,82,84,82,80,66.694229,82,4,78,4,78
merged,PMC5778064_table_3,PMC5778064_table_3.xml,True,small,21,21,21,21,17.73093,21,2,19,2,19
merged,PMC5085032_table_1,PMC5085032_table_1.xml,True,large,112,119,112,105,97.237702,112,36,76,36,76
merged,PMC3622410_table_2,PMC3622410_table_2.xml,True,large,90,102,70,53,55.956205,70,3,87,0,70
merged,PMC6158853_table_2,PMC6158853_table_2.xml,True,medium,40,49,36,31,30.074717,36,8,32,4,32
merged,PMC4405850_table_0,PMC4405850_table_0.xml,True,large,75,56,26,20,19.303494,26,5,70,4,22
merged,PMC3544731_table_1,PMC3544731_table_1.xml,True,large,84,83,76,75,64.513432,76,6,78,5,71
merged,PMC5737357_table_0,PMC5737357_table_0.xml,True,medium,55,58,53,0,31.566672,53,2,53,0,53
merged,PMC5040809_table_0,PMC5040809_table_0.xml,True,small,11,10,7,3,5.201733,7,3,8,2,5
merged,PMC4491485_table_2,PMC4491485_table_2.xml,False,medium,42,42,42,7,29.244097,42,0,42,0,42
merged,PMC3646807_table_1,PMC3646807_table_1.xml,True,small,21,21,21,19,16.763918,21,2,19,2,19
merged,PMC3288075_table_1,PMC3288075_table_1.xml,False,medium,72,72,72,72,57.280459,72,0,72,0,72
merged,PMC5968057_table_0,PMC5968057_table_0.xml,False,large,120,120,120,120,102.366301,120,0,120,0,120
merged,PMC5012025_table_0,PMC5012025_table_0.xml,False,large,88,84,73,72,67.196321,73,0,88,0,73
merged,PMC4632776_table_2,PMC4632776_table_2.xml,False,small,20,20,20,20,18.003861,20,0,20,0,20
merged,PMC3068931_table_2,PMC3068931_table_2.xml,True,small,21,21,21,21,19.132911,21,2,19,2,19
merged,PMC4642691_table_2,PMC4642691_table_2.xml,True,medium,56,65,38,17,27.930154,38,9,47,0,38
merged,PMC4526162_table_0,PMC4526162_table_0.xml,False,medium,40,40,40,40,37.205294,40,0,40,0,40
merged,PMC2983785_table_1,PMC2983785_table_1.xml,False,small,8,8,7,1,4.966332,7,0,8,0,7
merged,PMC4825469_table_0,PMC4825469_table_0.xml,True,large,136,136,133,133,116.874055,133,12,124,9,124
merged,PMC3009348_table_1,PMC3009348_table_1.xml,False,small,16,17,14,13,10.884009,14,0,16,0,14
merged,PMC6070289_table_2,PMC6070289_table_2.xml,True,large,102,102,102,90,84.825599,102,6,96,6,96
merged,PMC2915656_table_0,PMC2915656_table_0.xml,True,large,136,143,129,123,101.322439,129,8,128,1,128
merged,PMC3414449_table_2,PMC3414449_table_2.xml,True,medium,54,60,52,49,41.839717,52,2,52,0,52
merged,PMC5810047_table_1,PMC5810047_table_1.xml,False,small,32,32,32,32,27.222155,32,0,32,0,32
merged,PMC3213624_table_3,PMC3213624_table_3.xml,False,large,147,147,147,147,127.37233,147,0,147,0,147
merged,PMC4876448_table_1,PMC4876448_table_1.xml,False,small,20,20,20,5,14.316441,20,0,20,0,20
merged,PMC6150164_table_0,PMC6150164_table_0.xml,True,medium,44,44,44,44,40.980948,44,2,42,2,42
merged,PMC4994996_table_0,PMC4994996_table_0.xml,False,small,24,24,24,16,19.808171,24,0,24,0,24
merged,PMC4791377_table_0,PMC4791377_table_0.xml,False,small,30,30,30,30,28.835724,30,0,30,0,30
merged,PMC4970739_table_0,PMC4970739_table_0.xml,True,large,129,135,127,32,84.29846,127,1,128,0,127
merged,PMC5051029_table_2,PMC5051029_table_2.xml,True,medium,73,76,72,72,65.72817,72,1,72,0,72
merged,PMC3552855_table_1,PMC3552855_table_1.xml,False,small,20,21,18,14,14.117299,18,0,20,0,18
merged,PMC6071983_table_0,PMC6071983_table_0.xml,False,small,35,35,8,0,4.912465,8,0,35,0,8
merged,PMC4407475_table_4,PMC4407475_table_4.xml,True,medium,46,45,44,44,37.379319,44,4,42,4,40
merged,PMC3514307_table_3,PMC3514307_table_3.xml,True,medium,42,48,41,37,32.544443,41,7,35,6,35
merged,PMC4849749_table_3,PMC4849749_table_3.xml,True,large,187,217,182,182,153.964411,182,5,182,0,182
merged,PMC3215749_table_0,PMC3215749_table_0.xml,True,large,73,80,70,70,56.229768,70,3,70,0,70
merged,PMC3538775_table_0,PMC3538775_table_0.xml,False,small,6,6,6,6,5.216503,6,0,6,0,6
merged,PMC6166939_table_3,PMC6166939_table_3.xml,False,small,30,30,30,28,24.138887,30,0,30,0,30
merged,PMC4488050_table_3,PMC4488050_table_3.xml,True,medium,41,58,33,31,28.537491,33,8,33,2,31
merged,PMC6091258_table_2,PMC6091258_table_2.xml,True,medium,38,48,27,11,19.091944,27,5,33,5,22
merged,PMC4791772_table_1,PMC4791772_table_1.xml,False,medium,50,50,50,50,44.682114,50,0,50,0,50
merged,PMC3209469_table_3,PMC3209469_table_3.xml,False,medium,42,42,42,42,39.069659,42,0,42,0,42
merged,PMC4460773_table_2,PMC4460773_table_2.xml,True,large,135,150,101,0,54.341553,101,7,128,0,101
merged,PMC2222605_table_2,PMC2222605_table_2.xml,True,small,17,20,13,5,9.835998,13,1,16,0,13
merged,PMC3128012_table_3,PMC3128012_table_3.xml,True,large,157,197,144,140,119.766437,144,13,144,1,143
merged,PMC2959996_table_1,PMC2959996_table_1.xml,False,small,16,16,16,16,13.003999,16,0,16,0,16
merged,PMC3306998_table_0,PMC3306998_table_0.xml,True,small,13,6,4,4,3.766257,4,2,11,2,2
merged,PMC6065330_table_0,PMC6065330_table_0.xml,True,medium,51,60,48,48,43.995822,48,3,48,0,48
merged,PMC6023428_table_0,PMC6023428_table_0.xml,False,medium,39,39,39,39,34.230539,39,0,39,0,39
merged,PMC3534341_table_1,PMC3534341_table_1.xml,True,medium,51,51,51,51,46.501137,51,3,48,3,48
merged,PMC6075757_table_2,PMC6075757_table_2.xml,True,medium,42,43,42,41,38.00378,42,3,39,3,39
merged,PMC5828227_table_0,PMC5828227_table_0.xml,False,large,154,154,154,154,135.238353,154,0,154,0,154
merged,PMC3339393_table_6,PMC3339393_table_6.xml,False,small,15,12,12,9,10.170996,12,0,15,0,12
merged,PMC1971068_table_3,PMC1971068_table_3.xml,True,large,123,148,119,102,93.049563,119,9,114,6,113
merged,PMC5825157_table_1,PMC5825157_table_1.xml,False,small,32,32,32,32,26.307634,32,0,32,0,32
merged,PMC4831174_table_0,PMC4831174_table_0.xml,False,small,9,6,6,3,4.448264,6,0,9,0,6
merged,PMC5021972_table_0,PMC5021972_table_0.xml,False,medium,70,70,70,70,58.29296,70,0,70,0,70
merged,PMC3079670_table_2,PMC3079670_table_2.xml,True,large,150,148,148,145,121.913913,148,9,141,8,140
merged,PMC5037679_table_2,PMC5037679_table_2.xml,True,large,70,85,68,65,58.545152,68,5,65,3,65
merged,PMC3014882_table_1,PMC3014882_table_1.xml,True,large,74,77,73,73,60.360857,73,4,70,3,70
merged,PMC6157292_table_11,PMC6157292_table_11.xml,False,small,12,6,0,0,0,0,0,12,0,0
merged,PMC5137007_table_1,PMC5137007_table_1.xml,False,medium,65,65,65,65,55.480652,65,0,65,0,65
merged,PMC3309941_table_1,PMC3309941_table_1.xml,True,large,168,200,164,156,137.685279,164,7,161,3,161
merged,PMC4936315_table_2,PMC4936315_table_2.xml,True,medium,44,45,44,43,38.583889,44,2,42,2,42
merged,PMC6114971_table_1,PMC6114971_table_1.xml,False,small,25,25,5,0,2.814087,5,0,25,0,5
merged,PMC2740668_table_1,PMC2740668_table_1.xml,True,small,25,28,23,22,21.775061,23,1,24,1,22
merged,PMC5709823_table_0,PMC5709823_table_0.xml,True,large,76,86,69,23,49.881526,69,5,71,2,67
merged,PMC3207832_table_1,PMC3207832_table_1.xml,True,large,235,253,233,130,172.95085,233,17,218,15,218
merged,PMC3164726_table_4,PMC3164726_table_4.xml,False,large,224,224,224,168,175.831557,224,0,224,0,224
merged,PMC1794454_table_0,PMC1794454_table_0.xml,True,small,23,24,23,22,20.764281,23,1,22,1,22
merged,PMC3702364_table_0,PMC3702364_table_0.xml,True,small,24,24,24,23,20.515572,24,4,20,4,20
merged,PMC6141544_table_1,PMC6141544_table_1.xml,True,large,129,129,127,124,109.850174,127,4,125,3,124
merged,PMC5707350_table_1,PMC5707350_table_1.xml,False,small,20,20,20,16,16.10997,20,0,20,0,20
merged,PMC2958834_table_0,PMC2958834_table_0.xml,True,large,87,88,87,85,72.176529,87,5,82,5,82
merged,PMC2794372_table_2,PMC2794372_table_2.xml,True,large,108,128,103,103,85.395074,103,7,101,2,101
merged,PMC6020339_table_1,PMC6020339_table_1.xml,True,medium,26,40,2,0,1.101929,2,4,22,0,2
merged,PMC3683149_table_2,PMC3683149_table_2.xml,False,small,25,25,25,25,21.903626,25,0,25,0,25
merged,PMC2960665_table_2,PMC2960665_table_2.xml,False,small,18,21,16,15,14.336351,16,0,18,0,16
merged,PMC2983291_table_0,PMC2983291_table_0.xml,False,small,20,20,20,0,12.301024,20,0,20,0,20
merged,PMC2904282_table_4,PMC2904282_table_4.xml,True,large,80,120,68,68,62.80669,68,12,68,0,68
merged,PMC2853082_table_0,PMC2853082_table_0.xml,True,medium,41,78,28,23,22.17214,28,7,34,0,28
merged,PMC3283499_table_0,PMC3283499_table_0.xml,True,large,169,205,165,165,132.918964,165,4,165,0,165
merged,PMC4930560_table_0,PMC4930560_table_0.xml,True,medium,46,47,46,45,42.093235,46,3,43,3,43
merged,PMC5833385_table_2,PMC5833385_table_2.xml,False,small,35,35,35,35,29.00031,35,0,35,0,35
merged,PMC2572618_table_2,PMC2572618_table_2.xml,False,small,30,30,30,30,27.533047,30,0,30,0,30
merged,PMC4957803_table_0,PMC4957803_table_0.xml,True,large,195,195,195,195,183.463663,195,5,190,5,190
merged,PMC5137107_table_0,PMC5137107_table_0.xml,True,medium,49,51,46,44,38.588847,46,3,46,2,44
merged,PMC1199598_table_0,PMC1199598_table_0.xml,True,small,26,28,26,23,23.637619,26,4,22,4,22
merged,PMC4981347_table_2,PMC4981347_table_2.xml,True,medium,68,72,65,21,46.942087,65,3,65,0,65
merged,PMC3052110_table_2,PMC3052110_table_2.xml,False,small,18,20,15,2,10.715427,15,0,18,0,15
merged,PMC4831767_table_1,PMC4831767_table_1.xml,True,large,243,243,243,243,210.269394,243,3,240,3,240
merged,PMC3247230_table_0,PMC3247230_table_0.xml,False,medium,42,42,42,42,33.932968,42,0,42,0,42
merged,PMC4934257_table_5,PMC4934257_table_5.xml,False,medium,42,42,42,42,35.483284,42,0,42,0,42
merged,PMC3001739_table_0,PMC3001739_table_0.xml,False,small,21,21,21,21,19.342368,21,0,21,0,21
merged,PMC5663491_table_0,PMC5663491_table_0.xml,True,medium,34,40,31,19,23.753285,31,3,31,0,31
merged,PMC4577082_table_0,PMC4577082_table_0.xml,True,large,177,176,176,174,153.523025,176,10,167,10,166
merged,PMC3320545_table_2,PMC3320545_table_2.xml,False,large,88,78,77,66,60.986637,77,0,88,0,77
merged,PMC2961393_table_4,PMC2961393_table_4.xml,False,small,25,25,15,0,8.976424,15,0,25,0,15
merged,PMC4608111_table_2,PMC4608111_table_2.xml,True,small,20,21,20,19,18.329713,20,6,14,6,14
merged,PMC5936689_table_1,PMC5936689_table_1.xml,False,small,21,21,21,0,12.073461,21,0,21,0,21
merged,PMC3473024_table_5,PMC3473024_table_5.xml,True,medium,33,48,29,17,21.613325,29,8,25,4,25
merged,PMC2561000_table_0,PMC2561000_table_0.xml,True,large,134,164,122,114,101.612146,122,14,120,2,120
merged,PMC2877682_table_1,PMC2877682_table_1.xml,True,large,66,87,60,60,56.151408,60,6,60,0,60
merged,PMC2997016_table_1,PMC2997016_table_1.xml,True,medium,45,45,45,44,37.557657,45,4,41,4,41
merged,PMC2486490_table_2,PMC2486490_table_2.xml,False,large,105,105,105,94,85.666565,105,0,105,0,105
merged,PMC5960211_table_2,PMC5960211_table_2.xml,True,large,135,145,134,129,115.166889,134,6,129,5,129
merged,PMC4541937_table_4,PMC4541937_table_4.xml,True,small,17,17,17,17,14.681353,17,3,14,3,14
merged,PMC6011944_table_1,PMC6011944_table_1.xml,True,small,14,17,13,7,9.820965,13,4,10,3,10
merged,PMC1079832_table_3,PMC1079832_table_3.xml,False,medium,49,49,49,49,42.288953,49,0,49,0,49
merged,PMC3637472_table_2,PMC3637472_table_2.xml,True,small,16,16,12,10,10.408905,12,4,12,2,10
merged,PMC4721698_table_0,PMC4721698_table_0.xml,True,large,82,82,82,82,66.700628,82,2,80,2,80
merged,PMC5681633_table_0,PMC5681633_table_0.xml,False,small,16,16,16,16,13.620848,16,0,16,0,16
merged,PMC4613910_table_4,PMC4613910_table_4.xml,True,large,107,107,107,107,91.01871,107,4,103,4,103
merged,PMC6128371_table_0,PMC6128371_table_0.xml,False,large,90,90,90,90,81.411649,90,0,90,0,90
merged,PMC6058288_table_0,PMC6058288_table_0.xml,False,medium,42,42,42,42,35.643065,42,0,42,0,42
merged,PMC5746254_table_1,PMC5746254_table_1.xml,False,small,8,8,8,8,6.585881,8,0,8,0,8
merged,PMC6017299_table_0,PMC6017299_table_0.xml,True,large,173,164,158,117,121.739536,158,16,157,14,144
merged,PMC5004196_table_1,PMC5004196_table_1.xml,True,medium,41,40,40,40,36.486034,40,24,17,24,16
merged,PMC3256124_table_4,PMC3256124_table_4.xml,True,small,16,11,11,6,8.179936,11,1,15,1,10
merged,PMC5788621_table_0,PMC5788621_table_0.xml,False,medium,45,45,45,45,40.115143,45,0,45,0,45
merged,PMC1871601_table_0,PMC1871601_table_0.xml,True,medium,73,73,73,73,61.111611,73,4,69,4,69
merged,PMC3201265_table_3,PMC3201265_table_3.xml,False,small,15,15,15,9,11.972287,15,0,15,0,15
merged,PMC3200926_table_0,PMC3200926_table_0.xml,False,small,18,18,18,0,11.695591,18,0,18,0,18
merged,PMC2315656_table_3,PMC2315656_table_3.xml,False,small,33,33,33,33,29.524518,33,0,33,0,33
merged,PMC2374783_table_8,PMC2374783_table_8.xml,False,small,24,24,24,21,21.027839,24,0,24,0,24
merged,PMC5669499_table_1,PMC5669499_table_1.xml,True,large,140,142,138,3,89.763921,138,2,138,1,137
merged,PMC3231711_table_1,PMC3231711_table_1.xml,False,small,8,8,8,7,6.230002,8,0,8,0,8
merged,PMC4915688_table_4,PMC4915688_table_4.xml,False,medium,42,42,42,42,34.584264,42,0,42,0,42
merged,PMC2647899_table_0,PMC2647899_table_0.xml,False,small,12,12,12,12,10.977755,12,0,12,0,12
merged,PMC4982323_table_4,PMC4982323_table_4.xml,True,large,112,120,111,102,90.12511,111,2,110,1,110
merged,PMC6134588_table_1,PMC6134588_table_1.xml,False,medium,42,39,39,39,35.964024,39,0,42,0,39
merged,PMC3462151_table_2,PMC3462151_table_2.xml,True,large,137,150,133,129,106.571226,133,7,130,3,130
merged,PMC4419456_table_0,PMC4419456_table_0.xml,True,large,108,114,102,102,86.31495,102,8,100,2,100
merged,PMC4976473_table_0,PMC4976473_table_0.xml,True,large,151,171,138,136,122.638794,138,6,145,0,138
merged,PMC5135818_table_0,PMC5135818_table_0.xml,False,small,15,15,15,11,11.848434,15,0,15,0,15
merged,PMC3016296_table_4,PMC3016296_table_4.xml,False,medium,75,75,75,75,63.250859,75,0,75,0,75
merged,PMC4625876_table_4,PMC4625876_table_4.xml,False,medium,42,42,42,42,34.80824,42,0,42,0,42
merged,PMC5926532_table_1,PMC5926532_table_1.xml,True,small,30,30,30,30,25.531946,30,3,27,3,27
merged,PMC5988440_table_3,PMC5988440_table_3.xml,False,medium,49,49,49,49,43.671408,49,0,49,0,49
merged,PMC3339393_table_18,PMC3339393_table_18.xml,True,small,17,18,17,12,13.696626,17,2,15,2,15
merged,PMC5859152_table_2,PMC5859152_table_2.xml,False,large,84,84,84,84,70.936579,84,0,84,0,84
merged,PMC6211744_table_6,PMC6211744_table_6.xml,True,medium,61,64,61,58,52.754993,61,3,58,3,58
merged,PMC3630110_table_2,PMC3630110_table_2.xml,False,medium,45,45,45,45,37.407865,45,0,45,0,45
merged,PMC5006397_table_1,PMC5006397_table_1.xml,False,small,24,18,18,18,16.94222,18,0,24,0,18
merged,PMC3201421_table_3,PMC3201421_table_3.xml,False,small,10,10,10,8,8.268839,10,0,10,0,10
merged,PMC6154935_table_0,PMC6154935_table_0.xml,True,medium,38,41,33,4,20.841223,33,4,34,0,33
merged,PMC6024939_table_3,PMC6024939_table_3.xml,True,large,91,94,88,88,77.153515,88,6,85,3,85
merged,PMC6193701_table_1,PMC6193701_table_1.xml,False,small,28,28,28,28,23.899171,28,0,28,0,28
merged,PMC2893103_table_0,PMC2893103_table_0.xml,True,large,65,96,59,52,49.193954,59,5,60,0,59
merged,PMC3050270_table_4,PMC3050270_table_4.xml,False,small,20,20,16,0,9.536498,16,0,20,0,16
merged,PMC3526519_table_1,PMC3526519_table_1.xml,True,medium,44,44,44,44,38.925248,44,1,43,1,43
merged,PMC4722622_table_2,PMC4722622_table_2.xml,True,large,247,247,245,243,199.912145,245,3,244,2,243
merged,PMC5784573_table_0,PMC5784573_table_0.xml,False,medium,36,36,36,36,32.892875,36,0,36,0,36
merged,PMC3504408_table_1,PMC3504408_table_1.xml,True,large,136,132,132,75,100.390573,132,4,132,4,128
merged,PMC4822240_table_2,PMC4822240_table_2.xml,True,medium,65,37,32,0,22.410737,32,5,60,2,30
merged,PMC5771167_table_0,PMC5771167_table_0.xml,True,medium,70,45,41,38,36.899327,41,2,68,0,41
merged,PMC5947495_table_4,PMC5947495_table_4.xml,False,small,35,35,35,35,29.310095,35,0,35,0,35
merged,PMC6086859_table_3,PMC6086859_table_3.xml,True,large,167,167,167,49,119.145164,167,3,164,3,164
merged,PMC3537687_table_1,PMC3537687_table_1.xml,False,medium,48,48,48,48,44.410692,48,0,48,0,48
merged,PMC4962473_table_0,PMC4962473_table_0.xml,True,medium,34,40,23,21,19.910676,23,15,19,7,16
merged,PMC3680093_table_1,PMC3680093_table_1.xml,False,small,33,33,33,33,30.046825,33,0,33,0,33
merged,PMC5794786_table_1,PMC5794786_table_1.xml,True,large,234,234,234,234,196.806105,234,6,228,6,228
merged,PMC6094875_table_0,PMC6094875_table_0.xml,True,medium,52,69,44,5,28.427555,44,3,49,0,44
merged,PMC5750934_table_4,PMC5750934_table_4.xml,True,large,116,115,112,110,94.440371,112,4,112,2,110
merged,PMC6238314_table_2,PMC6238314_table_2.xml,True,medium,46,54,25,3,17.936102,25,8,38,6,19
merged,PMC5149027_table_0,PMC5149027_table_0.xml,False,medium,77,77,77,77,68.063922,77,0,77,0,77
merged,PMC4549267_table_8,PMC4549267_table_8.xml,True,medium,42,42,42,42,37.781434,42,7,35,7,35
merged,PMC3117836_table_0,PMC3117836_table_0.xml,True,large,189,193,170,151,132.22308,170,6,183,1,169
merged,PMC3164687_table_1,PMC3164687_table_1.xml,True,small,22,16,12,3,8.065239,12,1,21,0,12
merged,PMC4831805_table_3,PMC4831805_table_3.xml,True,medium,46,46,44,44,36.198396,44,2,44,0,44
merged,PMC5687746_table_2,PMC5687746_table_2.xml,False,small,8,8,8,8,7.250754,8,0,8,0,8
merged,PMC3296578_table_1,PMC3296578_table_1.xml,False,medium,36,36,36,35,31.076569,36,0,36,0,36
merged,PMC5119737_table_0,PMC5119737_table_0.xml,False,medium,62,62,62,0,37.874577,62,0,62,0,62
merged,PMC2968103_table_2,PMC2968103_table_2.xml,False,large,133,133,133,133,113.71415,133,0,133,0,133
merged,PMC6082067_table_0,PMC6082067_table_0.xml,False,small,18,21,15,15,14.094822,15,0,18,0,15
merged,PMC3256151_table_0,PMC3256151_table_0.xml,True,medium,47,48,46,45,39.061824,46,3,44,2,44
merged,PMC1444915_table_0,PMC1444915_table_0.xml,True,medium,27,22,17,9,12.482011,17,9,18,3,14
merged,PMC5096289_table_0,PMC5096289_table_0.xml,True,large,86,115,84,45,61.642816,84,11,75,11,73
merged,PMC4392560_table_0,PMC4392560_table_0.xml,False,small,21,21,21,21,18.968614,21,0,21,0,21
merged,PMC2855072_table_0,PMC2855072_table_0.xml,False,medium,49,49,49,49,40.184164,49,0,49,0,49
merged,PMC4436293_table_0,PMC4436293_table_0.xml,False,small,30,30,30,30,27.025644,30,0,30,0,30
merged,PMC3363418_table_0,PMC3363418_table_0.xml,True,large,124,124,124,112,98.563314,124,3,121,3,121
merged,PMC2453114_table_2,PMC2453114_table_2.xml,False,small,16,16,16,16,14.846789,16,0,16,0,16
merged,PMC3660393_table_0,PMC3660393_table_0.xml,False,small,18,19,17,17,15.188871,17,0,18,0,17
merged,PMC3042918_table_0,PMC3042918_table_0.xml,True,small,23,38,18,15,15.031112,18,1,22,0,18
merged,PMC5948639_table_0,PMC5948639_table_0.xml,False,small,8,8,8,8,7.433085,8,0,8,0,8
merged,PMC2611967_table_3,PMC2611967_table_3.xml,False,small,21,21,21,20,18.858399,21,0,21,0,21
merged,PMC5790503_table_0,PMC5790503_table_0.xml,True,large,72,96,66,63,60.081427,66,10,62,4,62
merged,PMC5091883_table_5,PMC5091883_table_5.xml,False,medium,44,44,44,44,36.827585,44,0,44,0,44
merged,PMC2983382_table_3,PMC2983382_table_3.xml,False,large,165,165,165,165,138.083607,165,0,165,0,165
merged,PMC3688626_table_2,PMC3688626_table_2.xml,True,medium,29,39,24,24,20.111712,24,5,24,0,24
merged,PMC5696248_table_2,PMC5696248_table_2.xml,True,large,106,105,104,104,97.061427,104,8,98,8,96
merged,PMC1562360_table_1,PMC1562360_table_1.xml,True,large,80,92,76,76,64.194291,76,4,76,0,76
merged,PMC4889661_table_0,PMC4889661_table_0.xml,False,small,12,17,7,4,4.991795,7,0,12,0,7
merged,PMC4376772_table_4,PMC4376772_table_4.xml,False,small,12,12,12,10,9.72545,12,0,12,0,12
merged,PMC2676320_table_0,PMC2676320_table_0.xml,True,large,159,159,153,44,113.596155,153,7,152,4,149
merged,PMC4806293_table_3,PMC4806293_table_3.xml,True,large,143,143,143,137,117.130865,143,14,129,14,129
merged,PMC5955572_table_6,PMC5955572_table_6.xml,False,small,16,16,16,1,9.791182,16,0,16,0,16
merged,PMC5826966_table_2,PMC5826966_table_2.xml,True,medium,40,50,36,35,30.697442,36,6,34,2,34
merged,PMC4806486_table_2,PMC4806486_table_2.xml,False,large,80,67,65,59,51.645552,65,0,80,0,65
merged,PMC5712124_table_0,PMC5712124_table_0.xml,True,medium,38,39,38,37,32.953327,38,2,36,2,36
merged,PMC4585998_table_1,PMC4585998_table_1.xml,False,small,16,14,14,14,12.574594,14,0,16,0,14
merged,PMC5025662_table_0,PMC5025662_table_0.xml,True,small,26,26,26,26,22.139463,26,3,23,3,23
merged,PMC4349776_table_3,PMC4349776_table_3.xml,False,small,20,20,20,17,17.248934,20,0,20,0,20
merged,PMC4810510_table_5,PMC4810510_table_5.xml,True,large,158,172,116,13,80.860832,116,20,138,5,111
merged,PMC3510242_table_1,PMC3510242_table_1.xml,True,medium,62,63,60,59,52.41486,60,3,59,1,59
merged,PMC2971855_table_2,PMC2971855_table_2.xml,False,small,15,15,15,5,10.72763,15,0,15,0,15
merged,PMC3403942_table_0,PMC3403942_table_0.xml,True,medium,59,75,54,43,46.055927,54,16,43,11,43
merged,PMC4893485_table_1,PMC4893485_table_1.xml,True,small,13,17,4,1,2.483139,4,5,8,0,4
merged,PMC4471362_table_0,PMC4471362_table_0.xml,False,small,35,35,35,35,30.145156,35,0,35,0,35
merged,PMC2979536_table_1,PMC2979536_table_1.xml,False,small,16,17,15,5,10.824222,15,0,16,0,15
merged,PMC4742874_table_0,PMC4742874_table_0.xml,True,large,54,69,44,44,37.236419,44,10,44,0,44
merged,PMC4652281_table_3,PMC4652281_table_3.xml,True,medium,68,68,68,68,60.410517,68,2,66,2,66
merged,PMC4849662_table_2,PMC4849662_table_2.xml,True,small,17,17,16,7,11.72801,16,1,16,1,15
merged,PMC3413424_table_0,PMC3413424_table_0.xml,True,small,17,22,12,7,9.209183,12,5,12,0,12
merged,PMC4598679_table_0,PMC4598679_table_0.xml,False,small,32,32,32,32,29.179292,32,0,32,0,32
merged,PMC4359522_table_0,PMC4359522_table_0.xml,False,large,154,154,154,151,135.766503,154,0,154,0,154
merged,PMC3364148_table_0,PMC3364148_table_0.xml,False,large,123,125,123,120,102.167055,123,0,123,0,123
merged,PMC5814010_table_2,PMC5814010_table_2.xml,True,small,21,24,21,18,18.670778,21,3,18,3,18
merged,PMC6235971_table_0,PMC6235971_table_0.xml,True,small,19,19,19,19,16.265826,19,2,17,2,17
merged,PMC6373102_table_1,PMC6373102_table_1.xml,True,large,93,98,88,77,74.558778,88,13,80,10,78
merged,PMC4636288_table_5,PMC4636288_table_5.xml,True,medium,37,37,37,37,31.861693,37,3,34,3,34
merged,PMC4995788_table_1,PMC4995788_table_1.xml,True,large,132,161,117,113,93.366387,117,18,114,3,114
merged,PMC6102410_table_2,PMC6102410_table_2.xml,False,medium,50,50,50,50,39.952797,50,0,50,0,50
merged,PMC4574781_table_0,PMC4574781_table_0.xml,True,medium,49,49,48,48,43.006537,48,4,45,3,45
merged,PMC2923087_table_1,PMC2923087_table_1.xml,True,large,413,300,280,186,218.372538,280,11,402,2,278
merged,PMC4897708_table_0,PMC4897708_table_0.xml,False,small,15,15,15,15,12.958224,15,0,15,0,15
merged,PMC4739096_table_1,PMC4739096_table_1.xml,True,large,65,85,60,60,54.117397,60,5,60,0,60
merged,PMC5707922_table_0,PMC5707922_table_0.xml,True,small,17,22,14,12,11.286124,14,1,16,1,13
merged,PMC5702311_table_1,PMC5702311_table_1.xml,True,large,142,160,132,131,110.255259,132,9,133,0,132
merged,PMC6091767_table_1,PMC6091767_table_1.xml,False,medium,54,54,36,4,24.406987,36,0,54,0,36
merged,PMC3240627_table_0,PMC3240627_table_0.xml,False,small,16,18,14,14,11.834267,14,0,16,0,14
merged,PMC3108124_table_1,PMC3108124_table_1.xml,True,large,74,74,74,74,62.957536,74,3,71,3,71
merged,PMC5934879_table_2,PMC5934879_table_2.xml,False,medium,36,36,36,36,33.169159,36,0,36,0,36
merged,PMC4519131_table_1,PMC4519131_table_1.xml,False,small,25,25,23,6,15.005324,23,0,25,0,23
merged,PMC5940366_table_0,PMC5940366_table_0.xml,True,large,121,104,94,75,74.932702,94,3,118,3,91
merged,PMC6065341_table_0,PMC6065341_table_0.xml,False,medium,54,54,54,54,48.114184,54,0,54,0,54
merged,PMC4940880_table_0,PMC4940880_table_0.xml,True,large,172,192,168,114,133.789215,168,4,168,0,168
merged,PMC4654900_table_0,PMC4654900_table_0.xml,False,medium,42,42,42,42,35.620017,42,0,42,0,42
merged,PMC6039019_table_0,PMC6039019_table_0.xml,False,medium,56,56,56,56,49.6653,56,0,56,0,56
merged,PMC5894967_table_1,PMC5894967_table_1.xml,True,large,76,86,61,12,37.91962,61,6,70,4,57
merged,PMC2858665_table_0,PMC2858665_table_0.xml,True,small,20,25,15,0,9.227739,15,5,15,0,15
merged,PMC4504487_table_1,PMC4504487_table_1.xml,False,medium,42,42,42,42,37.292054,42,0,42,0,42
merged,PMC4624369_table_2,PMC4624369_table_2.xml,True,small,9,8,7,7,6.420362,7,1,8,1,6
merged,PMC2970321_table_0,PMC2970321_table_0.xml,False,small,20,20,20,0,12.494159,20,0,20,0,20
merged,PMC6148783_table_0,PMC6148783_table_0.xml,False,medium,55,55,55,55,47.123864,55,0,55,0,55
merged,PMC4388571_table_1,PMC4388571_table_1.xml,True,small,18,19,17,15,13.659199,17,6,12,5,12
merged,PMC5765189_table_0,PMC5765189_table_0.xml,False,medium,36,36,36,36,31.068587,36,0,36,0,36
merged,PMC3179728_table_1,PMC3179728_table_1.xml,False,medium,50,50,50,50,45.689291,50,0,50,0,50
merged,PMC5920397_table_1,PMC5920397_table_1.xml,False,medium,48,48,48,48,42.893805,48,0,48,0,48
merged,PMC3562170_table_1,PMC3562170_table_1.xml,False,medium,36,36,36,36,31.347032,36,0,36,0,36
merged,PMC5789680_table_2,PMC5789680_table_2.xml,False,medium,56,56,56,56,48.979948,56,0,56,0,56
merged,PMC1766366_table_0,PMC1766366_table_0.xml,False,medium,60,63,55,54,50.697553,55,0,60,0,55
merged,PMC3506419_table_0,PMC3506419_table_0.xml,False,medium,49,56,47,42,40.114667,47,0,49,0,47
merged,PMC6026135_table_1,PMC6026135_table_1.xml,True,large,245,241,241,240,202.832125,241,3,242,3,238
merged,PMC5010703_table_0,PMC5010703_table_0.xml,True,small,20,17,15,14,12.778096,15,3,17,0,15
merged,PMC5975710_table_2,PMC5975710_table_2.xml,False,medium,36,36,36,36,33.81255,36,0,36,0,36
merged,PMC4354281_table_0,PMC4354281_table_0.xml,False,large,85,85,85,73,70.9076,85,0,85,0,85
merged,PMC4445691_table_0,PMC4445691_table_0.xml,False,small,25,25,24,24,22.840392,24,0,25,0,24
merged,PMC3618200_table_3,PMC3618200_table_3.xml,False,small,16,16,16,16,14.586904,16,0,16,0,16
merged,PMC2980137_table_1,PMC2980137_table_1.xml,False,small,16,17,15,5,10.863983,15,0,16,0,15
merged,PMC3543339_table_0,PMC3543339_table_0.xml,True,medium,47,25,25,25,20.658194,25,3,44,3,22
merged,PMC4930211_table_1,PMC4930211_table_1.xml,True,medium,65,69,63,63,60.54886,63,2,63,0,63
merged,PMC5703480_table_0,PMC5703480_table_0.xml,False,small,22,22,16,11,11.690837,16,0,22,0,16
merged,PMC4390841_table_0,PMC4390841_table_0.xml,False,medium,48,48,48,48,41.765586,48,0,48,0,48
merged,PMC4378924_table_0,PMC4378924_table_0.xml,True,medium,32,42,22,22,18.684043,22,10,22,0,22
merged,PMC4594897_table_2,PMC4594897_table_2.xml,True,large,105,105,105,104,91.160526,105,5,100,5,100
merged,PMC2970104_table_0,PMC2970104_table_0.xml,False,small,20,20,20,0,13.926189,20,0,20,0,20
merged,PMC6145308_table_1,PMC6145308_table_1.xml,False,small,16,16,16,16,14.277208,16,0,16,0,16
merged,PMC4994378_table_0,PMC4994378_table_0.xml,True,large,95,109,88,46,66.322687,88,8,87,1,87
merged,PMC4407714_table_1,PMC4407714_table_1.xml,True,large,80,92,76,76,70.193977,76,4,76,0,76
merged,PMC4453019_table_2,PMC4453019_table_2.xml,True,large,91,106,85,85,70.932949,85,6,85,0,85
merged,PMC3349333_table_2,PMC3349333_table_2.xml,True,small,13,13,13,12,10.941856,13,2,11,2,11
merged,PMC3522606_table_0,PMC3522606_table_0.xml,True,large,86,90,86,82,68.414544,86,4,82,4,82
merged,PMC3573996_table_0,PMC3573996_table_0.xml,False,large,120,120,120,120,108.481158,120,0,120,0,120
merged,PMC4841563_table_3,PMC4841563_table_3.xml,False,small,24,24,24,24,20.289313,24,0,24,0,24
merged,PMC4829176_table_14,PMC4829176_table_14.xml,False,large,138,138,138,138,124.332246,138,0,138,0,138
merged,PMC3306553_table_0,PMC3306553_table_0.xml,True,large,88,87,75,27,56.122916,75,3,85,0,75
merged,PMC4865127_table_2,PMC4865127_table_2.xml,True,large,72,85,56,13,39.489187,56,9,63,6,50
merged,PMC6195500_table_3,PMC6195500_table_3.xml,False,small,15,15,15,15,14.595859,15,0,15,0,15
merged,PMC2975659_table_4,PMC2975659_table_4.xml,True,medium,55,60,54,54,46.903424,54,1,54,0,54
merged,PMC4562344_table_1,PMC4562344_table_1.xml,True,medium,32,38,29,29,25.288715,29,2,30,0,29
merged,PMC4499438_table_2,PMC4499438_table_2.xml,True,medium,66,66,65,65,56.364793,65,2,64,1,64
merged,PMC4967509_table_2,PMC4967509_table_2.xml,True,medium,42,48,40,40,38.049037,40,2,40,0,40
merged,PMC1621074_table_1,PMC1621074_table_1.xml,False,medium,55,55,54,54,48.735455,54,0,55,0,54
merged,PMC1524967_table_6,PMC1524967_table_6.xml,False,small,34,34,34,34,29.811004,34,0,34,0,34
merged,PMC3019011_table_0,PMC3019011_table_0.xml,False,small,18,22,16,14,13.111822,16,0,18,0,16
merged,PMC1513572_table_2,PMC1513572_table_2.xml,False,small,18,16,16,16,14.907354,16,0,18,0,16
merged,PMC3254532_table_3,PMC3254532_table_3.xml,False,small,35,35,23,0,13.792019,23,0,35,0,23
merged,PMC4604614_table_0,PMC4604614_table_0.xml,True,medium,53,75,42,18,31.020601,42,4,49,0,42
merged,PMC4501400_table_1,PMC4501400_table_1.xml,False,small,21,21,21,21,18.160337,21,0,21,0,21
merged,PMC2427197_table_4,PMC2427197_table_4.xml,False,small,15,18,14,12,11.570319,14,0,15,0,14
merged,PMC4504402_table_0,PMC4504402_table_0.xml,True,medium,51,55,46,25,32.751946,46,6,45,2,44
merged,PMC4404307_table_4,PMC4404307_table_4.xml,True,medium,36,36,36,36,31.363213,36,2,34,2,34
merged,PMC4991119_table_0,PMC4991119_table_0.xml,True,large,115,133,112,112,100.983349,112,3,112,0,112
merged,PMC3005913_table_1,PMC3005913_table_1.xml,False,medium,45,53,38,36,31.45502,38,0,45,0,38
merged,PMC5110593_table_2,PMC5110593_table_2.xml,False,small,12,14,10,10,8.860275,10,0,12,0,10
merged,PMC4434122_table_1,PMC4434122_table_1.xml,False,small,24,24,24,24,21.489217,24,0,24,0,24
merged,PMC5178086_table_3,PMC5178086_table_3.xml,True,large,180,239,167,98,126.93521,167,12,168,0,167
merged,PMC2979109_table_0,PMC2979109_table_0.xml,False,small,20,20,20,0,12.948399,20,0,20,0,20
merged,PMC5818526_table_0,PMC5818526_table_0.xml,True,small,31,31,31,2,20.211226,31,2,29,2,29
merged,PMC6089990_table_2,PMC6089990_table_2.xml,False,medium,52,52,52,43,41.155683,52,0,52,0,52
merged,PMC2579308_table_1,PMC2579308_table_1.xml,False,small,16,16,14,11,11.894231,14,0,16,0,14
merged,PMC5145878_table_1,PMC5145878_table_1.xml,True,medium,54,54,54,54,45.901061,54,3,51,3,51
merged,PMC5101760_table_3,PMC5101760_table_3.xml,True,large,66,99,51,51,47.226522,51,22,44,7,44
merged,PMC4360558_table_0,PMC4360558_table_0.xml,True,medium,56,60,55,52,50.28784,55,4,52,3,52
merged,PMC5874052_table_2,PMC5874052_table_2.xml,True,small,22,23,21,21,18.10734,21,2,20,1,20
merged,PMC4929678_table_0,PMC4929678_table_0.xml,True,medium,47,48,47,46,40.284846,47,3,44,3,44
merged,PMC3602305_table_5,PMC3602305_table_5.xml,False,medium,36,36,36,30,28.992691,36,0,36,0,36
merged,PMC2783018_table_0,PMC2783018_table_0.xml,True,small,22,21,19,17,15.852124,19,1,21,0,19
merged,PMC4465022_table_0,PMC4465022_table_0.xml,False,small,24,24,24,23,20.185624,24,0,24,0,24
merged,PMC5014415_table_0,PMC5014415_table_0.xml,False,large,208,208,208,208,183.992477,208,0,208,0,208
merged,PMC4437681_table_2,PMC4437681_table_2.xml,True,medium,50,50,50,50,42.433423,50,4,46,4,46
merged,PMC2688010_table_2,PMC2688010_table_2.xml,True,small,21,25,20,17,17.4437,20,1,20,0,20
merged,PMC5849718_table_0,PMC5849718_table_0.xml,True,medium,59,60,58,58,47.49971,58,1,58,0,58
merged,PMC5095827_table_2,PMC5095827_table_2.xml,False,small,15,15,15,13,12.06846,15,0,15,0,15
merged,PMC3251541_table_0,PMC3251541_table_0.xml,False,small,30,30,30,30,28.079121,30,0,30,0,30
merged,PMC4624795_table_1,PMC4624795_table_1.xml,True,medium,39,39,39,39,33.055997,39,6,33,6,33
merged,PMC5968892_table_1,PMC5968892_table_1.xml,False,medium,39,39,39,39,35.996554,39,0,39,0,39
merged,PMC6218030_table_1,PMC6218030_table_1.xml,False,medium,68,68,68,47,52.19526,68,0,68,0,68
merged,PMC3670993_table_2,PMC3670993_table_2.xml,False,small,27,27,27,27,25.153507,27,0,27,0,27
merged,PMC1590010_table_2,PMC1590010_table_2.xml,True,medium,36,35,34,32,30.252953,34,3,33,2,32
merged,PMC3123832_table_2,PMC3123832_table_2.xml,True,small,10,4,2,2,1.949815,2,2,8,2,0
merged,PMC5976929_table_2,PMC5976929_table_2.xml,True,large,90,112,84,84,76.265075,84,6,84,0,84
merged,PMC5962747_table_1,PMC5962747_table_1.xml,True,large,104,104,104,77,80.314169,104,7,97,7,97
merged,PMC5955586_table_0,PMC5955586_table_0.xml,False,small,18,30,6,0,3.352282,6,0,18,0,6
merged,PMC4816578_table_0,PMC4816578_table_0.xml,False,small,35,35,35,35,30.478558,35,0,35,0,35
merged,PMC2864265_table_0,PMC2864265_table_0.xml,False,small,8,8,8,8,6.973307,8,0,8,0,8
merged,PMC5751830_table_3,PMC5751830_table_3.xml,True,medium,40,48,36,36,30.503838,36,4,36,0,36
merged,PMC3349315_table_2,PMC3349315_table_2.xml,True,small,27,28,15,6,10.713289,15,4,23,0,15
merged,PMC5815616_table_1,PMC5815616_table_1.xml,False,small,25,25,25,25,21.598329,25,0,25,0,25
merged,PMC2968377_table_0,PMC2968377_table_0.xml,False,small,20,21,19,0,12.75644,19,0,20,0,19
merged,PMC5842864_table_1,PMC5842864_table_1.xml,False,small,18,18,18,16,15.254201,18,0,18,0,18
merged,PMC3274923_table_0,PMC3274923_table_0.xml,False,small,18,18,18,18,14.768564,18,0,18,0,18
merged,PMC4965257_table_0,PMC4965257_table_0.xml,False,small,30,30,30,30,27.671836,30,0,30,0,30
merged,PMC3078546_table_1,PMC3078546_table_1.xml,False,medium,54,54,54,54,49.102094,54,0,54,0,54
merged,PMC3161853_table_3,PMC3161853_table_3.xml,False,medium,72,71,71,70,58.882741,71,0,72,0,71
merged,PMC3537189_table_1,PMC3537189_table_1.xml,False,large,98,73,73,62,60.83252,73,0,98,0,73
merged,PMC2518110_table_0,PMC2518110_table_0.xml,False,medium,45,45,45,45,41.719018,45,0,45,0,45
merged,PMC5960004_table_1,PMC5960004_table_1.xml,True,medium,38,48,19,0,10.995881,19,2,36,0,19
merged,PMC4606834_table_2,PMC4606834_table_2.xml,False,small,10,10,10,10,9.156574,10,0,10,0,10
merged,PMC4898401_table_0,PMC4898401_table_0.xml,False,large,266,266,266,168,202.985166,266,0,266,0,266
merged,PMC5956844_table_0,PMC5956844_table_0.xml,True,medium,70,76,70,64,55.316008,70,6,64,6,64
merged,PMC3052123_table_0,PMC3052123_table_0.xml,False,small,16,17,15,2,10.676857,15,0,16,0,15
merged,PMC4632822_table_0,PMC4632822_table_0.xml,True,medium,36,34,33,32,28.247366,33,2,34,2,31
merged,PMC2596126_table_5,PMC2596126_table_5.xml,True,small,21,22,21,19,18.837551,21,2,19,2,19
merged,PMC5995376_table_0,PMC5995376_table_0.xml,True,large,86,104,60,0,35.952115,60,6,80,0,60
merged,PMC5701498_table_1,PMC5701498_table_1.xml,True,large,95,126,68,3,41.677247,68,28,67,1,67
merged,PMC3540763_table_1,PMC3540763_table_1.xml,True,small,32,32,32,32,29.934755,32,3,29,3,29
merged,PMC4866031_table_3,PMC4866031_table_3.xml,True,large,57,111,24,6,16.285297,24,12,45,0,24
merged,PMC6192302_table_2,PMC6192302_table_2.xml,True,medium,32,39,27,1,16.074172,27,2,30,0,27
merged,PMC6157696_table_0,PMC6157696_table_0.xml,False,small,20,25,20,15,17.030035,20,0,20,0,20
merged,PMC2375871_table_2,PMC2375871_table_2.xml,True,small,18,17,17,17,15.182632,17,2,16,2,15
merged,PMC3483647_table_1,PMC3483647_table_1.xml,True,medium,56,57,55,55,46.072795,55,2,54,1,54
merged,PMC4941281_table_5,PMC4941281_table_5.xml,True,medium,47,47,47,47,42.321699,47,3,44,3,44
merged,PMC4449761_table_1,PMC4449761_table_1.xml,False,medium,45,47,45,40,38.239413,45,0,45,0,45
merged,PMC2648779_table_1,PMC2648779_table_1.xml,True,medium,38,38,38,36,34.583011,38,2,36,2,36
merged,PMC4624169_table_0,PMC4624169_table_0.xml,True,large,72,102,44,42,37.569881,44,17,55,3,41
merged,PMC1906757_table_3,PMC1906757_table_3.xml,True,medium,33,33,33,33,29.769418,33,3,30,3,30
merged,PMC4674919_table_0,PMC4674919_table_0.xml,False,medium,44,44,44,44,36.320534,44,0,44,0,44
merged,PMC4871862_table_0,PMC4871862_table_0.xml,False,small,28,33,23,19,20.196918,23,0,28,0,23
merged,PMC6234669_table_2,PMC6234669_table_2.xml,True,large,102,149,82,78,70.533957,82,20,82,1,81
merged,PMC4719686_table_0,PMC4719686_table_0.xml,False,small,21,21,21,21,18.872602,21,0,21,0,21
merged,PMC5058751_table_0,PMC5058751_table_0.xml,True,large,153,176,141,138,131.133363,141,15,138,5,136
merged,PMC3042918_table_2,PMC3042918_table_2.xml,True,large,212,95,78,57,61.641891,78,7,205,2,76
merged,PMC2438326_table_1,PMC2438326_table_1.xml,False,medium,55,55,55,55,47.620091,55,0,55,0,55
merged,PMC2488328_table_1,PMC2488328_table_1.xml,True,large,92,97,91,87,74.492924,91,5,87,4,87
merged,PMC3639264_table_0,PMC3639264_table_0.xml,False,medium,42,42,42,42,36.539504,42,0,42,0,42
merged,PMC2585588_table_0,PMC2585588_table_0.xml,False,medium,45,45,45,45,38.620774,45,0,45,0,45
merged,PMC5918569_table_2,PMC5918569_table_2.xml,False,small,35,35,35,35,31.369694,35,0,35,0,35
merged,PMC3123847_table_1,PMC3123847_table_1.xml,True,medium,67,67,66,64,56.34583,66,3,64,2,64
merged,PMC5667804_table_0,PMC5667804_table_0.xml,False,small,24,24,24,24,22.096244,24,0,24,0,24
merged,PMC3176760_table_0,PMC3176760_table_0.xml,False,medium,36,36,36,28,28.66313,36,0,36,0,36
merged,PMC3009027_table_2,PMC3009027_table_2.xml,False,small,25,25,20,4,13.828176,20,0,25,0,20
merged,PMC4886160_table_0,PMC4886160_table_0.xml,False,large,90,90,90,10,62.85375,90,0,90,0,90
merged,PMC4439031_table_1,PMC4439031_table_1.xml,True,large,83,95,80,80,66.659082,80,3,80,0,80
merged,PMC3684745_table_3,PMC3684745_table_3.xml,True,large,141,160,137,37,102.062425,137,5,136,3,134
merged,PMC5700096_table_2,PMC5700096_table_2.xml,False,small,18,18,18,12,14.048753,18,0,18,0,18
merged,PMC3557148_table_1,PMC3557148_table_1.xml,False,large,96,96,96,90,75.302361,96,0,96,0,96
merged,PMC3237410_table_0,PMC3237410_table_0.xml,True,large,156,192,150,129,115.529393,150,12,144,6,144
merged,PMC3063837_table_1,PMC3063837_table_1.xml,False,large,92,92,92,92,85.906581,92,0,92,0,92
merged,PMC4431502_table_1,PMC4431502_table_1.xml,True,large,140,142,127,126,107.246122,127,15,125,2,125
merged,PMC1192817_table_3,PMC1192817_table_3.xml,False,medium,54,54,54,54,50.217532,54,0,54,0,54
merged,PMC3118713_table_3,PMC3118713_table_3.xml,False,large,341,300,300,284,249.035052,300,0,341,0,300
merged,PMC4414453_table_0,PMC4414453_table_0.xml,False,small,8,7,6,5,4.941108,6,0,8,0,6
merged,PMC6091292_table_0,PMC6091292_table_0.xml,False,small,18,18,18,18,15.513495,18,0,18,0,18
merged,PMC6142186_table_0,PMC6142186_table_0.xml,True,large,90,108,84,84,74.411136,84,6,84,0,84
merged,PMC2780999_table_3,PMC2780999_table_3.xml,False,large,114,114,114,114,95.268838,114,0,114,0,114
merged,PMC3414449_table_0,PMC3414449_table_0.xml,True,large,99,106,84,41,59.976821,84,8,91,2,82
merged,PMC4892679_table_1,PMC4892679_table_1.xml,True,medium,32,41,28,22,23.108281,28,2,30,0,28
merged,PMC5727003_table_2,PMC5727003_table_2.xml,True,medium,37,39,32,30,28.463504,32,2,35,0,32
merged,PMC1065107_table_1,PMC1065107_table_1.xml,True,large,55,73,51,49,40.476132,51,6,49,2,49
merged,PMC4619589_table_3,PMC4619589_table_3.xml,True,large,73,81,70,70,58.741912,70,5,68,2,68
merged,PMC4999370_table_0,PMC4999370_table_0.xml,False,large,92,92,92,92,79.372843,92,0,92,0,92
merged,PMC5725584_table_2,PMC5725584_table_2.xml,True,small,21,21,21,21,19.262183,21,1,20,1,20
merged,PMC5953442_table_1,PMC5953442_table_1.xml,False,medium,48,48,48,47,42.066284,48,0,48,0,48
merged,PMC4816552_table_2,PMC4816552_table_2.xml,True,medium,29,35,29,21,23.576632,29,7,22,7,22
merged,PMC4425098_table_0,PMC4425098_table_0.xml,True,large,107,119,103,103,90.136053,103,12,95,8,95
merged,PMC3599226_table_0,PMC3599226_table_0.xml,True,medium,30,33,25,25,23.145048,25,4,26,3,22
merged,PMC4433905_table_2,PMC4433905_table_2.xml,True,medium,44,45,44,27,33.500948,44,3,41,3,41
merged,PMC3380946_table_3,PMC3380946_table_3.xml,False,large,98,98,98,98,79.118629,98,0,98,0,98
merged,PMC5048623_table_2,PMC5048623_table_2.xml,True,medium,33,44,30,24,25.28075,30,3,30,0,30
merged,PMC3006929_table_1,PMC3006929_table_1.xml,False,small,16,17,15,6,10.97039,15,0,16,0,15
merged,PMC6142379_table_1,PMC6142379_table_1.xml,False,medium,36,36,36,36,32.016049,36,0,36,0,36
merged,PMC6060796_table_0,PMC6060796_table_0.xml,False,small,10,19,4,3,3.407866,4,0,10,0,4
merged,PMC6223088_table_4,PMC6223088_table_4.xml,False,small,35,35,35,35,32.659155,35,0,35,0,35
merged,PMC4423522_table_1,PMC4423522_table_1.xml,True,medium,48,60,42,40,36.126105,42,6,42,0,42
merged,PMC4552273_table_0,PMC4552273_table_0.xml,False,medium,45,45,44,44,37.851425,44,0,45,0,44
merged,PMC3608149_table_2,PMC3608149_table_2.xml,True,small,26,26,26,26,21.703529,26,1,25,1,25
merged,PMC2957681_table_2,PMC2957681_table_2.xml,False,large,84,84,84,84,71.347673,84,0,84,0,84
merged,PMC3154280_table_2,PMC3154280_table_2.xml,True,large,88,96,84,73,64.646828,84,4,84,0,84
merged,PMC6235215_table_0,PMC6235215_table_0.xml,True,large,83,69,60,40,50.530792,60,3,80,0,60
merged,PMC1550399_table_3,PMC1550399_table_3.xml,True,large,114,116,113,103,90.024291,113,11,103,10,103
merged,PMC5743479_table_2,PMC5743479_table_2.xml,True,medium,44,44,44,44,41.340593,44,3,41,3,41
merged,PMC5722813_table_2,PMC5722813_table_2.xml,False,large,110,110,110,91,89.899615,110,0,110,0,110
merged,PMC1261260_table_3,PMC1261260_table_3.xml,False,medium,45,45,45,45,38.897849,45,0,45,0,45
merged,PMC4923075_table_0,PMC4923075_table_0.xml,False,small,30,30,30,30,27.201702,30,0,30,0,30
merged,PMC6028376_table_3,PMC6028376_table_3.xml,True,large,112,112,112,111,93.093437,112,3,109,3,109
merged,PMC3007292_table_2,PMC3007292_table_2.xml,False,large,119,119,119,119,103.088968,119,0,119,0,119
merged,PMC2981526_table_1,PMC2981526_table_1.xml,False,large,208,208,208,161,162.787501,208,0,208,0,208
merged,PMC3344586_table_1,PMC3344586_table_1.xml,False,medium,50,50,50,50,41.035962,50,0,50,0,50
merged,PMC3558449_table_2,PMC3558449_table_2.xml,True,large,131,135,127,127,103.156413,127,8,123,4,123
merged,PMC3130384_table_0,PMC3130384_table_0.xml,False,small,16,16,16,8,11.266724,16,0,16,0,16
merged,PMC3050259_table_0,PMC3050259_table_0.xml,False,small,18,18,18,0,12.039906,18,0,18,0,18
merged,PMC4906974_table_2,PMC4906974_table_2.xml,True,large,190,208,186,0,116.12361,186,4,186,0,186
merged,PMC2362127_table_1,PMC2362127_table_1.xml,False,large,222,222,222,216,174.496404,222,0,222,0,222
merged,PMC4885004_table_2,PMC4885004_table_2.xml,True,large,103,112,100,97,87.062526,100,3,100,0,100
merged,PMC3364269_table_1,PMC3364269_table_1.xml,True,medium,53,66,49,49,44.989116,49,1,52,0,49
merged,PMC3224112_table_0,PMC3224112_table_0.xml,False,small,25,20,20,0,13.351965,20,0,25,0,20
merged,PMC4590700_table_2,PMC4590700_table_2.xml,True,large,148,178,139,134,122.562891,139,8,140,0,139
merged,PMC6051080_table_0,PMC6051080_table_0.xml,False,small,24,24,24,24,21.895422,24,0,24,0,24
merged,PMC6077620_table_0,PMC6077620_table_0.xml,False,small,26,26,26,26,23.3881,26,0,26,0,26
merged,PMC3599226_table_1,PMC3599226_table_1.xml,True,large,87,93,77,76,67.703888,77,10,77,3,74
merged,PMC2646303_table_1,PMC2646303_table_1.xml,False,large,100,100,100,100,91.951132,100,0,100,0,100
merged,PMC5051338_table_0,PMC5051338_table_0.xml,True,small,26,38,17,12,13.780754,17,1,25,0,17
merged,PMC3515476_table_0,PMC3515476_table_0.xml,False,small,15,15,15,15,12.827602,15,0,15,0,15
merged,PMC5008639_table_2,PMC5008639_table_2.xml,False,small,12,12,8,0,4.574147,8,0,12,0,8
merged,PMC3110108_table_3,PMC3110108_table_3.xml,False,small,24,24,24,9,19.023533,24,0,24,0,24
merged,PMC4552859_table_2,PMC4552859_table_2.xml,False,medium,63,63,63,57,50.5152,63,0,63,0,63
merged,PMC3358350_table_0,PMC3358350_table_0.xml,True,large,139,150,135,88,103.221262,135,7,132,3,132
merged,PMC2969653_table_1,PMC2969653_table_1.xml,False,large,175,173,173,173,146.770679,173,0,175,0,173
merged,PMC3051715_table_2,PMC3051715_table_2.xml,False,large,133,133,133,133,112.406686,133,0,133,0,133
merged,PMC3519644_table_1,PMC3519644_table_1.xml,True,medium,74,74,74,74,67.425722,74,3,71,3,71
merged,PMC2961772_table_0,PMC2961772_table_0.xml,False,small,20,21,19,0,13.241344,19,0,20,0,19
merged,PMC5085210_table_2,PMC5085210_table_2.xml,True,large,116,129,114,113,97.126092,114,5,111,3,111
merged,PMC3419246_table_3,PMC3419246_table_3.xml,True,large,148,177,144,65,107.907656,144,5,143,1,143
merged,PMC4575020_table_2,PMC4575020_table_2.xml,False,small,18,13,13,5,9.572725,13,0,18,0,13
merged,PMC3503690_table_0,PMC3503690_table_0.xml,True,large,75,77,74,72,60.588317,74,5,70,4,70
merged,PMC6080075_table_0,PMC6080075_table_0.xml,False,small,15,15,15,15,13.517527,15,0,15,0,15
merged,PMC5751392_table_0,PMC5751392_table_0.xml,False,small,8,4,1,0,0.50964,1,0,8,0,1
merged,PMC4815677_table_0,PMC4815677_table_0.xml,False,medium,64,64,64,64,52.952215,64,0,64,0,64
merged,PMC5939194_table_1,PMC5939194_table_1.xml,False,medium,40,40,40,40,36.566776,40,0,40,0,40
merged,PMC2773778_table_0,PMC2773778_table_0.xml,True,large,306,297,240,58,162.4567,240,6,300,3,237
merged,PMC2245971_table_1,PMC2245971_table_1.xml,True,medium,39,45,37,37,33.204312,37,5,34,3,34
merged,PMC2277399_table_6,PMC2277399_table_6.xml,False,large,84,84,84,84,75.614438,84,0,84,0,84
merged,PMC4429473_table_1,PMC4429473_table_1.xml,True,medium,46,46,45,44,41.970485,45,3,43,3,42
merged,PMC2740668_table_0,PMC2740668_table_0.xml,True,medium,67,83,61,56,51.70514,61,7,60,3,58
merged,PMC3236038_table_2,PMC3236038_table_2.xml,False,medium,54,54,54,54,50.268329,54,0,54,0,54
merged,PMC5981094_table_1,PMC5981094_table_1.xml,True,small,14,14,14,7,10.982011,14,1,13,1,13
merged,PMC2989309_table_0,PMC2989309_table_0.xml,False,small,32,31,31,31,27.865499,31,0,32,0,31
merged,PMC3219586_table_1,PMC3219586_table_1.xml,False,small,18,18,18,18,16.53996,18,0,18,0,18
merged,PMC4448311_table_14,PMC4448311_table_14.xml,False,large,165,165,165,77,123.36528,165,0,165,0,165
merged,PMC4928746_table_0,PMC4928746_table_0.xml,False,small,6,13,4,3,3.561308,4,0,6,0,4
merged,PMC4344795_table_1,PMC4344795_table_1.xml,True,medium,41,43,40,38,35.560715,40,4,37,3,37
merged,PMC5745993_table_3,PMC5745993_table_3.xml,True,large,73,85,70,64,60.51725,70,3,70,0,70
merged,PMC5910587_table_1,PMC5910587_table_1.xml,False,large,100,101,97,64,77.361763,97,0,100,0,97
merged,PMC5063825_table_0,PMC5063825_table_0.xml,True,large,128,143,126,119,104.609523,126,1,127,0,126
merged,PMC6193427_table_0,PMC6193427_table_0.xml,False,large,90,90,90,90,77.970173,90,0,90,0,90
merged,PMC3152521_table_2,PMC3152521_table_2.xml,False,medium,40,40,40,40,34.151752,40,0,40,0,40
merged,PMC4895167_table_0,PMC4895167_table_0.xml,True,large,81,81,81,81,75.915299,81,3,78,3,78
merged,PMC3218902_table_1,PMC3218902_table_1.xml,True,large,133,136,132,130,109.351037,132,4,129,3,129
merged,PMC3317115_table_0,PMC3317115_table_0.xml,False,small,20,20,20,20,18.83473,20,0,20,0,20
merged,PMC3033808_table_1,PMC3033808_table_1.xml,False,small,24,24,24,24,21.031885,24,0,24,0,24
merged,PMC5857072_table_3,PMC5857072_table_3.xml,True,medium,58,58,50,42,41.17274,50,7,51,6,44
merged,PMC3209419_table_1,PMC3209419_table_1.xml,False,large,210,219,204,154,155.210761,204,0,210,0,204
merged,PMC4493450_table_0,PMC4493450_table_0.xml,True,medium,65,77,59,59,55.304457,59,7,58,1,58
merged,PMC3256097_table_0,PMC3256097_table_0.xml,False,small,18,19,17,15,14.724001,17,0,18,0,17
merged,PMC2311300_table_2,PMC2311300_table_2.xml,True,medium,44,48,38,36,32.360529,38,2,42,0,38
merged,PMC5823866_table_1,PMC5823866_table_1.xml,True,medium,62,70,60,46,49.766371,60,2,60,0,60
merged,PMC4524703_table_1,PMC4524703_table_1.xml,True,large,74,74,74,74,62.833401,74,3,71,3,71
merged,PMC4528708_table_0,PMC4528708_table_0.xml,True,medium,37,39,35,0,21.025267,35,3,34,1,34
merged,PMC4751176_table_0,PMC4751176_table_0.xml,True,medium,40,58,37,1,24.216836,37,7,33,4,33
merged,PMC3626802_table_2,PMC3626802_table_2.xml,False,small,12,12,12,12,11.021165,12,0,12,0,12
merged,PMC4727886_table_3,PMC4727886_table_3.xml,False,small,28,28,28,28,24.202243,28,0,28,0,28
merged,PMC3673139_table_2,PMC3673139_table_2.xml,False,medium,64,64,64,64,58.36617,64,0,64,0,64
merged,PMC4507693_table_3,PMC4507693_table_3.xml,False,small,18,18,18,18,16.431874,18,0,18,0,18
merged,PMC5097412_table_1,PMC5097412_table_1.xml,True,medium,37,38,37,36,32.199897,37,2,35,2,35
merged,PMC4454579_table_0,PMC4454579_table_0.xml,True,medium,69,72,69,66,60.33508,69,3,66,3,66
merged,PMC6196262_table_2,PMC6196262_table_2.xml,False,medium,60,74,55,52,48.159684,55,0,60,0,55
merged,PMC5055238_table_0,PMC5055238_table_0.xml,False,small,15,28,7,0,3.767148,7,0,15,0,7
merged,PMC6191440_table_0,PMC6191440_table_0.xml,False,large,112,112,112,91,86.750807,112,0,112,0,112
merged,PMC3440401_table_0,PMC3440401_table_0.xml,True,large,201,214,199,150,158.579701,199,5,196,3,196
merged,PMC4430806_table_0,PMC4430806_table_0.xml,True,large,97,106,87,41,64.688049,87,5,92,0,87
merged,PMC5855635_table_1,PMC5855635_table_1.xml,True,medium,61,61,60,60,58.12181,60,2,59,1,59
merged,PMC6060133_table_0,PMC6060133_table_0.xml,True,medium,64,64,64,19,44.722817,64,4,60,4,60
merged,PMC2405773_table_0,PMC2405773_table_0.xml,True,large,121,123,107,106,89.323697,107,6,115,0,107
merged,PMC3151838_table_3,PMC3151838_table_3.xml,False,small,15,15,12,0,7.169692,12,0,15,0,12
merged,PMC6035464_table_0,PMC6035464_table_0.xml,False,small,12,18,7,0,4.001468,7,0,12,0,7
merged,PMC3011718_table_3,PMC3011718_table_3.xml,False,small,15,15,15,12,11.933391,15,0,15,0,15
merged,PMC3621759_table_3,PMC3621759_table_3.xml,True,small,16,20,13,7,9.530386,13,4,12,1,12
merged,PMC5770061_table_0,PMC5770061_table_0.xml,True,large,114,109,102,101,83.071628,102,3,111,3,99
merged,PMC4538909_table_0,PMC4538909_table_0.xml,False,small,14,3,3,3,2.72349,3,0,14,0,3
merged,PMC6002294_table_0,PMC6002294_table_0.xml,True,medium,51,66,46,42,39.258646,46,3,48,0,46
merged,PMC6207690_table_0,PMC6207690_table_0.xml,False,large,238,238,238,101,178.568728,238,0,238,0,238
merged,PMC2994823_table_5,PMC2994823_table_5.xml,True,small,10,7,6,4,5.024841,6,4,6,1,5
merged,PMC2960995_table_1,PMC2960995_table_1.xml,False,small,16,16,16,12,12.368925,16,0,16,0,16
merged,PMC4951257_table_2,PMC4951257_table_2.xml,True,medium,35,38,35,32,30.147014,35,5,30,5,30
merged,PMC5863327_table_0,PMC5863327_table_0.xml,False,small,20,20,20,20,17.322346,20,0,20,0,20
merged,PMC6037719_table_0,PMC6037719_table_0.xml,True,large,113,117,112,82,85.876259,112,4,109,3,109
merged,PMC1868737_table_0,PMC1868737_table_0.xml,False,small,18,10,9,4,5.81847,9,0,18,0,9
merged,PMC3152872_table_3,PMC3152872_table_3.xml,False,small,25,25,25,25,22.246795,25,0,25,0,25
merged,PMC2414658_table_0,PMC2414658_table_0.xml,True,medium,57,80,44,24,31.781438,44,6,51,6,38
merged,PMC4726178_table_0,PMC4726178_table_0.xml,True,medium,45,46,44,44,37.786099,44,9,36,8,36
merged,PMC4684830_table_0,PMC4684830_table_0.xml,True,small,11,11,11,11,8.982429,11,1,10,1,10
merged,PMC4451964_table_0,PMC4451964_table_0.xml,True,large,171,171,171,165,146.669353,171,5,166,5,166
merged,PMC2881888_table_2,PMC2881888_table_2.xml,True,medium,44,47,39,30,32.685356,39,3,41,3,36
merged,PMC4476686_table_0,PMC4476686_table_0.xml,False,medium,54,54,54,49,43.885872,54,0,54,0,54
merged,PMC2977676_table_2,PMC2977676_table_2.xml,False,large,160,160,160,160,132.157863,160,0,160,0,160
merged,PMC4733276_table_1,PMC4733276_table_1.xml,True,large,88,100,85,51,66.936618,85,3,85,0,85
merged,PMC4753857_table_4,PMC4753857_table_4.xml,True,large,330,300,287,238,225.31196,287,11,319,11,276
merged,PMC3577688_table_2,PMC3577688_table_2.xml,True,large,70,107,60,58,50.735286,60,10,60,0,60
merged,PMC3229532_table_5,PMC3229532_table_5.xml,False,small,21,21,21,21,18.87054,21,0,21,0,21
merged,PMC5091883_table_4,PMC5091883_table_4.xml,True,large,114,115,114,113,99.119746,114,6,108,6,108
merged,PMC5842561_table_3,PMC5842561_table_3.xml,False,small,20,20,20,20,17.929769,20,0,20,0,20
merged,PMC3438128_table_0,PMC3438128_table_0.xml,True,medium,53,65,50,50,46.042144,50,3,50,0,50
merged,PMC6031195_table_1,PMC6031195_table_1.xml,True,large,142,142,142,128,121.535641,142,5,137,5,137
merged,PMC5855029_table_0,PMC5855029_table_0.xml,False,small,18,18,18,18,16.101907,18,0,18,0,18
merged,PMC2827475_table_4,PMC2827475_table_4.xml,False,small,8,2,1,1,0.830831,1,0,8,0,1
merged,PMC4910197_table_1,PMC4910197_table_1.xml,True,large,157,181,154,147,132.223745,154,3,154,0,154
merged,PMC3558497_table_2,PMC3558497_table_2.xml,True,large,127,178,80,6,50.995029,80,9,118,0,80
merged,PMC6163272_table_1,PMC6163272_table_1.xml,True,medium,38,48,38,33,33.519481,38,5,33,5,33
merged,PMC3209421_table_1,PMC3209421_table_1.xml,True,large,94,100,92,67,73.231893,92,2,92,0,92
merged,PMC1173115_table_0,PMC1173115_table_0.xml,True,medium,31,31,24,20,20.087332,24,5,26,2,22
merged,PMC4620401_table_0,PMC4620401_table_0.xml,False,small,35,35,35,35,30.373238,35,0,35,0,35
merged,PMC3354746_table_1,PMC3354746_table_1.xml,False,medium,40,40,40,40,33.06645,40,0,40,0,40
merged,PMC4584024_table_0,PMC4584024_table_0.xml,True,small,19,19,16,14,14.41191,16,1,18,1,15
merged,PMC2936311_table_0,PMC2936311_table_0.xml,True,small,29,32,29,29,24.740253,29,3,26,3,26
merged,PMC4569327_table_0,PMC4569327_table_0.xml,False,small,30,30,30,30,26.08798,30,0,30,0,30
merged,PMC2774164_table_0,PMC2774164_table_0.xml,False,small,30,30,30,30,25.831478,30,0,30,0,30
merged,PMC6150896_table_1,PMC6150896_table_1.xml,True,medium,47,49,47,45,43.116075,47,3,44,3,44
merged,PMC2674067_table_0,PMC2674067_table_0.xml,False,large,120,120,120,120,95.807926,120,0,120,0,120
merged,PMC5957403_table_0,PMC5957403_table_0.xml,True,medium,50,49,48,36,38.11363,48,2,48,2,46
merged,PMC3515431_table_3,PMC3515431_table_3.xml,False,small,18,18,18,18,16.256652,18,0,18,0,18
merged,PMC4743976_table_1,PMC4743976_table_1.xml,True,medium,56,56,50,50,44.942161,50,2,54,0,50
merged,PMC2689272_table_0,PMC2689272_table_0.xml,True,medium,34,35,34,33,28.975106,34,5,29,5,29
merged,PMC2904389_table_2,PMC2904389_table_2.xml,True,large,186,189,183,174,142.559081,183,4,182,1,182
merged,PMC3601255_table_0,PMC3601255_table_0.xml,False,small,20,20,20,20,17.601185,20,0,20,0,20
merged,PMC3091871_table_0,PMC3091871_table_0.xml,True,large,378,300,292,95,213.402941,292,11,367,0,292
merged,PMC3565310_table_2,PMC3565310_table_2.xml,False,medium,72,72,72,72,64.815287,72,0,72,0,72
merged,PMC6224011_table_0,PMC6224011_table_0.xml,True,medium,59,70,54,52,48.614385,54,3,56,0,54
merged,PMC2585071_table_2,PMC2585071_table_2.xml,True,small,13,15,12,11,10.755515,12,1,12,0,12
merged,PMC1794239_table_0,PMC1794239_table_0.xml,True,medium,40,52,38,38,33.079024,38,4,36,2,36
merged,PMC2844391_table_6,PMC2844391_table_6.xml,True,small,25,25,24,23,20.396432,24,2,23,1,23
merged,PMC3413694_table_2,PMC3413694_table_2.xml,True,large,77,91,73,67,58.249182,73,4,73,0,73
merged,PMC4820474_table_1,PMC4820474_table_1.xml,False,small,28,28,28,28,24.202778,28,0,28,0,28
merged,PMC3059479_table_0,PMC3059479_table_0.xml,True,medium,56,81,20,13,14.691652,20,4,52,0,20
merged,PMC4510441_table_1,PMC4510441_table_1.xml,True,large,92,97,92,87,76.381784,92,6,86,6,86
merged,PMC2841197_table_0,PMC2841197_table_0.xml,False,small,28,28,28,28,25.576904,28,0,28,0,28
merged,PMC4610448_table_1,PMC4610448_table_1.xml,False,small,20,20,20,20,17.887659,20,0,20,0,20
merged,PMC1783850_table_0,PMC1783850_table_0.xml,False,medium,52,52,52,52,46.056384,52,0,52,0,52
merged,PMC1182365_table_3,PMC1182365_table_3.xml,False,large,112,120,104,104,87.094307,104,0,112,0,104
merged,PMC4973110_table_1,PMC4973110_table_1.xml,True,large,127,129,119,88,94.222286,119,14,113,11,108
merged,PMC3011614_table_1,PMC3011614_table_1.xml,False,small,14,14,13,11,10.279503,13,0,14,0,13
merged,PMC4539059_table_0,PMC4539059_table_0.xml,True,medium,34,37,30,30,27.243061,30,2,32,0,30
merged,PMC2613904_table_4,PMC2613904_table_4.xml,False,small,10,10,10,0,6.40506,10,0,10,0,10
merged,PMC4828718_table_0,PMC4828718_table_0.xml,True,medium,49,49,49,49,41.883116,49,5,44,5,44
merged,PMC2148039_table_2,PMC2148039_table_2.xml,False,small,12,12,12,12,11.582411,12,0,12,0,12
merged,PMC2959437_table_1,PMC2959437_table_1.xml,False,small,15,15,13,3,9.242313,13,0,15,0,13
merged,PMC2958658_table_0,PMC2958658_table_0.xml,False,small,32,32,32,32,27.849002,32,0,32,0,32
merged,PMC3201504_table_3,PMC3201504_table_3.xml,False,small,20,20,16,0,9.961277,16,0,20,0,16
merged,PMC1564139_table_4,PMC1564139_table_4.xml,True,medium,73,74,73,72,65.48835,73,4,69,4,69
merged,PMC5932354_table_0,PMC5932354_table_0.xml,False,small,35,35,35,35,29.237098,35,0,35,0,35
merged,PMC1894963_table_0,PMC1894963_table_0.xml,True,medium,42,50,40,40,37.333899,40,2,40,0,40
merged,PMC4623515_table_1,PMC4623515_table_1.xml,False,small,20,20,19,19,17.052354,19,0,20,0,19
merged,PMC3280193_table_2,PMC3280193_table_2.xml,True,medium,43,45,42,42,36.508928,42,4,39,3,39
merged,PMC1526426_table_1,PMC1526426_table_1.xml,True,large,85,78,68,47,53.598483,68,8,77,4,64
merged,PMC5909278_table_2,PMC5909278_table_2.xml,False,small,20,20,20,20,18.173975,20,0,20,0,20
merged,PMC4610448_table_2,PMC4610448_table_2.xml,False,small,15,14,14,14,13.077797,14,0,15,0,14
merged,PMC4373726_table_1,PMC4373726_table_1.xml,True,medium,59,69,54,54,47.740848,54,5,54,0,54
merged,PMC2639378_table_2,PMC2639378_table_2.xml,True,small,28,30,27,27,24.705078,27,1,27,0,27
merged,PMC4580662_table_0,PMC4580662_table_0.xml,True,medium,34,25,20,19,17.928796,20,3,31,3,17
merged,PMC3506490_table_2,PMC3506490_table_2.xml,True,large,139,197,84,66,68.959281,84,8,131,5,79
merged,PMC4910197_table_0,PMC4910197_table_0.xml,False,small,9,9,9,9,8.462695,9,0,9,0,9
merged,PMC5011784_table_0,PMC5011784_table_0.xml,True,large,85,99,83,52,65.059024,83,8,77,6,77
merged,PMC5055558_table_0,PMC5055558_table_0.xml,True,medium,61,61,61,61,57.883318,61,3,58,3,58
merged,PMC4521140_table_8,PMC4521140_table_8.xml,True,medium,67,76,63,56,50.026583,63,3,64,0,63
merged,PMC6203360_table_0,PMC6203360_table_0.xml,True,large,102,120,99,90,80.489469,99,3,99,0,99
merged,PMC2245909_table_2,PMC2245909_table_2.xml,True,large,83,85,81,78,67.988769,81,5,78,3,78
merged,PMC3118248_table_2,PMC3118248_table_2.xml,True,large,305,295,248,202,201.349708,248,18,287,4,244
merged,PMC6019745_table_1,PMC6019745_table_1.xml,True,medium,27,42,23,8,16.368152,23,3,24,0,23
merged,PMC2893110_table_0,PMC2893110_table_0.xml,True,medium,37,39,36,36,34.428977,36,4,33,3,33
merged,PMC3040163_table_3,PMC3040163_table_3.xml,True,small,21,23,21,19,18.863104,21,3,18,3,18
merged,PMC5753525_table_0,PMC5753525_table_0.xml,True,medium,44,54,39,39,35.600216,39,5,39,0,39
merged,PMC5687717_table_1,PMC5687717_table_1.xml,False,medium,39,39,39,1,25.97547,39,0,39,0,39
merged,PMC5799165_table_2,PMC5799165_table_2.xml,True,small,17,18,17,16,15.084999,17,1,16,1,16
merged,PMC3120612_table_1,PMC3120612_table_1.xml,False,small,14,16,13,12,11.483604,13,0,14,0,13
merged,PMC5883545_table_0,PMC5883545_table_0.xml,False,small,18,18,9,0,5.780105,9,0,18,0,9
merged,PMC4409716_table_0,PMC4409716_table_0.xml,True,large,101,101,97,97,81.710036,97,4,97,0,97
merged,PMC3280315_table_1,PMC3280315_table_1.xml,False,small,24,25,21,20,16.522635,21,0,24,0,21
merged,PMC3350409_table_0,PMC3350409_table_0.xml,False,small,18,18,18,18,15.646756,18,0,18,0,18
merged,PMC2495075_table_0,PMC2495075_table_0.xml,True,small,13,10,9,7,7.336353,9,3,10,3,6
merged,PMC4883731_table_2,PMC4883731_table_2.xml,True,large,285,283,169,30,102.67398,169,12,273,4,165
merged,PMC3599521_table_0,PMC3599521_table_0.xml,True,large,115,116,115,114,96.93525,115,2,113,2,113
merged,PMC3028541_table_1,PMC3028541_table_1.xml,True,small,22,21,12,8,9.53585,12,2,20,1,11
merged,PMC3177816_table_0,PMC3177816_table_0.xml,True,large,67,61,59,56,50.146339,59,6,61,5,54
merged,PMC4405690_table_0,PMC4405690_table_0.xml,False,small,15,15,15,15,13.600297,15,0,15,0,15
merged,PMC5994070_table_3,PMC5994070_table_3.xml,True,large,82,82,82,82,71.945295,82,4,78,4,78
merged,PMC3275002_table_1,PMC3275002_table_1.xml,False,small,16,18,13,1,9.16565,13,0,16,0,13
merged,PMC4833949_table_0,PMC4833949_table_0.xml,False,large,91,91,91,91,76.685015,91,0,91,0,91
merged,PMC3527384_table_0,PMC3527384_table_0.xml,False,small,28,28,28,14,20.622518,28,0,28,0,28
merged,PMC1796893_table_1,PMC1796893_table_1.xml,True,medium,51,52,51,48,45.987243,51,3,48,3,48
merged,PMC4800152_table_0,PMC4800152_table_0.xml,True,medium,43,35,34,30,29.528557,34,6,37,6,28
merged,PMC2962150_table_3,PMC2962150_table_3.xml,False,large,140,140,140,140,118.246697,140,0,140,0,140
merged,PMC3011781_table_1,PMC3011781_table_1.xml,False,small,14,14,14,14,11.430597,14,0,14,0,14
merged,PMC5796484_table_0,PMC5796484_table_0.xml,False,small,20,26,17,17,15.932377,17,0,20,0,17
merged,PMC4872454_table_0,PMC4872454_table_0.xml,False,small,16,16,16,16,14.352053,16,0,16,0,16
merged,PMC4861294_table_1,PMC4861294_table_1.xml,False,medium,42,42,42,42,36.18774,42,0,42,0,42
merged,PMC2827563_table_2,PMC2827563_table_2.xml,True,medium,56,66,54,53,43.76209,54,2,54,0,54
merged,PMC4446346_table_0,PMC4446346_table_0.xml,True,large,95,98,90,89,74.666001,90,10,85,5,85
merged,PMC6023638_table_3,PMC6023638_table_3.xml,False,small,8,8,8,8,7.147001,8,0,8,0,8
merged,PMC5813102_table_1,PMC5813102_table_1.xml,False,small,10,10,10,5,7.772085,10,0,10,0,10
merged,PMC5797180_table_2,PMC5797180_table_2.xml,True,large,232,232,232,213,188.476847,232,7,225,7,225
merged,PMC3536690_table_0,PMC3536690_table_0.xml,False,medium,54,62,11,2,6.955688,11,0,54,0,11
merged,PMC6059413_table_4,PMC6059413_table_4.xml,True,small,17,24,13,1,9.499662,13,4,13,0,13
merged,PMC4514965_table_1,PMC4514965_table_1.xml,True,large,149,180,138,138,121.774065,138,11,138,0,138
merged,PMC4641943_table_3,PMC4641943_table_3.xml,False,small,35,35,35,35,29.316791,35,0,35,0,35
merged,PMC5063400_table_0,PMC5063400_table_0.xml,False,small,10,10,10,0,6.445228,10,0,10,0,10
merged,PMC3344427_table_1,PMC3344427_table_1.xml,False,small,10,10,10,6,7.564676,10,0,10,0,10
merged,PMC3671187_table_1,PMC3671187_table_1.xml,False,small,35,35,35,35,31.125342,35,0,35,0,35
merged,PMC3331850_table_2,PMC3331850_table_2.xml,True,medium,35,40,34,33,29.388194,34,2,33,1,33
merged,PMC4956717_table_4,PMC4956717_table_4.xml,True,medium,63,66,60,60,49.892539,60,3,60,0,60
merged,PMC5813385_table_0,PMC5813385_table_0.xml,False,medium,76,76,76,60,60.468189,76,0,76,0,76
merged,PMC6016135_table_0,PMC6016135_table_0.xml,False,medium,54,54,54,46,46.014534,54,0,54,0,54
merged,PMC3424200_table_1,PMC3424200_table_1.xml,True,large,83,104,79,61,61.310266,79,4,79,0,79
merged,PMC5713472_table_2,PMC5713472_table_2.xml,False,small,16,16,16,16,13.859303,16,0,16,0,16
merged,PMC5086957_table_0,PMC5086957_table_0.xml,False,medium,72,72,72,70,59.990669,72,0,72,0,72
merged,PMC6172842_table_2,PMC6172842_table_2.xml,False,medium,36,36,29,0,16.145384,29,0,36,0,29
merged,PMC5011800_table_1,PMC5011800_table_1.xml,False,small,10,5,5,1,3.436191,5,0,10,0,5
merged,PMC3404088_table_0,PMC3404088_table_0.xml,True,small,17,20,16,16,13.305956,16,1,16,0,16
merged,PMC5025551_table_4,PMC5025551_table_4.xml,False,small,21,21,21,21,18.759711,21,0,21,0,21
merged,PMC5955121_table_1,PMC5955121_table_1.xml,True,large,79,79,79,79,68.960103,79,3,76,3,76
merged,PMC4892614_table_7,PMC4892614_table_7.xml,True,small,25,30,21,21,19.468795,21,5,20,1,20
merged,PMC4930168_table_1,PMC4930168_table_1.xml,False,small,30,30,25,1,13.953551,25,0,30,0,25
merged,PMC5911284_table_0,PMC5911284_table_0.xml,True,small,14,14,14,12,11.933137,14,1,13,1,13
merged,PMC4682764_table_1,PMC4682764_table_1.xml,False,large,100,100,100,79,79.519002,100,0,100,0,100
merged,PMC4911094_table_0,PMC4911094_table_0.xml,True,large,90,104,88,88,75.73085,88,6,84,4,84
merged,PMC4391123_table_1,PMC4391123_table_1.xml,True,large,68,79,64,64,57.19011,64,6,62,2,62
merged,PMC3019001_table_0,PMC3019001_table_0.xml,False,small,16,16,16,16,14.444591,16,0,16,0,16
merged,PMC4753246_table_0,PMC4753246_table_0.xml,False,large,126,126,126,125,104.614424,126,0,126,0,126
merged,PMC3219371_table_6,PMC3219371_table_6.xml,False,small,16,16,16,16,14.336538,16,0,16,0,16
merged,PMC5758941_table_0,PMC5758941_table_0.xml,True,large,90,93,89,86,74.506442,89,4,86,3,86
merged,PMC2519069_table_4,PMC2519069_table_4.xml,True,large,123,80,67,41,50.263461,67,9,114,5,62
merged,PMC4971506_table_0,PMC4971506_table_0.xml,True,small,26,26,26,19,21.196725,26,3,23,3,23
merged,PMC4343020_table_1,PMC4343020_table_1.xml,False,small,24,24,24,24,22.901837,24,0,24,0,24
merged,PMC3392268_table_2,PMC3392268_table_2.xml,False,medium,64,64,64,64,53.65178,64,0,64,0,64
merged,PMC3395559_table_0,PMC3395559_table_0.xml,True,large,73,68,43,41,36.990277,43,25,48,11,32
merged,PMC4890862_table_0,PMC4890862_table_0.xml,False,medium,56,62,48,48,40.669987,48,0,56,0,48
merged,PMC4658091_table_2,PMC4658091_table_2.xml,True,medium,51,55,49,49,42.094972,49,2,49,0,49
merged,PMC3614707_table_0,PMC3614707_table_0.xml,True,medium,45,48,45,44,39.636812,45,1,44,1,44
merged,PMC4395112_table_0,PMC4395112_table_0.xml,True,medium,32,32,32,32,29.898624,32,4,28,4,28
merged,PMC2704954_table_0,PMC2704954_table_0.xml,False,small,24,16,16,16,14.627029,16,0,24,0,16
merged,PMC3543428_table_0,PMC3543428_table_0.xml,False,small,20,20,20,20,17.952766,20,0,20,0,20
merged,PMC2988727_table_6,PMC2988727_table_6.xml,False,small,15,14,14,14,13.084975,14,0,15,0,14
merged,PMC2674935_table_0,PMC2674935_table_0.xml,True,medium,45,52,38,1,22.098664,38,7,38,1,37
merged,PMC5154677_table_1,PMC5154677_table_1.xml,False,small,35,35,35,35,32.203571,35,0,35,0,35
merged,PMC5835056_table_0,PMC5835056_table_0.xml,False,medium,36,40,35,32,32.305052,35,0,36,0,35
merged,PMC3156399_table_4,PMC3156399_table_4.xml,True,medium,61,62,60,58,50.762291,60,2,59,2,58
merged,PMC2442598_table_0,PMC2442598_table_0.xml,False,medium,64,64,64,64,55.375534,64,0,64,0,64
merged,PMC2089079_table_0,PMC2089079_table_0.xml,True,medium,61,76,51,32,39.565065,51,4,57,3,48
merged,PMC5983633_table_1,PMC5983633_table_1.xml,False,small,20,20,20,20,17.56861,20,0,20,0,20
merged,PMC5690135_table_0,PMC5690135_table_0.xml,True,medium,48,31,19,17,16.374105,19,6,42,6,13
merged,PMC3083343_table_0,PMC3083343_table_0.xml,False,medium,77,77,77,77,69.48803,77,0,77,0,77
merged,PMC4798437_table_0,PMC4798437_table_0.xml,False,small,21,21,19,19,17.103033,19,0,21,0,19
merged,PMC3342088_table_1,PMC3342088_table_1.xml,False,small,24,24,24,24,22.187558,24,0,24,0,24
merged,PMC4503642_table_0,PMC4503642_table_0.xml,True,large,112,132,102,102,82.64056,102,10,102,0,102
merged,PMC2835640_table_0,PMC2835640_table_0.xml,False,small,12,6,3,3,2.760659,3,0,12,0,3
merged,PMC4982135_table_2,PMC4982135_table_2.xml,False,large,140,140,140,140,120.100178,140,0,140,0,140
merged,PMC4948083_table_1,PMC4948083_table_1.xml,False,small,18,18,18,18,16.906148,18,0,18,0,18
merged,PMC3261835_table_0,PMC3261835_table_0.xml,True,medium,43,43,42,41,35.550818,42,4,39,3,39
merged,PMC3679102_table_0,PMC3679102_table_0.xml,True,medium,67,76,64,64,52.498502,64,3,64,0,64
merged,PMC2979697_table_2,PMC2979697_table_2.xml,False,large,259,224,213,202,175.014066,213,0,259,0,213
merged,PMC5988755_table_0,PMC5988755_table_0.xml,False,small,30,30,30,8,21.797788,30,0,30,0,30
merged,PMC2961650_table_4,PMC2961650_table_4.xml,False,large,136,136,136,136,114.465058,136,0,136,0,136
merged,PMC3334604_table_1,PMC3334604_table_1.xml,False,small,14,14,14,14,13.275272,14,0,14,0,14
merged,PMC4491560_table_0,PMC4491560_table_0.xml,False,small,8,6,4,0,2.449905,4,0,8,0,4
merged,PMC5795849_table_0,PMC5795849_table_0.xml,False,small,15,0,0,0,0,0,0,15,0,0
merged,PMC3189390_table_1,PMC3189390_table_1.xml,False,medium,60,64,58,54,48.810725,58,0,60,0,58
merged,PMC5874052_table_1,PMC5874052_table_1.xml,False,small,25,25,25,25,21.105549,25,0,25,0,25
merged,PMC3501521_table_2,PMC3501521_table_2.xml,False,small,28,28,28,28,25.394502,28,0,28,0,28
merged,PMC5686942_table_0,PMC5686942_table_0.xml,True,large,75,94,68,34,53.887357,68,9,66,2,66
merged,PMC4709795_table_0,PMC4709795_table_0.xml,False,small,24,24,24,24,21.491771,24,0,24,0,24
merged,PMC6128240_table_1,PMC6128240_table_1.xml,False,medium,50,50,50,49,39.771434,50,0,50,0,50
merged,PMC3477031_table_1,PMC3477031_table_1.xml,False,small,12,12,12,12,10.838947,12,0,12,0,12
merged,PMC4837634_table_0,PMC4837634_table_0.xml,False,medium,46,69,44,23,32.1828,44,0,46,0,44
merged,PMC1866444_table_1,PMC1866444_table_1.xml,False,medium,36,36,36,36,31.013409,36,0,36,0,36
merged,PMC4663754_table_1,PMC4663754_table_1.xml,False,large,90,90,90,90,78.999127,90,0,90,0,90
merged,PMC6151216_table_0,PMC6151216_table_0.xml,False,small,26,26,26,26,22.235981,26,0,26,0,26
merged,PMC4573741_table_0,PMC4573741_table_0.xml,True,medium,35,41,32,30,27.741653,32,2,33,0,32
merged,PMC4585213_table_0,PMC4585213_table_0.xml,False,medium,36,36,36,36,32.990637,36,0,36,0,36
merged,PMC4916081_table_2,PMC4916081_table_2.xml,False,small,33,33,33,32,27.644166,33,0,33,0,33
merged,PMC1479820_table_2,PMC1479820_table_2.xml,True,medium,65,68,64,64,57.76124,64,1,64,0,64
merged,PMC2843627_table_2,PMC2843627_table_2.xml,False,medium,49,49,49,49,40.215132,49,0,49,0,49
merged,PMC2656909_table_0,PMC2656909_table_0.xml,True,large,65,81,57,57,53.046911,57,8,57,0,57
merged,PMC2983940_table_1,PMC2983940_table_1.xml,False,small,14,14,12,12,9.951567,12,0,14,0,12
merged,PMC4956214_table_0,PMC4956214_table_0.xml,True,medium,54,57,52,51,47.504789,52,8,46,6,46
merged,PMC3446914_table_1,PMC3446914_table_1.xml,True,medium,62,65,62,57,49.908404,62,4,58,4,58
merged,PMC4785152_table_0,PMC4785152_table_0.xml,False,large,96,97,93,93,81.082325,93,0,96,0,93
merged,PMC6202724_table_0,PMC6202724_table_0.xml,True,medium,30,35,27,27,23.730065,27,2,28,0,27
merged,PMC5745595_table_0,PMC5745595_table_0.xml,True,medium,51,54,50,49,43.076501,50,6,45,5,45
merged,PMC6134759_table_1,PMC6134759_table_1.xml,True,medium,27,36,24,24,21.78979,24,3,24,0,24
merged,PMC2970123_table_0,PMC2970123_table_0.xml,False,small,20,20,20,0,12.494918,20,0,20,0,20
merged,PMC4374685_table_2,PMC4374685_table_2.xml,True,large,176,224,168,168,141.992982,168,15,161,7,161
merged,PMC517501_table_3,PMC517501_table_3.xml,False,large,112,112,112,112,98.4778,112,0,112,0,112
merged,PMC1266376_table_1,PMC1266376_table_1.xml,True,large,83,95,80,80,69.067138,80,3,80,0,80
merged,PMC6175121_table_1,PMC6175121_table_1.xml,True,large,74,80,72,72,63.393691,72,2,72,0,72
merged,PMC3149562_table_0,PMC3149562_table_0.xml,True,large,137,160,90,57,69.616566,90,15,122,1,89
merged,PMC3601255_table_3,PMC3601255_table_3.xml,True,medium,37,37,37,37,35.208685,37,3,34,3,34
merged,PMC3021722_table_0,PMC3021722_table_0.xml,False,small,16,16,16,14,13.592783,16,0,16,0,16
merged,PMC4880288_table_1,PMC4880288_table_1.xml,True,medium,61,67,59,56,48.343134,59,8,53,6,53
merged,PMC3329485_table_0,PMC3329485_table_0.xml,False,medium,40,40,40,40,36.709551,40,0,40,0,40
merged,PMC3203887_table_2,PMC3203887_table_2.xml,True,large,152,153,151,129,120.312327,151,1,151,0,151
merged,PMC6173449_table_0,PMC6173449_table_0.xml,True,medium,26,29,26,23,20.777146,26,8,18,8,18
merged,PMC4403523_table_0,PMC4403523_table_0.xml,False,small,30,30,27,8,18.268524,27,0,30,0,27
merged,PMC5667839_table_0,PMC5667839_table_0.xml,True,large,244,244,244,244,219.94604,244,3,241,3,241
merged,PMC4619659_table_1,PMC4619659_table_1.xml,False,medium,36,36,36,36,29.630153,36,0,36,0,36
merged,PMC3311083_table_0,PMC3311083_table_0.xml,True,medium,28,36,24,22,20.66872,24,6,22,2,22
merged,PMC4378384_table_1,PMC4378384_table_1.xml,False,medium,55,55,55,55,50.065301,55,0,55,0,55
merged,PMC2974681_table_0,PMC2974681_table_0.xml,True,small,21,31,13,13,11.430262,13,1,20,0,13
merged,PMC3572059_table_1,PMC3572059_table_1.xml,False,large,84,84,84,84,72.389946,84,0,84,0,84
merged,PMC5107631_table_3,PMC5107631_table_3.xml,True,large,116,116,116,70,89.456223,116,3,113,3,113
merged,PMC4719818_table_1,PMC4719818_table_1.xml,False,large,175,175,175,175,139.34539,175,0,175,0,175
merged,PMC2018728_table_1,PMC2018728_table_1.xml,False,large,192,192,192,191,150.45845,192,0,192,0,192
merged,PMC3051715_table_0,PMC3051715_table_0.xml,False,small,16,16,15,15,11.977015,15,0,16,0,15
merged,PMC5171915_table_0,PMC5171915_table_0.xml,False,large,198,198,198,198,175.594854,198,0,198,0,198
merged,PMC2443793_table_0,PMC2443793_table_0.xml,True,small,23,10,6,5,5.414124,6,1,22,1,5
merged,PMC3545841_table_0,PMC3545841_table_0.xml,True,medium,57,63,57,50,47.203857,57,5,52,5,52
merged,PMC4950165_table_3,PMC4950165_table_3.xml,False,medium,45,46,45,44,37.488217,45,0,45,0,45
merged,PMC4643926_table_0,PMC4643926_table_0.xml,False,small,21,21,21,21,18.73936,21,0,21,0,21
merged,PMC3002956_table_1,PMC3002956_table_1.xml,False,small,16,16,16,16,13.921176,16,0,16,0,16
merged,PMC4738267_table_1,PMC4738267_table_1.xml,False,small,16,16,16,13,13.086848,16,0,16,0,16
merged,PMC3033815_table_4,PMC3033815_table_4.xml,False,small,20,23,18,16,15.632427,18,0,20,0,18
merged,PMC5893648_table_1,PMC5893648_table_1.xml,False,medium,55,55,55,47,43.83051,55,0,55,0,55
merged,PMC2752455_table_1,PMC2752455_table_1.xml,True,medium,32,34,31,29,28.398771,31,5,27,4,27
merged,PMC4500450_table_1,PMC4500450_table_1.xml,True,medium,66,66,66,66,55.889354,66,3,63,3,63
merged,PMC3591365_table_0,PMC3591365_table_0.xml,True,medium,37,40,36,36,29.242324,36,1,36,0,36
merged,PMC4728159_table_2,PMC4728159_table_2.xml,True,medium,32,29,13,2,7.58554,13,3,29,1,12
merged,PMC6170247_table_1,PMC6170247_table_1.xml,False,small,30,30,30,30,27.109308,30,0,30,0,30
merged,PMC5041273_table_7,PMC5041273_table_7.xml,True,medium,44,54,42,42,35.79733,42,2,42,0,42
merged,PMC1276798_table_2,PMC1276798_table_2.xml,False,small,24,24,24,24,22.450589,24,0,24,0,24
merged,PMC4363359_table_1,PMC4363359_table_1.xml,True,large,85,85,84,84,73.893364,84,4,81,3,81
merged,PMC3349575_table_0,PMC3349575_table_0.xml,True,small,16,16,16,16,14.93079,16,2,14,2,14
merged,PMC4438576_table_2,PMC4438576_table_2.xml,False,large,120,120,120,120,111.877551,120,0,120,0,120
merged,PMC3482696_table_0,PMC3482696_table_0.xml,True,large,145,164,136,103,106.577333,136,9,136,0,136
merged,PMC4425916_table_0,PMC4425916_table_0.xml,False,small,16,16,8,1,5.580797,8,0,16,0,8
merged,PMC4727960_table_0,PMC4727960_table_0.xml,False,small,20,20,20,20,18.162628,20,0,20,0,20
merged,PMC4654893_table_3,PMC4654893_table_3.xml,True,medium,37,52,36,31,30.670517,36,6,31,5,31
merged,PMC4700086_table_0,PMC4700086_table_0.xml,True,medium,47,47,46,41,40.453718,46,1,46,0,46
merged,PMC4835720_table_0,PMC4835720_table_0.xml,True,large,198,204,196,196,169.659162,196,2,196,0,196
merged,PMC3658550_table_2,PMC3658550_table_2.xml,True,large,85,85,85,41,64.122644,85,4,81,4,81
merged,PMC3689081_table_2,PMC3689081_table_2.xml,False,small,16,16,16,16,14.635984,16,0,16,0,16
merged,PMC2930863_table_3,PMC2930863_table_3.xml,True,large,115,116,114,100,90.624054,114,6,109,5,109
merged,PMC5901878_table_1,PMC5901878_table_1.xml,True,medium,58,87,38,15,28.029152,38,5,53,0,38
merged,PMC2689281_table_2,PMC2689281_table_2.xml,True,large,81,70,44,39,36.116932,44,17,64,9,35
merged,PMC4794765_table_0,PMC4794765_table_0.xml,True,large,61,61,61,61,56.354832,61,7,54,7,54
merged,PMC4816563_table_1,PMC4816563_table_1.xml,True,large,103,103,103,103,87.614823,103,2,101,2,101
merged,PMC6151038_table_7,PMC6151038_table_7.xml,True,medium,68,79,56,56,46.384053,56,3,65,1,55
merged,PMC5799322_table_1,PMC5799322_table_1.xml,True,medium,50,60,48,48,42.95713,48,2,48,0,48
merged,PMC2841152_table_0,PMC2841152_table_0.xml,True,large,160,160,159,28,112.208088,159,9,151,8,151
merged,PMC3590167_table_2,PMC3590167_table_2.xml,False,small,24,24,24,24,20.357204,24,0,24,0,24
merged,PMC4494398_table_2,PMC4494398_table_2.xml,False,small,6,6,6,6,5.672027,6,0,6,0,6
merged,PMC5802453_table_2,PMC5802453_table_2.xml,False,small,27,27,27,9,18.150971,27,0,27,0,27
merged,PMC2148101_table_0,PMC2148101_table_0.xml,False,small,15,15,15,15,13.509634,15,0,15,0,15
merged,PMC4898373_table_2,PMC4898373_table_2.xml,True,medium,61,61,61,61,53.096954,61,4,57,4,57
merged,PMC5695845_table_1,PMC5695845_table_1.xml,True,large,101,125,95,4,59.451378,95,6,95,0,95
merged,PMC3057987_table_0,PMC3057987_table_0.xml,False,medium,44,44,44,44,36.747179,44,0,44,0,44
merged,PMC1828152_table_2,PMC1828152_table_2.xml,True,medium,58,50,44,40,36.277134,44,3,55,1,43
merged,PMC5872599_table_4,PMC5872599_table_4.xml,True,medium,65,69,63,63,53.905025,63,2,63,0,63
merged,PMC2275263_table_3,PMC2275263_table_3.xml,False,medium,42,45,40,38,35.801114,40,0,42,0,40
merged,PMC4423853_table_0,PMC4423853_table_0.xml,True,medium,55,56,49,47,42.007429,49,3,52,0,49
merged,PMC4844259_table_0,PMC4844259_table_0.xml,True,large,89,90,88,88,79.043645,88,7,82,6,82
merged,PMC5050581_table_5,PMC5050581_table_5.xml,True,medium,65,73,60,60,54.199176,60,5,60,0,60
merged,PMC6154020_table_0,PMC6154020_table_0.xml,False,small,8,8,8,8,7.343899,8,0,8,0,8
merged,PMC6143711_table_0,PMC6143711_table_0.xml,True,large,168,211,161,159,146.186868,161,11,157,4,157
merged,PMC3575346_table_2,PMC3575346_table_2.xml,True,small,26,25,25,11,19.546999,25,3,23,2,23
merged,PMC1180465_table_0,PMC1180465_table_0.xml,True,large,198,198,198,198,156.495616,198,5,193,5,193
merged,PMC4954666_table_2,PMC4954666_table_2.xml,True,medium,44,54,41,19,31.072987,41,5,39,2,39
merged,PMC2430964_table_0,PMC2430964_table_0.xml,True,small,26,27,26,25,23.526735,26,2,24,2,24
merged,PMC4991119_table_1,PMC4991119_table_1.xml,True,large,234,267,218,171,170.455426,218,11,223,4,214
merged,PMC4694981_table_1,PMC4694981_table_1.xml,True,large,87,87,87,87,81.646311,87,4,83,4,83
merged,PMC4424894_table_3,PMC4424894_table_3.xml,True,large,344,300,292,181,220.417681,292,10,334,5,287
merged,PMC5890288_table_0,PMC5890288_table_0.xml,False,medium,42,42,42,32,32.768585,42,0,42,0,42
merged,PMC5825898_table_0,PMC5825898_table_0.xml,False,medium,60,60,60,60,51.481938,60,0,60,0,60
merged,PMC4397088_table_3,PMC4397088_table_3.xml,True,large,138,138,138,132,114.772757,138,10,128,10,128
merged,PMC4504501_table_2,PMC4504501_table_2.xml,False,small,30,30,30,30,25.937015,30,0,30,0,30
merged,PMC4434534_table_0,PMC4434534_table_0.xml,True,large,72,88,69,32,51.536615,69,6,66,6,63
merged,PMC2687438_table_1,PMC2687438_table_1.xml,True,small,25,25,25,22,20.604051,25,5,20,5,20
merged,PMC2373876_table_2,PMC2373876_table_2.xml,False,small,30,20,20,12,15.088855,20,0,30,0,20
merged,PMC2753363_table_4,PMC2753363_table_4.xml,True,medium,51,54,50,34,37.981186,50,3,48,2,48
merged,PMC3533458_table_0,PMC3533458_table_0.xml,False,small,26,26,26,26,24.051256,26,0,26,0,26
merged,PMC4384104_table_3,PMC4384104_table_3.xml,False,medium,36,36,36,36,34.214053,36,0,36,0,36
merged,PMC5020445_table_0,PMC5020445_table_0.xml,True,large,111,128,84,5,48.38265,84,6,105,0,84
merged,PMC3653734_table_0,PMC3653734_table_0.xml,True,large,102,133,95,69,79.149472,95,2,100,0,95
merged,PMC3408461_table_3,PMC3408461_table_3.xml,True,small,25,30,24,20,19.189645,24,5,20,4,20
merged,PMC509426_table_1,PMC509426_table_1.xml,True,large,93,117,74,63,60.87254,74,6,87,1,73
merged,PMC4657621_table_1,PMC4657621_table_1.xml,False,small,20,20,20,20,17.282886,20,0,20,0,20
merged,PMC1665449_table_0,PMC1665449_table_0.xml,False,medium,56,56,56,56,47.871852,56,0,56,0,56
merged,PMC3662595_table_2,PMC3662595_table_2.xml,False,medium,42,42,42,42,37.35724,42,0,42,0,42
merged,PMC4449594_table_2,PMC4449594_table_2.xml,False,small,30,30,30,30,27.683412,30,0,30,0,30
merged,PMC4882360_table_1,PMC4882360_table_1.xml,True,large,123,135,121,121,109.321818,121,3,120,1,120
merged,PMC2714505_table_0,PMC2714505_table_0.xml,True,large,243,273,238,233,198.798909,238,5,238,0,238
merged,PMC5989381_table_0,PMC5989381_table_0.xml,True,small,27,30,26,26,23.731588,26,3,24,2,24
merged,PMC2968020_table_1,PMC2968020_table_1.xml,False,large,155,155,155,155,128.714788,155,0,155,0,155
merged,PMC4700179_table_1,PMC4700179_table_1.xml,True,small,26,27,26,25,22.538737,26,2,24,2,24
merged,PMC3168871_table_0,PMC3168871_table_0.xml,False,small,14,14,14,14,12.679992,14,0,14,0,14
merged,PMC6122613_table_1,PMC6122613_table_1.xml,False,small,24,24,24,24,20.468299,24,0,24,0,24
merged,PMC2588622_table_2,PMC2588622_table_2.xml,True,large,267,266,243,227,211.210694,243,13,254,7,236
merged,PMC6208105_table_2,PMC6208105_table_2.xml,False,small,28,28,28,25,25.272328,28,0,28,0,28
merged,PMC4643322_table_0,PMC4643322_table_0.xml,False,small,20,20,20,20,17.685433,20,0,20,0,20
merged,PMC3240945_table_0,PMC3240945_table_0.xml,True,medium,41,41,41,41,37.25751,41,2,39,2,39
merged,PMC5957338_table_0,PMC5957338_table_0.xml,False,medium,40,40,40,18,29.969317,40,0,40,0,40
merged,PMC3006878_table_0,PMC3006878_table_0.xml,False,small,20,20,20,0,12.689414,20,0,20,0,20
merged,PMC5767312_table_0,PMC5767312_table_0.xml,True,large,112,129,89,70,70.073077,89,7,105,0,89
merged,PMC5127548_table_8,PMC5127548_table_8.xml,True,medium,44,45,44,43,38.951535,44,3,41,3,41
merged,PMC5904424_table_0,PMC5904424_table_0.xml,True,small,30,30,30,30,26.042668,30,3,27,3,27
merged,PMC4709492_table_1,PMC4709492_table_1.xml,False,medium,60,60,60,0,39.051126,60,0,60,0,60
merged,PMC5664348_table_0,PMC5664348_table_0.xml,True,medium,35,41,29,29,23.31408,29,7,28,1,28
merged,PMC4524373_table_3,PMC4524373_table_3.xml,True,medium,44,50,44,22,32.827182,44,6,38,6,38
merged,PMC3527132_table_2,PMC3527132_table_2.xml,True,large,75,87,73,52,63.61674,73,4,71,2,71
merged,PMC4872722_table_0,PMC4872722_table_0.xml,True,small,23,23,23,23,20.60818,23,4,19,4,19
merged,PMC4397088_table_0,PMC4397088_table_0.xml,False,large,120,120,120,120,101.378865,120,0,120,0,120
merged,PMC2848519_table_0,PMC2848519_table_0.xml,False,small,14,2,0,0,0,0,0,14,0,0
merged,PMC3342167_table_2,PMC3342167_table_2.xml,True,medium,42,43,40,33,32.620831,40,8,34,6,34
merged,PMC3554515_table_0,PMC3554515_table_0.xml,False,medium,64,64,64,64,57.112943,64,0,64,0,64
merged,PMC6143260_table_0,PMC6143260_table_0.xml,False,large,132,132,132,60,91.025808,132,0,132,0,132
merged,PMC3359190_table_2,PMC3359190_table_2.xml,True,medium,65,66,64,61,54.318449,64,5,60,4,60
merged,PMC5858604_table_1,PMC5858604_table_1.xml,False,medium,72,72,72,72,67.133468,72,0,72,0,72
merged,PMC5018192_table_0,PMC5018192_table_0.xml,True,large,82,90,80,80,71.004799,80,2,80,0,80
merged,PMC3166745_table_0,PMC3166745_table_0.xml,False,medium,42,42,42,42,37.124296,42,0,42,0,42
merged,PMC5021727_table_1,PMC5021727_table_1.xml,False,small,18,18,18,18,16.8953,18,0,18,0,18
merged,PMC6233180_table_2,PMC6233180_table_2.xml,True,medium,62,60,59,34,44.49513,59,6,56,6,53
merged,PMC4730682_table_3,PMC4730682_table_3.xml,True,medium,64,65,64,61,54.090372,64,1,63,1,63
merged,PMC4575444_table_0,PMC4575444_table_0.xml,True,large,235,298,215,142,166.49014,215,24,211,14,201
merged,PMC4825232_table_0,PMC4825232_table_0.xml,True,medium,47,56,47,0,29.944443,47,9,38,9,38
merged,PMC6018626_table_1,PMC6018626_table_1.xml,False,medium,40,40,40,31,31.231761,40,0,40,0,40
merged,PMC6013108_table_1,PMC6013108_table_1.xml,True,medium,39,40,39,37,33.858213,39,4,35,4,35
merged,PMC2204065_table_0,PMC2204065_table_0.xml,True,medium,32,38,26,26,21.998778,26,6,26,0,26
merged,PMC5095599_table_0,PMC5095599_table_0.xml,True,small,25,26,24,22,20.146103,24,1,24,0,24
merged,PMC5821441_table_0,PMC5821441_table_0.xml,True,medium,55,55,49,0,29.831203,49,1,54,1,48
merged,PMC6186056_table_1,PMC6186056_table_1.xml,True,large,244,245,236,207,193.690477,236,1,243,0,236
merged,PMC5722571_table_1,PMC5722571_table_1.xml,True,medium,51,62,42,36,37.484022,42,7,44,4,38
merged,PMC4897819_table_0,PMC4897819_table_0.xml,False,medium,36,36,36,36,30.622662,36,0,36,0,36
merged,PMC3419246_table_1,PMC3419246_table_1.xml,True,large,164,190,158,100,121.451583,158,9,155,3,155
merged,PMC6038359_table_0,PMC6038359_table_0.xml,False,medium,66,55,55,55,44.307241,55,0,66,0,55
merged,PMC2968314_table_0,PMC2968314_table_0.xml,False,small,20,21,19,0,12.267638,19,0,20,0,19
merged,PMC4464579_table_1,PMC4464579_table_1.xml,False,medium,36,36,36,36,31.607741,36,0,36,0,36
merged,PMC4945912_table_0,PMC4945912_table_0.xml,True,large,258,258,251,250,219.529643,251,6,252,4,247
merged,PMC6052539_table_1,PMC6052539_table_1.xml,True,medium,39,55,35,35,31.484669,35,4,35,0,35
merged,PMC2635959_table_0,PMC2635959_table_0.xml,False,small,30,30,30,30,26.364328,30,0,30,0,30
merged,PMC3050184_table_0,PMC3050184_table_0.xml,False,small,18,18,18,0,11.342518,18,0,18,0,18
merged,PMC5845866_table_1,PMC5845866_table_1.xml,False,small,30,64,14,14,12.323453,14,0,30,0,14
merged,PMC3438178_table_0,PMC3438178_table_0.xml,True,medium,47,55,45,43,36.436538,45,2,45,0,45
merged,PMC5909255_table_3,PMC5909255_table_3.xml,True,large,162,185,60,0,31.185488,60,6,156,0,60
merged,PMC3180067_table_0,PMC3180067_table_0.xml,True,medium,72,76,72,68,59.874661,72,4,68,4,68
merged,PMC3524598_table_2,PMC3524598_table_2.xml,True,large,67,83,65,65,56.016795,65,3,64,1,64
merged,PMC4932006_table_0,PMC4932006_table_0.xml,True,large,89,90,87,87,73.339873,87,4,85,2,85
merged,PMC2093938_table_4,PMC2093938_table_4.xml,False,small,12,12,12,11,10.318155,12,0,12,0,12
merged,PMC3428669_table_2,PMC3428669_table_2.xml,False,medium,54,54,54,48,44.783691,54,0,54,0,54
merged,PMC4786572_table_3,PMC4786572_table_3.xml,True,large,72,89,68,25,45.947285,68,3,69,2,66
merged,PMC6222733_table_1,PMC6222733_table_1.xml,False,large,110,110,110,39,81.692046,110,0,110,0,110
merged,PMC3602373_table_1,PMC3602373_table_1.xml,True,large,140,119,113,80,83.864905,113,3,137,0,113
merged,PMC4841544_table_1,PMC4841544_table_1.xml,True,large,92,102,87,87,74.087704,87,5,87,0,87
merged,PMC3652198_table_1,PMC3652198_table_1.xml,False,small,14,14,14,14,13.156322,14,0,14,0,14
merged,PMC5738112_table_0,PMC5738112_table_0.xml,False,small,18,20,16,14,14.294038,16,0,18,0,16
merged,PMC2995781_table_1,PMC2995781_table_1.xml,True,medium,37,40,37,35,31.571647,37,3,34,3,34
merged,PMC4458325_table_1,PMC4458325_table_1.xml,False,medium,55,58,48,20,35.191728,48,0,55,0,48
merged,PMC6049910_table_0,PMC6049910_table_0.xml,True,medium,49,57,45,26,34.628193,45,4,45,0,45
merged,PMC5084147_table_5,PMC5084147_table_5.xml,False,large,98,98,98,98,80.863023,98,0,98,0,98
merged,PMC3503841_table_1,PMC3503841_table_1.xml,True,small,22,22,22,22,20.974337,22,1,21,1,21
merged,PMC4549082_table_3,PMC4549082_table_3.xml,True,large,161,168,155,120,120.428806,155,12,149,6,149
merged,PMC3644232_table_0,PMC3644232_table_0.xml,False,small,10,5,5,0,3.297212,5,0,10,0,5
merged,PMC3689638_table_0,PMC3689638_table_0.xml,True,large,212,213,212,203,174.563039,212,4,208,4,208
merged,PMC2873247_table_2,PMC2873247_table_2.xml,True,medium,50,60,48,48,44.205161,48,2,48,0,48
merged,PMC1266024_table_4,PMC1266024_table_4.xml,True,medium,50,25,24,20,19.083545,24,2,48,0,24
merged,PMC5983274_table_3,PMC5983274_table_3.xml,False,large,90,90,90,90,79.433292,90,0,90,0,90
merged,PMC4377374_table_3,PMC4377374_table_3.xml,False,small,18,18,18,18,16.742816,18,0,18,0,18
merged,PMC5712192_table_3,PMC5712192_table_3.xml,True,large,373,300,300,300,249.205971,300,10,363,3,297
merged,PMC5837103_table_0,PMC5837103_table_0.xml,True,large,287,297,281,281,236.180743,281,15,272,9,272
merged,PMC4979187_table_2,PMC4979187_table_2.xml,True,small,32,20,16,1,10.749743,16,1,31,0,16
merged,PMC3428172_table_2,PMC3428172_table_2.xml,True,medium,32,40,30,6,22.013857,30,2,30,0,30
merged,PMC4570816_table_0,PMC4570816_table_0.xml,True,medium,40,49,35,27,28.201619,35,6,34,3,32
merged,PMC4860217_table_0,PMC4860217_table_0.xml,False,small,16,16,16,16,14.061586,16,0,16,0,16
merged,PMC4883731_table_0,PMC4883731_table_0.xml,False,large,169,168,168,164,147.994013,168,0,169,0,168
merged,PMC3566797_table_1,PMC3566797_table_1.xml,False,small,35,35,35,33,28.603148,35,0,35,0,35
merged,PMC5966889_table_4,PMC5966889_table_4.xml,True,large,80,90,78,78,70.311861,78,2,78,0,78
merged,PMC4875747_table_2,PMC4875747_table_2.xml,True,medium,45,45,42,41,34.648842,42,4,41,1,41
merged,PMC4625876_table_5,PMC4625876_table_5.xml,True,medium,43,43,43,43,36.272661,43,4,39,4,39
merged,PMC2834584_table_2,PMC2834584_table_2.xml,True,medium,56,49,48,47,41.493659,48,4,52,3,45
merged,PMC3458233_table_0,PMC3458233_table_0.xml,True,medium,48,52,24,2,14.255197,24,4,44,3,21
merged,PMC2960665_table_1,PMC2960665_table_1.xml,False,small,16,16,16,14,12.816725,16,0,16,0,16
merged,PMC4532480_table_0,PMC4532480_table_0.xml,True,large,164,161,140,129,112.121123,140,5,159,4,136
merged,PMC4493016_table_0,PMC4493016_table_0.xml,False,small,18,18,18,18,15.435236,18,0,18,0,18
merged,PMC6157679_table_1,PMC6157679_table_1.xml,True,medium,55,60,54,54,48.237685,54,1,54,0,54
merged,PMC5691681_table_2,PMC5691681_table_2.xml,True,large,168,135,93,63,72.797836,93,39,129,36,57
merged,PMC4927609_table_3,PMC4927609_table_3.xml,True,large,203,252,179,144,138.207617,179,13,190,2,177
merged,PMC6123690_table_2,PMC6123690_table_2.xml,False,medium,40,40,40,40,35.335423,40,0,40,0,40
merged,PMC6014042_table_1,PMC6014042_table_1.xml,False,small,24,25,23,22,19.951243,23,0,24,0,23
merged,PMC3561275_table_1,PMC3561275_table_1.xml,True,large,93,105,91,61,68.783711,91,7,86,5,86
merged,PMC3068096_table_1,PMC3068096_table_1.xml,True,large,126,144,124,122,99.814299,124,5,121,3,121
merged,PMC4977724_table_0,PMC4977724_table_0.xml,False,medium,48,48,48,48,42.26357,48,0,48,0,48
merged,PMC3006930_table_2,PMC3006930_table_2.xml,False,large,182,177,177,176,152.096141,177,0,182,0,177
merged,PMC5687736_table_1,PMC5687736_table_1.xml,False,large,128,128,128,128,108.848344,128,0,128,0,128
merged,PMC4859819_table_0,PMC4859819_table_0.xml,False,medium,72,102,37,8,23.864564,37,0,72,0,37
merged,PMC4994281_table_1,PMC4994281_table_1.xml,True,large,220,264,200,150,152.762979,200,22,198,2,198
merged,PMC3118226_table_0,PMC3118226_table_0.xml,False,small,6,6,6,6,5.257686,6,0,6,0,6
merged,PMC4792838_table_1,PMC4792838_table_1.xml,False,small,21,21,21,21,19.65242,21,0,21,0,21
merged,PMC6102227_table_1,PMC6102227_table_1.xml,False,medium,39,39,39,39,32.765179,39,0,39,0,39
merged,PMC4395286_table_0,PMC4395286_table_0.xml,True,large,115,115,115,115,105.163925,115,5,110,5,110
merged,PMC3472980_table_1,PMC3472980_table_1.xml,True,medium,50,55,47,39,37.367777,47,3,47,0,47
merged,PMC2657164_table_3,PMC2657164_table_3.xml,True,medium,52,60,50,50,41.319531,50,2,50,0,50
merged,PMC2657164_table_1,PMC2657164_table_1.xml,False,small,12,12,12,12,11.052688,12,0,12,0,12
merged,PMC5794930_table_3,PMC5794930_table_3.xml,True,medium,31,30,30,8,20.68758,30,5,26,5,25
merged,PMC5736711_table_0,PMC5736711_table_0.xml,True,large,75,76,71,27,52.069726,71,5,70,1,70
merged,PMC3410850_table_0,PMC3410850_table_0.xml,True,medium,39,42,36,36,29.576052,36,3,36,0,36
merged,PMC4545860_table_2,PMC4545860_table_2.xml,True,medium,45,47,42,30,32.932361,42,5,40,2,40
merged,PMC3161945_table_0,PMC3161945_table_0.xml,False,large,95,95,95,95,85.993682,95,0,95,0,95
merged,PMC2902016_table_2,PMC2902016_table_2.xml,True,small,22,24,21,21,17.557572,21,1,21,0,21
merged,PMC2913847_table_0,PMC2913847_table_0.xml,True,small,18,15,12,9,10.352381,12,6,12,3,9
merged,PMC2841116_table_3,PMC2841116_table_3.xml,False,medium,42,28,27,27,23.783563,27,0,42,0,27
merged,PMC6031750_table_0,PMC6031750_table_0.xml,True,large,87,91,85,81,72.903935,85,3,84,3,82
merged,PMC5821324_table_5,PMC5821324_table_5.xml,True,large,90,108,87,86,73.965381,87,10,80,8,79
merged,PMC2438356_table_0,PMC2438356_table_0.xml,False,small,35,35,35,35,31.104218,35,0,35,0,35
merged,PMC3660345_table_2,PMC3660345_table_2.xml,True,large,76,84,67,50,52.214987,67,4,72,2,65
merged,PMC5714431_table_3,PMC5714431_table_3.xml,True,small,9,2,1,0,0.699475,1,5,4,0,1
merged,PMC4785635_table_1,PMC4785635_table_1.xml,True,large,69,85,64,46,49.896643,64,9,60,5,59
merged,PMC4862230_table_0,PMC4862230_table_0.xml,True,large,72,72,36,1,22.905068,36,5,67,0,36
merged,PMC4460269_table_1,PMC4460269_table_1.xml,True,large,83,110,81,54,62.658282,81,1,82,1,80
merged,PMC6005562_table_1,PMC6005562_table_1.xml,False,small,21,21,21,20,16.726732,21,0,21,0,21
merged,PMC6106174_table_2,PMC6106174_table_2.xml,False,small,9,9,9,9,8.208029,9,0,9,0,9
merged,PMC3475661_table_1,PMC3475661_table_1.xml,True,medium,30,32,27,25,22.405037,27,6,24,3,24
merged,PMC1483835_table_2,PMC1483835_table_2.xml,True,large,207,214,207,166,165.979445,207,2,205,2,205
merged,PMC5679774_table_0,PMC5679774_table_0.xml,False,medium,40,40,16,0,9.475266,16,0,40,0,16
merged,PMC6214199_table_5,PMC6214199_table_5.xml,True,medium,71,70,69,69,58.273421,69,4,67,3,66
merged,PMC3640038_table_0,PMC3640038_table_0.xml,False,small,22,22,22,22,19.030299,22,0,22,0,22
merged,PMC2636893_table_0,PMC2636893_table_0.xml,True,large,108,105,85,64,64.226606,85,2,106,0,85
merged,PMC2687455_table_3,PMC2687455_table_3.xml,False,small,16,28,8,4,5.809139,8,0,16,0,8
merged,PMC6154954_table_2,PMC6154954_table_2.xml,False,medium,52,52,52,52,47.808682,52,0,52,0,52
merged,PMC2960152_table_0,PMC2960152_table_0.xml,False,small,20,21,19,0,12.381243,19,0,20,0,19
merged,PMC4937426_table_0,PMC4937426_table_0.xml,True,large,103,109,99,98,85.729389,99,7,96,3,96
merged,PMC3284429_table_0,PMC3284429_table_0.xml,False,medium,45,45,45,45,39.672882,45,0,45,0,45
merged,PMC3566098_table_3,PMC3566098_table_3.xml,False,small,35,35,35,35,29.009032,35,0,35,0,35
merged,PMC4751569_table_0,PMC4751569_table_0.xml,False,small,18,18,18,13,14.237884,18,0,18,0,18
merged,PMC3473241_table_6,PMC3473241_table_6.xml,True,medium,35,35,34,34,30.921318,34,2,33,1,33
merged,PMC4596371_table_0,PMC4596371_table_0.xml,True,medium,30,29,29,28,24.059333,29,2,28,2,27
merged,PMC3665576_table_0,PMC3665576_table_0.xml,True,large,142,143,134,129,109.603481,134,10,132,5,129
merged,PMC3614829_table_1,PMC3614829_table_1.xml,False,medium,60,60,60,60,56.709781,60,0,60,0,60
merged,PMC3530428_table_3,PMC3530428_table_3.xml,True,medium,54,60,54,48,46.750963,54,6,48,6,48
merged,PMC4607371_table_0,PMC4607371_table_0.xml,False,large,192,192,192,192,158.692831,192,0,192,0,192
merged,PMC2872307_table_0,PMC2872307_table_0.xml,False,small,12,4,2,2,1.963201,2,0,12,0,2
merged,PMC4529114_table_2,PMC4529114_table_2.xml,False,small,30,30,30,30,27.204247,30,0,30,0,30
merged,PMC3184264_table_5,PMC3184264_table_5.xml,False,small,12,24,6,4,4.644741,6,0,12,0,6
merged,PMC6234267_table_5,PMC6234267_table_5.xml,True,small,17,19,17,7,11.68835,17,2,15,2,15
merged,PMC5019196_table_0,PMC5019196_table_0.xml,False,small,34,35,34,32,27.655178,34,0,34,0,34
merged,PMC5061843_table_0,PMC5061843_table_0.xml,False,medium,48,48,44,43,36.794919,44,0,48,0,44
merged,PMC3689045_table_0,PMC3689045_table_0.xml,True,small,25,28,24,24,22.945874,24,1,24,0,24
merged,PMC6070681_table_0,PMC6070681_table_0.xml,True,medium,44,55,36,3,20.264432,36,6,38,0,36
merged,PMC2674447_table_2,PMC2674447_table_2.xml,True,large,104,114,102,102,91.56968,102,2,102,0,102
merged,PMC4902088_table_0,PMC4902088_table_0.xml,False,medium,49,49,49,49,45.183275,49,0,49,0,49
merged,PMC4807184_table_0,PMC4807184_table_0.xml,False,medium,45,50,43,40,38.31078,43,0,45,0,43
merged,PMC4832563_table_4,PMC4832563_table_4.xml,True,large,140,175,133,79,100.904421,133,19,121,15,118
merged,PMC2886951_table_0,PMC2886951_table_0.xml,True,small,17,22,13,7,9.613137,13,2,15,2,11
merged,PMC3334773_table_2,PMC3334773_table_2.xml,True,medium,61,57,51,48,45.546024,51,1,60,0,51
merged,PMC6201959_table_1,PMC6201959_table_1.xml,True,large,208,209,208,208,174.105073,208,4,204,4,204
merged,PMC3393902_table_0,PMC3393902_table_0.xml,False,large,110,110,110,110,90.916338,110,0,110,0,110
merged,PMC3504360_table_0,PMC3504360_table_0.xml,False,small,30,30,30,30,27.979027,30,0,30,0,30
merged,PMC4517507_table_3,PMC4517507_table_3.xml,True,large,98,97,95,93,84.552141,95,3,95,1,94
merged,PMC5138191_table_1,PMC5138191_table_1.xml,True,medium,45,47,39,39,33.528309,39,6,39,0,39
merged,PMC2727484_table_2,PMC2727484_table_2.xml,False,medium,36,36,36,36,30.865057,36,0,36,0,36
merged,PMC3263730_table_1,PMC3263730_table_1.xml,False,medium,40,40,40,40,33.644106,40,0,40,0,40
merged,PMC5873778_table_2,PMC5873778_table_2.xml,False,medium,44,44,44,44,35.495466,44,0,44,0,44
merged,PMC4454883_table_3,PMC4454883_table_3.xml,True,large,84,106,81,81,70.568968,81,3,81,0,81
merged,PMC4468092_table_4,PMC4468092_table_4.xml,False,small,24,24,24,22,20.655698,24,0,24,0,24
merged,PMC5988018_table_1,PMC5988018_table_1.xml,True,large,122,127,119,117,98.816378,119,2,120,0,119
merged,PMC2519138_table_0,PMC2519138_table_0.xml,False,small,20,23,19,15,16.230061,19,0,20,0,19
merged,PMC6016946_table_1,PMC6016946_table_1.xml,True,large,147,168,144,144,118.368583,144,3,144,0,144
merged,PMC2699215_table_4,PMC2699215_table_4.xml,False,large,204,204,204,12,136.667696,204,0,204,0,204
merged,PMC3410290_table_4,PMC3410290_table_4.xml,True,small,28,30,15,3,10.968193,15,2,26,2,13
merged,PMC2375120_table_2,PMC2375120_table_2.xml,True,medium,37,37,37,37,34.181784,37,3,34,3,34
merged,PMC3338385_table_1,PMC3338385_table_1.xml,False,small,24,24,24,24,20.348261,24,0,24,0,24
merged,PMC3050351_table_1,PMC3050351_table_1.xml,False,large,168,167,167,167,142.100067,167,0,168,0,167
merged,PMC4519871_table_0,PMC4519871_table_0.xml,True,medium,48,63,36,28,29.073322,36,3,45,0,36
merged,PMC3281019_table_1,PMC3281019_table_1.xml,True,large,71,80,68,68,56.321018,68,3,68,0,68
merged,PMC6145148_table_0,PMC6145148_table_0.xml,False,small,20,21,19,19,16.46921,19,0,20,0,19
merged,PMC2977678_table_0,PMC2977678_table_0.xml,False,small,22,23,21,0,12.831842,21,0,22,0,21
merged,PMC4954877_table_0,PMC4954877_table_0.xml,True,small,27,26,26,26,24.107125,26,1,26,1,25
merged,PMC2289812_table_1,PMC2289812_table_1.xml,True,small,30,30,30,30,27.369691,30,3,27,3,27
merged,PMC3665813_table_0,PMC3665813_table_0.xml,False,small,32,32,32,32,29.75128,32,0,32,0,32
merged,PMC5751690_table_0,PMC5751690_table_0.xml,False,small,20,16,16,4,10.435155,16,0,20,0,16
merged,PMC3050935_table_0,PMC3050935_table_0.xml,False,large,198,198,198,193,159.036584,198,0,198,0,198
merged,PMC4936287_table_3,PMC4936287_table_3.xml,True,large,186,142,104,77,81.843658,104,5,181,2,102
merged,PMC3519782_table_3,PMC3519782_table_3.xml,True,medium,36,43,34,33,27.141341,34,4,32,2,32
merged,PMC2579308_table_6,PMC2579308_table_6.xml,True,large,144,184,131,118,109.963656,131,16,128,3,128
merged,PMC4933999_table_6,PMC4933999_table_6.xml,True,large,199,213,198,148,153.675168,198,13,186,12,186
merged,PMC6013434_table_1,PMC6013434_table_1.xml,True,medium,63,63,63,17,46.020298,63,6,57,6,57
merged,PMC2483440_table_2,PMC2483440_table_2.xml,False,medium,44,44,44,44,39.709764,44,0,44,0,44
merged,PMC2921397_table_0,PMC2921397_table_0.xml,False,small,15,15,15,15,13.737484,15,0,15,0,15
merged,PMC4579500_table_1,PMC4579500_table_1.xml,True,large,105,120,100,100,91.435562,100,5,100,0,100
merged,PMC5084147_table_6,PMC5084147_table_6.xml,False,medium,66,61,61,60,52.309356,61,0,66,0,61
merged,PMC4929101_table_2,PMC4929101_table_2.xml,True,large,79,86,53,2,31.336106,53,7,72,1,52
merged,PMC6086995_table_0,PMC6086995_table_0.xml,False,small,12,12,12,12,10.969189,12,0,12,0,12
merged,PMC3001694_table_2,PMC3001694_table_2.xml,True,medium,38,38,38,38,34.653225,38,2,36,2,36
merged,PMC5669531_table_7,PMC5669531_table_7.xml,True,small,25,24,24,24,21.173479,24,5,20,4,20
merged,PMC3196713_table_0,PMC3196713_table_0.xml,True,large,126,166,111,51,81.368847,111,6,120,4,107
merged,PMC4954645_table_0,PMC4954645_table_0.xml,True,small,21,23,20,18,17.112418,20,3,18,2,18
merged,PMC3481435_table_7,PMC3481435_table_7.xml,False,small,8,10,7,7,6.681601,7,0,8,0,7
merged,PMC2906434_table_0,PMC2906434_table_0.xml,False,small,30,30,30,22,22.87783,30,0,30,0,30
merged,PMC3393323_table_0,PMC3393323_table_0.xml,False,small,20,20,20,19,16.00737,20,0,20,0,20
merged,PMC5159879_table_0,PMC5159879_table_0.xml,True,large,260,296,223,222,188.476485,223,16,244,4,219
merged,PMC4855820_table_1,PMC4855820_table_1.xml,True,small,16,18,15,0,9.074882,15,1,15,0,15
merged,PMC4449161_table_0,PMC4449161_table_0.xml,True,large,105,112,103,98,88.43912,103,2,103,0,103
merged,PMC5708049_table_0,PMC5708049_table_0.xml,False,medium,36,36,36,36,32.787866,36,0,36,0,36
merged,PMC1410752_table_3,PMC1410752_table_3.xml,True,large,90,115,80,58,65.188135,80,12,78,2,78
merged,PMC6155541_table_1,PMC6155541_table_1.xml,True,large,84,114,78,71,65.307301,78,6,78,0,78
merged,PMC5118951_table_0,PMC5118951_table_0.xml,True,large,77,86,76,75,66.566972,76,6,71,5,71
merged,PMC4383577_table_8,PMC4383577_table_8.xml,True,small,32,32,31,27,26.085901,31,3,29,3,28
merged,PMC4619505_table_3,PMC4619505_table_3.xml,True,large,232,278,177,63,128.117056,177,4,228,0,177
merged,PMC3564629_table_1,PMC3564629_table_1.xml,False,medium,45,45,44,44,36.57785,44,0,45,0,44
merged,PMC3203352_table_2,PMC3203352_table_2.xml,False,large,110,214,0,0,0,0,0,110,0,0
merged,PMC4449525_table_0,PMC4449525_table_0.xml,True,medium,38,38,38,38,34.289324,38,2,36,2,36
merged,PMC5706603_table_0,PMC5706603_table_0.xml,False,medium,48,48,48,48,43.400326,48,0,48,0,48
merged,PMC4891946_table_0,PMC4891946_table_0.xml,True,medium,67,67,67,51,56.663888,67,3,64,3,64
merged,PMC4942061_table_1,PMC4942061_table_1.xml,True,large,169,182,165,33,106.761644,165,4,165,0,165
merged,PMC2268657_table_0,PMC2268657_table_0.xml,False,small,4,4,4,4,3.64397,4,0,4,0,4
merged,PMC2648792_table_0,PMC2648792_table_0.xml,True,medium,31,34,26,25,23.458839,26,4,27,1,25
merged,PMC2970127_table_0,PMC2970127_table_0.xml,False,large,165,165,165,7,103.481135,165,0,165,0,165
merged,PMC2977268_table_0,PMC2977268_table_0.xml,False,small,15,17,15,12,11.7036,15,0,15,0,15
merged,PMC5041273_table_10,PMC5041273_table_10.xml,False,small,18,18,18,18,16.203571,18,0,18,0,18
merged,PMC4605644_table_1,PMC4605644_table_1.xml,True,large,117,132,114,114,90.74069,114,3,114,0,114
merged,PMC3553054_table_0,PMC3553054_table_0.xml,True,small,26,27,25,17,18.857485,25,4,22,4,21
merged,PMC4862985_table_0,PMC4862985_table_0.xml,True,medium,45,48,44,44,39.604797,44,1,44,0,44
merged,PMC2979585_table_2,PMC2979585_table_2.xml,False,large,140,140,140,140,119.551142,140,0,140,0,140
merged,PMC2335306_table_1,PMC2335306_table_1.xml,True,medium,43,50,42,39,36.650509,42,4,39,3,39
merged,PMC2930843_table_5,PMC2930843_table_5.xml,True,large,167,192,162,162,131.92678,162,5,162,0,162
merged,PMC4366389_table_1,PMC4366389_table_1.xml,True,medium,51,60,45,45,38.891393,45,8,43,4,41
merged,PMC4904362_table_3,PMC4904362_table_3.xml,False,small,14,14,12,12,11.586259,12,0,14,0,12
merged,PMC3354558_table_0,PMC3354558_table_0.xml,False,small,14,14,14,7,10.726493,14,0,14,0,14
merged,PMC5713137_table_1,PMC5713137_table_1.xml,False,medium,64,64,64,64,60.25714,64,0,64,0,64
merged,PMC5663065_table_0,PMC5663065_table_0.xml,True,medium,38,70,10,3,7.241226,10,8,30,0,10
merged,PMC5719293_table_1,PMC5719293_table_1.xml,True,large,96,126,87,87,73.064312,87,9,87,0,87
merged,PMC4971541_table_1,PMC4971541_table_1.xml,True,large,116,145,93,33,65.501313,93,1,115,0,93
merged,PMC6185718_table_1,PMC6185718_table_1.xml,True,medium,51,57,51,48,45.080698,51,3,48,3,48
merged,PMC5000650_table_0,PMC5000650_table_0.xml,False,small,33,33,33,33,30.728881,33,0,33,0,33
merged,PMC2918559_table_0,PMC2918559_table_0.xml,True,large,339,293,275,131,200.140367,275,40,299,33,242
merged,PMC3050235_table_2,PMC3050235_table_2.xml,False,small,15,15,15,8,10.95946,15,0,15,0,15
merged,PMC2973956_table_3,PMC2973956_table_3.xml,True,large,127,155,124,118,99.171626,124,6,121,3,121
merged,PMC3544610_table_2,PMC3544610_table_2.xml,True,large,292,290,289,210,223.639019,289,7,285,7,282
merged,PMC5756247_table_0,PMC5756247_table_0.xml,False,small,15,15,15,15,14.267204,15,0,15,0,15
merged,PMC5789837_table_1,PMC5789837_table_1.xml,True,small,23,23,23,9,16.771389,23,3,20,3,20
merged,PMC6201453_table_0,PMC6201453_table_0.xml,True,large,119,144,108,104,87.4826,108,10,109,1,107
merged,PMC6407848_table_0,PMC6407848_table_0.xml,False,medium,63,63,63,63,51.116701,63,0,63,0,63
merged,PMC4620384_table_4,PMC4620384_table_4.xml,True,large,72,75,66,66,57.762834,66,11,61,5,61
merged,PMC3580279_table_1,PMC3580279_table_1.xml,True,medium,40,54,33,27,28.685929,33,4,36,0,33
merged,PMC4890739_table_0,PMC4890739_table_0.xml,True,medium,43,46,43,40,38.907615,43,3,40,3,40
merged,PMC4394126_table_0,PMC4394126_table_0.xml,True,large,79,36,15,11,11.688825,15,7,72,6,9
merged,PMC5953945_table_1,PMC5953945_table_1.xml,False,medium,36,36,36,18,27.64597,36,0,36,0,36
merged,PMC3196731_table_0,PMC3196731_table_0.xml,False,medium,36,36,36,36,33.538747,36,0,36,0,36
merged,PMC2808329_table_3,PMC2808329_table_3.xml,True,large,201,202,201,167,156.613292,201,3,198,3,198
merged,PMC4613226_table_3,PMC4613226_table_3.xml,True,medium,53,53,53,53,45.544687,53,4,49,4,49
merged,PMC4937061_table_0,PMC4937061_table_0.xml,False,small,25,25,25,25,22.269416,25,0,25,0,25
merged,PMC5706411_table_1,PMC5706411_table_1.xml,True,small,15,12,10,9,8.788798,10,1,14,0,10
merged,PMC3270112_table_0,PMC3270112_table_0.xml,True,large,76,84,72,72,61.027989,72,4,72,0,72
merged,PMC5966247_table_0,PMC5966247_table_0.xml,True,small,18,21,16,15,13.871013,16,3,15,1,15
merged,PMC1079941_table_1,PMC1079941_table_1.xml,False,small,12,11,11,11,10.362131,11,0,12,0,11
merged,PMC5783415_table_0,PMC5783415_table_0.xml,False,small,18,18,18,18,15.731489,18,0,18,0,18
merged,PMC4943500_table_2,PMC4943500_table_2.xml,True,medium,43,43,42,42,35.89231,42,3,40,2,40
merged,PMC6048769_table_3,PMC6048769_table_3.xml,True,large,64,80,53,51,46.482919,53,8,56,2,51
merged,PMC4845358_table_0,PMC4845358_table_0.xml,True,large,86,110,83,83,72.061919,83,3,83,0,83
merged,PMC4594643_table_2,PMC4594643_table_2.xml,False,large,93,93,93,55,69.517698,93,0,93,0,93
merged,PMC5956831_table_0,PMC5956831_table_0.xml,True,large,118,199,96,96,80.672133,96,24,94,2,94
merged,PMC6036804_table_0,PMC6036804_table_0.xml,True,small,22,22,22,22,20.726239,22,3,19,3,19
merged,PMC3362811_table_1,PMC3362811_table_1.xml,False,medium,42,42,42,42,35.465199,42,0,42,0,42
merged,PMC5823412_table_4,PMC5823412_table_4.xml,False,medium,63,61,61,55,53.763599,61,0,63,0,61
merged,PMC5850630_table_0,PMC5850630_table_0.xml,True,medium,64,44,37,4,25.842533,37,6,58,2,35
merged,PMC2700793_table_0,PMC2700793_table_0.xml,True,medium,61,63,58,58,48.88284,58,1,60,0,58
merged,PMC4819911_table_0,PMC4819911_table_0.xml,False,medium,68,68,68,68,59.490745,68,0,68,0,68
merged,PMC5862453_table_0,PMC5862453_table_0.xml,False,large,132,130,130,130,107.735882,130,0,132,0,130
merged,PMC4521701_table_3,PMC4521701_table_3.xml,False,large,110,110,110,94,87.677136,110,0,110,0,110
merged,PMC6127189_table_0,PMC6127189_table_0.xml,False,large,105,105,105,41,77.534844,105,0,105,0,105
merged,PMC4751540_table_1,PMC4751540_table_1.xml,True,large,127,128,125,125,108.716995,125,5,122,3,122
merged,PMC3145568_table_0,PMC3145568_table_0.xml,False,small,18,18,18,18,16.862321,18,0,18,0,18
merged,PMC3091650_table_2,PMC3091650_table_2.xml,False,large,132,146,121,76,94.667282,121,0,132,0,121
merged,PMC3413447_table_1,PMC3413447_table_1.xml,False,large,212,171,143,124,112.15658,143,0,212,0,143
merged,PMC4976786_table_0,PMC4976786_table_0.xml,False,medium,40,40,40,40,36.825658,40,0,40,0,40
merged,PMC4596811_table_0,PMC4596811_table_0.xml,False,small,20,20,20,20,18.055511,20,0,20,0,20
merged,PMC5861386_table_3,PMC5861386_table_3.xml,True,large,87,95,85,85,71.453724,85,2,85,0,85
merged,PMC3475240_table_0,PMC3475240_table_0.xml,True,small,25,25,25,25,22.773954,25,2,23,2,23
merged,PMC4556713_table_1,PMC4556713_table_1.xml,False,large,84,84,84,84,70.776491,84,0,84,0,84
merged,PMC6166923_table_0,PMC6166923_table_0.xml,True,medium,49,57,46,0,29.638215,46,3,46,0,46
merged,PMC3022877_table_0,PMC3022877_table_0.xml,False,small,27,27,24,24,22.376942,24,0,27,0,24
merged,PMC5073877_table_1,PMC5073877_table_1.xml,True,small,18,24,17,13,14.714243,17,2,16,1,16
merged,PMC5797103_table_1,PMC5797103_table_1.xml,True,medium,53,53,53,28,38.82042,53,3,50,3,50
merged,PMC4373880_table_6,PMC4373880_table_6.xml,True,large,111,121,106,104,88.596095,106,7,104,4,102
merged,PMC5966432_table_1,PMC5966432_table_1.xml,False,medium,60,60,60,53,48.963724,60,0,60,0,60
merged,PMC4395329_table_3,PMC4395329_table_3.xml,True,medium,34,40,31,31,25.176936,31,3,31,0,31
merged,PMC6206003_table_0,PMC6206003_table_0.xml,True,large,97,97,97,31,70.158205,97,1,96,1,96
merged,PMC4618517_table_0,PMC4618517_table_0.xml,True,large,140,98,73,45,56.453511,73,14,126,13,60
merged,PMC6225686_table_3,PMC6225686_table_3.xml,True,large,148,166,103,21,70.962164,103,13,135,5,98
merged,PMC4412091_table_0,PMC4412091_table_0.xml,False,small,15,15,15,15,11.999257,15,0,15,0,15
merged,PMC5745705_table_1,PMC5745705_table_1.xml,False,small,32,32,32,32,26.798327,32,0,32,0,32
merged,PMC4942899_table_1,PMC4942899_table_1.xml,True,large,107,150,86,76,68.163094,86,5,102,5,81
merged,PMC2547107_table_1,PMC2547107_table_1.xml,False,small,21,21,21,21,20.02627,21,0,21,0,21
merged,PMC3542813_table_1,PMC3542813_table_1.xml,False,small,12,12,12,12,10.649368,12,0,12,0,12
merged,PMC3212515_table_1,PMC3212515_table_1.xml,True,small,24,28,24,20,20.018501,24,4,20,4,20
merged,PMC5879732_table_1,PMC5879732_table_1.xml,False,small,16,16,16,16,14.395202,16,0,16,0,16
merged,PMC2917353_table_0,PMC2917353_table_0.xml,True,medium,43,44,43,42,37.082571,43,1,42,1,42
merged,PMC5807332_table_2,PMC5807332_table_2.xml,False,small,24,24,24,8,17.899878,24,0,24,0,24
merged,PMC3508804_table_1,PMC3508804_table_1.xml,False,small,16,15,15,15,13.689385,15,0,16,0,15
merged,PMC4503601_table_0,PMC4503601_table_0.xml,False,large,168,168,168,168,140.437627,168,0,168,0,168
merged,PMC3103460_table_2,PMC3103460_table_2.xml,True,large,135,180,120,113,99.906145,120,16,119,3,117
merged,PMC3053211_table_0,PMC3053211_table_0.xml,True,small,17,18,7,0,4.312633,7,1,16,0,7
merged,PMC2748088_table_1,PMC2748088_table_1.xml,True,small,25,26,23,22,19.832191,23,4,21,2,21
merged,PMC3022907_table_1,PMC3022907_table_1.xml,True,large,74,74,73,72,60.606205,73,4,70,3,70
merged,PMC3018458_table_1,PMC3018458_table_1.xml,False,large,132,132,132,132,106.77605,132,0,132,0,132
merged,PMC4415830_table_0,PMC4415830_table_0.xml,False,small,15,12,12,12,10.811009,12,0,15,0,12
merged,PMC1559685_table_6,PMC1559685_table_6.xml,True,medium,43,45,43,39,35.320376,43,5,38,5,38
merged,PMC3475064_table_3,PMC3475064_table_3.xml,False,small,28,28,28,28,23.849352,28,0,28,0,28
merged,PMC1382198_table_0,PMC1382198_table_0.xml,True,small,26,28,24,24,22.124448,24,2,24,0,24
merged,PMC3196697_table_1,PMC3196697_table_1.xml,True,medium,66,68,64,45,50.002388,64,4,62,2,62
merged,PMC2914705_table_0,PMC2914705_table_0.xml,False,medium,48,48,48,47,43.300721,48,0,48,0,48
merged,PMC4842766_table_0,PMC4842766_table_0.xml,False,small,12,12,12,12,10.844617,12,0,12,0,12
merged,PMC2577669_table_2,PMC2577669_table_2.xml,False,small,24,24,24,24,23.192963,24,0,24,0,24
merged,PMC6530250_table_0,PMC6530250_table_0.xml,False,medium,50,45,45,40,38.352532,45,0,50,0,45
merged,PMC4631460_table_0,PMC4631460_table_0.xml,True,small,28,30,26,26,22.458332,26,2,26,0,26
merged,PMC3308190_table_2,PMC3308190_table_2.xml,True,medium,49,91,8,5,5.587758,8,2,47,1,7
merged,PMC4445912_table_1,PMC4445912_table_1.xml,False,medium,48,47,47,47,41.912927,47,0,48,0,47
merged,PMC3238873_table_0,PMC3238873_table_0.xml,False,small,20,20,20,0,12.697654,20,0,20,0,20
merged,PMC3553130_table_1,PMC3553130_table_1.xml,True,large,77,82,66,58,54.737038,66,2,75,0,66
merged,PMC5836569_table_2,PMC5836569_table_2.xml,False,large,84,84,84,84,75.842945,84,0,84,0,84
merged,PMC3671805_table_0,PMC3671805_table_0.xml,False,large,99,108,90,24,65.551472,90,0,99,0,90
merged,PMC4446329_table_7,PMC4446329_table_7.xml,False,small,21,21,21,21,19.050546,21,0,21,0,21
merged,PMC3441624_table_0,PMC3441624_table_0.xml,True,medium,50,50,50,50,40.447726,50,2,48,2,48
merged,PMC4412628_table_0,PMC4412628_table_0.xml,True,large,164,169,162,52,117.468507,162,2,162,0,162
merged,PMC5756554_table_0,PMC5756554_table_0.xml,False,medium,52,52,52,52,47.510367,52,0,52,0,52
merged,PMC2961470_table_3,PMC2961470_table_3.xml,False,large,112,112,112,112,97.879552,112,0,112,0,112
merged,PMC4569344_table_3,PMC4569344_table_3.xml,True,large,98,122,96,96,79.709474,96,6,92,4,92
merged,PMC1182365_table_5,PMC1182365_table_5.xml,False,medium,65,66,61,60,54.217305,61,0,65,0,61
merged,PMC4676750_table_1,PMC4676750_table_1.xml,True,large,112,123,108,103,92.619347,108,7,105,3,105
merged,PMC2969532_table_0,PMC2969532_table_0.xml,False,small,20,21,19,0,11.905534,19,0,20,0,19
merged,PMC3639066_table_1,PMC3639066_table_1.xml,True,small,30,30,30,30,24.720483,30,3,27,3,27
merged,PMC4618529_table_2,PMC4618529_table_2.xml,False,medium,72,71,71,71,64.325718,71,0,72,0,71
merged,PMC5788579_table_0,PMC5788579_table_0.xml,True,large,98,107,90,87,79.288565,90,6,92,0,90
merged,PMC3362578_table_1,PMC3362578_table_1.xml,True,medium,39,42,38,37,35.290814,38,2,37,1,37
merged,PMC2979770_table_2,PMC2979770_table_2.xml,False,large,133,133,133,133,114.441996,133,0,133,0,133
merged,PMC6060226_table_0,PMC6060226_table_0.xml,False,small,15,13,13,13,11.87164,13,0,15,0,13
merged,PMC5681566_table_0,PMC5681566_table_0.xml,True,large,237,239,236,140,180.3508,236,6,231,5,231
merged,PMC6102900_table_3,PMC6102900_table_3.xml,True,medium,42,61,29,27,25.345622,29,3,39,0,29
merged,PMC3397488_table_0,PMC3397488_table_0.xml,False,large,143,142,142,142,118.526243,142,0,143,0,142
merged,PMC4376517_table_1,PMC4376517_table_1.xml,False,medium,66,66,66,46,51.559224,66,0,66,0,66
merged,PMC1458958_table_0,PMC1458958_table_0.xml,True,large,118,133,117,105,95.553406,117,2,116,1,116
merged,PMC3679988_table_0,PMC3679988_table_0.xml,True,large,100,121,77,56,60.195073,77,27,73,16,61
merged,PMC4648506_table_1,PMC4648506_table_1.xml,True,small,32,35,31,31,26.370184,31,1,31,0,31
merged,PMC4714838_table_0,PMC4714838_table_0.xml,True,medium,63,75,57,57,50.659477,57,6,57,0,57
merged,PMC2916003_table_1,PMC2916003_table_1.xml,True,large,175,209,168,102,125.325384,168,9,166,3,165
merged,PMC3009153_table_2,PMC3009153_table_2.xml,False,small,18,19,17,17,15.700507,17,0,18,0,17
merged,PMC5954896_table_0,PMC5954896_table_0.xml,False,large,90,90,90,90,80.82946,90,0,90,0,90
merged,PMC4965463_table_0,PMC4965463_table_0.xml,True,medium,31,31,31,30,28.623485,31,1,30,1,30
merged,PMC6099994_table_0,PMC6099994_table_0.xml,True,small,24,24,23,23,21.595877,23,5,19,4,19
merged,PMC2585574_table_0,PMC2585574_table_0.xml,True,medium,66,67,66,65,62.528387,66,4,62,4,62
merged,PMC5691082_table_0,PMC5691082_table_0.xml,True,large,105,106,104,2,66.276237,104,2,103,1,103
merged,PMC2979697_table_0,PMC2979697_table_0.xml,False,small,16,18,14,14,12.029867,14,0,16,0,14
unmerged,PMC4557484_table_1,PMC4557484_table_1.xml,False,small,24,24,24,23,19.578802,24,,,,
unmerged,PMC3220646_table_2,PMC3220646_table_2.xml,False,medium,49,52,47,41,40.123197,47,,,,
unmerged,PMC4830095_table_0,PMC4830095_table_0.xml,False,small,24,24,24,24,21.792317,24,,,,
unmerged,PMC4871359_table_2,PMC4871359_table_2.xml,True,medium,77,69,67,61,53.750509,67,,,,
unmerged,PMC3551747_table_3,PMC3551747_table_3.xml,True,large,238,228,227,153,172.675122,227,,,,
unmerged,PMC4603756_table_2,PMC4603756_table_2.xml,True,large,220,213,211,189,168.006204,211,,,,
unmerged,PMC4476686_table_3,PMC4476686_table_3.xml,True,medium,70,66,66,62,53.582856,66,,,,
unmerged,PMC3200184_table_1,PMC3200184_table_1.xml,False,small,28,28,28,28,23.940644,28,,,,
unmerged,PMC5801397_table_1,PMC5801397_table_1.xml,False,small,20,43,9,9,8.305572,9,,,,
unmerged,PMC2174452_table_0,PMC2174452_table_0.xml,True,large,123,122,122,119,105.826469,122,,,,
unmerged,PMC2979471_table_0,PMC2979471_table_0.xml,False,small,18,18,18,0,11.632123,18,,,,
unmerged,PMC4661520_table_0,PMC4661520_table_0.xml,False,large,246,251,242,88,180.614559,242,,,,
unmerged,PMC2585558_table_0,PMC2585558_table_0.xml,True,large,104,108,45,34,35.157842,45,,,,
unmerged,PMC4462139_table_1,PMC4462139_table_1.xml,False,medium,42,42,42,32,34.579468,42,,,,
unmerged,PMC3626709_table_3,PMC3626709_table_3.xml,True,large,88,87,86,79,71.243639,86,,,,
unmerged,PMC3353967_table_0,PMC3353967_table_0.xml,True,small,18,18,18,18,15.36071,18,,,,
unmerged,PMC3091531_table_0,PMC3091531_table_0.xml,False,large,114,114,114,114,95.921059,114,,,,
unmerged,PMC5859532_table_0,PMC5859532_table_0.xml,True,large,234,97,36,24,28.020889,36,,,,
unmerged,PMC4950718_table_3,PMC4950718_table_3.xml,True,large,126,87,71,67,63.879759,71,,,,
unmerged,PMC6069772_table_0,PMC6069772_table_0.xml,True,small,22,22,20,20,18.838991,20,,,,
unmerged,PMC1488876_table_0,PMC1488876_table_0.xml,False,medium,36,36,36,36,31.986853,36,,,,
unmerged,PMC6107733_table_3,PMC6107733_table_3.xml,False,small,6,3,3,3,2.529674,3,,,,
unmerged,PMC3391175_table_3,PMC3391175_table_3.xml,False,large,96,96,96,96,85.103663,96,,,,
unmerged,PMC2969096_table_2,PMC2969096_table_2.xml,False,small,16,17,15,6,10.92104,15,,,,
unmerged,PMC2954184_table_0,PMC2954184_table_0.xml,False,medium,36,36,36,36,29.785698,36,,,,
unmerged,PMC2577639_table_0,PMC2577639_table_0.xml,False,medium,72,72,72,72,59.460483,72,,,,
unmerged,PMC4748054_table_0,PMC4748054_table_0.xml,False,small,28,28,28,28,27.130487,28,,,,
unmerged,PMC5895719_table_0,PMC5895719_table_0.xml,False,small,22,32,18,12,14.482539,18,,,,
unmerged,PMC2886070_table_1,PMC2886070_table_1.xml,True,medium,60,64,44,29,33.857605,44,,,,
unmerged,PMC5098732_table_3,PMC5098732_table_3.xml,True,medium,39,39,27,0,16.180634,27,,,,
unmerged,PMC4650654_table_2,PMC4650654_table_2.xml,True,large,96,96,96,96,87.203907,96,,,,
unmerged,PMC4819383_table_0,PMC4819383_table_0.xml,True,medium,76,53,50,39,40.430852,50,,,,
unmerged,PMC3046132_table_2,PMC3046132_table_2.xml,True,large,224,223,223,190,172.503495,223,,,,
unmerged,PMC2711331_table_1,PMC2711331_table_1.xml,True,large,84,84,84,84,70.387788,84,,,,
unmerged,PMC4609873_table_0,PMC4609873_table_0.xml,False,large,116,116,116,112,95.031599,116,,,,
unmerged,PMC2623298_table_1,PMC2623298_table_1.xml,True,medium,52,52,49,49,43.831039,49,,,,
unmerged,PMC4641688_table_0,PMC4641688_table_0.xml,True,large,120,118,118,118,103.995776,118,,,,
unmerged,PMC2527552_table_1,PMC2527552_table_1.xml,False,medium,52,52,52,52,45.675589,52,,,,
unmerged,PMC4578763_table_2,PMC4578763_table_2.xml,False,medium,40,40,40,40,34.597599,40,,,,
unmerged,PMC1266024_table_0,PMC1266024_table_0.xml,True,large,169,150,112,31,78.811115,112,,,,
unmerged,PMC5906091_table_3,PMC5906091_table_3.xml,False,medium,55,55,55,26,41.345777,55,,,,
unmerged,PMC5075886_table_1,PMC5075886_table_1.xml,True,medium,50,43,43,43,35.313395,43,,,,
unmerged,PMC3346768_table_2,PMC3346768_table_2.xml,True,medium,39,38,38,13,28.075141,38,,,,
unmerged,PMC6460509_table_3,PMC6460509_table_3.xml,True,medium,56,48,40,40,33.777346,40,,,,
unmerged,PMC4933005_table_0,PMC4933005_table_0.xml,False,small,10,12,8,8,6.902284,8,,,,
unmerged,PMC5745737_table_2,PMC5745737_table_2.xml,True,large,98,94,90,90,74.398013,90,,,,
unmerged,PMC3009352_table_3,PMC3009352_table_3.xml,False,medium,56,56,56,40,44.542166,56,,,,
unmerged,PMC4830067_table_0,PMC4830067_table_0.xml,True,medium,63,57,54,54,47.414474,54,,,,
unmerged,PMC4957341_table_0,PMC4957341_table_0.xml,False,small,33,33,33,33,28.560619,33,,,,
unmerged,PMC2983561_table_0,PMC2983561_table_0.xml,False,small,16,18,16,5,11.587694,16,,,,
unmerged,PMC2904386_table_0,PMC2904386_table_0.xml,False,small,20,20,20,20,17.523825,20,,,,
unmerged,PMC6126004_table_3,PMC6126004_table_3.xml,False,large,112,112,112,112,96.124858,112,,,,
unmerged,PMC6037082_table_1,PMC6037082_table_1.xml,True,large,390,300,293,292,237.14258,293,,,,
unmerged,PMC5724365_table_1,PMC5724365_table_1.xml,True,large,81,81,54,0,32.667369,54,,,,
unmerged,PMC3583622_table_1,PMC3583622_table_1.xml,False,large,120,108,108,82,87.795558,108,,,,
unmerged,PMC2678101_table_0,PMC2678101_table_0.xml,False,small,30,30,30,30,27.027191,30,,,,
unmerged,PMC3507873_table_2,PMC3507873_table_2.xml,False,medium,72,72,72,70,59.118751,72,,,,
unmerged,PMC2821402_table_0,PMC2821402_table_0.xml,False,small,9,9,9,9,7.813719,9,,,,
unmerged,PMC5673718_table_3,PMC5673718_table_3.xml,True,medium,45,41,38,37,34.574828,38,,,,
unmerged,PMC4521151_table_0,PMC4521151_table_0.xml,False,medium,63,63,63,63,56.034519,63,,,,
unmerged,PMC4489625_table_0,PMC4489625_table_0.xml,True,medium,42,35,28,28,25.065012,28,,,,
unmerged,PMC3506454_table_0,PMC3506454_table_0.xml,False,small,14,14,14,14,13.187714,14,,,,
unmerged,PMC2352870_table_5,PMC2352870_table_5.xml,True,large,192,174,167,134,138.729139,167,,,,
unmerged,PMC6131896_table_1,PMC6131896_table_1.xml,True,large,110,100,100,8,67.248178,100,,,,
unmerged,PMC3004931_table_0,PMC3004931_table_0.xml,False,small,16,16,16,16,14.264221,16,,,,
unmerged,PMC4570425_table_0,PMC4570425_table_0.xml,False,medium,48,48,48,48,42.537922,48,,,,
unmerged,PMC1945034_table_3,PMC1945034_table_3.xml,True,medium,72,64,62,60,53.356518,62,,,,
unmerged,PMC2689505_table_0,PMC2689505_table_0.xml,False,medium,64,64,64,64,58.086611,64,,,,
unmerged,PMC5894967_table_0,PMC5894967_table_0.xml,True,large,102,96,92,16,57.318306,92,,,,
unmerged,PMC3296740_table_0,PMC3296740_table_0.xml,True,medium,77,76,75,45,58.89406,75,,,,
unmerged,PMC2640380_table_1,PMC2640380_table_1.xml,False,small,16,16,16,16,14.971954,16,,,,
unmerged,PMC6034749_table_0,PMC6034749_table_0.xml,True,medium,49,49,49,49,41.421118,49,,,,
unmerged,PMC2830220_table_0,PMC2830220_table_0.xml,False,medium,42,45,35,35,30.323478,35,,,,
unmerged,PMC4706714_table_0,PMC4706714_table_0.xml,False,medium,36,37,33,33,30.420362,33,,,,
unmerged,PMC3022830_table_0,PMC3022830_table_0.xml,True,large,136,130,128,122,108.187969,128,,,,
unmerged,PMC4472718_table_3,PMC4472718_table_3.xml,True,large,156,216,64,63,53.406679,64,,,,
unmerged,PMC4599890_table_3,PMC4599890_table_3.xml,False,small,12,12,12,12,11.032703,12,,,,
unmerged,PMC3184418_table_0,PMC3184418_table_0.xml,False,small,28,28,28,9,20.503304,28,,,,
unmerged,PMC2529317_table_1,PMC2529317_table_1.xml,True,large,81,84,70,61,57.159565,70,,,,
unmerged,PMC3151975_table_1,PMC3151975_table_1.xml,False,small,16,19,12,1,8.432718,12,,,,
unmerged,PMC4656969_table_0,PMC4656969_table_0.xml,False,medium,49,42,35,35,32.571526,35,,,,
unmerged,PMC5941763_table_1,PMC5941763_table_1.xml,True,large,90,90,90,90,77.740605,90,,,,
unmerged,PMC4347917_table_0,PMC4347917_table_0.xml,False,medium,36,38,32,22,24.727847,32,,,,
unmerged,PMC2718512_table_2,PMC2718512_table_2.xml,False,large,112,112,112,112,89.630472,112,,,,
unmerged,PMC3588267_table_1,PMC3588267_table_1.xml,False,large,84,84,84,83,68.463922,84,,,,
unmerged,PMC4895272_table_4,PMC4895272_table_4.xml,False,small,24,24,24,24,20.170802,24,,,,
unmerged,PMC4624135_table_2,PMC4624135_table_2.xml,True,large,111,112,111,110,94.318595,111,,,,
unmerged,PMC3501519_table_0,PMC3501519_table_0.xml,False,large,96,96,96,96,80.10703,96,,,,
unmerged,PMC2741440_table_2,PMC2741440_table_2.xml,True,large,112,88,76,76,61.767687,76,,,,
unmerged,PMC6226465_table_2,PMC6226465_table_2.xml,False,large,84,84,84,64,63.969363,84,,,,
unmerged,PMC2903598_table_1,PMC2903598_table_1.xml,False,small,18,18,18,15,14.684881,18,,,,
unmerged,PMC4882360_table_2,PMC4882360_table_2.xml,True,medium,51,51,51,51,46.713276,51,,,,
unmerged,PMC4419512_table_2,PMC4419512_table_2.xml,False,medium,36,36,36,36,31.154379,36,,,,
unmerged,PMC1851395_table_2,PMC1851395_table_2.xml,True,large,329,294,229,21,147.448212,229,,,,
unmerged,PMC3686801_table_0,PMC3686801_table_0.xml,True,medium,48,25,23,3,14.692574,23,,,,
unmerged,PMC3036605_table_0,PMC3036605_table_0.xml,True,large,130,129,129,128,114.654756,129,,,,
unmerged,PMC6032104_table_0,PMC6032104_table_0.xml,False,medium,70,70,70,65,56.73354,70,,,,
unmerged,PMC6173411_table_0,PMC6173411_table_0.xml,False,small,25,25,25,5,16.444409,25,,,,
unmerged,PMC2939516_table_0,PMC2939516_table_0.xml,False,small,33,33,33,33,30.732454,33,,,,
unmerged,PMC5791941_table_0,PMC5791941_table_0.xml,True,large,154,108,90,73,73.468924,90,,,,
unmerged,PMC3064576_table_2,PMC3064576_table_2.xml,True,small,28,23,22,22,19.627288,22,,,,
unmerged,PMC1622761_table_1,PMC1622761_table_1.xml,False,small,12,12,12,12,11.281291,12,,,,
unmerged,PMC4902286_table_2,PMC4902286_table_2.xml,True,small,35,33,32,31,26.832871,32,,,,
unmerged,PMC3238335_table_3,PMC3238335_table_3.xml,True,large,88,87,86,83,69.950402,86,,,,
unmerged,PMC3072946_table_0,PMC3072946_table_0.xml,False,medium,70,70,70,70,58.906716,70,,,,
unmerged,PMC5068742_table_4,PMC5068742_table_4.xml,True,small,15,13,13,11,11.170045,13,,,,
unmerged,PMC2983272_table_1,PMC2983272_table_1.xml,False,small,12,12,12,6,9.210904,12,,,,
unmerged,PMC3689524_table_2,PMC3689524_table_2.xml,True,small,16,15,8,8,7.119956,8,,,,
unmerged,PMC3541249_table_4,PMC3541249_table_4.xml,False,small,6,6,6,6,5.871401,6,,,,
unmerged,PMC4871359_table_3,PMC4871359_table_3.xml,True,medium,77,70,67,64,56.853131,67,,,,
unmerged,PMC5956962_table_1,PMC5956962_table_1.xml,False,medium,42,42,42,42,37.274192,42,,,,
unmerged,PMC4629756_table_0,PMC4629756_table_0.xml,False,small,27,35,18,12,14.016458,18,,,,
unmerged,PMC6010860_table_1,PMC6010860_table_1.xml,True,large,155,149,149,148,138.250308,149,,,,
unmerged,PMC5880062_table_1,PMC5880062_table_1.xml,True,large,198,171,159,49,109.473965,159,,,,
unmerged,PMC2955703_table_4,PMC2955703_table_4.xml,False,medium,55,55,55,55,45.641253,55,,,,
unmerged,PMC4641589_table_1,PMC4641589_table_1.xml,False,medium,60,60,60,60,51.045942,60,,,,
unmerged,PMC4490793_table_0,PMC4490793_table_0.xml,False,small,27,29,26,24,22.867342,26,,,,
unmerged,PMC5081668_table_2,PMC5081668_table_2.xml,True,large,144,133,119,91,94.019485,119,,,,
unmerged,PMC5997944_table_5,PMC5997944_table_5.xml,False,medium,48,48,48,48,41.901433,48,,,,
unmerged,PMC4658139_table_0,PMC4658139_table_0.xml,False,small,21,21,21,21,19.122391,21,,,,
unmerged,PMC5027767_table_0,PMC5027767_table_0.xml,False,small,15,15,11,0,6.108924,11,,,,
unmerged,PMC6154426_table_3,PMC6154426_table_3.xml,True,small,30,19,14,10,11.244086,14,,,,
unmerged,PMC6100046_table_0,PMC6100046_table_0.xml,False,medium,49,49,49,49,43.552114,49,,,,
unmerged,PMC3164601_table_2,PMC3164601_table_2.xml,True,large,80,60,48,40,38.169798,48,,,,
unmerged,PMC1929151_table_0,PMC1929151_table_0.xml,False,large,135,135,135,131,108.81428,135,,,,
unmerged,PMC2941694_table_1,PMC2941694_table_1.xml,False,medium,48,43,43,43,38.437487,43,,,,
unmerged,PMC2960599_table_0,PMC2960599_table_0.xml,False,small,20,21,19,2,13.580603,19,,,,
unmerged,PMC3673891_table_0,PMC3673891_table_0.xml,True,medium,50,47,47,26,34.862807,47,,,,
unmerged,PMC3629600_table_1,PMC3629600_table_1.xml,False,small,15,15,15,11,11.683919,15,,,,
unmerged,PMC4853443_table_3,PMC4853443_table_3.xml,False,small,20,20,20,20,17.389263,20,,,,
unmerged,PMC3615965_table_1,PMC3615965_table_1.xml,False,small,24,24,24,24,21.712154,24,,,,
unmerged,PMC4851769_table_0,PMC4851769_table_0.xml,True,large,100,100,100,100,86.798112,100,,,,
unmerged,PMC4987991_table_1,PMC4987991_table_1.xml,True,small,30,30,30,30,26.725122,30,,,,
unmerged,PMC2959565_table_1,PMC2959565_table_1.xml,False,large,168,168,168,168,140.591837,168,,,,
unmerged,PMC4873261_table_3,PMC4873261_table_3.xml,True,large,256,256,256,256,217.720484,256,,,,
unmerged,PMC2993656_table_11,PMC2993656_table_11.xml,True,medium,63,63,55,43,42.364632,55,,,,
unmerged,PMC6007071_table_0,PMC6007071_table_0.xml,False,small,21,21,14,0,7.467962,14,,,,
unmerged,PMC3200594_table_1,PMC3200594_table_1.xml,False,small,16,17,15,6,11.117024,15,,,,
unmerged,PMC3247576_table_1,PMC3247576_table_1.xml,False,small,16,17,16,12,12.00087,16,,,,
unmerged,PMC5989356_table_4,PMC5989356_table_4.xml,True,small,15,14,14,13,12.356844,14,,,,
unmerged,PMC5025155_table_3,PMC5025155_table_3.xml,True,large,108,79,71,55,55.071124,71,,,,
unmerged,PMC3232225_table_2,PMC3232225_table_2.xml,True,medium,70,67,55,15,36.987255,55,,,,
unmerged,PMC6071998_table_1,PMC6071998_table_1.xml,True,large,126,108,106,106,94.16048,106,,,,
unmerged,PMC3430984_table_0,PMC3430984_table_0.xml,False,large,96,96,96,96,76.652173,96,,,,
unmerged,PMC4936294_table_2,PMC4936294_table_2.xml,False,small,30,30,30,30,25.990284,30,,,,
unmerged,PMC4461065_table_0,PMC4461065_table_0.xml,False,small,24,24,24,24,22.502686,24,,,,
unmerged,PMC6225095_table_1,PMC6225095_table_1.xml,False,medium,44,46,44,34,36.50366,44,,,,
unmerged,PMC4457489_table_0,PMC4457489_table_0.xml,True,large,110,104,104,73,81.391334,104,,,,
unmerged,PMC5711908_table_3,PMC5711908_table_3.xml,False,medium,40,40,32,21,24.570789,32,,,,
unmerged,PMC4513019_table_0,PMC4513019_table_0.xml,True,large,198,191,188,185,153.756778,188,,,,
unmerged,PMC5086409_table_0,PMC5086409_table_0.xml,True,medium,44,91,15,4,9.730025,15,,,,
unmerged,PMC6025390_table_0,PMC6025390_table_0.xml,True,large,240,236,229,28,167.280759,229,,,,
unmerged,PMC3195289_table_0,PMC3195289_table_0.xml,False,large,96,96,96,72,75.694801,96,,,,
unmerged,PMC3132509_table_2,PMC3132509_table_2.xml,True,medium,72,57,53,41,42.282596,53,,,,
unmerged,PMC3700867_table_2,PMC3700867_table_2.xml,True,small,18,17,17,5,12.721767,17,,,,
unmerged,PMC4962254_table_0,PMC4962254_table_0.xml,False,small,27,27,27,27,25.431774,27,,,,
unmerged,PMC3688689_table_0,PMC3688689_table_0.xml,False,large,161,161,161,157,127.972984,161,,,,
unmerged,PMC4373873_table_5,PMC4373873_table_5.xml,False,medium,42,42,42,42,33.529138,42,,,,
unmerged,PMC5879993_table_0,PMC5879993_table_0.xml,True,medium,68,65,59,31,41.829146,59,,,,
unmerged,PMC3599909_table_0,PMC3599909_table_0.xml,True,large,84,79,77,76,66.802898,77,,,,
unmerged,PMC3671244_table_0,PMC3671244_table_0.xml,True,large,110,102,99,97,81.208104,99,,,,
unmerged,PMC6023632_table_1,PMC6023632_table_1.xml,True,large,105,101,98,98,84.574906,98,,,,
unmerged,PMC4493637_table_1,PMC4493637_table_1.xml,True,large,196,196,196,196,165.086685,196,,,,
unmerged,PMC3341574_table_3,PMC3341574_table_3.xml,True,medium,54,54,54,54,45.294602,54,,,,
unmerged,PMC4824530_table_1,PMC4824530_table_1.xml,False,medium,48,48,48,48,40.605623,48,,,,
unmerged,PMC4990542_table_0,PMC4990542_table_0.xml,True,large,154,148,148,50,109.615154,148,,,,
unmerged,PMC5739639_table_0,PMC5739639_table_0.xml,True,medium,72,72,72,72,63.130727,72,,,,
unmerged,PMC4526633_table_3,PMC4526633_table_3.xml,False,medium,48,48,48,48,42.370835,48,,,,
unmerged,PMC5048428_table_0,PMC5048428_table_0.xml,True,medium,40,33,31,31,27.514575,31,,,,
unmerged,PMC2967991_table_0,PMC2967991_table_0.xml,False,small,20,21,19,0,11.762789,19,,,,
unmerged,PMC3325992_table_2,PMC3325992_table_2.xml,False,medium,60,46,36,36,30.430021,36,,,,
unmerged,PMC5058761_table_1,PMC5058761_table_1.xml,True,small,32,29,29,26,25.423628,29,,,,
unmerged,PMC6205954_table_0,PMC6205954_table_0.xml,False,small,30,83,12,4,7.899747,12,,,,
unmerged,PMC5896998_table_0,PMC5896998_table_0.xml,False,small,15,10,5,0,3.409903,5,,,,
unmerged,PMC5688640_table_7,PMC5688640_table_7.xml,False,medium,65,65,65,65,60.486579,65,,,,
unmerged,PMC6092857_table_0,PMC6092857_table_0.xml,True,large,264,260,259,225,208.550498,259,,,,
unmerged,PMC4963123_table_0,PMC4963123_table_0.xml,False,small,12,12,12,12,10.917235,12,,,,
unmerged,PMC4485293_table_1,PMC4485293_table_1.xml,False,small,20,20,20,20,17.82766,20,,,,
unmerged,PMC4864823_table_0,PMC4864823_table_0.xml,False,small,6,20,3,3,2.748425,3,,,,
unmerged,PMC5102476_table_1,PMC5102476_table_1.xml,True,large,84,84,84,51,67.362226,84,,,,
unmerged,PMC4523781_table_1,PMC4523781_table_1.xml,False,small,25,25,25,25,21.09496,25,,,,
unmerged,PMC4955163_table_0,PMC4955163_table_0.xml,True,small,14,32,9,9,7.991056,9,,,,
unmerged,PMC4485614_table_0,PMC4485614_table_0.xml,True,medium,76,76,76,40,56.806894,76,,,,
unmerged,PMC4871438_table_1,PMC4871438_table_1.xml,False,large,186,186,186,183,153.623585,186,,,,
unmerged,PMC1939840_table_1,PMC1939840_table_1.xml,False,medium,52,52,52,52,46.011797,52,,,,
unmerged,PMC5120060_table_4,PMC5120060_table_4.xml,False,small,20,23,18,18,16.43361,18,,,,
unmerged,PMC6025384_table_1,PMC6025384_table_1.xml,True,medium,63,62,62,61,56.870335,62,,,,
unmerged,PMC4709483_table_1,PMC4709483_table_1.xml,True,medium,65,57,52,6,36.275455,52,,,,
unmerged,PMC3409068_table_1,PMC3409068_table_1.xml,False,large,92,92,88,23,53.695932,88,,,,
unmerged,PMC5093738_table_3,PMC5093738_table_3.xml,False,large,104,104,104,103,89.43519,104,,,,
unmerged,PMC4678211_table_1,PMC4678211_table_1.xml,True,large,93,98,89,75,69.736249,89,,,,
unmerged,PMC5017671_table_1,PMC5017671_table_1.xml,True,medium,44,43,42,42,37.605817,42,,,,
unmerged,PMC4940829_table_0,PMC4940829_table_0.xml,True,large,98,42,27,16,21.134862,27,,,,
unmerged,PMC5927400_table_0,PMC5927400_table_0.xml,False,large,253,253,253,157,192.017348,253,,,,
unmerged,PMC3072324_table_0,PMC3072324_table_0.xml,False,small,27,27,27,27,25.180425,27,,,,
unmerged,PMC2960525_table_3,PMC2960525_table_3.xml,False,small,10,4,2,0,1.032768,2,,,,
unmerged,PMC4355521_table_0,PMC4355521_table_0.xml,False,small,16,16,16,16,13.858647,16,,,,
unmerged,PMC4431603_table_2,PMC4431603_table_2.xml,True,medium,70,65,62,62,52.871077,62,,,,
unmerged,PMC5953918_table_0,PMC5953918_table_0.xml,True,large,207,198,195,86,142.328772,195,,,,
unmerged,PMC3129319_table_1,PMC3129319_table_1.xml,False,small,27,27,27,18,20.625147,27,,,,
unmerged,PMC3544827_table_2,PMC3544827_table_2.xml,True,medium,40,38,37,29,30.040729,37,,,,
unmerged,PMC4597800_table_0,PMC4597800_table_0.xml,True,small,28,23,22,21,20.447474,22,,,,
unmerged,PMC2944255_table_5,PMC2944255_table_5.xml,False,small,21,19,19,18,16.136772,19,,,,
unmerged,PMC5996883_table_0,PMC5996883_table_0.xml,True,medium,63,57,55,38,42.669853,55,,,,
unmerged,PMC3269416_table_0,PMC3269416_table_0.xml,False,small,9,9,9,9,8.230798,9,,,,
unmerged,PMC5829779_table_3,PMC5829779_table_3.xml,False,medium,52,52,52,52,46.183856,52,,,,
unmerged,PMC6019505_table_2,PMC6019505_table_2.xml,False,medium,36,36,36,36,31.020283,36,,,,
unmerged,PMC6085217_table_3,PMC6085217_table_3.xml,True,small,30,32,20,17,16.671498,20,,,,
unmerged,PMC3446543_table_1,PMC3446543_table_1.xml,True,small,21,22,17,2,11.656279,17,,,,
unmerged,PMC6038205_table_4,PMC6038205_table_4.xml,True,large,114,114,95,0,56.382466,95,,,,
unmerged,PMC3653782_table_3,PMC3653782_table_3.xml,True,large,105,103,102,69,79.489929,102,,,,
unmerged,PMC4795930_table_0,PMC4795930_table_0.xml,True,large,112,109,108,27,79.156842,108,,,,
unmerged,PMC2999564_table_3,PMC2999564_table_3.xml,False,large,80,80,80,79,67.81249,80,,,,
unmerged,PMC6236952_table_0,PMC6236952_table_0.xml,True,small,21,18,15,5,10.964951,15,,,,
unmerged,PMC2959605_table_1,PMC2959605_table_1.xml,False,large,175,174,173,173,147.071646,173,,,,
unmerged,PMC3680193_table_1,PMC3680193_table_1.xml,True,large,245,241,240,237,212.315472,240,,,,
unmerged,PMC4472248_table_0,PMC4472248_table_0.xml,True,large,110,85,84,66,65.818947,84,,,,
unmerged,PMC3444503_table_2,PMC3444503_table_2.xml,True,large,84,84,84,72,67.764212,84,,,,
unmerged,PMC2861057_table_0,PMC2861057_table_0.xml,True,medium,42,42,42,42,38.681369,42,,,,
unmerged,PMC5945046_table_1,PMC5945046_table_1.xml,True,large,119,115,113,3,74.308661,113,,,,
unmerged,PMC3473247_table_2,PMC3473247_table_2.xml,False,small,15,15,15,15,13.186263,15,,,,
unmerged,PMC5725103_table_2,PMC5725103_table_2.xml,True,large,161,155,150,150,124.962667,150,,,,
unmerged,PMC6040068_table_3,PMC6040068_table_3.xml,True,large,91,106,84,75,69.678231,84,,,,
unmerged,PMC4699818_table_0,PMC4699818_table_0.xml,False,medium,60,60,60,60,52.619467,60,,,,
unmerged,PMC6079442_table_0,PMC6079442_table_0.xml,False,large,192,192,192,163,153.080232,192,,,,
unmerged,PMC3072304_table_0,PMC3072304_table_0.xml,False,small,32,36,32,28,27.634002,32,,,,
unmerged,PMC3036079_table_0,PMC3036079_table_0.xml,True,large,154,153,153,142,125.431634,153,,,,
unmerged,PMC5751415_table_2,PMC5751415_table_2.xml,True,small,28,22,21,15,16.035036,21,,,,
unmerged,PMC6028909_table_2,PMC6028909_table_2.xml,True,large,140,138,137,137,115.628681,137,,,,
unmerged,PMC4364747_table_1,PMC4364747_table_1.xml,False,large,90,90,90,90,74.413716,90,,,,
unmerged,PMC3099919_table_4,PMC3099919_table_4.xml,False,medium,45,45,36,0,22.908683,36,,,,
unmerged,PMC4740352_table_3,PMC4740352_table_3.xml,True,medium,72,90,61,54,51.236457,61,,,,
unmerged,PMC5020513_table_0,PMC5020513_table_0.xml,True,large,165,160,158,158,142.255356,158,,,,
unmerged,PMC6087012_table_2,PMC6087012_table_2.xml,True,medium,75,72,71,71,67.134026,71,,,,
unmerged,PMC4641152_table_2,PMC4641152_table_2.xml,True,small,16,13,11,1,7.37806,11,,,,
unmerged,PMC4446004_table_0,PMC4446004_table_0.xml,False,large,120,120,120,117,95.712549,120,,,,
unmerged,PMC2596488_table_1,PMC2596488_table_1.xml,True,medium,70,70,70,50,58.10739,70,,,,
unmerged,PMC5679600_table_1,PMC5679600_table_1.xml,False,small,25,25,25,25,21.914948,25,,,,
unmerged,PMC4697506_table_0,PMC4697506_table_0.xml,False,medium,42,42,42,42,35.686906,42,,,,
unmerged,PMC3006915_table_2,PMC3006915_table_2.xml,False,large,280,267,266,198,208.323099,266,,,,
unmerged,PMC3484115_table_0,PMC3484115_table_0.xml,True,large,108,103,98,67,75.98473,98,,,,
unmerged,PMC5840833_table_0,PMC5840833_table_0.xml,True,large,160,160,160,131,137.582002,160,,,,
unmerged,PMC4923155_table_3,PMC4923155_table_3.xml,True,large,240,237,237,164,179.437301,237,,,,
unmerged,PMC6002068_table_6,PMC6002068_table_6.xml,True,small,27,27,27,27,23.890916,27,,,,
unmerged,PMC3103460_table_0,PMC3103460_table_0.xml,True,large,189,173,146,81,113.83899,146,,,,
unmerged,PMC4360558_table_1,PMC4360558_table_1.xml,False,small,16,13,12,11,11.065258,12,,,,
unmerged,PMC4378979_table_0,PMC4378979_table_0.xml,True,large,88,75,73,73,63.098096,73,,,,
unmerged,PMC3585286_table_1,PMC3585286_table_1.xml,False,large,120,113,113,89,86.811394,113,,,,
unmerged,PMC1599734_table_0,PMC1599734_table_0.xml,False,small,27,20,17,17,15.877801,17,,,,
unmerged,PMC3535723_table_1,PMC3535723_table_1.xml,True,large,91,91,91,89,73.652025,91,,,,
unmerged,PMC5768441_table_0,PMC5768441_table_0.xml,True,medium,52,51,47,44,41.234404,47,,,,
unmerged,PMC2649911_table_0,PMC2649911_table_0.xml,False,small,9,8,8,8,7.527165,8,,,,
unmerged,PMC3485083_table_1,PMC3485083_table_1.xml,False,large,156,151,151,39,111.181134,151,,,,
unmerged,PMC3526551_table_2,PMC3526551_table_2.xml,True,medium,60,20,20,0,11.740451,20,,,,
unmerged,PMC4667499_table_0,PMC4667499_table_0.xml,True,large,210,185,138,40,91.87263,138,,,,
unmerged,PMC5966494_table_1,PMC5966494_table_1.xml,True,large,187,179,176,162,138.879379,176,,,,
unmerged,PMC3338423_table_0,PMC3338423_table_0.xml,True,large,195,184,180,77,133.944271,180,,,,
unmerged,PMC4349793_table_0,PMC4349793_table_0.xml,True,large,152,152,151,149,129.545312,151,,,,
unmerged,PMC5707816_table_1,PMC5707816_table_1.xml,True,large,130,121,117,115,100.787829,117,,,,
unmerged,PMC3224767_table_0,PMC3224767_table_0.xml,True,medium,48,48,48,48,41.312133,48,,,,
unmerged,PMC4345205_table_0,PMC4345205_table_0.xml,False,small,18,18,18,4,12.452064,18,,,,
unmerged,PMC3269996_table_1,PMC3269996_table_1.xml,True,large,110,101,99,98,81.850594,99,,,,
unmerged,PMC3464599_table_0,PMC3464599_table_0.xml,False,small,24,24,24,24,22.12427,24,,,,
unmerged,PMC2577088_table_1,PMC2577088_table_1.xml,False,small,30,30,30,30,27.98572,30,,,,
unmerged,PMC2969637_table_1,PMC2969637_table_1.xml,False,large,161,161,161,161,133.664193,161,,,,
unmerged,PMC5998039_table_0,PMC5998039_table_0.xml,False,large,84,84,84,84,68.955771,84,,,,
unmerged,PMC4897879_table_0,PMC4897879_table_0.xml,True,large,203,171,171,161,138.89259,171,,,,
unmerged,PMC5745915_table_0,PMC5745915_table_0.xml,False,large,140,131,131,79,100.350019,131,,,,
unmerged,PMC5033576_table_1,PMC5033576_table_1.xml,True,large,136,115,113,113,98.814796,113,,,,
unmerged,PMC3637233_table_1,PMC3637233_table_1.xml,False,medium,60,60,60,60,52.312121,60,,,,
unmerged,PMC2732638_table_4,PMC2732638_table_4.xml,True,small,12,11,11,11,10.341979,11,,,,
unmerged,PMC3236460_table_1,PMC3236460_table_1.xml,False,small,32,32,32,32,28.994416,32,,,,
unmerged,PMC6137918_table_1,PMC6137918_table_1.xml,True,medium,64,64,63,21,45.149134,63,,,,
unmerged,PMC6156278_table_0,PMC6156278_table_0.xml,True,large,84,84,84,64,70.850365,84,,,,
unmerged,PMC2695361_table_4,PMC2695361_table_4.xml,False,small,16,16,16,16,15.079496,16,,,,
unmerged,PMC4747561_table_0,PMC4747561_table_0.xml,True,medium,49,49,49,49,43.294937,49,,,,
unmerged,PMC6025609_table_0,PMC6025609_table_0.xml,False,medium,40,40,40,40,37.466357,40,,,,
unmerged,PMC2628647_table_1,PMC2628647_table_1.xml,False,medium,42,42,42,42,36.398806,42,,,,
unmerged,PMC4736147_table_0,PMC4736147_table_0.xml,True,large,216,180,180,19,116.207302,180,,,,
unmerged,PMC3201530_table_3,PMC3201530_table_3.xml,False,small,15,15,14,11,11.196874,14,,,,
unmerged,PMC5714139_table_0,PMC5714139_table_0.xml,True,small,28,40,20,16,15.270569,20,,,,
unmerged,PMC4446492_table_0,PMC4446492_table_0.xml,False,large,123,123,123,123,98.533997,123,,,,
unmerged,PMC4524475_table_0,PMC4524475_table_0.xml,False,large,140,140,140,110,107.859164,140,,,,
unmerged,PMC4650288_table_3,PMC4650288_table_3.xml,True,medium,63,63,63,63,54.070728,63,,,,
unmerged,PMC6017431_table_0,PMC6017431_table_0.xml,True,medium,77,72,68,67,55.443054,68,,,,
unmerged,PMC3515887_table_0,PMC3515887_table_0.xml,True,small,12,79,6,5,4.838633,6,,,,
unmerged,PMC3006894_table_1,PMC3006894_table_1.xml,False,medium,50,50,46,30,34.980372,46,,,,
unmerged,PMC6172266_table_0,PMC6172266_table_0.xml,True,large,108,99,97,75,74.497284,97,,,,
unmerged,PMC4457818_table_1,PMC4457818_table_1.xml,True,medium,63,59,59,56,50.279881,59,,,,
unmerged,PMC5074446_table_0,PMC5074446_table_0.xml,True,small,27,37,19,10,14.905472,19,,,,
unmerged,PMC5117527_table_0,PMC5117527_table_0.xml,False,small,22,22,22,22,19.70565,22,,,,
unmerged,PMC2830186_table_10,PMC2830186_table_10.xml,True,large,168,161,160,159,130.639198,160,,,,
unmerged,PMC3589335_table_2,PMC3589335_table_2.xml,True,medium,48,48,48,48,40.225134,48,,,,
unmerged,PMC2623298_table_0,PMC2623298_table_0.xml,True,medium,52,56,49,47,43.045064,49,,,,
unmerged,PMC4343049_table_0,PMC4343049_table_0.xml,True,large,110,106,105,103,90.663215,105,,,,
unmerged,PMC4459660_table_2,PMC4459660_table_2.xml,True,medium,52,55,45,24,34.54981,45,,,,
unmerged,PMC5686811_table_2,PMC5686811_table_2.xml,False,large,88,88,88,88,77.64254,88,,,,
unmerged,PMC3217847_table_2,PMC3217847_table_2.xml,True,large,112,108,106,106,87.815834,106,,,,
unmerged,PMC3089322_table_4,PMC3089322_table_4.xml,False,large,154,154,154,154,131.699078,154,,,,
unmerged,PMC4666065_table_1,PMC4666065_table_1.xml,True,large,153,152,152,57,113.001677,152,,,,
unmerged,PMC6016042_table_1,PMC6016042_table_1.xml,True,medium,72,72,72,72,62.749092,72,,,,
unmerged,PMC6147783_table_0,PMC6147783_table_0.xml,False,small,20,20,20,7,14.431872,20,,,,
unmerged,PMC4898693_table_2,PMC4898693_table_2.xml,True,small,21,21,21,15,17.166239,21,,,,
unmerged,PMC5100194_table_1,PMC5100194_table_1.xml,True,medium,65,61,61,57,52.64013,61,,,,
unmerged,PMC3412721_table_0,PMC3412721_table_0.xml,True,medium,40,40,40,40,38.593769,40,,,,
unmerged,PMC4550389_table_3,PMC4550389_table_3.xml,True,large,108,103,102,91,82.667749,102,,,,
unmerged,PMC2721847_table_0,PMC2721847_table_0.xml,True,small,30,30,30,30,26.337014,30,,,,
unmerged,PMC2865542_table_4,PMC2865542_table_4.xml,False,small,25,50,15,10,11.47024,15,,,,
unmerged,PMC3405067_table_0,PMC3405067_table_0.xml,False,large,132,132,132,125,105.192897,132,,,,
unmerged,PMC3462107_table_0,PMC3462107_table_0.xml,True,large,160,156,156,152,143.630935,156,,,,
unmerged,PMC4632702_table_0,PMC4632702_table_0.xml,False,small,12,12,12,12,11.369474,12,,,,
unmerged,PMC5751186_table_0,PMC5751186_table_0.xml,True,small,20,17,16,16,15.25081,16,,,,
unmerged,PMC6105256_table_2,PMC6105256_table_2.xml,False,large,324,289,247,145,185.357108,247,,,,
unmerged,PMC3503853_table_2,PMC3503853_table_2.xml,False,small,21,21,21,21,18.634443,21,,,,
unmerged,PMC2959688_table_1,PMC2959688_table_1.xml,False,large,154,153,153,153,133.113717,153,,,,
unmerged,PMC5916864_table_0,PMC5916864_table_0.xml,False,small,24,24,24,24,20.497174,24,,,,
unmerged,PMC5991593_table_1,PMC5991593_table_1.xml,True,medium,60,56,55,55,50.786609,55,,,,
unmerged,PMC3437489_table_0,PMC3437489_table_0.xml,True,large,108,96,94,85,76.66837,94,,,,
unmerged,PMC5059980_table_1,PMC5059980_table_1.xml,True,small,24,19,14,13,11.542007,14,,,,
unmerged,PMC5704458_table_0,PMC5704458_table_0.xml,True,small,32,61,20,20,18.181205,20,,,,
unmerged,PMC6094581_table_1,PMC6094581_table_1.xml,False,medium,40,45,35,32,30.266643,35,,,,
unmerged,PMC4866963_table_0,PMC4866963_table_0.xml,True,small,35,32,29,29,25.118244,29,,,,
unmerged,PMC5015207_table_2,PMC5015207_table_2.xml,True,small,35,32,32,29,27.932621,32,,,,
unmerged,PMC4710970_table_1,PMC4710970_table_1.xml,True,large,80,64,59,58,52.55156,59,,,,
unmerged,PMC6003148_table_0,PMC6003148_table_0.xml,True,small,20,18,13,1,8.695705,13,,,,
unmerged,PMC4882771_table_2,PMC4882771_table_2.xml,False,large,92,92,92,92,83.250863,92,,,,
unmerged,PMC5100185_table_0,PMC5100185_table_0.xml,True,small,18,18,18,18,15.468876,18,,,,
unmerged,PMC3564795_table_0,PMC3564795_table_0.xml,True,large,216,241,216,149,165.835828,216,,,,
unmerged,PMC4449761_table_2,PMC4449761_table_2.xml,True,large,90,84,82,82,67.064565,82,,,,
unmerged,PMC5778064_table_3,PMC5778064_table_3.xml,True,small,27,21,19,19,15.840491,19,,,,
unmerged,PMC5085032_table_1,PMC5085032_table_1.xml,True,large,154,119,114,90,92.113401,114,,,,
unmerged,PMC3622410_table_2,PMC3622410_table_2.xml,True,large,102,102,85,68,70.116516,85,,,,
unmerged,PMC6158853_table_2,PMC6158853_table_2.xml,True,medium,56,49,47,40,38.719943,47,,,,
unmerged,PMC4405850_table_0,PMC4405850_table_0.xml,True,large,84,56,28,24,21.43519,28,,,,
unmerged,PMC3544731_table_1,PMC3544731_table_1.xml,True,large,96,83,82,77,67.862384,82,,,,
unmerged,PMC5737357_table_0,PMC5737357_table_0.xml,True,medium,65,58,58,1,35.248073,58,,,,
unmerged,PMC5040809_table_0,PMC5040809_table_0.xml,True,small,15,10,6,1,3.924093,6,,,,
unmerged,PMC4491485_table_2,PMC4491485_table_2.xml,False,medium,42,42,42,7,29.244097,42,,,,
unmerged,PMC3646807_table_1,PMC3646807_table_1.xml,True,small,25,21,20,19,16.199486,20,,,,
unmerged,PMC3288075_table_1,PMC3288075_table_1.xml,False,medium,72,72,72,72,57.280459,72,,,,
unmerged,PMC5968057_table_0,PMC5968057_table_0.xml,False,large,120,120,120,120,102.366301,120,,,,
unmerged,PMC5012025_table_0,PMC5012025_table_0.xml,False,large,88,84,73,72,67.196321,73,,,,
unmerged,PMC4632776_table_2,PMC4632776_table_2.xml,False,small,20,20,20,20,18.003861,20,,,,
unmerged,PMC3068931_table_2,PMC3068931_table_2.xml,True,small,24,21,19,19,17.261167,19,,,,
unmerged,PMC4642691_table_2,PMC4642691_table_2.xml,True,medium,72,65,56,26,41.303363,56,,,,
unmerged,PMC4526162_table_0,PMC4526162_table_0.xml,False,medium,40,40,40,40,37.205294,40,,,,
unmerged,PMC2983785_table_1,PMC2983785_table_1.xml,False,small,8,8,7,1,4.966332,7,,,,
unmerged,PMC4825469_table_0,PMC4825469_table_0.xml,True,large,156,136,129,127,112.041665,129,,,,
unmerged,PMC3009348_table_1,PMC3009348_table_1.xml,False,small,16,17,14,13,10.884009,14,,,,
unmerged,PMC6070289_table_2,PMC6070289_table_2.xml,True,large,108,102,100,84,82.010777,100,,,,
unmerged,PMC2915656_table_0,PMC2915656_table_0.xml,True,large,150,143,143,138,112.612863,143,,,,
unmerged,PMC3414449_table_2,PMC3414449_table_2.xml,True,medium,60,60,60,57,48.414897,60,,,,
unmerged,PMC5810047_table_1,PMC5810047_table_1.xml,False,small,32,32,32,32,27.222155,32,,,,
unmerged,PMC3213624_table_3,PMC3213624_table_3.xml,False,large,147,147,147,147,127.37233,147,,,,
unmerged,PMC4876448_table_1,PMC4876448_table_1.xml,False,small,20,20,20,5,14.316441,20,,,,
unmerged,PMC6150164_table_0,PMC6150164_table_0.xml,True,medium,48,44,42,42,39.035223,42,,,,
unmerged,PMC4994996_table_0,PMC4994996_table_0.xml,False,small,24,24,24,16,19.808171,24,,,,
unmerged,PMC4791377_table_0,PMC4791377_table_0.xml,False,small,30,30,30,30,28.835724,30,,,,
unmerged,PMC4970739_table_0,PMC4970739_table_0.xml,True,large,132,135,131,33,86.975005,131,,,,
unmerged,PMC5051029_table_2,PMC5051029_table_2.xml,True,medium,76,76,76,76,69.433661,76,,,,
unmerged,PMC3552855_table_1,PMC3552855_table_1.xml,False,small,20,21,18,14,14.117299,18,,,,
unmerged,PMC6071983_table_0,PMC6071983_table_0.xml,False,small,35,35,8,0,4.912465,8,,,,
unmerged,PMC4407475_table_4,PMC4407475_table_4.xml,True,medium,50,45,40,40,33.840628,40,,,,
unmerged,PMC3514307_table_3,PMC3514307_table_3.xml,True,medium,54,48,46,46,38.221569,46,,,,
unmerged,PMC4849749_table_3,PMC4849749_table_3.xml,True,large,217,217,217,217,184.063643,217,,,,
unmerged,PMC3215749_table_0,PMC3215749_table_0.xml,True,large,80,80,80,80,64.390596,80,,,,
unmerged,PMC3538775_table_0,PMC3538775_table_0.xml,False,small,6,6,6,6,5.216503,6,,,,
unmerged,PMC6166939_table_3,PMC6166939_table_3.xml,False,small,30,30,30,28,24.138887,30,,,,
unmerged,PMC4488050_table_3,PMC4488050_table_3.xml,True,medium,63,58,57,56,49.892635,57,,,,
unmerged,PMC6091258_table_2,PMC6091258_table_2.xml,True,medium,48,48,32,15,23.417518,32,,,,
unmerged,PMC4791772_table_1,PMC4791772_table_1.xml,False,medium,50,50,50,50,44.682114,50,,,,
unmerged,PMC3209469_table_3,PMC3209469_table_3.xml,False,medium,42,42,42,42,39.069659,42,,,,
unmerged,PMC4460773_table_2,PMC4460773_table_2.xml,True,large,150,150,123,1,70.403666,123,,,,
unmerged,PMC2222605_table_2,PMC2222605_table_2.xml,True,small,18,20,15,5,11.006795,15,,,,
unmerged,PMC3128012_table_3,PMC3128012_table_3.xml,True,large,205,197,195,188,162.440965,195,,,,
unmerged,PMC2959996_table_1,PMC2959996_table_1.xml,False,small,16,16,16,16,13.003999,16,,,,
unmerged,PMC3306998_table_0,PMC3306998_table_0.xml,True,small,15,6,3,2,2.404956,3,,,,
unmerged,PMC6065330_table_0,PMC6065330_table_0.xml,True,medium,60,60,60,60,54.710536,60,,,,
unmerged,PMC6023428_table_0,PMC6023428_table_0.xml,False,medium,39,39,39,39,34.230539,39,,,,
unmerged,PMC3534341_table_1,PMC3534341_table_1.xml,True,medium,56,51,49,48,44.320097,49,,,,
unmerged,PMC6075757_table_2,PMC6075757_table_2.xml,True,medium,45,43,42,41,38.061061,42,,,,
unmerged,PMC5828227_table_0,PMC5828227_table_0.xml,False,large,154,154,154,154,135.238353,154,,,,
unmerged,PMC3339393_table_6,PMC3339393_table_6.xml,False,small,15,12,12,9,10.170996,12,,,,
unmerged,PMC1971068_table_3,PMC1971068_table_3.xml,True,large,153,148,147,134,117.227774,147,,,,
unmerged,PMC5825157_table_1,PMC5825157_table_1.xml,False,small,32,32,32,32,26.307634,32,,,,
unmerged,PMC4831174_table_0,PMC4831174_table_0.xml,False,small,9,6,6,3,4.448264,6,,,,
unmerged,PMC5021972_table_0,PMC5021972_table_0.xml,False,medium,70,70,70,70,58.29296,70,,,,
unmerged,PMC3079670_table_2,PMC3079670_table_2.xml,True,large,175,148,141,138,115.30351,141,,,,
unmerged,PMC5037679_table_2,PMC5037679_table_2.xml,True,large,90,85,85,82,73.735466,85,,,,
unmerged,PMC3014882_table_1,PMC3014882_table_1.xml,True,large,80,77,75,73,61.579467,75,,,,
unmerged,PMC6157292_table_11,PMC6157292_table_11.xml,False,small,12,6,0,0,0,0,,,,
unmerged,PMC5137007_table_1,PMC5137007_table_1.xml,False,medium,65,65,65,65,55.480652,65,,,,
unmerged,PMC3309941_table_1,PMC3309941_table_1.xml,True,large,207,200,197,187,165.788552,197,,,,
unmerged,PMC4936315_table_2,PMC4936315_table_2.xml,True,medium,48,45,44,44,38.930173,44,,,,
unmerged,PMC6114971_table_1,PMC6114971_table_1.xml,False,small,25,25,5,0,2.814087,5,,,,
unmerged,PMC2740668_table_1,PMC2740668_table_1.xml,True,small,26,28,24,24,23.092756,24,,,,
unmerged,PMC5709823_table_0,PMC5709823_table_0.xml,True,large,84,86,80,27,58.519518,80,,,,
unmerged,PMC3207832_table_1,PMC3207832_table_1.xml,True,large,252,253,252,156,191.481373,252,,,,
unmerged,PMC3164726_table_4,PMC3164726_table_4.xml,False,large,224,224,224,168,175.831557,224,,,,
unmerged,PMC1794454_table_0,PMC1794454_table_0.xml,True,small,24,24,24,24,21.830304,24,,,,
unmerged,PMC3702364_table_0,PMC3702364_table_0.xml,True,small,28,24,20,19,16.780901,20,,,,
unmerged,PMC6141544_table_1,PMC6141544_table_1.xml,True,large,133,129,129,126,111.317754,129,,,,
unmerged,PMC5707350_table_1,PMC5707350_table_1.xml,False,small,20,20,20,16,16.10997,20,,,,
unmerged,PMC2958834_table_0,PMC2958834_table_0.xml,True,large,98,88,85,85,70.842693,85,,,,
unmerged,PMC2794372_table_2,PMC2794372_table_2.xml,True,large,130,128,127,126,105.126367,127,,,,
unmerged,PMC6020339_table_1,PMC6020339_table_1.xml,True,medium,40,40,20,0,10.961147,20,,,,
unmerged,PMC3683149_table_2,PMC3683149_table_2.xml,False,small,25,25,25,25,21.903626,25,,,,
unmerged,PMC2960665_table_2,PMC2960665_table_2.xml,False,small,18,21,16,15,14.336351,16,,,,
unmerged,PMC2983291_table_0,PMC2983291_table_0.xml,False,small,20,20,20,0,12.301024,20,,,,
unmerged,PMC2904282_table_4,PMC2904282_table_4.xml,True,large,116,120,115,113,105.975358,115,,,,
unmerged,PMC2853082_table_0,PMC2853082_table_0.xml,True,medium,60,78,45,30,34.998694,45,,,,
unmerged,PMC3283499_table_0,PMC3283499_table_0.xml,True,large,205,205,205,205,164.90804,205,,,,
unmerged,PMC4930560_table_0,PMC4930560_table_0.xml,True,medium,50,47,46,45,42.064337,46,,,,
unmerged,PMC5833385_table_2,PMC5833385_table_2.xml,False,small,35,35,35,35,29.00031,35,,,,
unmerged,PMC2572618_table_2,PMC2572618_table_2.xml,False,small,30,30,30,30,27.533047,30,,,,
unmerged,PMC4957803_table_0,PMC4957803_table_0.xml,True,large,200,195,195,191,181.680992,195,,,,
unmerged,PMC5137107_table_0,PMC5137107_table_0.xml,True,medium,52,51,50,50,42.797676,50,,,,
unmerged,PMC1199598_table_0,PMC1199598_table_0.xml,True,small,30,28,27,25,24.865626,27,,,,
unmerged,PMC4981347_table_2,PMC4981347_table_2.xml,True,medium,72,72,72,28,52.959068,72,,,,
unmerged,PMC3052110_table_2,PMC3052110_table_2.xml,False,small,18,20,15,2,10.715427,15,,,,
unmerged,PMC4831767_table_1,PMC4831767_table_1.xml,True,large,252,243,241,240,208.013326,241,,,,
unmerged,PMC3247230_table_0,PMC3247230_table_0.xml,False,medium,42,42,42,42,33.932968,42,,,,
unmerged,PMC4934257_table_5,PMC4934257_table_5.xml,False,medium,42,42,42,42,35.483284,42,,,,
unmerged,PMC3001739_table_0,PMC3001739_table_0.xml,False,small,21,21,21,21,19.342368,21,,,,
unmerged,PMC5663491_table_0,PMC5663491_table_0.xml,True,medium,40,40,40,19,29.281483,40,,,,
unmerged,PMC4577082_table_0,PMC4577082_table_0.xml,True,large,189,176,174,164,149.123557,174,,,,
unmerged,PMC3320545_table_2,PMC3320545_table_2.xml,False,large,88,78,77,66,60.986637,77,,,,
unmerged,PMC2961393_table_4,PMC2961393_table_4.xml,False,small,25,25,15,0,8.976424,15,,,,
unmerged,PMC4608111_table_2,PMC4608111_table_2.xml,True,small,32,21,17,16,15.395479,17,,,,
unmerged,PMC5936689_table_1,PMC5936689_table_1.xml,False,small,21,21,21,0,12.073461,21,,,,
unmerged,PMC3473024_table_5,PMC3473024_table_5.xml,True,medium,50,48,48,38,37.782673,48,,,,
unmerged,PMC2561000_table_0,PMC2561000_table_0.xml,True,large,160,164,160,152,133.772876,160,,,,
unmerged,PMC2877682_table_1,PMC2877682_table_1.xml,True,large,84,87,84,84,78.986114,84,,,,
unmerged,PMC2997016_table_1,PMC2997016_table_1.xml,True,medium,49,45,42,42,35.208238,42,,,,
unmerged,PMC2486490_table_2,PMC2486490_table_2.xml,False,large,105,105,105,94,85.666565,105,,,,
unmerged,PMC5960211_table_2,PMC5960211_table_2.xml,True,large,147,145,145,144,126.570238,145,,,,
unmerged,PMC4541937_table_4,PMC4541937_table_4.xml,True,small,20,17,17,14,13.51662,17,,,,
unmerged,PMC6011944_table_1,PMC6011944_table_1.xml,True,small,18,17,17,8,12.718866,17,,,,
unmerged,PMC1079832_table_3,PMC1079832_table_3.xml,False,medium,49,49,49,49,42.288953,49,,,,
unmerged,PMC3637472_table_2,PMC3637472_table_2.xml,True,small,20,16,16,14,14.181221,16,,,,
unmerged,PMC4721698_table_0,PMC4721698_table_0.xml,True,large,90,82,80,80,64.841778,80,,,,
unmerged,PMC5681633_table_0,PMC5681633_table_0.xml,False,small,16,16,16,16,13.620848,16,,,,
unmerged,PMC4613910_table_4,PMC4613910_table_4.xml,True,large,119,107,103,103,87.280413,103,,,,
unmerged,PMC6128371_table_0,PMC6128371_table_0.xml,False,large,90,90,90,90,81.411649,90,,,,
unmerged,PMC6058288_table_0,PMC6058288_table_0.xml,False,medium,42,42,42,42,35.643065,42,,,,
unmerged,PMC5746254_table_1,PMC5746254_table_1.xml,False,small,8,8,8,8,6.585881,8,,,,
unmerged,PMC6017299_table_0,PMC6017299_table_0.xml,True,large,196,164,146,105,111.993431,146,,,,
unmerged,PMC5004196_table_1,PMC5004196_table_1.xml,True,medium,65,40,23,16,17.626009,23,,,,
unmerged,PMC3256124_table_4,PMC3256124_table_4.xml,True,small,20,11,10,5,7.277627,10,,,,
unmerged,PMC5788621_table_0,PMC5788621_table_0.xml,False,medium,45,45,45,45,40.115143,45,,,,
unmerged,PMC1871601_table_0,PMC1871601_table_0.xml,True,medium,77,73,71,69,58.41905,71,,,,
unmerged,PMC3201265_table_3,PMC3201265_table_3.xml,False,small,15,15,15,9,11.972287,15,,,,
unmerged,PMC3200926_table_0,PMC3200926_table_0.xml,False,small,18,18,18,0,11.695591,18,,,,
unmerged,PMC2315656_table_3,PMC2315656_table_3.xml,False,small,33,33,33,33,29.524518,33,,,,
unmerged,PMC2374783_table_8,PMC2374783_table_8.xml,False,small,24,24,24,21,21.027839,24,,,,
unmerged,PMC5669499_table_1,PMC5669499_table_1.xml,True,large,144,142,142,3,92.380467,142,,,,
unmerged,PMC3231711_table_1,PMC3231711_table_1.xml,False,small,8,8,8,7,6.230002,8,,,,
unmerged,PMC4915688_table_4,PMC4915688_table_4.xml,False,medium,42,42,42,42,34.584264,42,,,,
unmerged,PMC2647899_table_0,PMC2647899_table_0.xml,False,small,12,12,12,12,10.977755,12,,,,
unmerged,PMC4982323_table_4,PMC4982323_table_4.xml,True,large,120,120,120,111,97.611424,120,,,,
unmerged,PMC6134588_table_1,PMC6134588_table_1.xml,False,medium,42,39,39,39,35.964024,39,,,,
unmerged,PMC3462151_table_2,PMC3462151_table_2.xml,True,large,150,150,150,148,121.456208,150,,,,
unmerged,PMC4419456_table_0,PMC4419456_table_0.xml,True,large,120,114,112,112,94.732961,112,,,,
unmerged,PMC4976473_table_0,PMC4976473_table_0.xml,True,large,175,171,168,164,148.713652,168,,,,
unmerged,PMC5135818_table_0,PMC5135818_table_0.xml,False,small,15,15,15,11,11.848434,15,,,,
unmerged,PMC3016296_table_4,PMC3016296_table_4.xml,False,medium,75,75,75,75,63.250859,75,,,,
unmerged,PMC4625876_table_4,PMC4625876_table_4.xml,False,medium,42,42,42,42,34.80824,42,,,,
unmerged,PMC5926532_table_1,PMC5926532_table_1.xml,True,small,35,30,27,27,22.901762,27,,,,
unmerged,PMC5988440_table_3,PMC5988440_table_3.xml,False,medium,49,49,49,49,43.671408,49,,,,
unmerged,PMC3339393_table_18,PMC3339393_table_18.xml,True,small,20,18,17,13,13.939838,17,,,,
unmerged,PMC5859152_table_2,PMC5859152_table_2.xml,False,large,84,84,84,84,70.936579,84,,,,
unmerged,PMC6211744_table_6,PMC6211744_table_6.xml,True,medium,70,64,60,58,51.800159,60,,,,
unmerged,PMC3630110_table_2,PMC3630110_table_2.xml,False,medium,45,45,45,45,37.407865,45,,,,
unmerged,PMC5006397_table_1,PMC5006397_table_1.xml,False,small,24,18,18,18,16.94222,18,,,,
unmerged,PMC3201421_table_3,PMC3201421_table_3.xml,False,small,10,10,10,8,8.268839,10,,,,
unmerged,PMC6154935_table_0,PMC6154935_table_0.xml,True,medium,42,41,41,4,25.743156,41,,,,
unmerged,PMC6024939_table_3,PMC6024939_table_3.xml,True,large,100,94,92,91,80.1373,92,,,,
unmerged,PMC6193701_table_1,PMC6193701_table_1.xml,False,small,28,28,28,28,23.899171,28,,,,
unmerged,PMC2893103_table_0,PMC2893103_table_0.xml,True,large,80,96,79,63,64.503419,79,,,,
unmerged,PMC3050270_table_4,PMC3050270_table_4.xml,False,small,20,20,16,0,9.536498,16,,,,
unmerged,PMC3526519_table_1,PMC3526519_table_1.xml,True,medium,48,44,43,43,38.010744,43,,,,
unmerged,PMC4722622_table_2,PMC4722622_table_2.xml,True,large,252,247,245,243,199.690096,245,,,,
unmerged,PMC5784573_table_0,PMC5784573_table_0.xml,False,medium,36,36,36,36,32.892875,36,,,,
unmerged,PMC3504408_table_1,PMC3504408_table_1.xml,True,large,156,132,128,71,96.999487,128,,,,
unmerged,PMC4822240_table_2,PMC4822240_table_2.xml,True,medium,70,37,32,0,22.28929,32,,,,
unmerged,PMC5771167_table_0,PMC5771167_table_0.xml,True,medium,76,45,43,40,38.654681,43,,,,
unmerged,PMC5947495_table_4,PMC5947495_table_4.xml,False,small,35,35,35,35,29.310095,35,,,,
unmerged,PMC6086859_table_3,PMC6086859_table_3.xml,True,large,170,167,166,46,117.731013,166,,,,
unmerged,PMC3537687_table_1,PMC3537687_table_1.xml,False,medium,48,48,48,48,44.410692,48,,,,
unmerged,PMC4962473_table_0,PMC4962473_table_0.xml,True,medium,51,40,35,35,31.025673,35,,,,
unmerged,PMC3680093_table_1,PMC3680093_table_1.xml,False,small,33,33,33,33,30.046825,33,,,,
unmerged,PMC5794786_table_1,PMC5794786_table_1.xml,True,large,308,234,228,228,191.509411,228,,,,
unmerged,PMC6094875_table_0,PMC6094875_table_0.xml,True,medium,60,69,55,10,36.501089,55,,,,
unmerged,PMC5750934_table_4,PMC5750934_table_4.xml,True,large,120,115,114,111,95.780509,114,,,,
unmerged,PMC6238314_table_2,PMC6238314_table_2.xml,True,medium,54,54,27,0,18.970494,27,,,,
unmerged,PMC5149027_table_0,PMC5149027_table_0.xml,False,medium,77,77,77,77,68.063922,77,,,,
unmerged,PMC4549267_table_8,PMC4549267_table_8.xml,True,medium,49,42,37,35,32.374157,37,,,,
unmerged,PMC3117836_table_0,PMC3117836_table_0.xml,True,large,217,193,191,170,148.132986,191,,,,
unmerged,PMC3164687_table_1,PMC3164687_table_1.xml,True,small,24,16,12,3,8.065239,12,,,,
unmerged,PMC4831805_table_3,PMC4831805_table_3.xml,True,medium,50,46,46,46,37.80228,46,,,,
unmerged,PMC5687746_table_2,PMC5687746_table_2.xml,False,small,8,8,8,8,7.250754,8,,,,
unmerged,PMC3296578_table_1,PMC3296578_table_1.xml,False,medium,36,36,36,35,31.076569,36,,,,
unmerged,PMC5119737_table_0,PMC5119737_table_0.xml,False,medium,62,62,62,0,37.874577,62,,,,
unmerged,PMC2968103_table_2,PMC2968103_table_2.xml,False,large,133,133,133,133,113.71415,133,,,,
unmerged,PMC6082067_table_0,PMC6082067_table_0.xml,False,small,18,21,15,15,14.094822,15,,,,
unmerged,PMC3256151_table_0,PMC3256151_table_0.xml,True,medium,50,48,47,47,40.211273,47,,,,
unmerged,PMC1444915_table_0,PMC1444915_table_0.xml,True,medium,36,22,18,9,13.327513,18,,,,
unmerged,PMC5096289_table_0,PMC5096289_table_0.xml,True,large,108,115,106,64,81.271696,106,,,,
unmerged,PMC4392560_table_0,PMC4392560_table_0.xml,False,small,21,21,21,21,18.968614,21,,,,
unmerged,PMC2855072_table_0,PMC2855072_table_0.xml,False,medium,49,49,49,49,40.184164,49,,,,
unmerged,PMC4436293_table_0,PMC4436293_table_0.xml,False,small,30,30,30,30,27.025644,30,,,,
unmerged,PMC3363418_table_0,PMC3363418_table_0.xml,True,large,135,124,122,109,96.330465,122,,,,
unmerged,PMC2453114_table_2,PMC2453114_table_2.xml,False,small,16,16,16,16,14.846789,16,,,,
unmerged,PMC3660393_table_0,PMC3660393_table_0.xml,False,small,18,19,17,17,15.188871,17,,,,
unmerged,PMC3042918_table_0,PMC3042918_table_0.xml,True,small,30,38,24,21,20.08974,24,,,,
unmerged,PMC5948639_table_0,PMC5948639_table_0.xml,False,small,8,8,8,8,7.433085,8,,,,
unmerged,PMC2611967_table_3,PMC2611967_table_3.xml,False,small,21,21,21,20,18.858399,21,,,,
unmerged,PMC5790503_table_0,PMC5790503_table_0.xml,True,large,100,96,95,94,87.323781,95,,,,
unmerged,PMC5091883_table_5,PMC5091883_table_5.xml,False,medium,44,44,44,44,36.827585,44,,,,
unmerged,PMC2983382_table_3,PMC2983382_table_3.xml,False,large,165,165,165,165,138.083607,165,,,,
unmerged,PMC3688626_table_2,PMC3688626_table_2.xml,True,medium,39,39,39,39,32.315771,39,,,,
unmerged,PMC5696248_table_2,PMC5696248_table_2.xml,True,large,120,105,96,96,89.452444,96,,,,
unmerged,PMC1562360_table_1,PMC1562360_table_1.xml,True,large,92,92,92,91,77.936507,92,,,,
unmerged,PMC4889661_table_0,PMC4889661_table_0.xml,False,small,12,17,7,4,4.991795,7,,,,
unmerged,PMC4376772_table_4,PMC4376772_table_4.xml,False,small,12,12,12,10,9.72545,12,,,,
unmerged,PMC2676320_table_0,PMC2676320_table_0.xml,True,large,187,159,154,43,114.096263,154,,,,
unmerged,PMC4806293_table_3,PMC4806293_table_3.xml,True,large,198,143,129,123,104.910093,129,,,,
unmerged,PMC5955572_table_6,PMC5955572_table_6.xml,False,small,16,16,16,1,9.791182,16,,,,
unmerged,PMC5826966_table_2,PMC5826966_table_2.xml,True,medium,52,50,49,48,42.192085,49,,,,
unmerged,PMC4806486_table_2,PMC4806486_table_2.xml,False,large,80,67,65,59,51.645552,65,,,,
unmerged,PMC5712124_table_0,PMC5712124_table_0.xml,True,medium,40,39,38,38,33.287605,38,,,,
unmerged,PMC4585998_table_1,PMC4585998_table_1.xml,False,small,16,14,14,14,12.574594,14,,,,
unmerged,PMC5025662_table_0,PMC5025662_table_0.xml,True,small,32,26,24,23,20.043319,24,,,,
unmerged,PMC4349776_table_3,PMC4349776_table_3.xml,False,small,20,20,20,17,17.248934,20,,,,
unmerged,PMC4810510_table_5,PMC4810510_table_5.xml,True,large,196,172,164,60,118.47129,164,,,,
unmerged,PMC3510242_table_1,PMC3510242_table_1.xml,True,medium,65,63,63,63,55.465023,63,,,,
unmerged,PMC2971855_table_2,PMC2971855_table_2.xml,False,small,15,15,15,5,10.72763,15,,,,
unmerged,PMC3403942_table_0,PMC3403942_table_0.xml,True,medium,75,75,75,75,69.622711,75,,,,
unmerged,PMC4893485_table_1,PMC4893485_table_1.xml,True,small,28,17,16,6,10.98681,16,,,,
unmerged,PMC4471362_table_0,PMC4471362_table_0.xml,False,small,35,35,35,35,30.145156,35,,,,
unmerged,PMC2979536_table_1,PMC2979536_table_1.xml,False,small,16,17,15,5,10.824222,15,,,,
unmerged,PMC4742874_table_0,PMC4742874_table_0.xml,True,large,84,69,69,66,57.454592,69,,,,
unmerged,PMC4652281_table_3,PMC4652281_table_3.xml,True,medium,78,68,66,66,58.631997,66,,,,
unmerged,PMC4849662_table_2,PMC4849662_table_2.xml,True,small,18,17,16,6,11.399767,16,,,,
unmerged,PMC3413424_table_0,PMC3413424_table_0.xml,True,small,22,22,22,17,17.986189,22,,,,
unmerged,PMC4598679_table_0,PMC4598679_table_0.xml,False,small,32,32,32,32,29.179292,32,,,,
unmerged,PMC4359522_table_0,PMC4359522_table_0.xml,False,large,154,154,154,151,135.766503,154,,,,
unmerged,PMC3364148_table_0,PMC3364148_table_0.xml,False,large,123,125,123,120,102.167055,123,,,,
unmerged,PMC5814010_table_2,PMC5814010_table_2.xml,True,small,24,24,24,24,22.070315,24,,,,
unmerged,PMC6235971_table_0,PMC6235971_table_0.xml,True,small,21,19,17,17,14.498644,17,,,,
unmerged,PMC6373102_table_1,PMC6373102_table_1.xml,True,large,110,98,94,86,81.442637,94,,,,
unmerged,PMC4636288_table_5,PMC4636288_table_5.xml,True,medium,42,37,36,34,30.143829,36,,,,
unmerged,PMC4995788_table_1,PMC4995788_table_1.xml,True,large,168,161,156,131,122.405041,156,,,,
unmerged,PMC6102410_table_2,PMC6102410_table_2.xml,False,medium,50,50,50,50,39.952797,50,,,,
unmerged,PMC4574781_table_0,PMC4574781_table_0.xml,True,medium,54,49,48,46,42.465589,48,,,,
unmerged,PMC2923087_table_1,PMC2923087_table_1.xml,True,large,448,300,300,206,235.081703,300,,,,
unmerged,PMC4897708_table_0,PMC4897708_table_0.xml,False,small,15,15,15,15,12.958224,15,,,,
unmerged,PMC4739096_table_1,PMC4739096_table_1.xml,True,large,85,85,85,85,76.529609,85,,,,
unmerged,PMC5707922_table_0,PMC5707922_table_0.xml,True,small,18,22,15,14,12.25487,15,,,,
unmerged,PMC5702311_table_1,PMC5702311_table_1.xml,True,large,168,160,159,155,131.439052,159,,,,
unmerged,PMC6091767_table_1,PMC6091767_table_1.xml,False,medium,54,54,36,4,24.406987,36,,,,
unmerged,PMC3240627_table_0,PMC3240627_table_0.xml,False,small,16,18,14,14,11.834267,14,,,,
unmerged,PMC3108124_table_1,PMC3108124_table_1.xml,True,large,80,74,71,71,60.280028,71,,,,
unmerged,PMC5934879_table_2,PMC5934879_table_2.xml,False,medium,36,36,36,36,33.169159,36,,,,
unmerged,PMC4519131_table_1,PMC4519131_table_1.xml,False,small,25,25,23,6,15.005324,23,,,,
unmerged,PMC5940366_table_0,PMC5940366_table_0.xml,True,large,128,104,98,79,78.665751,98,,,,
unmerged,PMC6065341_table_0,PMC6065341_table_0.xml,False,medium,54,54,54,54,48.114184,54,,,,
unmerged,PMC4940880_table_0,PMC4940880_table_0.xml,True,large,192,192,192,130,152.775978,192,,,,
unmerged,PMC4654900_table_0,PMC4654900_table_0.xml,False,medium,42,42,42,42,35.620017,42,,,,
unmerged,PMC6039019_table_0,PMC6039019_table_0.xml,False,medium,56,56,56,56,49.6653,56,,,,
unmerged,PMC5894967_table_1,PMC5894967_table_1.xml,True,large,90,86,68,11,41.481518,68,,,,
unmerged,PMC2858665_table_0,PMC2858665_table_0.xml,True,small,25,25,25,0,15.7133,25,,,,
unmerged,PMC4504487_table_1,PMC4504487_table_1.xml,False,medium,42,42,42,42,37.292054,42,,,,
unmerged,PMC4624369_table_2,PMC4624369_table_2.xml,True,small,10,8,8,8,7.455137,8,,,,
unmerged,PMC2970321_table_0,PMC2970321_table_0.xml,False,small,20,20,20,0,12.494159,20,,,,
unmerged,PMC6148783_table_0,PMC6148783_table_0.xml,False,medium,55,55,55,55,47.123864,55,,,,
unmerged,PMC4388571_table_1,PMC4388571_table_1.xml,True,small,24,19,16,15,13.042234,16,,,,
unmerged,PMC5765189_table_0,PMC5765189_table_0.xml,False,medium,36,36,36,36,31.068587,36,,,,
unmerged,PMC3179728_table_1,PMC3179728_table_1.xml,False,medium,50,50,50,50,45.689291,50,,,,
unmerged,PMC5920397_table_1,PMC5920397_table_1.xml,False,medium,48,48,48,48,42.893805,48,,,,
unmerged,PMC3562170_table_1,PMC3562170_table_1.xml,False,medium,36,36,36,36,31.347032,36,,,,
unmerged,PMC5789680_table_2,PMC5789680_table_2.xml,False,medium,56,56,56,56,48.979948,56,,,,
unmerged,PMC1766366_table_0,PMC1766366_table_0.xml,False,medium,60,63,55,54,50.697553,55,,,,
unmerged,PMC3506419_table_0,PMC3506419_table_0.xml,False,medium,49,56,47,42,40.114667,47,,,,
unmerged,PMC6026135_table_1,PMC6026135_table_1.xml,True,large,280,241,238,237,199.906902,238,,,,
unmerged,PMC5010703_table_0,PMC5010703_table_0.xml,True,small,24,17,17,15,14.341755,17,,,,
unmerged,PMC5975710_table_2,PMC5975710_table_2.xml,False,medium,36,36,36,36,33.81255,36,,,,
unmerged,PMC4354281_table_0,PMC4354281_table_0.xml,False,large,85,85,85,73,70.9076,85,,,,
unmerged,PMC4445691_table_0,PMC4445691_table_0.xml,False,small,25,25,24,24,22.840392,24,,,,
unmerged,PMC3618200_table_3,PMC3618200_table_3.xml,False,small,16,16,16,16,14.586904,16,,,,
unmerged,PMC2980137_table_1,PMC2980137_table_1.xml,False,small,16,17,15,5,10.863983,15,,,,
unmerged,PMC3543339_table_0,PMC3543339_table_0.xml,True,medium,50,25,25,25,20.802264,25,,,,
unmerged,PMC4930211_table_1,PMC4930211_table_1.xml,True,medium,69,69,69,69,66.224253,69,,,,
unmerged,PMC5703480_table_0,PMC5703480_table_0.xml,False,small,22,22,16,11,11.690837,16,,,,
unmerged,PMC4390841_table_0,PMC4390841_table_0.xml,False,medium,48,48,48,48,41.765586,48,,,,
unmerged,PMC4378924_table_0,PMC4378924_table_0.xml,True,medium,42,42,42,42,35.544556,42,,,,
unmerged,PMC4594897_table_2,PMC4594897_table_2.xml,True,large,110,105,105,99,89.465373,105,,,,
unmerged,PMC2970104_table_0,PMC2970104_table_0.xml,False,small,20,20,20,0,13.926189,20,,,,
unmerged,PMC6145308_table_1,PMC6145308_table_1.xml,False,small,16,16,16,16,14.277208,16,,,,
unmerged,PMC4994378_table_0,PMC4994378_table_0.xml,True,large,108,109,105,53,78.679545,105,,,,
unmerged,PMC4407714_table_1,PMC4407714_table_1.xml,True,large,92,92,92,92,85.115084,92,,,,
unmerged,PMC4453019_table_2,PMC4453019_table_2.xml,True,large,112,106,106,106,88.886962,106,,,,
unmerged,PMC3349333_table_2,PMC3349333_table_2.xml,True,small,16,13,11,10,9.022838,11,,,,
unmerged,PMC3522606_table_0,PMC3522606_table_0.xml,True,large,90,90,90,90,72.759202,90,,,,
unmerged,PMC3573996_table_0,PMC3573996_table_0.xml,False,large,120,120,120,120,108.481158,120,,,,
unmerged,PMC4841563_table_3,PMC4841563_table_3.xml,False,small,24,24,24,24,20.289313,24,,,,
unmerged,PMC4829176_table_14,PMC4829176_table_14.xml,False,large,138,138,138,138,124.332246,138,,,,
unmerged,PMC3306553_table_0,PMC3306553_table_0.xml,True,large,96,87,86,32,64.393421,86,,,,
unmerged,PMC4865127_table_2,PMC4865127_table_2.xml,True,large,90,85,66,18,47.517673,66,,,,
unmerged,PMC6195500_table_3,PMC6195500_table_3.xml,False,small,15,15,15,15,14.595859,15,,,,
unmerged,PMC2975659_table_4,PMC2975659_table_4.xml,True,medium,60,60,60,60,52.30147,60,,,,
unmerged,PMC4562344_table_1,PMC4562344_table_1.xml,True,medium,40,38,38,38,33.594439,38,,,,
unmerged,PMC4499438_table_2,PMC4499438_table_2.xml,True,medium,70,66,65,65,56.347927,65,,,,
unmerged,PMC4967509_table_2,PMC4967509_table_2.xml,True,medium,48,48,48,48,45.667696,48,,,,
unmerged,PMC1621074_table_1,PMC1621074_table_1.xml,False,medium,55,55,54,54,48.735455,54,,,,
unmerged,PMC1524967_table_6,PMC1524967_table_6.xml,False,small,34,34,34,34,29.811004,34,,,,
unmerged,PMC3019011_table_0,PMC3019011_table_0.xml,False,small,18,22,16,14,13.111822,16,,,,
unmerged,PMC1513572_table_2,PMC1513572_table_2.xml,False,small,18,16,16,16,14.907354,16,,,,
unmerged,PMC3254532_table_3,PMC3254532_table_3.xml,False,small,35,35,23,0,13.792019,23,,,,
unmerged,PMC4604614_table_0,PMC4604614_table_0.xml,True,medium,66,75,56,18,40.82018,56,,,,
unmerged,PMC4501400_table_1,PMC4501400_table_1.xml,False,small,21,21,21,21,18.160337,21,,,,
unmerged,PMC2427197_table_4,PMC2427197_table_4.xml,False,small,15,18,14,12,11.570319,14,,,,
unmerged,PMC4504402_table_0,PMC4504402_table_0.xml,True,medium,60,55,51,30,37.075468,51,,,,
unmerged,PMC4404307_table_4,PMC4404307_table_4.xml,True,medium,40,36,35,34,30.060054,35,,,,
unmerged,PMC4991119_table_0,PMC4991119_table_0.xml,True,large,133,133,133,133,119.328585,133,,,,
unmerged,PMC3005913_table_1,PMC3005913_table_1.xml,False,medium,45,53,38,36,31.45502,38,,,,
unmerged,PMC5110593_table_2,PMC5110593_table_2.xml,False,small,12,14,10,10,8.860275,10,,,,
unmerged,PMC4434122_table_1,PMC4434122_table_1.xml,False,small,24,24,24,24,21.489217,24,,,,
unmerged,PMC5178086_table_3,PMC5178086_table_3.xml,True,large,240,239,238,133,179.856081,238,,,,
unmerged,PMC2979109_table_0,PMC2979109_table_0.xml,False,small,20,20,20,0,12.948399,20,,,,
unmerged,PMC5818526_table_0,PMC5818526_table_0.xml,True,small,35,31,29,0,18.606957,29,,,,
unmerged,PMC6089990_table_2,PMC6089990_table_2.xml,False,medium,52,52,52,43,41.155683,52,,,,
unmerged,PMC2579308_table_1,PMC2579308_table_1.xml,False,small,16,16,14,11,11.894231,14,,,,
unmerged,PMC5145878_table_1,PMC5145878_table_1.xml,True,medium,63,54,51,51,43.249612,51,,,,
unmerged,PMC5101760_table_3,PMC5101760_table_3.xml,True,large,108,99,98,92,87.210115,98,,,,
unmerged,PMC4360558_table_0,PMC4360558_table_0.xml,True,medium,60,60,60,60,55.929446,60,,,,
unmerged,PMC5874052_table_2,PMC5874052_table_2.xml,True,small,30,23,22,22,18.808356,22,,,,
unmerged,PMC4929678_table_0,PMC4929678_table_0.xml,True,medium,60,48,46,46,39.678357,46,,,,
unmerged,PMC3602305_table_5,PMC3602305_table_5.xml,False,medium,36,36,36,30,28.992691,36,,,,
unmerged,PMC2783018_table_0,PMC2783018_table_0.xml,True,small,24,21,21,19,17.606801,21,,,,
unmerged,PMC4465022_table_0,PMC4465022_table_0.xml,False,small,24,24,24,23,20.185624,24,,,,
unmerged,PMC5014415_table_0,PMC5014415_table_0.xml,False,large,208,208,208,208,183.992477,208,,,,
unmerged,PMC4437681_table_2,PMC4437681_table_2.xml,True,medium,56,50,46,46,38.704852,46,,,,
unmerged,PMC2688010_table_2,PMC2688010_table_2.xml,True,small,25,25,25,22,22.108152,25,,,,
unmerged,PMC5849718_table_0,PMC5849718_table_0.xml,True,medium,60,60,60,60,49.168092,60,,,,
unmerged,PMC5095827_table_2,PMC5095827_table_2.xml,False,small,15,15,15,13,12.06846,15,,,,
unmerged,PMC3251541_table_0,PMC3251541_table_0.xml,False,small,30,30,30,30,28.079121,30,,,,
unmerged,PMC4624795_table_1,PMC4624795_table_1.xml,True,medium,45,39,39,33,30.724994,39,,,,
unmerged,PMC5968892_table_1,PMC5968892_table_1.xml,False,medium,39,39,39,39,35.996554,39,,,,
unmerged,PMC6218030_table_1,PMC6218030_table_1.xml,False,medium,68,68,68,47,52.19526,68,,,,
unmerged,PMC3670993_table_2,PMC3670993_table_2.xml,False,small,27,27,27,27,25.153507,27,,,,
unmerged,PMC1590010_table_2,PMC1590010_table_2.xml,True,medium,42,35,34,31,29.993929,34,,,,
unmerged,PMC3123832_table_2,PMC3123832_table_2.xml,True,small,16,4,0,0,0,0,,,,
unmerged,PMC5976929_table_2,PMC5976929_table_2.xml,True,large,108,112,107,104,95.293959,107,,,,
unmerged,PMC5962747_table_1,PMC5962747_table_1.xml,True,large,120,104,99,70,75.035845,99,,,,
unmerged,PMC5955586_table_0,PMC5955586_table_0.xml,False,small,18,30,6,0,3.352282,6,,,,
unmerged,PMC4816578_table_0,PMC4816578_table_0.xml,False,small,35,35,35,35,30.478558,35,,,,
unmerged,PMC2864265_table_0,PMC2864265_table_0.xml,False,small,8,8,8,8,6.973307,8,,,,
unmerged,PMC5751830_table_3,PMC5751830_table_3.xml,True,medium,48,48,48,48,40.827739,48,,,,
unmerged,PMC3349315_table_2,PMC3349315_table_2.xml,True,small,35,28,20,6,13.540918,20,,,,
unmerged,PMC5815616_table_1,PMC5815616_table_1.xml,False,small,25,25,25,25,21.598329,25,,,,
unmerged,PMC2968377_table_0,PMC2968377_table_0.xml,False,small,20,21,19,0,12.75644,19,,,,
unmerged,PMC5842864_table_1,PMC5842864_table_1.xml,False,small,18,18,18,16,15.254201,18,,,,
unmerged,PMC3274923_table_0,PMC3274923_table_0.xml,False,small,18,18,18,18,14.768564,18,,,,
unmerged,PMC4965257_table_0,PMC4965257_table_0.xml,False,small,30,30,30,30,27.671836,30,,,,
unmerged,PMC3078546_table_1,PMC3078546_table_1.xml,False,medium,54,54,54,54,49.102094,54,,,,
unmerged,PMC3161853_table_3,PMC3161853_table_3.xml,False,medium,72,71,71,70,58.882741,71,,,,
unmerged,PMC3537189_table_1,PMC3537189_table_1.xml,False,large,98,73,73,62,60.83252,73,,,,
unmerged,PMC2518110_table_0,PMC2518110_table_0.xml,False,medium,45,45,45,45,41.719018,45,,,,
unmerged,PMC5960004_table_1,PMC5960004_table_1.xml,True,medium,48,48,27,0,15.630885,27,,,,
unmerged,PMC4606834_table_2,PMC4606834_table_2.xml,False,small,10,10,10,10,9.156574,10,,,,
unmerged,PMC4898401_table_0,PMC4898401_table_0.xml,False,large,266,266,266,168,202.985166,266,,,,
unmerged,PMC5956844_table_0,PMC5956844_table_0.xml,True,medium,76,76,76,76,61.709024,76,,,,
unmerged,PMC3052123_table_0,PMC3052123_table_0.xml,False,small,16,17,15,2,10.676857,15,,,,
unmerged,PMC4632822_table_0,PMC4632822_table_0.xml,True,medium,38,34,32,30,26.923978,32,,,,
unmerged,PMC2596126_table_5,PMC2596126_table_5.xml,True,small,24,22,21,20,19.121029,21,,,,
unmerged,PMC5995376_table_0,PMC5995376_table_0.xml,True,large,104,104,78,0,46.580474,78,,,,
unmerged,PMC5701498_table_1,PMC5701498_table_1.xml,True,large,126,126,126,42,84.317636,126,,,,
unmerged,PMC3540763_table_1,PMC3540763_table_1.xml,True,small,35,32,30,29,27.77141,30,,,,
unmerged,PMC4866031_table_3,PMC4866031_table_3.xml,True,large,84,111,52,6,33.145402,52,,,,
unmerged,PMC6192302_table_2,PMC6192302_table_2.xml,True,medium,40,39,34,1,20.299996,34,,,,
unmerged,PMC6157696_table_0,PMC6157696_table_0.xml,False,small,20,25,20,15,17.030035,20,,,,
unmerged,PMC2375871_table_2,PMC2375871_table_2.xml,True,small,20,17,16,15,13.959091,16,,,,
unmerged,PMC3483647_table_1,PMC3483647_table_1.xml,True,medium,60,57,56,56,46.941927,56,,,,
unmerged,PMC4941281_table_5,PMC4941281_table_5.xml,True,medium,50,47,47,44,41.28291,47,,,,
unmerged,PMC4449761_table_1,PMC4449761_table_1.xml,False,medium,45,47,45,40,38.239413,45,,,,
unmerged,PMC2648779_table_1,PMC2648779_table_1.xml,True,medium,42,38,37,36,33.761524,37,,,,
unmerged,PMC4624169_table_0,PMC4624169_table_0.xml,True,large,108,102,81,78,70.166015,81,,,,
unmerged,PMC1906757_table_3,PMC1906757_table_3.xml,True,medium,42,33,30,30,26.993483,30,,,,
unmerged,PMC4674919_table_0,PMC4674919_table_0.xml,False,medium,44,44,44,44,36.320534,44,,,,
unmerged,PMC4871862_table_0,PMC4871862_table_0.xml,False,small,28,33,23,19,20.196918,23,,,,
unmerged,PMC6234669_table_2,PMC6234669_table_2.xml,True,large,150,149,149,146,129.060277,149,,,,
unmerged,PMC4719686_table_0,PMC4719686_table_0.xml,False,small,21,21,21,21,18.872602,21,,,,
unmerged,PMC5058751_table_0,PMC5058751_table_0.xml,True,large,180,176,176,174,165.157778,176,,,,
unmerged,PMC3042918_table_2,PMC3042918_table_2.xml,True,large,220,95,79,58,62.583598,79,,,,
unmerged,PMC2438326_table_1,PMC2438326_table_1.xml,False,medium,55,55,55,55,47.620091,55,,,,
unmerged,PMC2488328_table_1,PMC2488328_table_1.xml,True,large,102,97,97,93,79.887092,97,,,,
unmerged,PMC3639264_table_0,PMC3639264_table_0.xml,False,medium,42,42,42,42,36.539504,42,,,,
unmerged,PMC2585588_table_0,PMC2585588_table_0.xml,False,medium,45,45,45,45,38.620774,45,,,,
unmerged,PMC5918569_table_2,PMC5918569_table_2.xml,False,small,35,35,35,35,31.369694,35,,,,
unmerged,PMC3123847_table_1,PMC3123847_table_1.xml,True,medium,70,67,65,64,55.68496,65,,,,
unmerged,PMC5667804_table_0,PMC5667804_table_0.xml,False,small,24,24,24,24,22.096244,24,,,,
unmerged,PMC3176760_table_0,PMC3176760_table_0.xml,False,medium,36,36,36,28,28.66313,36,,,,
unmerged,PMC3009027_table_2,PMC3009027_table_2.xml,False,small,25,25,20,4,13.828176,20,,,,
unmerged,PMC4886160_table_0,PMC4886160_table_0.xml,False,large,90,90,90,10,62.85375,90,,,,
unmerged,PMC4439031_table_1,PMC4439031_table_1.xml,True,large,95,95,95,95,79.004956,95,,,,
unmerged,PMC3684745_table_3,PMC3684745_table_3.xml,True,large,186,160,154,36,114.280086,154,,,,
unmerged,PMC5700096_table_2,PMC5700096_table_2.xml,False,small,18,18,18,12,14.048753,18,,,,
unmerged,PMC3557148_table_1,PMC3557148_table_1.xml,False,large,96,96,96,90,75.302361,96,,,,
unmerged,PMC3237410_table_0,PMC3237410_table_0.xml,True,large,192,192,192,177,151.256006,192,,,,
unmerged,PMC3063837_table_1,PMC3063837_table_1.xml,False,large,92,92,92,92,85.906581,92,,,,
unmerged,PMC4431502_table_1,PMC4431502_table_1.xml,True,large,155,142,141,141,119.645385,141,,,,
unmerged,PMC1192817_table_3,PMC1192817_table_3.xml,False,medium,54,54,54,54,50.217532,54,,,,
unmerged,PMC3118713_table_3,PMC3118713_table_3.xml,False,large,341,300,300,284,249.035052,300,,,,
unmerged,PMC4414453_table_0,PMC4414453_table_0.xml,False,small,8,7,6,5,4.941108,6,,,,
unmerged,PMC6091292_table_0,PMC6091292_table_0.xml,False,small,18,18,18,18,15.513495,18,,,,
unmerged,PMC6142186_table_0,PMC6142186_table_0.xml,True,large,108,108,108,108,95.859672,108,,,,
unmerged,PMC2780999_table_3,PMC2780999_table_3.xml,False,large,114,114,114,114,95.268838,114,,,,
unmerged,PMC3414449_table_0,PMC3414449_table_0.xml,True,large,112,106,101,41,71.067651,101,,,,
unmerged,PMC4892679_table_1,PMC4892679_table_1.xml,True,medium,42,41,40,33,33.222183,40,,,,
unmerged,PMC5727003_table_2,PMC5727003_table_2.xml,True,medium,40,39,34,32,30.259376,34,,,,
unmerged,PMC1065107_table_1,PMC1065107_table_1.xml,True,large,80,73,70,70,56.012398,70,,,,
unmerged,PMC4619589_table_3,PMC4619589_table_3.xml,True,large,84,81,81,79,67.329236,81,,,,
unmerged,PMC4999370_table_0,PMC4999370_table_0.xml,False,large,92,92,92,92,79.372843,92,,,,
unmerged,PMC5725584_table_2,PMC5725584_table_2.xml,True,small,22,21,21,21,19.146727,21,,,,
unmerged,PMC5953442_table_1,PMC5953442_table_1.xml,False,medium,48,48,48,47,42.066284,48,,,,
unmerged,PMC4816552_table_2,PMC4816552_table_2.xml,True,medium,36,35,34,30,28.338385,34,,,,
unmerged,PMC4425098_table_0,PMC4425098_table_0.xml,True,large,147,119,111,111,96.414791,111,,,,
unmerged,PMC3599226_table_0,PMC3599226_table_0.xml,True,medium,36,33,28,26,24.990003,28,,,,
unmerged,PMC4433905_table_2,PMC4433905_table_2.xml,True,medium,49,45,43,27,32.867513,43,,,,
unmerged,PMC3380946_table_3,PMC3380946_table_3.xml,False,large,98,98,98,98,79.118629,98,,,,
unmerged,PMC5048623_table_2,PMC5048623_table_2.xml,True,medium,36,44,36,28,30.088628,36,,,,
unmerged,PMC3006929_table_1,PMC3006929_table_1.xml,False,small,16,17,15,6,10.97039,15,,,,
unmerged,PMC6142379_table_1,PMC6142379_table_1.xml,False,medium,36,36,36,36,32.016049,36,,,,
unmerged,PMC6060796_table_0,PMC6060796_table_0.xml,False,small,10,19,4,3,3.407866,4,,,,
unmerged,PMC6223088_table_4,PMC6223088_table_4.xml,False,small,35,35,35,35,32.659155,35,,,,
unmerged,PMC4423522_table_1,PMC4423522_table_1.xml,True,medium,60,60,60,57,51.552457,60,,,,
unmerged,PMC4552273_table_0,PMC4552273_table_0.xml,False,medium,45,45,44,44,37.851425,44,,,,
unmerged,PMC3608149_table_2,PMC3608149_table_2.xml,True,small,32,26,25,25,20.765386,25,,,,
unmerged,PMC2957681_table_2,PMC2957681_table_2.xml,False,large,84,84,84,84,71.347673,84,,,,
unmerged,PMC3154280_table_2,PMC3154280_table_2.xml,True,large,96,96,96,82,73.781358,96,,,,
unmerged,PMC6235215_table_0,PMC6235215_table_0.xml,True,large,92,69,69,46,58.092732,69,,,,
unmerged,PMC1550399_table_3,PMC1550399_table_3.xml,True,large,126,116,116,116,95.797107,116,,,,
unmerged,PMC5743479_table_2,PMC5743479_table_2.xml,True,medium,50,44,41,41,38.456372,41,,,,
unmerged,PMC5722813_table_2,PMC5722813_table_2.xml,False,large,110,110,110,91,89.899615,110,,,,
unmerged,PMC1261260_table_3,PMC1261260_table_3.xml,False,medium,45,45,45,45,38.897849,45,,,,
unmerged,PMC4923075_table_0,PMC4923075_table_0.xml,False,small,30,30,30,30,27.201702,30,,,,
unmerged,PMC6028376_table_3,PMC6028376_table_3.xml,True,large,120,112,109,108,90.362625,109,,,,
unmerged,PMC3007292_table_2,PMC3007292_table_2.xml,False,large,119,119,119,119,103.088968,119,,,,
unmerged,PMC2981526_table_1,PMC2981526_table_1.xml,False,large,208,208,208,161,162.787501,208,,,,
unmerged,PMC3344586_table_1,PMC3344586_table_1.xml,False,medium,50,50,50,50,41.035962,50,,,,
unmerged,PMC3558449_table_2,PMC3558449_table_2.xml,True,large,140,135,132,131,106.656708,132,,,,
unmerged,PMC3130384_table_0,PMC3130384_table_0.xml,False,small,16,16,16,8,11.266724,16,,,,
unmerged,PMC3050259_table_0,PMC3050259_table_0.xml,False,small,18,18,18,0,12.039906,18,,,,
unmerged,PMC4906974_table_2,PMC4906974_table_2.xml,True,large,210,208,208,0,129.500095,208,,,,
unmerged,PMC2362127_table_1,PMC2362127_table_1.xml,False,large,222,222,222,216,174.496404,222,,,,
unmerged,PMC4885004_table_2,PMC4885004_table_2.xml,True,large,112,112,112,108,97.551763,112,,,,
unmerged,PMC3364269_table_1,PMC3364269_table_1.xml,True,medium,68,66,65,65,59.699587,65,,,,
unmerged,PMC3224112_table_0,PMC3224112_table_0.xml,False,small,25,20,20,0,13.351965,20,,,,
unmerged,PMC4590700_table_2,PMC4590700_table_2.xml,True,large,180,178,176,170,155.119805,176,,,,
unmerged,PMC6051080_table_0,PMC6051080_table_0.xml,False,small,24,24,24,24,21.895422,24,,,,
unmerged,PMC6077620_table_0,PMC6077620_table_0.xml,False,small,26,26,26,26,23.3881,26,,,,
unmerged,PMC3599226_table_1,PMC3599226_table_1.xml,True,large,114,93,84,83,73.707829,84,,,,
unmerged,PMC2646303_table_1,PMC2646303_table_1.xml,False,large,100,100,100,100,91.951132,100,,,,
unmerged,PMC5051338_table_0,PMC5051338_table_0.xml,True,small,30,38,22,17,18.411494,22,,,,
unmerged,PMC3515476_table_0,PMC3515476_table_0.xml,False,small,15,15,15,15,12.827602,15,,,,
unmerged,PMC5008639_table_2,PMC5008639_table_2.xml,False,small,12,12,8,0,4.574147,8,,,,
unmerged,PMC3110108_table_3,PMC3110108_table_3.xml,False,small,24,24,24,9,19.023533,24,,,,
unmerged,PMC4552859_table_2,PMC4552859_table_2.xml,False,medium,63,63,63,57,50.5152,63,,,,
unmerged,PMC3358350_table_0,PMC3358350_table_0.xml,True,large,156,150,149,105,115.1726,149,,,,
unmerged,PMC2969653_table_1,PMC2969653_table_1.xml,False,large,175,173,173,173,146.770679,173,,,,
unmerged,PMC3051715_table_2,PMC3051715_table_2.xml,False,large,133,133,133,133,112.406686,133,,,,
unmerged,PMC3519644_table_1,PMC3519644_table_1.xml,True,medium,78,74,71,71,64.681746,71,,,,
unmerged,PMC2961772_table_0,PMC2961772_table_0.xml,False,small,20,21,19,0,13.241344,19,,,,
unmerged,PMC5085210_table_2,PMC5085210_table_2.xml,True,large,133,129,127,127,108.506115,127,,,,
unmerged,PMC3419246_table_3,PMC3419246_table_3.xml,True,large,180,177,177,86,133.566891,177,,,,
unmerged,PMC4575020_table_2,PMC4575020_table_2.xml,False,small,18,13,13,5,9.572725,13,,,,
unmerged,PMC3503690_table_0,PMC3503690_table_0.xml,True,large,80,77,76,73,62.126479,76,,,,
unmerged,PMC6080075_table_0,PMC6080075_table_0.xml,False,small,15,15,15,15,13.517527,15,,,,
unmerged,PMC5751392_table_0,PMC5751392_table_0.xml,False,small,8,4,1,0,0.50964,1,,,,
unmerged,PMC4815677_table_0,PMC4815677_table_0.xml,False,medium,64,64,64,64,52.952215,64,,,,
unmerged,PMC5939194_table_1,PMC5939194_table_1.xml,False,medium,40,40,40,40,36.566776,40,,,,
unmerged,PMC2773778_table_0,PMC2773778_table_0.xml,True,large,340,297,258,75,178.097935,258,,,,
unmerged,PMC2245971_table_1,PMC2245971_table_1.xml,True,medium,50,45,44,42,38.497248,44,,,,
unmerged,PMC2277399_table_6,PMC2277399_table_6.xml,False,large,84,84,84,84,75.614438,84,,,,
unmerged,PMC4429473_table_1,PMC4429473_table_1.xml,True,medium,56,46,44,43,41.025301,44,,,,
unmerged,PMC2740668_table_0,PMC2740668_table_0.xml,True,medium,74,83,67,64,57.434725,67,,,,
unmerged,PMC3236038_table_2,PMC3236038_table_2.xml,False,medium,54,54,54,54,50.268329,54,,,,
unmerged,PMC5981094_table_1,PMC5981094_table_1.xml,True,small,15,14,14,6,10.575093,14,,,,
unmerged,PMC2989309_table_0,PMC2989309_table_0.xml,False,small,32,31,31,31,27.865499,31,,,,
unmerged,PMC3219586_table_1,PMC3219586_table_1.xml,False,small,18,18,18,18,16.53996,18,,,,
unmerged,PMC4448311_table_14,PMC4448311_table_14.xml,False,large,165,165,165,77,123.36528,165,,,,
unmerged,PMC4928746_table_0,PMC4928746_table_0.xml,False,small,6,13,4,3,3.561308,4,,,,
unmerged,PMC4344795_table_1,PMC4344795_table_1.xml,True,medium,49,43,42,42,38.140969,42,,,,
unmerged,PMC5745993_table_3,PMC5745993_table_3.xml,True,large,85,85,85,78,73.592951,85,,,,
unmerged,PMC5910587_table_1,PMC5910587_table_1.xml,False,large,100,101,97,64,77.361763,97,,,,
unmerged,PMC5063825_table_0,PMC5063825_table_0.xml,True,large,135,143,134,124,110.849447,134,,,,
unmerged,PMC6193427_table_0,PMC6193427_table_0.xml,False,large,90,90,90,90,77.970173,90,,,,
unmerged,PMC3152521_table_2,PMC3152521_table_2.xml,False,medium,40,40,40,40,34.151752,40,,,,
unmerged,PMC4895167_table_0,PMC4895167_table_0.xml,True,large,84,81,78,78,73.10014,78,,,,
unmerged,PMC3218902_table_1,PMC3218902_table_1.xml,True,large,138,136,135,135,112.527871,135,,,,
unmerged,PMC3317115_table_0,PMC3317115_table_0.xml,False,small,20,20,20,20,18.83473,20,,,,
unmerged,PMC3033808_table_1,PMC3033808_table_1.xml,False,small,24,24,24,24,21.031885,24,,,,
unmerged,PMC5857072_table_3,PMC5857072_table_3.xml,True,medium,70,58,49,37,38.636006,49,,,,
unmerged,PMC3209419_table_1,PMC3209419_table_1.xml,False,large,210,219,204,154,155.210761,204,,,,
unmerged,PMC4493450_table_0,PMC4493450_table_0.xml,True,medium,78,77,77,76,71.516528,77,,,,
unmerged,PMC3256097_table_0,PMC3256097_table_0.xml,False,small,18,19,17,15,14.724001,17,,,,
unmerged,PMC2311300_table_2,PMC2311300_table_2.xml,True,medium,54,48,48,46,40.926897,48,,,,
unmerged,PMC5823866_table_1,PMC5823866_table_1.xml,True,medium,70,70,70,53,57.762039,70,,,,
unmerged,PMC4524703_table_1,PMC4524703_table_1.xml,True,large,81,74,72,71,60.752143,72,,,,
unmerged,PMC4528708_table_0,PMC4528708_table_0.xml,True,medium,40,39,38,0,22.721798,38,,,,
unmerged,PMC4751176_table_0,PMC4751176_table_0.xml,True,medium,60,58,58,18,42.827329,58,,,,
unmerged,PMC3626802_table_2,PMC3626802_table_2.xml,False,small,12,12,12,12,11.021165,12,,,,
unmerged,PMC4727886_table_3,PMC4727886_table_3.xml,False,small,28,28,28,28,24.202243,28,,,,
unmerged,PMC3673139_table_2,PMC3673139_table_2.xml,False,medium,64,64,64,64,58.36617,64,,,,
unmerged,PMC4507693_table_3,PMC4507693_table_3.xml,False,small,18,18,18,18,16.431874,18,,,,
unmerged,PMC5097412_table_1,PMC5097412_table_1.xml,True,medium,42,38,37,37,32.490373,37,,,,
unmerged,PMC4454579_table_0,PMC4454579_table_0.xml,True,medium,72,72,72,72,63.977168,72,,,,
unmerged,PMC6196262_table_2,PMC6196262_table_2.xml,False,medium,60,74,55,52,48.159684,55,,,,
unmerged,PMC5055238_table_0,PMC5055238_table_0.xml,False,small,15,28,7,0,3.767148,7,,,,
unmerged,PMC6191440_table_0,PMC6191440_table_0.xml,False,large,112,112,112,91,86.750807,112,,,,
unmerged,PMC3440401_table_0,PMC3440401_table_0.xml,True,large,216,214,213,164,170.125143,213,,,,
unmerged,PMC4430806_table_0,PMC4430806_table_0.xml,True,large,112,106,106,50,78.717168,106,,,,
unmerged,PMC5855635_table_1,PMC5855635_table_1.xml,True,medium,64,61,60,60,58.105288,60,,,,
unmerged,PMC6060133_table_0,PMC6060133_table_0.xml,True,medium,70,64,60,16,41.433845,60,,,,
unmerged,PMC2405773_table_0,PMC2405773_table_0.xml,True,large,133,123,123,122,102.869447,123,,,,
unmerged,PMC3151838_table_3,PMC3151838_table_3.xml,False,small,15,15,12,0,7.169692,12,,,,
unmerged,PMC6035464_table_0,PMC6035464_table_0.xml,False,small,12,18,7,0,4.001468,7,,,,
unmerged,PMC3011718_table_3,PMC3011718_table_3.xml,False,small,15,15,15,12,11.933391,15,,,,
unmerged,PMC3621759_table_3,PMC3621759_table_3.xml,True,small,20,20,20,13,15.401071,20,,,,
unmerged,PMC5770061_table_0,PMC5770061_table_0.xml,True,large,117,109,102,101,82.92225,102,,,,
unmerged,PMC4538909_table_0,PMC4538909_table_0.xml,False,small,14,3,3,3,2.72349,3,,,,
unmerged,PMC6002294_table_0,PMC6002294_table_0.xml,True,medium,60,66,58,54,49.418902,58,,,,
unmerged,PMC6207690_table_0,PMC6207690_table_0.xml,False,large,238,238,238,101,178.568728,238,,,,
unmerged,PMC2994823_table_5,PMC2994823_table_5.xml,True,small,14,7,7,4,5.316211,7,,,,
unmerged,PMC2960995_table_1,PMC2960995_table_1.xml,False,small,16,16,16,12,12.368925,16,,,,
unmerged,PMC4951257_table_2,PMC4951257_table_2.xml,True,medium,40,38,38,36,33.278834,38,,,,
unmerged,PMC5863327_table_0,PMC5863327_table_0.xml,False,small,20,20,20,20,17.322346,20,,,,
unmerged,PMC6037719_table_0,PMC6037719_table_0.xml,True,large,120,117,115,85,88.641025,115,,,,
unmerged,PMC1868737_table_0,PMC1868737_table_0.xml,False,small,18,10,9,4,5.81847,9,,,,
unmerged,PMC3152872_table_3,PMC3152872_table_3.xml,False,small,25,25,25,25,22.246795,25,,,,
unmerged,PMC2414658_table_0,PMC2414658_table_0.xml,True,medium,63,80,48,32,36.241461,48,,,,
unmerged,PMC4726178_table_0,PMC4726178_table_0.xml,True,medium,56,46,38,38,32.199978,38,,,,
unmerged,PMC4684830_table_0,PMC4684830_table_0.xml,True,small,12,11,10,10,8.098302,10,,,,
unmerged,PMC4451964_table_0,PMC4451964_table_0.xml,True,large,176,171,170,160,144.436424,170,,,,
unmerged,PMC2881888_table_2,PMC2881888_table_2.xml,True,medium,49,47,37,28,30.758279,37,,,,
unmerged,PMC4476686_table_0,PMC4476686_table_0.xml,False,medium,54,54,54,49,43.885872,54,,,,
unmerged,PMC2977676_table_2,PMC2977676_table_2.xml,False,large,160,160,160,160,132.157863,160,,,,
unmerged,PMC4733276_table_1,PMC4733276_table_1.xml,True,large,100,100,100,60,78.798868,100,,,,
unmerged,PMC4753857_table_4,PMC4753857_table_4.xml,True,large,341,300,278,227,216.492551,278,,,,
unmerged,PMC3577688_table_2,PMC3577688_table_2.xml,True,large,110,107,107,99,88.996221,107,,,,
unmerged,PMC3229532_table_5,PMC3229532_table_5.xml,False,small,21,21,21,21,18.87054,21,,,,
unmerged,PMC5091883_table_4,PMC5091883_table_4.xml,True,large,120,115,115,110,98.479728,115,,,,
unmerged,PMC5842561_table_3,PMC5842561_table_3.xml,False,small,20,20,20,20,17.929769,20,,,,
unmerged,PMC3438128_table_0,PMC3438128_table_0.xml,True,medium,65,65,65,65,60.13495,65,,,,
unmerged,PMC6031195_table_1,PMC6031195_table_1.xml,True,large,147,142,142,123,119.730559,142,,,,
unmerged,PMC5855029_table_0,PMC5855029_table_0.xml,False,small,18,18,18,18,16.101907,18,,,,
unmerged,PMC2827475_table_4,PMC2827475_table_4.xml,False,small,8,2,1,1,0.830831,1,,,,
unmerged,PMC4910197_table_1,PMC4910197_table_1.xml,True,large,175,181,175,168,150.25467,175,,,,
unmerged,PMC3558497_table_2,PMC3558497_table_2.xml,True,large,156,178,105,12,68.098874,105,,,,
unmerged,PMC6163272_table_1,PMC6163272_table_1.xml,True,medium,48,48,48,48,44.495733,48,,,,
unmerged,PMC3209421_table_1,PMC3209421_table_1.xml,True,large,100,100,100,74,79.88051,100,,,,
unmerged,PMC1173115_table_0,PMC1173115_table_0.xml,True,medium,36,31,31,26,25.756074,31,,,,
unmerged,PMC4620401_table_0,PMC4620401_table_0.xml,False,small,35,35,35,35,30.373238,35,,,,
unmerged,PMC3354746_table_1,PMC3354746_table_1.xml,False,medium,40,40,40,40,33.06645,40,,,,
unmerged,PMC4584024_table_0,PMC4584024_table_0.xml,True,small,20,19,17,16,15.634886,17,,,,
unmerged,PMC2936311_table_0,PMC2936311_table_0.xml,True,small,32,32,32,32,27.814724,32,,,,
unmerged,PMC4569327_table_0,PMC4569327_table_0.xml,False,small,30,30,30,30,26.08798,30,,,,
unmerged,PMC2774164_table_0,PMC2774164_table_0.xml,False,small,30,30,30,30,25.831478,30,,,,
unmerged,PMC6150896_table_1,PMC6150896_table_1.xml,True,medium,50,49,48,48,44.78912,48,,,,
unmerged,PMC2674067_table_0,PMC2674067_table_0.xml,False,large,120,120,120,120,95.807926,120,,,,
unmerged,PMC5957403_table_0,PMC5957403_table_0.xml,True,medium,56,49,47,34,36.831249,47,,,,
unmerged,PMC3515431_table_3,PMC3515431_table_3.xml,False,small,18,18,18,18,16.256652,18,,,,
unmerged,PMC4743976_table_1,PMC4743976_table_1.xml,True,medium,60,56,55,55,49.298766,55,,,,
unmerged,PMC2689272_table_0,PMC2689272_table_0.xml,True,medium,40,35,34,31,28.13112,34,,,,
unmerged,PMC2904389_table_2,PMC2904389_table_2.xml,True,large,192,189,188,179,146.780904,188,,,,
unmerged,PMC3601255_table_0,PMC3601255_table_0.xml,False,small,20,20,20,20,17.601185,20,,,,
unmerged,PMC3091871_table_0,PMC3091871_table_0.xml,True,large,420,300,300,103,220.013022,300,,,,
unmerged,PMC3565310_table_2,PMC3565310_table_2.xml,False,medium,72,72,72,72,64.815287,72,,,,
unmerged,PMC6224011_table_0,PMC6224011_table_0.xml,True,medium,68,70,66,64,59.82037,66,,,,
unmerged,PMC2585071_table_2,PMC2585071_table_2.xml,True,small,15,15,15,14,13.660821,15,,,,
unmerged,PMC1794239_table_0,PMC1794239_table_0.xml,True,medium,56,52,50,50,43.90879,50,,,,
unmerged,PMC2844391_table_6,PMC2844391_table_6.xml,True,small,32,25,25,25,21.650947,25,,,,
unmerged,PMC3413694_table_2,PMC3413694_table_2.xml,True,large,96,91,91,84,72.449141,91,,,,
unmerged,PMC4820474_table_1,PMC4820474_table_1.xml,False,small,28,28,28,28,24.202778,28,,,,
unmerged,PMC3059479_table_0,PMC3059479_table_0.xml,True,medium,60,81,25,17,18.810529,25,,,,
unmerged,PMC4510441_table_1,PMC4510441_table_1.xml,True,large,98,97,96,96,81.404621,96,,,,
unmerged,PMC2841197_table_0,PMC2841197_table_0.xml,False,small,28,28,28,28,25.576904,28,,,,
unmerged,PMC4610448_table_1,PMC4610448_table_1.xml,False,small,20,20,20,20,17.887659,20,,,,
unmerged,PMC1783850_table_0,PMC1783850_table_0.xml,False,medium,52,52,52,52,46.056384,52,,,,
unmerged,PMC1182365_table_3,PMC1182365_table_3.xml,False,large,112,120,104,104,87.094307,104,,,,
unmerged,PMC4973110_table_1,PMC4973110_table_1.xml,True,large,152,129,110,79,86.517178,110,,,,
unmerged,PMC3011614_table_1,PMC3011614_table_1.xml,False,small,14,14,13,11,10.279503,13,,,,
unmerged,PMC4539059_table_0,PMC4539059_table_0.xml,True,medium,36,37,33,33,29.920005,33,,,,
unmerged,PMC2613904_table_4,PMC2613904_table_4.xml,False,small,10,10,10,0,6.40506,10,,,,
unmerged,PMC4828718_table_0,PMC4828718_table_0.xml,True,medium,63,49,44,44,37.325749,44,,,,
unmerged,PMC2148039_table_2,PMC2148039_table_2.xml,False,small,12,12,12,12,11.582411,12,,,,
unmerged,PMC2959437_table_1,PMC2959437_table_1.xml,False,small,15,15,13,3,9.242313,13,,,,
unmerged,PMC2958658_table_0,PMC2958658_table_0.xml,False,small,32,32,32,32,27.849002,32,,,,
unmerged,PMC3201504_table_3,PMC3201504_table_3.xml,False,small,20,20,16,0,9.961277,16,,,,
unmerged,PMC1564139_table_4,PMC1564139_table_4.xml,True,medium,77,74,73,71,64.978751,73,,,,
unmerged,PMC5932354_table_0,PMC5932354_table_0.xml,False,small,35,35,35,35,29.237098,35,,,,
unmerged,PMC1894963_table_0,PMC1894963_table_0.xml,True,medium,50,50,50,50,46.446673,50,,,,
unmerged,PMC4623515_table_1,PMC4623515_table_1.xml,False,small,20,20,19,19,17.052354,19,,,,
unmerged,PMC3280193_table_2,PMC3280193_table_2.xml,True,medium,50,45,44,42,37.467956,44,,,,
unmerged,PMC1526426_table_1,PMC1526426_table_1.xml,True,large,96,78,72,51,56.999725,72,,,,
unmerged,PMC5909278_table_2,PMC5909278_table_2.xml,False,small,20,20,20,20,18.173975,20,,,,
unmerged,PMC4610448_table_2,PMC4610448_table_2.xml,False,small,15,14,14,14,13.077797,14,,,,
unmerged,PMC4373726_table_1,PMC4373726_table_1.xml,True,medium,69,69,69,69,60.932656,69,,,,
unmerged,PMC2639378_table_2,PMC2639378_table_2.xml,True,small,30,30,30,30,27.418224,30,,,,
unmerged,PMC4580662_table_0,PMC4580662_table_0.xml,True,medium,40,25,18,16,15.579595,18,,,,
unmerged,PMC3506490_table_2,PMC3506490_table_2.xml,True,large,165,197,106,83,86.772616,106,,,,
unmerged,PMC4910197_table_0,PMC4910197_table_0.xml,False,small,9,9,9,9,8.462695,9,,,,
unmerged,PMC5011784_table_0,PMC5011784_table_0.xml,True,large,99,99,99,68,78.96403,99,,,,
unmerged,PMC5055558_table_0,PMC5055558_table_0.xml,True,medium,65,61,60,58,56.113776,60,,,,
unmerged,PMC4521140_table_8,PMC4521140_table_8.xml,True,medium,76,76,75,68,59.840853,75,,,,
unmerged,PMC6203360_table_0,PMC6203360_table_0.xml,True,large,120,120,120,111,98.053364,120,,,,
unmerged,PMC2245909_table_2,PMC2245909_table_2.xml,True,large,88,85,84,81,70.417884,84,,,,
unmerged,PMC3118248_table_2,PMC3118248_table_2.xml,True,large,405,295,282,231,230.1434,282,,,,
unmerged,PMC6019745_table_1,PMC6019745_table_1.xml,True,medium,42,42,41,15,29.243264,41,,,,
unmerged,PMC2893110_table_0,PMC2893110_table_0.xml,True,medium,42,39,39,36,36.228911,39,,,,
unmerged,PMC3040163_table_3,PMC3040163_table_3.xml,True,small,24,23,23,22,21.192614,23,,,,
unmerged,PMC5753525_table_0,PMC5753525_table_0.xml,True,medium,54,54,54,54,49.339798,54,,,,
unmerged,PMC5687717_table_1,PMC5687717_table_1.xml,False,medium,39,39,39,1,25.97547,39,,,,
unmerged,PMC5799165_table_2,PMC5799165_table_2.xml,True,small,18,18,18,18,16.040521,18,,,,
unmerged,PMC3120612_table_1,PMC3120612_table_1.xml,False,small,14,16,13,12,11.483604,13,,,,
unmerged,PMC5883545_table_0,PMC5883545_table_0.xml,False,small,18,18,9,0,5.780105,9,,,,
unmerged,PMC4409716_table_0,PMC4409716_table_0.xml,True,large,110,101,101,101,84.949289,101,,,,
unmerged,PMC3280315_table_1,PMC3280315_table_1.xml,False,small,24,25,21,20,16.522635,21,,,,
unmerged,PMC3350409_table_0,PMC3350409_table_0.xml,False,small,18,18,18,18,15.646756,18,,,,
unmerged,PMC2495075_table_0,PMC2495075_table_0.xml,True,small,16,10,6,4,4.631603,6,,,,
unmerged,PMC4883731_table_2,PMC4883731_table_2.xml,True,large,330,283,186,31,113.033051,186,,,,
unmerged,PMC3599521_table_0,PMC3599521_table_0.xml,True,large,120,116,114,114,96.190779,114,,,,
unmerged,PMC3028541_table_1,PMC3028541_table_1.xml,True,small,30,21,14,8,10.574929,14,,,,
unmerged,PMC3177816_table_0,PMC3177816_table_0.xml,True,large,80,61,55,51,46.272489,55,,,,
unmerged,PMC4405690_table_0,PMC4405690_table_0.xml,False,small,15,15,15,15,13.600297,15,,,,
unmerged,PMC5994070_table_3,PMC5994070_table_3.xml,True,large,88,82,79,78,68.679597,79,,,,
unmerged,PMC3275002_table_1,PMC3275002_table_1.xml,False,small,16,18,13,1,9.16565,13,,,,
unmerged,PMC4833949_table_0,PMC4833949_table_0.xml,False,large,91,91,91,91,76.685015,91,,,,
unmerged,PMC3527384_table_0,PMC3527384_table_0.xml,False,small,28,28,28,14,20.622518,28,,,,
unmerged,PMC1796893_table_1,PMC1796893_table_1.xml,True,medium,56,52,50,50,45.820564,50,,,,
unmerged,PMC4800152_table_0,PMC4800152_table_0.xml,True,medium,49,35,34,28,28.670606,34,,,,
unmerged,PMC2962150_table_3,PMC2962150_table_3.xml,False,large,140,140,140,140,118.246697,140,,,,
unmerged,PMC3011781_table_1,PMC3011781_table_1.xml,False,small,14,14,14,14,11.430597,14,,,,
unmerged,PMC5796484_table_0,PMC5796484_table_0.xml,False,small,20,26,17,17,15.932377,17,,,,
unmerged,PMC4872454_table_0,PMC4872454_table_0.xml,False,small,16,16,16,16,14.352053,16,,,,
unmerged,PMC4861294_table_1,PMC4861294_table_1.xml,False,medium,42,42,42,42,36.18774,42,,,,
unmerged,PMC2827563_table_2,PMC2827563_table_2.xml,True,medium,66,66,66,65,53.346561,66,,,,
unmerged,PMC4446346_table_0,PMC4446346_table_0.xml,True,large,105,98,98,94,80.28261,98,,,,
unmerged,PMC6023638_table_3,PMC6023638_table_3.xml,False,small,8,8,8,8,7.147001,8,,,,
unmerged,PMC5813102_table_1,PMC5813102_table_1.xml,False,small,10,10,10,5,7.772085,10,,,,
unmerged,PMC5797180_table_2,PMC5797180_table_2.xml,True,large,247,232,227,206,183.494646,227,,,,
unmerged,PMC3536690_table_0,PMC3536690_table_0.xml,False,medium,54,62,11,2,6.955688,11,,,,
unmerged,PMC6059413_table_4,PMC6059413_table_4.xml,True,small,24,24,24,1,16.22999,24,,,,
unmerged,PMC4514965_table_1,PMC4514965_table_1.xml,True,large,186,180,180,180,159.20857,180,,,,
unmerged,PMC4641943_table_3,PMC4641943_table_3.xml,False,small,35,35,35,35,29.316791,35,,,,
unmerged,PMC5063400_table_0,PMC5063400_table_0.xml,False,small,10,10,10,0,6.445228,10,,,,
unmerged,PMC3344427_table_1,PMC3344427_table_1.xml,False,small,10,10,10,6,7.564676,10,,,,
unmerged,PMC3671187_table_1,PMC3671187_table_1.xml,False,small,35,35,35,35,31.125342,35,,,,
unmerged,PMC3331850_table_2,PMC3331850_table_2.xml,True,medium,40,40,40,40,34.619269,40,,,,
unmerged,PMC4956717_table_4,PMC4956717_table_4.xml,True,medium,66,66,66,66,54.713546,66,,,,
unmerged,PMC5813385_table_0,PMC5813385_table_0.xml,False,medium,76,76,76,60,60.468189,76,,,,
unmerged,PMC6016135_table_0,PMC6016135_table_0.xml,False,medium,54,54,54,46,46.014534,54,,,,
unmerged,PMC3424200_table_1,PMC3424200_table_1.xml,True,large,104,104,104,78,80.347027,104,,,,
unmerged,PMC5713472_table_2,PMC5713472_table_2.xml,False,small,16,16,16,16,13.859303,16,,,,
unmerged,PMC5086957_table_0,PMC5086957_table_0.xml,False,medium,72,72,72,70,59.990669,72,,,,
unmerged,PMC6172842_table_2,PMC6172842_table_2.xml,False,medium,36,36,29,0,16.145384,29,,,,
unmerged,PMC5011800_table_1,PMC5011800_table_1.xml,False,small,10,5,5,1,3.436191,5,,,,
unmerged,PMC3404088_table_0,PMC3404088_table_0.xml,True,small,20,20,20,20,16.648518,20,,,,
unmerged,PMC5025551_table_4,PMC5025551_table_4.xml,False,small,21,21,21,21,18.759711,21,,,,
unmerged,PMC5955121_table_1,PMC5955121_table_1.xml,True,large,84,79,77,76,66.646137,77,,,,
unmerged,PMC4892614_table_7,PMC4892614_table_7.xml,True,small,32,30,29,29,26.449796,29,,,,
unmerged,PMC4930168_table_1,PMC4930168_table_1.xml,False,small,30,30,25,1,13.953551,25,,,,
unmerged,PMC5911284_table_0,PMC5911284_table_0.xml,True,small,15,14,13,11,11.10539,13,,,,
unmerged,PMC4682764_table_1,PMC4682764_table_1.xml,False,large,100,100,100,79,79.519002,100,,,,
unmerged,PMC4911094_table_0,PMC4911094_table_0.xml,True,large,108,104,102,100,86.678545,102,,,,
unmerged,PMC4391123_table_1,PMC4391123_table_1.xml,True,large,84,79,78,77,69.444307,78,,,,
unmerged,PMC3019001_table_0,PMC3019001_table_0.xml,False,small,16,16,16,16,14.444591,16,,,,
unmerged,PMC4753246_table_0,PMC4753246_table_0.xml,False,large,126,126,126,125,104.614424,126,,,,
unmerged,PMC3219371_table_6,PMC3219371_table_6.xml,False,small,16,16,16,16,14.336538,16,,,,
unmerged,PMC5758941_table_0,PMC5758941_table_0.xml,True,large,99,93,91,89,76.119386,91,,,,
unmerged,PMC2519069_table_4,PMC2519069_table_4.xml,True,large,143,80,67,39,49.9707,67,,,,
unmerged,PMC4971506_table_0,PMC4971506_table_0.xml,True,small,30,26,23,17,18.759521,23,,,,
unmerged,PMC4343020_table_1,PMC4343020_table_1.xml,False,small,24,24,24,24,22.901837,24,,,,
unmerged,PMC3392268_table_2,PMC3392268_table_2.xml,False,medium,64,64,64,64,53.65178,64,,,,
unmerged,PMC3395559_table_0,PMC3395559_table_0.xml,True,large,129,68,59,49,49.099107,59,,,,
unmerged,PMC4890862_table_0,PMC4890862_table_0.xml,False,medium,56,62,48,48,40.669987,48,,,,
unmerged,PMC4658091_table_2,PMC4658091_table_2.xml,True,medium,55,55,55,55,47.41076,55,,,,
unmerged,PMC3614707_table_0,PMC3614707_table_0.xml,True,medium,48,48,48,48,42.628984,48,,,,
unmerged,PMC4395112_table_0,PMC4395112_table_0.xml,True,medium,36,32,31,28,27.657179,31,,,,
unmerged,PMC2704954_table_0,PMC2704954_table_0.xml,False,small,24,16,16,16,14.627029,16,,,,
unmerged,PMC3543428_table_0,PMC3543428_table_0.xml,False,small,20,20,20,20,17.952766,20,,,,
unmerged,PMC2988727_table_6,PMC2988727_table_6.xml,False,small,15,14,14,14,13.084975,14,,,,
unmerged,PMC2674935_table_0,PMC2674935_table_0.xml,True,medium,54,52,51,8,31.472077,51,,,,
unmerged,PMC5154677_table_1,PMC5154677_table_1.xml,False,small,35,35,35,35,32.203571,35,,,,
unmerged,PMC5835056_table_0,PMC5835056_table_0.xml,False,medium,36,40,35,32,32.305052,35,,,,
unmerged,PMC3156399_table_4,PMC3156399_table_4.xml,True,medium,64,62,62,62,53.257894,62,,,,
unmerged,PMC2442598_table_0,PMC2442598_table_0.xml,False,medium,64,64,64,64,55.375534,64,,,,
unmerged,PMC2089079_table_0,PMC2089079_table_0.xml,True,medium,70,76,51,31,39.312731,51,,,,
unmerged,PMC5983633_table_1,PMC5983633_table_1.xml,False,small,20,20,20,20,17.56861,20,,,,
unmerged,PMC5690135_table_0,PMC5690135_table_0.xml,True,medium,56,31,14,11,11.352286,14,,,,
unmerged,PMC3083343_table_0,PMC3083343_table_0.xml,False,medium,77,77,77,77,69.48803,77,,,,
unmerged,PMC4798437_table_0,PMC4798437_table_0.xml,False,small,21,21,19,19,17.103033,19,,,,
unmerged,PMC3342088_table_1,PMC3342088_table_1.xml,False,small,24,24,24,24,22.187558,24,,,,
unmerged,PMC4503642_table_0,PMC4503642_table_0.xml,True,large,132,132,132,132,106.937849,132,,,,
unmerged,PMC2835640_table_0,PMC2835640_table_0.xml,False,small,12,6,3,3,2.760659,3,,,,
unmerged,PMC4982135_table_2,PMC4982135_table_2.xml,False,large,140,140,140,140,120.100178,140,,,,
unmerged,PMC4948083_table_1,PMC4948083_table_1.xml,False,small,18,18,18,18,16.906148,18,,,,
unmerged,PMC3261835_table_0,PMC3261835_table_0.xml,True,medium,48,43,41,39,34.315321,41,,,,
unmerged,PMC3679102_table_0,PMC3679102_table_0.xml,True,medium,76,76,76,76,62.330098,76,,,,
unmerged,PMC2979697_table_2,PMC2979697_table_2.xml,False,large,259,224,213,202,175.014066,213,,,,
unmerged,PMC5988755_table_0,PMC5988755_table_0.xml,False,small,30,30,30,8,21.797788,30,,,,
unmerged,PMC2961650_table_4,PMC2961650_table_4.xml,False,large,136,136,136,136,114.465058,136,,,,
unmerged,PMC3334604_table_1,PMC3334604_table_1.xml,False,small,14,14,14,14,13.275272,14,,,,
unmerged,PMC4491560_table_0,PMC4491560_table_0.xml,False,small,8,6,4,0,2.449905,4,,,,
unmerged,PMC5795849_table_0,PMC5795849_table_0.xml,False,small,15,0,0,0,0,0,,,,
unmerged,PMC3189390_table_1,PMC3189390_table_1.xml,False,medium,60,64,58,54,48.810725,58,,,,
unmerged,PMC5874052_table_1,PMC5874052_table_1.xml,False,small,25,25,25,25,21.105549,25,,,,
unmerged,PMC3501521_table_2,PMC3501521_table_2.xml,False,small,28,28,28,28,25.394502,28,,,,
unmerged,PMC5686942_table_0,PMC5686942_table_0.xml,True,large,96,94,93,48,73.732896,93,,,,
unmerged,PMC4709795_table_0,PMC4709795_table_0.xml,False,small,24,24,24,24,21.491771,24,,,,
unmerged,PMC6128240_table_1,PMC6128240_table_1.xml,False,medium,50,50,50,49,39.771434,50,,,,
unmerged,PMC3477031_table_1,PMC3477031_table_1.xml,False,small,12,12,12,12,10.838947,12,,,,
unmerged,PMC4837634_table_0,PMC4837634_table_0.xml,False,medium,46,69,44,23,32.1828,44,,,,
unmerged,PMC1866444_table_1,PMC1866444_table_1.xml,False,medium,36,36,36,36,31.013409,36,,,,
unmerged,PMC4663754_table_1,PMC4663754_table_1.xml,False,large,90,90,90,90,78.999127,90,,,,
unmerged,PMC6151216_table_0,PMC6151216_table_0.xml,False,small,26,26,26,26,22.235981,26,,,,
unmerged,PMC4573741_table_0,PMC4573741_table_0.xml,True,medium,39,41,38,36,32.951901,38,,,,
unmerged,PMC4585213_table_0,PMC4585213_table_0.xml,False,medium,36,36,36,36,32.990637,36,,,,
unmerged,PMC4916081_table_2,PMC4916081_table_2.xml,False,small,33,33,33,32,27.644166,33,,,,
unmerged,PMC1479820_table_2,PMC1479820_table_2.xml,True,medium,68,68,68,68,61.359945,68,,,,
unmerged,PMC2843627_table_2,PMC2843627_table_2.xml,False,medium,49,49,49,49,40.215132,49,,,,
unmerged,PMC2656909_table_0,PMC2656909_table_0.xml,True,large,81,81,81,81,75.990173,81,,,,
unmerged,PMC2983940_table_1,PMC2983940_table_1.xml,False,small,14,14,12,12,9.951567,12,,,,
unmerged,PMC4956214_table_0,PMC4956214_table_0.xml,True,medium,70,57,52,52,48.206297,52,,,,
unmerged,PMC3446914_table_1,PMC3446914_table_1.xml,True,medium,70,65,63,60,51.340164,63,,,,
unmerged,PMC4785152_table_0,PMC4785152_table_0.xml,False,large,96,97,93,93,81.082325,93,,,,
unmerged,PMC6202724_table_0,PMC6202724_table_0.xml,True,medium,36,35,35,35,30.929455,35,,,,
unmerged,PMC5745595_table_0,PMC5745595_table_0.xml,True,medium,66,54,48,46,40.744116,48,,,,
unmerged,PMC6134759_table_1,PMC6134759_table_1.xml,True,medium,36,36,36,36,32.777288,36,,,,
unmerged,PMC2970123_table_0,PMC2970123_table_0.xml,False,small,20,20,20,0,12.494918,20,,,,
unmerged,PMC4374685_table_2,PMC4374685_table_2.xml,True,large,231,224,224,217,186.215204,224,,,,
unmerged,PMC517501_table_3,PMC517501_table_3.xml,False,large,112,112,112,112,98.4778,112,,,,
unmerged,PMC1266376_table_1,PMC1266376_table_1.xml,True,large,95,95,95,95,81.898022,95,,,,
unmerged,PMC6175121_table_1,PMC6175121_table_1.xml,True,large,80,80,80,80,70.65865,80,,,,
unmerged,PMC3149562_table_0,PMC3149562_table_0.xml,True,large,152,160,101,65,78.3382,101,,,,
unmerged,PMC3601255_table_3,PMC3601255_table_3.xml,True,medium,40,37,36,34,33.363164,36,,,,
unmerged,PMC3021722_table_0,PMC3021722_table_0.xml,False,small,16,16,16,14,13.592783,16,,,,
unmerged,PMC4880288_table_1,PMC4880288_table_1.xml,True,medium,72,67,65,62,53.090725,65,,,,
unmerged,PMC3329485_table_0,PMC3329485_table_0.xml,False,medium,40,40,40,40,36.709551,40,,,,
unmerged,PMC3203887_table_2,PMC3203887_table_2.xml,True,large,153,153,153,131,122.021384,153,,,,
unmerged,PMC6173449_table_0,PMC6173449_table_0.xml,True,medium,38,29,24,24,19.479571,24,,,,
unmerged,PMC4403523_table_0,PMC4403523_table_0.xml,False,small,30,30,27,8,18.268524,27,,,,
unmerged,PMC5667839_table_0,PMC5667839_table_0.xml,True,large,253,244,242,241,217.73941,242,,,,
unmerged,PMC4619659_table_1,PMC4619659_table_1.xml,False,medium,36,36,36,36,29.630153,36,,,,
unmerged,PMC3311083_table_0,PMC3311083_table_0.xml,True,medium,36,36,36,36,31.436678,36,,,,
unmerged,PMC4378384_table_1,PMC4378384_table_1.xml,False,medium,55,55,55,55,50.065301,55,,,,
unmerged,PMC2974681_table_0,PMC2974681_table_0.xml,True,small,24,31,17,17,14.693944,17,,,,
unmerged,PMC3572059_table_1,PMC3572059_table_1.xml,False,large,84,84,84,84,72.389946,84,,,,
unmerged,PMC5107631_table_3,PMC5107631_table_3.xml,True,large,126,116,113,67,87.008252,113,,,,
unmerged,PMC4719818_table_1,PMC4719818_table_1.xml,False,large,175,175,175,175,139.34539,175,,,,
unmerged,PMC2018728_table_1,PMC2018728_table_1.xml,False,large,192,192,192,191,150.45845,192,,,,
unmerged,PMC3051715_table_0,PMC3051715_table_0.xml,False,small,16,16,15,15,11.977015,15,,,,
unmerged,PMC5171915_table_0,PMC5171915_table_0.xml,False,large,198,198,198,198,175.594854,198,,,,
unmerged,PMC2443793_table_0,PMC2443793_table_0.xml,True,small,25,10,5,5,4.786056,5,,,,
unmerged,PMC3545841_table_0,PMC3545841_table_0.xml,True,medium,62,63,62,60,53.065479,62,,,,
unmerged,PMC4950165_table_3,PMC4950165_table_3.xml,False,medium,45,46,45,44,37.488217,45,,,,
unmerged,PMC4643926_table_0,PMC4643926_table_0.xml,False,small,21,21,21,21,18.73936,21,,,,
unmerged,PMC3002956_table_1,PMC3002956_table_1.xml,False,small,16,16,16,16,13.921176,16,,,,
unmerged,PMC4738267_table_1,PMC4738267_table_1.xml,False,small,16,16,16,13,13.086848,16,,,,
unmerged,PMC3033815_table_4,PMC3033815_table_4.xml,False,small,20,23,18,16,15.632427,18,,,,
unmerged,PMC5893648_table_1,PMC5893648_table_1.xml,False,medium,55,55,55,47,43.83051,55,,,,
unmerged,PMC2752455_table_1,PMC2752455_table_1.xml,True,medium,40,34,32,32,29.976359,32,,,,
unmerged,PMC4500450_table_1,PMC4500450_table_1.xml,True,medium,72,66,64,63,53.638537,64,,,,
unmerged,PMC3591365_table_0,PMC3591365_table_0.xml,True,medium,40,40,40,40,32.441459,40,,,,
unmerged,PMC4728159_table_2,PMC4728159_table_2.xml,True,medium,36,29,17,2,9.98489,17,,,,
unmerged,PMC6170247_table_1,PMC6170247_table_1.xml,False,small,30,30,30,30,27.109308,30,,,,
unmerged,PMC5041273_table_7,PMC5041273_table_7.xml,True,medium,54,54,54,54,46.5059,54,,,,
unmerged,PMC1276798_table_2,PMC1276798_table_2.xml,False,small,24,24,24,24,22.450589,24,,,,
unmerged,PMC4363359_table_1,PMC4363359_table_1.xml,True,large,96,85,82,82,71.914346,82,,,,
unmerged,PMC3349575_table_0,PMC3349575_table_0.xml,True,small,18,16,15,14,13.552947,15,,,,
unmerged,PMC4438576_table_2,PMC4438576_table_2.xml,False,large,120,120,120,120,111.877551,120,,,,
unmerged,PMC3482696_table_0,PMC3482696_table_0.xml,True,large,172,164,164,126,128.685595,164,,,,
unmerged,PMC4425916_table_0,PMC4425916_table_0.xml,False,small,16,16,8,1,5.580797,8,,,,
unmerged,PMC4727960_table_0,PMC4727960_table_0.xml,False,small,20,20,20,20,18.162628,20,,,,
unmerged,PMC4654893_table_3,PMC4654893_table_3.xml,True,medium,52,52,52,52,47.196935,52,,,,
unmerged,PMC4700086_table_0,PMC4700086_table_0.xml,True,medium,50,47,47,42,41.399457,47,,,,
unmerged,PMC4835720_table_0,PMC4835720_table_0.xml,True,large,204,204,204,204,176.776298,204,,,,
unmerged,PMC3658550_table_2,PMC3658550_table_2.xml,True,large,96,85,81,37,60.588616,81,,,,
unmerged,PMC3689081_table_2,PMC3689081_table_2.xml,False,small,16,16,16,16,14.635984,16,,,,
unmerged,PMC2930863_table_3,PMC2930863_table_3.xml,True,large,121,116,112,99,89.122594,112,,,,
unmerged,PMC5901878_table_1,PMC5901878_table_1.xml,True,medium,68,87,47,22,34.860041,47,,,,
unmerged,PMC2689281_table_2,PMC2689281_table_2.xml,True,large,132,70,67,53,53.337743,67,,,,
unmerged,PMC4794765_table_0,PMC4794765_table_0.xml,True,large,81,61,54,54,49.707725,54,,,,
unmerged,PMC4816563_table_1,PMC4816563_table_1.xml,True,large,105,103,103,101,86.984864,103,,,,
unmerged,PMC6151038_table_7,PMC6151038_table_7.xml,True,medium,77,79,56,56,46.371234,56,,,,
unmerged,PMC5799322_table_1,PMC5799322_table_1.xml,True,medium,60,60,60,60,54.312252,60,,,,
unmerged,PMC2841152_table_0,PMC2841152_table_0.xml,True,large,190,160,151,21,105.95937,151,,,,
unmerged,PMC3590167_table_2,PMC3590167_table_2.xml,False,small,24,24,24,24,20.357204,24,,,,
unmerged,PMC4494398_table_2,PMC4494398_table_2.xml,False,small,6,6,6,6,5.672027,6,,,,
unmerged,PMC5802453_table_2,PMC5802453_table_2.xml,False,small,27,27,27,9,18.150971,27,,,,
unmerged,PMC2148101_table_0,PMC2148101_table_0.xml,False,small,15,15,15,15,13.509634,15,,,,
unmerged,PMC4898373_table_2,PMC4898373_table_2.xml,True,medium,65,61,61,57,51.759422,61,,,,
unmerged,PMC5695845_table_1,PMC5695845_table_1.xml,True,large,125,125,125,4,77.960414,125,,,,
unmerged,PMC3057987_table_0,PMC3057987_table_0.xml,False,medium,44,44,44,44,36.747179,44,,,,
unmerged,PMC1828152_table_2,PMC1828152_table_2.xml,True,medium,70,50,43,39,35.343325,43,,,,
unmerged,PMC5872599_table_4,PMC5872599_table_4.xml,True,medium,69,69,69,69,59.292914,69,,,,
unmerged,PMC2275263_table_3,PMC2275263_table_3.xml,False,medium,42,45,40,38,35.801114,40,,,,
unmerged,PMC4423853_table_0,PMC4423853_table_0.xml,True,medium,58,56,55,53,46.935613,55,,,,
unmerged,PMC4844259_table_0,PMC4844259_table_0.xml,True,large,96,90,89,84,78.339424,89,,,,
unmerged,PMC5050581_table_5,PMC5050581_table_5.xml,True,medium,75,73,73,73,65.666858,73,,,,
unmerged,PMC6154020_table_0,PMC6154020_table_0.xml,False,small,8,8,8,8,7.343899,8,,,,
unmerged,PMC6143711_table_0,PMC6143711_table_0.xml,True,large,220,211,209,209,191.16139,209,,,,
unmerged,PMC3575346_table_2,PMC3575346_table_2.xml,True,small,30,25,24,9,18.216205,24,,,,
unmerged,PMC1180465_table_0,PMC1180465_table_0.xml,True,large,203,198,196,193,153.891486,196,,,,
unmerged,PMC4954666_table_2,PMC4954666_table_2.xml,True,medium,56,54,53,26,40.556932,53,,,,
unmerged,PMC2430964_table_0,PMC2430964_table_0.xml,True,small,30,27,26,26,23.67828,26,,,,
unmerged,PMC4991119_table_1,PMC4991119_table_1.xml,True,large,280,267,249,188,192.68408,249,,,,
unmerged,PMC4694981_table_1,PMC4694981_table_1.xml,True,large,91,87,87,83,80.133734,87,,,,
unmerged,PMC4424894_table_3,PMC4424894_table_3.xml,True,large,363,300,289,176,216.885671,289,,,,
unmerged,PMC5890288_table_0,PMC5890288_table_0.xml,False,medium,42,42,42,32,32.768585,42,,,,
unmerged,PMC5825898_table_0,PMC5825898_table_0.xml,False,medium,60,60,60,60,51.481938,60,,,,
unmerged,PMC4397088_table_3,PMC4397088_table_3.xml,True,large,161,138,133,124,109.302381,133,,,,
unmerged,PMC4504501_table_2,PMC4504501_table_2.xml,False,small,30,30,30,30,25.937015,30,,,,
unmerged,PMC4434534_table_0,PMC4434534_table_0.xml,True,large,84,88,81,40,61.846921,81,,,,
unmerged,PMC2687438_table_1,PMC2687438_table_1.xml,True,small,32,25,23,19,18.158868,23,,,,
unmerged,PMC2373876_table_2,PMC2373876_table_2.xml,False,small,30,20,20,12,15.088855,20,,,,
unmerged,PMC2753363_table_4,PMC2753363_table_4.xml,True,medium,54,54,54,38,41.521203,54,,,,
unmerged,PMC3533458_table_0,PMC3533458_table_0.xml,False,small,26,26,26,26,24.051256,26,,,,
unmerged,PMC4384104_table_3,PMC4384104_table_3.xml,False,medium,36,36,36,36,34.214053,36,,,,
unmerged,PMC5020445_table_0,PMC5020445_table_0.xml,True,large,135,128,103,7,59.624615,103,,,,
unmerged,PMC3653734_table_0,PMC3653734_table_0.xml,True,large,110,133,105,78,87.885091,105,,,,
unmerged,PMC3408461_table_3,PMC3408461_table_3.xml,True,small,30,30,30,30,25.640719,30,,,,
unmerged,PMC509426_table_1,PMC509426_table_1.xml,True,large,99,117,76,64,62.301148,76,,,,
unmerged,PMC4657621_table_1,PMC4657621_table_1.xml,False,small,20,20,20,20,17.282886,20,,,,
unmerged,PMC1665449_table_0,PMC1665449_table_0.xml,False,medium,56,56,56,56,47.871852,56,,,,
unmerged,PMC3662595_table_2,PMC3662595_table_2.xml,False,medium,42,42,42,42,37.35724,42,,,,
unmerged,PMC4449594_table_2,PMC4449594_table_2.xml,False,small,30,30,30,30,27.683412,30,,,,
unmerged,PMC4882360_table_1,PMC4882360_table_1.xml,True,large,140,135,134,134,120.932032,134,,,,
unmerged,PMC2714505_table_0,PMC2714505_table_0.xml,True,large,273,273,273,266,227.410528,273,,,,
unmerged,PMC5989381_table_0,PMC5989381_table_0.xml,True,small,32,30,30,28,26.501334,30,,,,
unmerged,PMC2968020_table_1,PMC2968020_table_1.xml,False,large,155,155,155,155,128.714788,155,,,,
unmerged,PMC4700179_table_1,PMC4700179_table_1.xml,True,small,30,27,26,26,22.734178,26,,,,
unmerged,PMC3168871_table_0,PMC3168871_table_0.xml,False,small,14,14,14,14,12.679992,14,,,,
unmerged,PMC6122613_table_1,PMC6122613_table_1.xml,False,small,24,24,24,24,20.468299,24,,,,
unmerged,PMC2588622_table_2,PMC2588622_table_2.xml,True,large,301,266,262,243,226.67627,262,,,,
unmerged,PMC6208105_table_2,PMC6208105_table_2.xml,False,small,28,28,28,25,25.272328,28,,,,
unmerged,PMC4643322_table_0,PMC4643322_table_0.xml,False,small,20,20,20,20,17.685433,20,,,,
unmerged,PMC3240945_table_0,PMC3240945_table_0.xml,True,medium,45,41,40,39,35.889431,40,,,,
unmerged,PMC5957338_table_0,PMC5957338_table_0.xml,False,medium,40,40,40,18,29.969317,40,,,,
unmerged,PMC3006878_table_0,PMC3006878_table_0.xml,False,small,20,20,20,0,12.689414,20,,,,
unmerged,PMC5767312_table_0,PMC5767312_table_0.xml,True,large,140,129,114,91,89.772142,114,,,,
unmerged,PMC5127548_table_8,PMC5127548_table_8.xml,True,medium,49,45,43,43,38.43343,43,,,,
unmerged,PMC5904424_table_0,PMC5904424_table_0.xml,True,small,35,30,27,27,23.270572,27,,,,
unmerged,PMC4709492_table_1,PMC4709492_table_1.xml,False,medium,60,60,60,0,39.051126,60,,,,
unmerged,PMC5664348_table_0,PMC5664348_table_0.xml,True,medium,42,41,40,40,32.001946,40,,,,
unmerged,PMC4524373_table_3,PMC4524373_table_3.xml,True,medium,50,50,50,29,38.220668,50,,,,
unmerged,PMC3527132_table_2,PMC3527132_table_2.xml,True,large,91,87,85,60,73.843948,85,,,,
unmerged,PMC4872722_table_0,PMC4872722_table_0.xml,True,small,27,23,20,19,17.493897,20,,,,
unmerged,PMC4397088_table_0,PMC4397088_table_0.xml,False,large,120,120,120,120,101.378865,120,,,,
unmerged,PMC2848519_table_0,PMC2848519_table_0.xml,False,small,14,2,0,0,0,0,,,,
unmerged,PMC3342167_table_2,PMC3342167_table_2.xml,True,medium,50,43,42,40,35.680017,42,,,,
unmerged,PMC3554515_table_0,PMC3554515_table_0.xml,False,medium,64,64,64,64,57.112943,64,,,,
unmerged,PMC6143260_table_0,PMC6143260_table_0.xml,False,large,132,132,132,60,91.025808,132,,,,
unmerged,PMC3359190_table_2,PMC3359190_table_2.xml,True,medium,70,66,65,64,56.076411,65,,,,
unmerged,PMC5858604_table_1,PMC5858604_table_1.xml,False,medium,72,72,72,72,67.133468,72,,,,
unmerged,PMC5018192_table_0,PMC5018192_table_0.xml,True,large,90,90,90,90,80.331736,90,,,,
unmerged,PMC3166745_table_0,PMC3166745_table_0.xml,False,medium,42,42,42,42,37.124296,42,,,,
unmerged,PMC5021727_table_1,PMC5021727_table_1.xml,False,small,18,18,18,18,16.8953,18,,,,
unmerged,PMC6233180_table_2,PMC6233180_table_2.xml,True,medium,72,60,57,28,41.967594,57,,,,
unmerged,PMC4730682_table_3,PMC4730682_table_3.xml,True,medium,65,65,65,62,55.056754,65,,,,
unmerged,PMC4575444_table_0,PMC4575444_table_0.xml,True,large,351,298,273,188,210.603167,273,,,,
unmerged,PMC4825232_table_0,PMC4825232_table_0.xml,True,medium,56,56,56,0,35.790267,56,,,,
unmerged,PMC6018626_table_1,PMC6018626_table_1.xml,False,medium,40,40,40,31,31.231761,40,,,,
unmerged,PMC6013108_table_1,PMC6013108_table_1.xml,True,medium,45,40,38,37,33.320281,38,,,,
unmerged,PMC2204065_table_0,PMC2204065_table_0.xml,True,medium,38,38,38,38,32.086793,38,,,,
unmerged,PMC5095599_table_0,PMC5095599_table_0.xml,True,small,28,26,26,23,21.745709,26,,,,
unmerged,PMC5821441_table_0,PMC5821441_table_0.xml,True,medium,56,55,48,0,29.093507,48,,,,
unmerged,PMC6186056_table_1,PMC6186056_table_1.xml,True,large,248,245,241,212,198.030906,241,,,,
unmerged,PMC5722571_table_1,PMC5722571_table_1.xml,True,medium,68,62,55,50,48.825149,55,,,,
unmerged,PMC4897819_table_0,PMC4897819_table_0.xml,False,medium,36,36,36,36,30.622662,36,,,,
unmerged,PMC3419246_table_1,PMC3419246_table_1.xml,True,large,208,190,185,125,142.79746,185,,,,
unmerged,PMC6038359_table_0,PMC6038359_table_0.xml,False,medium,66,55,55,55,44.307241,55,,,,
unmerged,PMC2968314_table_0,PMC2968314_table_0.xml,False,small,20,21,19,0,12.267638,19,,,,
unmerged,PMC4464579_table_1,PMC4464579_table_1.xml,False,medium,36,36,36,36,31.607741,36,,,,
unmerged,PMC4945912_table_0,PMC4945912_table_0.xml,True,large,276,258,255,253,222.670965,255,,,,
unmerged,PMC6052539_table_1,PMC6052539_table_1.xml,True,medium,55,55,55,55,49.392536,55,,,,
unmerged,PMC2635959_table_0,PMC2635959_table_0.xml,False,small,30,30,30,30,26.364328,30,,,,
unmerged,PMC3050184_table_0,PMC3050184_table_0.xml,False,small,18,18,18,0,11.342518,18,,,,
unmerged,PMC5845866_table_1,PMC5845866_table_1.xml,False,small,30,64,14,14,12.323453,14,,,,
unmerged,PMC3438178_table_0,PMC3438178_table_0.xml,True,medium,55,55,55,53,44.683646,55,,,,
unmerged,PMC5909255_table_3,PMC5909255_table_3.xml,True,large,186,185,89,0,49.514044,89,,,,
unmerged,PMC3180067_table_0,PMC3180067_table_0.xml,True,medium,76,76,76,76,64.126537,76,,,,
unmerged,PMC3524598_table_2,PMC3524598_table_2.xml,True,large,90,83,82,82,69.769727,82,,,,
unmerged,PMC4932006_table_0,PMC4932006_table_0.xml,True,large,105,90,88,88,73.880931,88,,,,
unmerged,PMC2093938_table_4,PMC2093938_table_4.xml,False,small,12,12,12,11,10.318155,12,,,,
unmerged,PMC3428669_table_2,PMC3428669_table_2.xml,False,medium,54,54,54,48,44.783691,54,,,,
unmerged,PMC4786572_table_3,PMC4786572_table_3.xml,True,large,92,89,66,24,44.412961,66,,,,
unmerged,PMC6222733_table_1,PMC6222733_table_1.xml,False,large,110,110,110,39,81.692046,110,,,,
unmerged,PMC3602373_table_1,PMC3602373_table_1.xml,True,large,144,119,119,85,88.593826,119,,,,
unmerged,PMC4841544_table_1,PMC4841544_table_1.xml,True,large,102,102,102,102,86.8317,102,,,,
unmerged,PMC3652198_table_1,PMC3652198_table_1.xml,False,small,14,14,14,14,13.156322,14,,,,
unmerged,PMC5738112_table_0,PMC5738112_table_0.xml,False,small,18,20,16,14,14.294038,16,,,,
unmerged,PMC2995781_table_1,PMC2995781_table_1.xml,True,medium,42,40,39,39,34.203142,39,,,,
unmerged,PMC4458325_table_1,PMC4458325_table_1.xml,False,medium,55,58,48,20,35.191728,48,,,,
unmerged,PMC6049910_table_0,PMC6049910_table_0.xml,True,medium,57,57,57,34,43.823599,57,,,,
unmerged,PMC5084147_table_5,PMC5084147_table_5.xml,False,large,98,98,98,98,80.863023,98,,,,
unmerged,PMC3503841_table_1,PMC3503841_table_1.xml,True,small,24,22,21,21,20.000573,21,,,,
unmerged,PMC4549082_table_3,PMC4549082_table_3.xml,True,large,176,168,163,129,126.980939,163,,,,
unmerged,PMC3644232_table_0,PMC3644232_table_0.xml,False,small,10,5,5,0,3.297212,5,,,,
unmerged,PMC3689638_table_0,PMC3689638_table_0.xml,True,large,216,213,212,202,174.263849,212,,,,
unmerged,PMC2873247_table_2,PMC2873247_table_2.xml,True,medium,60,60,60,60,55.487416,60,,,,
unmerged,PMC1266024_table_4,PMC1266024_table_4.xml,True,medium,56,25,25,21,20.004566,25,,,,
unmerged,PMC5983274_table_3,PMC5983274_table_3.xml,False,large,90,90,90,90,79.433292,90,,,,
unmerged,PMC4377374_table_3,PMC4377374_table_3.xml,False,small,18,18,18,18,16.742816,18,,,,
unmerged,PMC5712192_table_3,PMC5712192_table_3.xml,True,large,390,300,300,297,248.111724,300,,,,
unmerged,PMC5837103_table_0,PMC5837103_table_0.xml,True,large,351,297,287,287,240.436576,287,,,,
unmerged,PMC4979187_table_2,PMC4979187_table_2.xml,True,small,35,20,17,2,11.520229,17,,,,
unmerged,PMC3428172_table_2,PMC3428172_table_2.xml,True,medium,40,40,40,6,28.791938,40,,,,
unmerged,PMC4570816_table_0,PMC4570816_table_0.xml,True,medium,55,49,49,35,38.995466,49,,,,
unmerged,PMC4860217_table_0,PMC4860217_table_0.xml,False,small,16,16,16,16,14.061586,16,,,,
unmerged,PMC4883731_table_0,PMC4883731_table_0.xml,False,large,169,168,168,164,147.994013,168,,,,
unmerged,PMC3566797_table_1,PMC3566797_table_1.xml,False,small,35,35,35,33,28.603148,35,,,,
unmerged,PMC5966889_table_4,PMC5966889_table_4.xml,True,large,90,90,90,90,80.723978,90,,,,
unmerged,PMC4875747_table_2,PMC4875747_table_2.xml,True,medium,49,45,45,45,37.560051,45,,,,
unmerged,PMC4625876_table_5,PMC4625876_table_5.xml,True,medium,49,43,39,39,32.647895,39,,,,
unmerged,PMC2834584_table_2,PMC2834584_table_2.xml,True,medium,60,49,48,47,41.382551,48,,,,
unmerged,PMC3458233_table_0,PMC3458233_table_0.xml,True,medium,52,52,26,0,14.93424,26,,,,
unmerged,PMC2960665_table_1,PMC2960665_table_1.xml,False,small,16,16,16,14,12.816725,16,,,,
unmerged,PMC4532480_table_0,PMC4532480_table_0.xml,True,large,189,161,160,152,129.224995,160,,,,
unmerged,PMC4493016_table_0,PMC4493016_table_0.xml,False,small,18,18,18,18,15.435236,18,,,,
unmerged,PMC6157679_table_1,PMC6157679_table_1.xml,True,medium,60,60,60,60,53.308758,60,,,,
unmerged,PMC5691681_table_2,PMC5691681_table_2.xml,True,large,224,135,100,48,69.647526,100,,,,
unmerged,PMC4927609_table_3,PMC4927609_table_3.xml,True,large,273,252,243,196,188.672768,243,,,,
unmerged,PMC6123690_table_2,PMC6123690_table_2.xml,False,medium,40,40,40,40,35.335423,40,,,,
unmerged,PMC6014042_table_1,PMC6014042_table_1.xml,False,small,24,25,23,22,19.951243,23,,,,
unmerged,PMC3561275_table_1,PMC3561275_table_1.xml,True,large,105,105,105,76,81.062449,105,,,,
unmerged,PMC3068096_table_1,PMC3068096_table_1.xml,True,large,150,144,141,139,113.509475,141,,,,
unmerged,PMC4977724_table_0,PMC4977724_table_0.xml,False,medium,48,48,48,48,42.26357,48,,,,
unmerged,PMC3006930_table_2,PMC3006930_table_2.xml,False,large,182,177,177,176,152.096141,177,,,,
unmerged,PMC5687736_table_1,PMC5687736_table_1.xml,False,large,128,128,128,128,108.848344,128,,,,
unmerged,PMC4859819_table_0,PMC4859819_table_0.xml,False,medium,72,102,37,8,23.864564,37,,,,
unmerged,PMC4994281_table_1,PMC4994281_table_1.xml,True,large,270,264,262,194,200.947967,262,,,,
unmerged,PMC3118226_table_0,PMC3118226_table_0.xml,False,small,6,6,6,6,5.257686,6,,,,
unmerged,PMC4792838_table_1,PMC4792838_table_1.xml,False,small,21,21,21,21,19.65242,21,,,,
unmerged,PMC6102227_table_1,PMC6102227_table_1.xml,False,medium,39,39,39,39,32.765179,39,,,,
unmerged,PMC4395286_table_0,PMC4395286_table_0.xml,True,large,120,115,115,110,103.004213,115,,,,
unmerged,PMC3472980_table_1,PMC3472980_table_1.xml,True,medium,55,55,55,44,43.446443,55,,,,
unmerged,PMC2657164_table_3,PMC2657164_table_3.xml,True,medium,60,60,60,60,49.526311,60,,,,
unmerged,PMC2657164_table_1,PMC2657164_table_1.xml,False,small,12,12,12,12,11.052688,12,,,,
unmerged,PMC5794930_table_3,PMC5794930_table_3.xml,True,medium,36,30,27,3,17.243992,27,,,,
unmerged,PMC5736711_table_0,PMC5736711_table_0.xml,True,large,84,76,75,30,55.357205,75,,,,
unmerged,PMC3410850_table_0,PMC3410850_table_0.xml,True,medium,42,42,42,42,34.444346,42,,,,
unmerged,PMC4545860_table_2,PMC4545860_table_2.xml,True,medium,56,47,45,35,35.914849,45,,,,
unmerged,PMC3161945_table_0,PMC3161945_table_0.xml,False,large,95,95,95,95,85.993682,95,,,,
unmerged,PMC2902016_table_2,PMC2902016_table_2.xml,True,small,24,24,24,24,20.104389,24,,,,
unmerged,PMC2913847_table_0,PMC2913847_table_0.xml,True,small,28,15,12,9,10.342068,12,,,,
unmerged,PMC2841116_table_3,PMC2841116_table_3.xml,False,medium,42,28,27,27,23.783563,27,,,,
unmerged,PMC6031750_table_0,PMC6031750_table_0.xml,True,large,93,91,91,90,78.951092,91,,,,
unmerged,PMC5821324_table_5,PMC5821324_table_5.xml,True,large,120,108,105,99,86.971876,105,,,,
unmerged,PMC2438356_table_0,PMC2438356_table_0.xml,False,small,35,35,35,35,31.104218,35,,,,
unmerged,PMC3660345_table_2,PMC3660345_table_2.xml,True,large,90,84,70,50,54.12955,70,,,,
unmerged,PMC5714431_table_3,PMC5714431_table_3.xml,True,small,14,2,1,0,0.699475,1,,,,
unmerged,PMC4785635_table_1,PMC4785635_table_1.xml,True,large,84,85,77,59,61.102454,77,,,,
unmerged,PMC4862230_table_0,PMC4862230_table_0.xml,True,large,88,72,47,11,31.505751,47,,,,
unmerged,PMC4460269_table_1,PMC4460269_table_1.xml,True,large,84,110,81,54,62.542528,81,,,,
unmerged,PMC6005562_table_1,PMC6005562_table_1.xml,False,small,21,21,21,20,16.726732,21,,,,
unmerged,PMC6106174_table_2,PMC6106174_table_2.xml,False,small,9,9,9,9,8.208029,9,,,,
unmerged,PMC3475661_table_1,PMC3475661_table_1.xml,True,medium,36,32,30,30,25.310105,30,,,,
unmerged,PMC1483835_table_2,PMC1483835_table_2.xml,True,large,215,214,214,173,172.116893,214,,,,
unmerged,PMC5679774_table_0,PMC5679774_table_0.xml,False,medium,40,40,16,0,9.475266,16,,,,
unmerged,PMC6214199_table_5,PMC6214199_table_5.xml,True,medium,75,70,67,67,56.383373,67,,,,
unmerged,PMC3640038_table_0,PMC3640038_table_0.xml,False,small,22,22,22,22,19.030299,22,,,,
unmerged,PMC2636893_table_0,PMC2636893_table_0.xml,True,large,126,105,105,84,80.226623,105,,,,
unmerged,PMC2687455_table_3,PMC2687455_table_3.xml,False,small,16,28,8,4,5.809139,8,,,,
unmerged,PMC6154954_table_2,PMC6154954_table_2.xml,False,medium,52,52,52,52,47.808682,52,,,,
unmerged,PMC2960152_table_0,PMC2960152_table_0.xml,False,small,20,21,19,0,12.381243,19,,,,
unmerged,PMC4937426_table_0,PMC4937426_table_0.xml,True,large,124,109,106,106,92.087061,106,,,,
unmerged,PMC3284429_table_0,PMC3284429_table_0.xml,False,medium,45,45,45,45,39.672882,45,,,,
unmerged,PMC3566098_table_3,PMC3566098_table_3.xml,False,small,35,35,35,35,29.009032,35,,,,
unmerged,PMC4751569_table_0,PMC4751569_table_0.xml,False,small,18,18,18,13,14.237884,18,,,,
unmerged,PMC3473241_table_6,PMC3473241_table_6.xml,True,medium,40,35,34,34,30.881541,34,,,,
unmerged,PMC4596371_table_0,PMC4596371_table_0.xml,True,medium,36,29,27,26,22.192635,27,,,,
unmerged,PMC3665576_table_0,PMC3665576_table_0.xml,True,large,160,143,138,133,112.596611,138,,,,
unmerged,PMC3614829_table_1,PMC3614829_table_1.xml,False,medium,60,60,60,60,56.709781,60,,,,
unmerged,PMC3530428_table_3,PMC3530428_table_3.xml,True,medium,60,60,60,60,53.645442,60,,,,
unmerged,PMC4607371_table_0,PMC4607371_table_0.xml,False,large,192,192,192,192,158.692831,192,,,,
unmerged,PMC2872307_table_0,PMC2872307_table_0.xml,False,small,12,4,2,2,1.963201,2,,,,
unmerged,PMC4529114_table_2,PMC4529114_table_2.xml,False,small,30,30,30,30,27.204247,30,,,,
unmerged,PMC3184264_table_5,PMC3184264_table_5.xml,False,small,12,24,6,4,4.644741,6,,,,
unmerged,PMC6234267_table_5,PMC6234267_table_5.xml,True,small,20,19,18,10,12.880228,18,,,,
unmerged,PMC5019196_table_0,PMC5019196_table_0.xml,False,small,34,35,34,32,27.655178,34,,,,
unmerged,PMC5061843_table_0,PMC5061843_table_0.xml,False,medium,48,48,44,43,36.794919,44,,,,
unmerged,PMC3689045_table_0,PMC3689045_table_0.xml,True,small,28,28,28,28,26.697345,28,,,,
unmerged,PMC6070681_table_0,PMC6070681_table_0.xml,True,medium,60,55,51,6,29.099495,51,,,,
unmerged,PMC2674447_table_2,PMC2674447_table_2.xml,True,large,114,114,114,114,102.164301,114,,,,
unmerged,PMC4902088_table_0,PMC4902088_table_0.xml,False,medium,49,49,49,49,45.183275,49,,,,
unmerged,PMC4807184_table_0,PMC4807184_table_0.xml,False,medium,45,50,43,40,38.31078,43,,,,
unmerged,PMC4832563_table_4,PMC4832563_table_4.xml,True,large,208,175,157,80,117.262502,157,,,,
unmerged,PMC2886951_table_0,PMC2886951_table_0.xml,True,small,20,22,13,8,9.945946,13,,,,
unmerged,PMC3334773_table_2,PMC3334773_table_2.xml,True,medium,64,57,54,49,47.567081,54,,,,
unmerged,PMC6201959_table_1,PMC6201959_table_1.xml,True,large,228,209,205,205,171.568365,205,,,,
unmerged,PMC3393902_table_0,PMC3393902_table_0.xml,False,large,110,110,110,110,90.916338,110,,,,
unmerged,PMC3504360_table_0,PMC3504360_table_0.xml,False,small,30,30,30,30,27.979027,30,,,,
unmerged,PMC4517507_table_3,PMC4517507_table_3.xml,True,large,104,97,96,95,85.711244,96,,,,
unmerged,PMC5138191_table_1,PMC5138191_table_1.xml,True,medium,54,47,47,47,40.254031,47,,,,
unmerged,PMC2727484_table_2,PMC2727484_table_2.xml,False,medium,36,36,36,36,30.865057,36,,,,
unmerged,PMC3263730_table_1,PMC3263730_table_1.xml,False,medium,40,40,40,40,33.644106,40,,,,
unmerged,PMC5873778_table_2,PMC5873778_table_2.xml,False,medium,44,44,44,44,35.495466,44,,,,
unmerged,PMC4454883_table_3,PMC4454883_table_3.xml,True,large,108,106,106,105,91.750634,106,,,,
unmerged,PMC4468092_table_4,PMC4468092_table_4.xml,False,small,24,24,24,22,20.655698,24,,,,
unmerged,PMC5988018_table_1,PMC5988018_table_1.xml,True,large,128,127,127,125,105.606248,127,,,,
unmerged,PMC2519138_table_0,PMC2519138_table_0.xml,False,small,20,23,19,15,16.230061,19,,,,
unmerged,PMC6016946_table_1,PMC6016946_table_1.xml,True,large,168,168,168,168,138.241544,168,,,,
unmerged,PMC2699215_table_4,PMC2699215_table_4.xml,False,large,204,204,204,12,136.667696,204,,,,
unmerged,PMC3410290_table_4,PMC3410290_table_4.xml,True,small,30,30,15,1,10.79271,15,,,,
unmerged,PMC2375120_table_2,PMC2375120_table_2.xml,True,medium,42,37,35,34,31.914775,35,,,,
unmerged,PMC3338385_table_1,PMC3338385_table_1.xml,False,small,24,24,24,24,20.348261,24,,,,
unmerged,PMC3050351_table_1,PMC3050351_table_1.xml,False,large,168,167,167,167,142.100067,167,,,,
unmerged,PMC4519871_table_0,PMC4519871_table_0.xml,True,medium,54,63,36,28,29.073322,36,,,,
unmerged,PMC3281019_table_1,PMC3281019_table_1.xml,True,large,80,80,80,80,66.093706,80,,,,
unmerged,PMC6145148_table_0,PMC6145148_table_0.xml,False,small,20,21,19,19,16.46921,19,,,,
unmerged,PMC2977678_table_0,PMC2977678_table_0.xml,False,small,22,23,21,0,12.831842,21,,,,
unmerged,PMC4954877_table_0,PMC4954877_table_0.xml,True,small,30,26,25,25,23.312812,25,,,,
unmerged,PMC2289812_table_1,PMC2289812_table_1.xml,True,small,35,30,28,27,25.079141,28,,,,
unmerged,PMC3665813_table_0,PMC3665813_table_0.xml,False,small,32,32,32,32,29.75128,32,,,,
unmerged,PMC5751690_table_0,PMC5751690_table_0.xml,False,small,20,16,16,4,10.435155,16,,,,
unmerged,PMC3050935_table_0,PMC3050935_table_0.xml,False,large,198,198,198,193,159.036584,198,,,,
unmerged,PMC4936287_table_3,PMC4936287_table_3.xml,True,large,210,142,105,78,82.583456,105,,,,
unmerged,PMC3519782_table_3,PMC3519782_table_3.xml,True,medium,44,43,42,42,33.748455,42,,,,
unmerged,PMC2579308_table_6,PMC2579308_table_6.xml,True,large,184,184,175,158,145.574167,175,,,,
unmerged,PMC4933999_table_6,PMC4933999_table_6.xml,True,large,225,213,202,139,154.37697,202,,,,
unmerged,PMC6013434_table_1,PMC6013434_table_1.xml,True,medium,72,63,57,11,41.03905,57,,,,
unmerged,PMC2483440_table_2,PMC2483440_table_2.xml,False,medium,44,44,44,44,39.709764,44,,,,
unmerged,PMC2921397_table_0,PMC2921397_table_0.xml,False,small,15,15,15,15,13.737484,15,,,,
unmerged,PMC4579500_table_1,PMC4579500_table_1.xml,True,large,120,120,120,120,109.725938,120,,,,
unmerged,PMC5084147_table_6,PMC5084147_table_6.xml,False,medium,66,61,61,60,52.309356,61,,,,
unmerged,PMC4929101_table_2,PMC4929101_table_2.xml,True,large,90,86,65,13,41.012042,65,,,,
unmerged,PMC6086995_table_0,PMC6086995_table_0.xml,False,small,12,12,12,12,10.969189,12,,,,
unmerged,PMC3001694_table_2,PMC3001694_table_2.xml,True,medium,40,38,38,36,33.860831,38,,,,
unmerged,PMC5669531_table_7,PMC5669531_table_7.xml,True,small,30,24,24,20,20.149735,24,,,,
unmerged,PMC3196713_table_0,PMC3196713_table_0.xml,True,large,154,166,132,66,97.861775,132,,,,
unmerged,PMC4954645_table_0,PMC4954645_table_0.xml,True,small,25,23,22,20,18.82776,22,,,,
unmerged,PMC3481435_table_7,PMC3481435_table_7.xml,False,small,8,10,7,7,6.681601,7,,,,
unmerged,PMC2906434_table_0,PMC2906434_table_0.xml,False,small,30,30,30,22,22.87783,30,,,,
unmerged,PMC3393323_table_0,PMC3393323_table_0.xml,False,small,20,20,20,19,16.00737,20,,,,
unmerged,PMC5159879_table_0,PMC5159879_table_0.xml,True,large,336,296,296,290,249.314226,296,,,,
unmerged,PMC4855820_table_1,PMC4855820_table_1.xml,True,small,18,18,17,0,10.216298,17,,,,
unmerged,PMC4449161_table_0,PMC4449161_table_0.xml,True,large,112,112,112,106,95.858855,112,,,,
unmerged,PMC5708049_table_0,PMC5708049_table_0.xml,False,medium,36,36,36,36,32.787866,36,,,,
unmerged,PMC1410752_table_3,PMC1410752_table_3.xml,True,large,119,115,115,94,96.90482,115,,,,
unmerged,PMC6155541_table_1,PMC6155541_table_1.xml,True,large,114,114,114,102,94.739928,114,,,,
unmerged,PMC5118951_table_0,PMC5118951_table_0.xml,True,large,90,86,82,82,72.078551,82,,,,
unmerged,PMC4383577_table_8,PMC4383577_table_8.xml,True,small,35,32,32,27,26.522605,32,,,,
unmerged,PMC4619505_table_3,PMC4619505_table_3.xml,True,large,276,278,216,84,158.129319,216,,,,
unmerged,PMC3564629_table_1,PMC3564629_table_1.xml,False,medium,45,45,44,44,36.57785,44,,,,
unmerged,PMC3203352_table_2,PMC3203352_table_2.xml,False,large,110,214,0,0,0,0,,,,
unmerged,PMC4449525_table_0,PMC4449525_table_0.xml,True,medium,40,38,37,36,32.89485,37,,,,
unmerged,PMC5706603_table_0,PMC5706603_table_0.xml,False,medium,48,48,48,48,43.400326,48,,,,
unmerged,PMC4891946_table_0,PMC4891946_table_0.xml,True,medium,70,67,65,48,54.479332,65,,,,
unmerged,PMC4942061_table_1,PMC4942061_table_1.xml,True,large,185,182,182,37,117.827482,182,,,,
unmerged,PMC2268657_table_0,PMC2268657_table_0.xml,False,small,4,4,4,4,3.64397,4,,,,
unmerged,PMC2648792_table_0,PMC2648792_table_0.xml,True,medium,39,34,34,33,30.767862,34,,,,
unmerged,PMC2970127_table_0,PMC2970127_table_0.xml,False,large,165,165,165,7,103.481135,165,,,,
unmerged,PMC2977268_table_0,PMC2977268_table_0.xml,False,small,15,17,15,12,11.7036,15,,,,
unmerged,PMC5041273_table_10,PMC5041273_table_10.xml,False,small,18,18,18,18,16.203571,18,,,,
unmerged,PMC4605644_table_1,PMC4605644_table_1.xml,True,large,132,132,132,132,105.041753,132,,,,
unmerged,PMC3553054_table_0,PMC3553054_table_0.xml,True,small,32,27,25,18,19.367982,25,,,,
unmerged,PMC4862985_table_0,PMC4862985_table_0.xml,True,medium,48,48,48,48,43.106552,48,,,,
unmerged,PMC2979585_table_2,PMC2979585_table_2.xml,False,large,140,140,140,140,119.551142,140,,,,
unmerged,PMC2335306_table_1,PMC2335306_table_1.xml,True,medium,51,50,50,50,44.461846,50,,,,
unmerged,PMC2930843_table_5,PMC2930843_table_5.xml,True,large,192,192,192,192,156.54294,192,,,,
unmerged,PMC4366389_table_1,PMC4366389_table_1.xml,True,medium,65,60,55,55,47.177348,55,,,,
unmerged,PMC4904362_table_3,PMC4904362_table_3.xml,False,small,14,14,12,12,11.586259,12,,,,
unmerged,PMC3354558_table_0,PMC3354558_table_0.xml,False,small,14,14,14,7,10.726493,14,,,,
unmerged,PMC5713137_table_1,PMC5713137_table_1.xml,False,medium,64,64,64,64,60.25714,64,,,,
unmerged,PMC5663065_table_0,PMC5663065_table_0.xml,True,medium,56,70,21,7,15.106425,21,,,,
unmerged,PMC5719293_table_1,PMC5719293_table_1.xml,True,large,126,126,126,126,105.697744,126,,,,
unmerged,PMC4971541_table_1,PMC4971541_table_1.xml,True,large,117,145,94,34,66.289518,94,,,,
unmerged,PMC6185718_table_1,PMC6185718_table_1.xml,True,medium,57,57,57,57,51.072775,57,,,,
unmerged,PMC5000650_table_0,PMC5000650_table_0.xml,False,small,33,33,33,33,30.728881,33,,,,
unmerged,PMC2918559_table_0,PMC2918559_table_0.xml,True,large,405,293,285,130,206.127798,285,,,,
unmerged,PMC3050235_table_2,PMC3050235_table_2.xml,False,small,15,15,15,8,10.95946,15,,,,
unmerged,PMC2973956_table_3,PMC2973956_table_3.xml,True,large,160,155,153,145,121.790003,153,,,,
unmerged,PMC3544610_table_2,PMC3544610_table_2.xml,True,large,299,290,290,206,222.405667,290,,,,
unmerged,PMC5756247_table_0,PMC5756247_table_0.xml,False,small,15,15,15,15,14.267204,15,,,,
unmerged,PMC5789837_table_1,PMC5789837_table_1.xml,True,small,30,23,20,6,14.328978,20,,,,
unmerged,PMC6201453_table_0,PMC6201453_table_0.xml,True,large,148,144,142,138,115.259375,142,,,,
unmerged,PMC6407848_table_0,PMC6407848_table_0.xml,False,medium,63,63,63,63,51.116701,63,,,,
unmerged,PMC4620384_table_4,PMC4620384_table_4.xml,True,large,98,75,70,69,60.754539,70,,,,
unmerged,PMC3580279_table_1,PMC3580279_table_1.xml,True,medium,48,54,45,39,39.658816,45,,,,
unmerged,PMC4890739_table_0,PMC4890739_table_0.xml,True,medium,46,46,46,46,42.960492,46,,,,
unmerged,PMC4394126_table_0,PMC4394126_table_0.xml,True,large,90,36,9,5,6.496944,9,,,,
unmerged,PMC5953945_table_1,PMC5953945_table_1.xml,False,medium,36,36,36,18,27.64597,36,,,,
unmerged,PMC3196731_table_0,PMC3196731_table_0.xml,False,medium,36,36,36,36,33.538747,36,,,,
unmerged,PMC2808329_table_3,PMC2808329_table_3.xml,True,large,204,202,200,167,155.978919,200,,,,
unmerged,PMC4613226_table_3,PMC4613226_table_3.xml,True,medium,60,53,50,49,42.302121,50,,,,
unmerged,PMC4937061_table_0,PMC4937061_table_0.xml,False,small,25,25,25,25,22.269416,25,,,,
unmerged,PMC5706411_table_1,PMC5706411_table_1.xml,True,small,20,12,11,9,9.407625,11,,,,
unmerged,PMC3270112_table_0,PMC3270112_table_0.xml,True,large,84,84,84,84,71.161357,84,,,,
unmerged,PMC5966247_table_0,PMC5966247_table_0.xml,True,small,21,21,21,21,18.716466,21,,,,
unmerged,PMC1079941_table_1,PMC1079941_table_1.xml,False,small,12,11,11,11,10.362131,11,,,,
unmerged,PMC5783415_table_0,PMC5783415_table_0.xml,False,small,18,18,18,18,15.731489,18,,,,
unmerged,PMC4943500_table_2,PMC4943500_table_2.xml,True,medium,48,43,41,41,34.915048,41,,,,
unmerged,PMC6048769_table_3,PMC6048769_table_3.xml,True,large,96,80,77,74,67.079062,77,,,,
unmerged,PMC4845358_table_0,PMC4845358_table_0.xml,True,large,110,110,110,109,95.939965,110,,,,
unmerged,PMC4594643_table_2,PMC4594643_table_2.xml,False,large,93,93,93,55,69.517698,93,,,,
unmerged,PMC5956831_table_0,PMC5956831_table_0.xml,True,large,203,199,198,197,164.601146,198,,,,
unmerged,PMC6036804_table_0,PMC6036804_table_0.xml,True,small,27,22,20,19,18.370313,20,,,,
unmerged,PMC3362811_table_1,PMC3362811_table_1.xml,False,medium,42,42,42,42,35.465199,42,,,,
unmerged,PMC5823412_table_4,PMC5823412_table_4.xml,False,medium,63,61,61,55,53.763599,61,,,,
unmerged,PMC5850630_table_0,PMC5850630_table_0.xml,True,medium,70,44,42,5,29.546947,42,,,,
unmerged,PMC2700793_table_0,PMC2700793_table_0.xml,True,medium,65,63,63,62,53.038429,63,,,,
unmerged,PMC4819911_table_0,PMC4819911_table_0.xml,False,medium,68,68,68,68,59.490745,68,,,,
unmerged,PMC5862453_table_0,PMC5862453_table_0.xml,False,large,132,130,130,130,107.735882,130,,,,
unmerged,PMC4521701_table_3,PMC4521701_table_3.xml,False,large,110,110,110,94,87.677136,110,,,,
unmerged,PMC6127189_table_0,PMC6127189_table_0.xml,False,large,105,105,105,41,77.534844,105,,,,
unmerged,PMC4751540_table_1,PMC4751540_table_1.xml,True,large,144,128,126,125,109.358991,126,,,,
unmerged,PMC3145568_table_0,PMC3145568_table_0.xml,False,small,18,18,18,18,16.862321,18,,,,
unmerged,PMC3091650_table_2,PMC3091650_table_2.xml,False,large,132,146,121,76,94.667282,121,,,,
unmerged,PMC3413447_table_1,PMC3413447_table_1.xml,False,large,212,171,143,124,112.15658,143,,,,
unmerged,PMC4976786_table_0,PMC4976786_table_0.xml,False,medium,40,40,40,40,36.825658,40,,,,
unmerged,PMC4596811_table_0,PMC4596811_table_0.xml,False,small,20,20,20,20,18.055511,20,,,,
unmerged,PMC5861386_table_3,PMC5861386_table_3.xml,True,large,95,95,95,95,79.896318,95,,,,
unmerged,PMC3475240_table_0,PMC3475240_table_0.xml,True,small,27,25,25,23,21.978979,25,,,,
unmerged,PMC4556713_table_1,PMC4556713_table_1.xml,False,large,84,84,84,84,70.776491,84,,,,
unmerged,PMC6166923_table_0,PMC6166923_table_0.xml,True,medium,57,57,57,0,36.756507,57,,,,
unmerged,PMC3022877_table_0,PMC3022877_table_0.xml,False,small,27,27,24,24,22.376942,24,,,,
unmerged,PMC5073877_table_1,PMC5073877_table_1.xml,True,small,21,24,21,18,18.985116,21,,,,
unmerged,PMC5797103_table_1,PMC5797103_table_1.xml,True,medium,56,53,50,25,36.234062,50,,,,
unmerged,PMC4373880_table_6,PMC4373880_table_6.xml,True,large,126,121,118,118,99.340781,118,,,,
unmerged,PMC5966432_table_1,PMC5966432_table_1.xml,False,medium,60,60,60,53,48.963724,60,,,,
unmerged,PMC4395329_table_3,PMC4395329_table_3.xml,True,medium,40,40,40,39,32.233772,40,,,,
unmerged,PMC6206003_table_0,PMC6206003_table_0.xml,True,large,104,97,96,30,69.321382,96,,,,
unmerged,PMC4618517_table_0,PMC4618517_table_0.xml,True,large,162,98,72,40,53.97025,72,,,,
unmerged,PMC6225686_table_3,PMC6225686_table_3.xml,True,large,203,166,142,24,96.295773,142,,,,
unmerged,PMC4412091_table_0,PMC4412091_table_0.xml,False,small,15,15,15,15,11.999257,15,,,,
unmerged,PMC5745705_table_1,PMC5745705_table_1.xml,False,small,32,32,32,32,26.798327,32,,,,
unmerged,PMC4942899_table_1,PMC4942899_table_1.xml,True,large,112,150,84,74,66.262589,84,,,,
unmerged,PMC2547107_table_1,PMC2547107_table_1.xml,False,small,21,21,21,21,20.02627,21,,,,
unmerged,PMC3542813_table_1,PMC3542813_table_1.xml,False,small,12,12,12,12,10.649368,12,,,,
unmerged,PMC3212515_table_1,PMC3212515_table_1.xml,True,small,28,28,28,28,24.910318,28,,,,
unmerged,PMC5879732_table_1,PMC5879732_table_1.xml,False,small,16,16,16,16,14.395202,16,,,,
unmerged,PMC2917353_table_0,PMC2917353_table_0.xml,True,medium,44,44,44,44,38.223906,44,,,,
unmerged,PMC5807332_table_2,PMC5807332_table_2.xml,False,small,24,24,24,8,17.899878,24,,,,
unmerged,PMC3508804_table_1,PMC3508804_table_1.xml,False,small,16,15,15,15,13.689385,15,,,,
unmerged,PMC4503601_table_0,PMC4503601_table_0.xml,False,large,168,168,168,168,140.437627,168,,,,
unmerged,PMC3103460_table_2,PMC3103460_table_2.xml,True,large,190,180,170,155,140.672491,170,,,,
unmerged,PMC3053211_table_0,PMC3053211_table_0.xml,True,small,18,18,9,0,5.526041,9,,,,
unmerged,PMC2748088_table_1,PMC2748088_table_1.xml,True,small,30,26,26,25,22.355976,26,,,,
unmerged,PMC3022907_table_1,PMC3022907_table_1.xml,True,large,81,74,71,71,59.051358,71,,,,
unmerged,PMC3018458_table_1,PMC3018458_table_1.xml,False,large,132,132,132,132,106.77605,132,,,,
unmerged,PMC4415830_table_0,PMC4415830_table_0.xml,False,small,15,12,12,12,10.811009,12,,,,
unmerged,PMC1559685_table_6,PMC1559685_table_6.xml,True,medium,48,45,45,44,37.900774,45,,,,
unmerged,PMC3475064_table_3,PMC3475064_table_3.xml,False,small,28,28,28,28,23.849352,28,,,,
unmerged,PMC1382198_table_0,PMC1382198_table_0.xml,True,small,30,28,28,28,25.796584,28,,,,
unmerged,PMC3196697_table_1,PMC3196697_table_1.xml,True,medium,72,68,68,49,53.415231,68,,,,
unmerged,PMC2914705_table_0,PMC2914705_table_0.xml,False,medium,48,48,48,47,43.300721,48,,,,
unmerged,PMC4842766_table_0,PMC4842766_table_0.xml,False,small,12,12,12,12,10.844617,12,,,,
unmerged,PMC2577669_table_2,PMC2577669_table_2.xml,False,small,24,24,24,24,23.192963,24,,,,
unmerged,PMC6530250_table_0,PMC6530250_table_0.xml,False,medium,50,45,45,40,38.352532,45,,,,
unmerged,PMC4631460_table_0,PMC4631460_table_0.xml,True,small,30,30,30,30,25.742062,30,,,,
unmerged,PMC3308190_table_2,PMC3308190_table_2.xml,True,medium,54,91,10,8,7.607168,10,,,,
unmerged,PMC4445912_table_1,PMC4445912_table_1.xml,False,medium,48,47,47,47,41.912927,47,,,,
unmerged,PMC3238873_table_0,PMC3238873_table_0.xml,False,small,20,20,20,0,12.697654,20,,,,
unmerged,PMC3553130_table_1,PMC3553130_table_1.xml,True,large,84,82,75,67,62.703063,75,,,,
unmerged,PMC5836569_table_2,PMC5836569_table_2.xml,False,large,84,84,84,84,75.842945,84,,,,
unmerged,PMC3671805_table_0,PMC3671805_table_0.xml,False,large,99,108,90,24,65.551472,90,,,,
unmerged,PMC4446329_table_7,PMC4446329_table_7.xml,False,small,21,21,21,21,19.050546,21,,,,
unmerged,PMC3441624_table_0,PMC3441624_table_0.xml,True,medium,54,50,48,48,38.787347,48,,,,
unmerged,PMC4412628_table_0,PMC4412628_table_0.xml,True,large,170,169,169,52,122.372195,169,,,,
unmerged,PMC5756554_table_0,PMC5756554_table_0.xml,False,medium,52,52,52,52,47.510367,52,,,,
unmerged,PMC2961470_table_3,PMC2961470_table_3.xml,False,large,112,112,112,112,97.879552,112,,,,
unmerged,PMC4569344_table_3,PMC4569344_table_3.xml,True,large,130,122,118,118,96.947843,118,,,,
unmerged,PMC1182365_table_5,PMC1182365_table_5.xml,False,medium,65,66,61,60,54.217305,61,,,,
unmerged,PMC4676750_table_1,PMC4676750_table_1.xml,True,large,125,123,122,116,104.329408,122,,,,
unmerged,PMC2969532_table_0,PMC2969532_table_0.xml,False,small,20,21,19,0,11.905534,19,,,,
unmerged,PMC3639066_table_1,PMC3639066_table_1.xml,True,small,35,30,27,27,22.156363,27,,,,
unmerged,PMC4618529_table_2,PMC4618529_table_2.xml,False,medium,72,71,71,71,64.325718,71,,,,
unmerged,PMC5788579_table_0,PMC5788579_table_0.xml,True,large,120,107,106,103,92.861215,106,,,,
unmerged,PMC3362578_table_1,PMC3362578_table_1.xml,True,medium,42,42,42,42,39.552295,42,,,,
unmerged,PMC2979770_table_2,PMC2979770_table_2.xml,False,large,133,133,133,133,114.441996,133,,,,
unmerged,PMC6060226_table_0,PMC6060226_table_0.xml,False,small,15,13,13,13,11.87164,13,,,,
unmerged,PMC5681566_table_0,PMC5681566_table_0.xml,True,large,264,239,234,138,178.567554,234,,,,
unmerged,PMC6102900_table_3,PMC6102900_table_3.xml,True,medium,54,61,44,41,38.119132,44,,,,
unmerged,PMC3397488_table_0,PMC3397488_table_0.xml,False,large,143,142,142,142,118.526243,142,,,,
unmerged,PMC4376517_table_1,PMC4376517_table_1.xml,False,medium,66,66,66,46,51.559224,66,,,,
unmerged,PMC1458958_table_0,PMC1458958_table_0.xml,True,large,126,133,124,113,102.006196,124,,,,
unmerged,PMC3679988_table_0,PMC3679988_table_0.xml,True,large,175,121,96,54,70.408741,96,,,,
unmerged,PMC4648506_table_1,PMC4648506_table_1.xml,True,small,35,35,35,35,29.784161,35,,,,
unmerged,PMC4714838_table_0,PMC4714838_table_0.xml,True,medium,75,75,75,75,66.922437,75,,,,
unmerged,PMC2916003_table_1,PMC2916003_table_1.xml,True,large,207,209,203,127,153.426221,203,,,,
unmerged,PMC3009153_table_2,PMC3009153_table_2.xml,False,small,18,19,17,17,15.700507,17,,,,
unmerged,PMC5954896_table_0,PMC5954896_table_0.xml,False,large,90,90,90,90,80.82946,90,,,,
unmerged,PMC4965463_table_0,PMC4965463_table_0.xml,True,medium,36,31,30,29,27.736937,30,,,,
unmerged,PMC6099994_table_0,PMC6099994_table_0.xml,True,small,30,24,24,20,20.681477,24,,,,
unmerged,PMC2585574_table_0,PMC2585574_table_0.xml,True,medium,70,67,65,64,61.49292,65,,,,
unmerged,PMC5691082_table_0,PMC5691082_table_0.xml,True,large,108,106,105,1,66.812706,105,,,,
unmerged,PMC2979697_table_0,PMC2979697_table_0.xml,False,small,16,18,14,14,12.029867,14,,,,
