variant,table_id,xml,has_span,size_band,gt_cells,pred_cells,tp@0.50,tp@0.75,iou_sum_matched@0.50,n_matched@0.50,gt_spanning,gt_plain,tp_spanning,tp_plain
merged,PMC4557484_table_1,PMC4557484_table_1.xml,False,small,24,24,24,23,19.578802,24,0,24,0,24
merged,PMC3220646_table_2,PMC3220646_table_2.xml,False,medium,49,52,47,41,40.203272,47,0,49,0,47
merged,PMC4830095_table_0,PMC4830095_table_0.xml,False,small,24,24,24,24,21.792317,24,0,24,0,24
merged,PMC4871359_table_2,PMC4871359_table_2.xml,True,medium,69,69,65,65,54.160802,65,8,61,4,61
merged,PMC3551747_table_3,PMC3551747_table_3.xml,True,large,213,231,209,132,157.700154,209,7,206,3,206
merged,PMC4603756_table_2,PMC4603756_table_2.xml,True,large,167,213,161,147,127.771018,161,9,158,3,158
merged,PMC4476686_table_3,PMC4476686_table_3.xml,True,medium,66,66,65,65,53.935601,65,4,62,3,62
merged,PMC3200184_table_1,PMC3200184_table_1.xml,False,small,28,28,28,28,23.940644,28,0,28,0,28
merged,PMC5801397_table_1,PMC5801397_table_1.xml,False,small,20,50,5,5,4.631595,5,0,20,0,5
merged,PMC2174452_table_0,PMC2174452_table_0.xml,True,large,105,123,104,101,89.695205,104,9,96,9,95
merged,PMC2979471_table_0,PMC2979471_table_0.xml,False,small,18,18,18,0,11.632123,18,0,18,0,18
merged,PMC4661520_table_0,PMC4661520_table_0.xml,False,large,246,251,241,85,179.030086,241,0,246,0,241
merged,PMC2585558_table_0,PMC2585558_table_0.xml,True,large,77,117,22,9,14.908609,22,7,70,3,19
merged,PMC4462139_table_1,PMC4462139_table_1.xml,False,medium,42,42,42,32,34.579468,42,0,42,0,42
merged,PMC3626709_table_3,PMC3626709_table_3.xml,True,large,70,88,60,54,48.875098,60,6,64,0,60
merged,PMC3353967_table_0,PMC3353967_table_0.xml,True,small,17,18,17,16,14.319834,17,1,16,1,16
merged,PMC3091531_table_0,PMC3091531_table_0.xml,False,large,114,114,114,114,95.921059,114,0,114,0,114
merged,PMC5859532_table_0,PMC5859532_table_0.xml,True,large,98,125,54,42,44.192472,54,48,50,28,26
merged,PMC4950718_table_3,PMC4950718_table_3.xml,True,large,96,88,56,52,50.089013,56,10,86,2,54
merged,PMC6069772_table_0,PMC6069772_table_0.xml,True,small,19,24,18,14,15.497727,18,3,16,3,15
merged,PMC1488876_table_0,PMC1488876_table_0.xml,False,medium,36,36,36,36,31.986853,36,0,36,0,36
merged,PMC6107733_table_3,PMC6107733_table_3.xml,False,small,6,3,3,3,2.529674,3,0,6,0,3
merged,PMC3391175_table_3,PMC3391175_table_3.xml,False,large,96,96,96,96,85.103663,96,0,96,0,96
merged,PMC2969096_table_2,PMC2969096_table_2.xml,False,small,16,18,13,5,9.475751,13,0,16,0,13
merged,PMC2954184_table_0,PMC2954184_table_0.xml,False,medium,36,36,36,36,29.785698,36,0,36,0,36
merged,PMC2577639_table_0,PMC2577639_table_0.xml,False,medium,72,72,72,72,59.460483,72,0,72,0,72
merged,PMC4748054_table_0,PMC4748054_table_0.xml,False,small,28,28,28,28,27.130487,28,0,28,0,28
merged,PMC5895719_table_0,PMC5895719_table_0.xml,False,small,22,36,13,4,8.654243,13,0,22,0,13
merged,PMC2886070_table_1,PMC2886070_table_1.xml,True,medium,52,78,46,30,35.546806,46,6,46,2,44
merged,PMC5098732_table_3,PMC5098732_table_3.xml,True,medium,36,39,22,0,13.221898,22,3,33,0,22
merged,PMC4650654_table_2,PMC4650654_table_2.xml,True,large,94,96,93,93,84.467962,93,1,93,0,93
merged,PMC4819383_table_0,PMC4819383_table_0.xml,True,medium,49,61,29,19,22.81009,29,27,22,10,19
merged,PMC3046132_table_2,PMC3046132_table_2.xml,True,large,219,223,217,181,166.547033,217,5,214,3,214
merged,PMC2711331_table_1,PMC2711331_table_1.xml,True,large,57,84,49,46,40.026312,49,11,46,3,46
merged,PMC4609873_table_0,PMC4609873_table_0.xml,False,large,116,116,116,112,95.031599,116,0,116,0,116
merged,PMC2623298_table_1,PMC2623298_table_1.xml,True,medium,49,54,44,44,39.450353,44,1,48,0,44
merged,PMC4641688_table_0,PMC4641688_table_0.xml,True,large,117,120,116,115,101.909624,116,2,115,1,115
merged,PMC2527552_table_1,PMC2527552_table_1.xml,False,medium,52,52,52,52,45.675589,52,0,52,0,52
merged,PMC4578763_table_2,PMC4578763_table_2.xml,False,medium,40,40,40,40,34.597599,40,0,40,0,40
merged,PMC1266024_table_0,PMC1266024_table_0.xml,True,large,133,156,100,20,68.859607,100,6,127,1,99
merged,PMC5906091_table_3,PMC5906091_table_3.xml,False,medium,55,55,55,26,41.345777,55,0,55,0,55
merged,PMC5075886_table_1,PMC5075886_table_1.xml,True,medium,42,49,40,40,32.924077,40,2,40,0,40
merged,PMC3346768_table_2,PMC3346768_table_2.xml,True,medium,34,39,31,10,22.504429,31,4,30,1,30
merged,PMC6460509_table_3,PMC6460509_table_3.xml,True,medium,48,48,46,46,39.053055,46,8,40,7,39
merged,PMC4933005_table_0,PMC4933005_table_0.xml,False,small,10,21,8,8,6.902284,8,0,10,0,8
merged,PMC5745737_table_2,PMC5745737_table_2.xml,True,large,94,94,94,94,77.96011,94,4,90,4,90
merged,PMC3009352_table_3,PMC3009352_table_3.xml,False,medium,56,56,56,40,44.542166,56,0,56,0,56
merged,PMC4830067_table_0,PMC4830067_table_0.xml,True,medium,58,59,57,57,49.91963,57,3,55,2,55
merged,PMC4957341_table_0,PMC4957341_table_0.xml,False,small,33,33,33,33,28.560619,33,0,33,0,33
merged,PMC2983561_table_0,PMC2983561_table_0.xml,False,small,16,18,16,5,11.587694,16,0,16,0,16
merged,PMC2904386_table_0,PMC2904386_table_0.xml,False,small,20,20,20,20,17.523825,20,0,20,0,20
merged,PMC6126004_table_3,PMC6126004_table_3.xml,False,large,112,112,112,112,96.124858,112,0,112,0,112
merged,PMC6037082_table_1,PMC6037082_table_1.xml,True,large,347,300,300,300,243.807026,300,14,333,8,292
merged,PMC5724365_table_1,PMC5724365_table_1.xml,True,large,79,81,52,0,31.491971,52,1,78,0,52
merged,PMC3583622_table_1,PMC3583622_table_1.xml,False,large,120,108,108,82,87.795558,108,0,120,0,108
merged,PMC2678101_table_0,PMC2678101_table_0.xml,False,small,30,30,30,30,27.027191,30,0,30,0,30
merged,PMC3507873_table_2,PMC3507873_table_2.xml,False,medium,72,72,72,69,58.835641,72,0,72,0,72
merged,PMC2821402_table_0,PMC2821402_table_0.xml,False,small,9,9,9,9,7.813719,9,0,9,0,9
merged,PMC5673718_table_3,PMC5673718_table_3.xml,True,medium,41,41,41,41,37.74557,41,4,37,4,37
merged,PMC4521151_table_0,PMC4521151_table_0.xml,False,medium,63,63,63,63,56.034519,63,0,63,0,63
merged,PMC4489625_table_0,PMC4489625_table_0.xml,True,medium,35,36,32,32,28.797753,32,7,28,4,28
merged,PMC3506454_table_0,PMC3506454_table_0.xml,False,small,14,14,12,12,11.275578,12,0,14,0,12
merged,PMC2352870_table_5,PMC2352870_table_5.xml,True,large,188,176,168,135,139.441073,168,4,184,3,165
merged,PMC6131896_table_1,PMC6131896_table_1.xml,True,large,92,109,82,7,56.522539,82,8,84,0,82
merged,PMC3004931_table_0,PMC3004931_table_0.xml,False,small,16,16,16,16,14.264221,16,0,16,0,16
merged,PMC4570425_table_0,PMC4570425_table_0.xml,False,medium,48,48,48,48,42.537922,48,0,48,0,48
merged,PMC1945034_table_3,PMC1945034_table_3.xml,True,medium,60,64,55,55,47.652973,55,7,53,2,53
merged,PMC2689505_table_0,PMC2689505_table_0.xml,False,medium,64,64,64,64,58.086611,64,0,64,0,64
merged,PMC5894967_table_0,PMC5894967_table_0.xml,True,large,81,96,77,17,48.960049,77,9,72,5,72
merged,PMC3296740_table_0,PMC3296740_table_0.xml,True,medium,67,76,62,42,49.246268,62,8,59,3,59
merged,PMC2640380_table_1,PMC2640380_table_1.xml,False,small,16,16,16,16,14.971954,16,0,16,0,16
merged,PMC6034749_table_0,PMC6034749_table_0.xml,True,medium,37,49,35,35,29.66193,35,2,35,0,35
merged,PMC2830220_table_0,PMC2830220_table_0.xml,False,medium,42,45,35,35,30.323478,35,0,42,0,35
merged,PMC4706714_table_0,PMC4706714_table_0.xml,False,medium,36,39,33,30,29.249349,33,0,36,0,33
merged,PMC3022830_table_0,PMC3022830_table_0.xml,True,large,121,134,115,112,98.517873,115,8,113,2,113
merged,PMC4472718_table_3,PMC4472718_table_3.xml,True,large,140,217,61,60,50.87521,61,4,136,2,59
merged,PMC4599890_table_3,PMC4599890_table_3.xml,False,small,12,12,12,12,11.032703,12,0,12,0,12
merged,PMC3184418_table_0,PMC3184418_table_0.xml,False,small,28,28,28,9,20.503304,28,0,28,0,28
merged,PMC2529317_table_1,PMC2529317_table_1.xml,True,large,74,86,67,61,55.629045,67,7,67,5,62
merged,PMC3151975_table_1,PMC3151975_table_1.xml,False,small,16,19,12,1,8.432718,12,0,16,0,12
merged,PMC4656969_table_0,PMC4656969_table_0.xml,False,medium,49,42,36,36,33.46478,36,0,49,0,36
merged,PMC5941763_table_1,PMC5941763_table_1.xml,True,large,86,90,84,82,71.863152,84,4,82,2,82
merged,PMC4347917_table_0,PMC4347917_table_0.xml,False,medium,36,41,31,20,23.498382,31,0,36,0,31
merged,PMC2718512_table_2,PMC2718512_table_2.xml,False,large,112,112,112,112,89.630472,112,0,112,0,112
merged,PMC3588267_table_1,PMC3588267_table_1.xml,False,large,84,84,84,83,68.463922,84,0,84,0,84
merged,PMC4895272_table_4,PMC4895272_table_4.xml,False,small,24,24,24,24,20.170802,24,0,24,0,24
merged,PMC4624135_table_2,PMC4624135_table_2.xml,True,large,101,112,101,95,83.922883,101,5,96,5,96
merged,PMC3501519_table_0,PMC3501519_table_0.xml,False,large,96,96,96,96,80.10703,96,0,96,0,96
merged,PMC2741440_table_2,PMC2741440_table_2.xml,True,large,86,90,84,84,69.190589,84,11,75,9,75
merged,PMC6226465_table_2,PMC6226465_table_2.xml,False,large,84,84,84,64,63.969363,84,0,84,0,84
merged,PMC2903598_table_1,PMC2903598_table_1.xml,False,small,18,18,18,15,14.684881,18,0,18,0,18
merged,PMC4882360_table_2,PMC4882360_table_2.xml,True,medium,45,51,42,42,38.406216,42,3,42,0,42
merged,PMC4419512_table_2,PMC4419512_table_2.xml,False,medium,36,36,36,36,31.154379,36,0,36,0,36
merged,PMC1851395_table_2,PMC1851395_table_2.xml,True,large,281,294,188,17,121.52528,188,8,273,0,188
merged,PMC3686801_table_0,PMC3686801_table_0.xml,True,medium,46,34,32,21,24.499259,32,2,44,2,30
merged,PMC3036605_table_0,PMC3036605_table_0.xml,True,large,110,129,105,105,94.073818,105,5,105,0,105
merged,PMC6032104_table_0,PMC6032104_table_0.xml,False,medium,70,70,70,65,56.73354,70,0,70,0,70
merged,PMC6173411_table_0,PMC6173411_table_0.xml,False,small,25,25,25,5,16.444409,25,0,25,0,25
merged,PMC2939516_table_0,PMC2939516_table_0.xml,False,small,33,33,33,33,30.732454,33,0,33,0,33
merged,PMC5791941_table_0,PMC5791941_table_0.xml,True,large,106,108,104,104,94.031125,104,37,69,35,69
merged,PMC3064576_table_2,PMC3064576_table_2.xml,True,small,23,24,22,21,19.393709,22,3,20,2,20
merged,PMC1622761_table_1,PMC1622761_table_1.xml,False,small,12,12,12,12,11.281291,12,0,12,0,12
merged,PMC4902286_table_2,PMC4902286_table_2.xml,True,small,33,33,33,33,27.979708,33,2,31,2,31
merged,PMC3238335_table_3,PMC3238335_table_3.xml,True,large,81,87,81,72,64.275481,81,7,74,7,74
merged,PMC3072946_table_0,PMC3072946_table_0.xml,False,medium,70,70,70,70,58.906716,70,0,70,0,70
merged,PMC5068742_table_4,PMC5068742_table_4.xml,True,small,13,14,13,12,11.5484,13,2,11,2,11
merged,PMC2983272_table_1,PMC2983272_table_1.xml,False,small,12,13,11,5,8.37585,11,0,12,0,11
merged,PMC3689524_table_2,PMC3689524_table_2.xml,True,small,14,17,9,8,7.784433,9,1,13,0,9
merged,PMC3541249_table_4,PMC3541249_table_4.xml,False,small,6,6,6,6,5.871401,6,0,6,0,6
merged,PMC4871359_table_3,PMC4871359_table_3.xml,True,medium,69,70,65,64,55.858262,65,8,61,4,61
merged,PMC5956962_table_1,PMC5956962_table_1.xml,False,medium,42,42,42,42,37.274192,42,0,42,0,42
merged,PMC4629756_table_0,PMC4629756_table_0.xml,False,small,27,40,11,9,8.946424,11,0,27,0,11
merged,PMC6010860_table_1,PMC6010860_table_1.xml,True,large,131,152,123,122,114.130346,123,6,125,0,123
merged,PMC5880062_table_1,PMC5880062_table_1.xml,True,large,123,190,88,20,58.543621,88,31,92,2,86
merged,PMC2955703_table_4,PMC2955703_table_4.xml,False,medium,55,55,55,55,45.641253,55,0,55,0,55
merged,PMC4641589_table_1,PMC4641589_table_1.xml,False,medium,60,60,60,60,51.045942,60,0,60,0,60
merged,PMC4490793_table_0,PMC4490793_table_0.xml,False,small,27,29,26,24,22.867342,26,0,27,0,26
merged,PMC5081668_table_2,PMC5081668_table_2.xml,True,large,115,134,90,69,70.905063,90,11,104,1,89
merged,PMC5997944_table_5,PMC5997944_table_5.xml,False,medium,48,48,48,48,41.901433,48,0,48,0,48
merged,PMC4658139_table_0,PMC4658139_table_0.xml,False,small,21,21,21,21,19.122391,21,0,21,0,21
merged,PMC5027767_table_0,PMC5027767_table_0.xml,False,small,15,15,11,0,6.108924,11,0,15,0,11
merged,PMC6154426_table_3,PMC6154426_table_3.xml,True,small,26,20,18,18,16.150702,18,4,22,3,15
merged,PMC6100046_table_0,PMC6100046_table_0.xml,False,medium,49,49,49,49,43.552114,49,0,49,0,49
merged,PMC3164601_table_2,PMC3164601_table_2.xml,True,large,70,71,48,38,37.904438,48,6,64,2,46
merged,PMC1929151_table_0,PMC1929151_table_0.xml,False,large,135,135,135,131,108.81428,135,0,135,0,135
merged,PMC2941694_table_1,PMC2941694_table_1.xml,False,medium,48,44,44,44,39.314117,44,0,48,0,44
merged,PMC2960599_table_0,PMC2960599_table_0.xml,False,small,20,21,19,2,13.580603,19,0,20,0,19
merged,PMC3673891_table_0,PMC3673891_table_0.xml,True,medium,36,48,33,20,24.863631,33,5,31,2,31
merged,PMC3629600_table_1,PMC3629600_table_1.xml,False,small,15,15,15,11,11.683919,15,0,15,0,15
merged,PMC4853443_table_3,PMC4853443_table_3.xml,False,small,20,20,20,20,17.389263,20,0,20,0,20
merged,PMC3615965_table_1,PMC3615965_table_1.xml,False,small,24,24,24,24,21.712154,24,0,24,0,24
merged,PMC4851769_table_0,PMC4851769_table_0.xml,True,large,92,100,90,90,77.865648,90,2,90,0,90
merged,PMC4987991_table_1,PMC4987991_table_1.xml,True,small,24,30,24,21,20.677397,24,3,21,3,21
merged,PMC2959565_table_1,PMC2959565_table_1.xml,False,large,168,168,168,168,140.591837,168,0,168,0,168
merged,PMC4873261_table_3,PMC4873261_table_3.xml,True,large,200,256,192,192,163.196557,192,8,192,0,192
merged,PMC2993656_table_11,PMC2993656_table_11.xml,True,medium,57,66,55,43,42.364632,55,2,55,0,55
merged,PMC6007071_table_0,PMC6007071_table_0.xml,False,small,21,21,14,0,7.467962,14,0,21,0,14
merged,PMC3200594_table_1,PMC3200594_table_1.xml,False,small,16,17,15,6,11.117024,15,0,16,0,15
merged,PMC3247576_table_1,PMC3247576_table_1.xml,False,small,16,17,16,12,12.00087,16,0,16,0,16
merged,PMC5989356_table_4,PMC5989356_table_4.xml,True,small,13,14,13,12,11.391967,13,2,11,2,11
merged,PMC5025155_table_3,PMC5025155_table_3.xml,True,large,78,79,77,66,61.669711,77,14,64,13,64
merged,PMC3232225_table_2,PMC3232225_table_2.xml,True,medium,55,68,42,10,27.876645,42,6,49,0,42
merged,PMC6071998_table_1,PMC6071998_table_1.xml,True,large,108,108,108,108,96.091708,108,2,106,2,106
merged,PMC3430984_table_0,PMC3430984_table_0.xml,False,large,96,96,96,96,76.652173,96,0,96,0,96
merged,PMC4936294_table_2,PMC4936294_table_2.xml,False,small,30,30,30,30,25.990284,30,0,30,0,30
merged,PMC4461065_table_0,PMC4461065_table_0.xml,False,small,24,24,24,24,22.502686,24,0,24,0,24
merged,PMC6225095_table_1,PMC6225095_table_1.xml,False,medium,44,54,44,33,36.286075,44,0,44,0,44
merged,PMC4457489_table_0,PMC4457489_table_0.xml,True,large,84,104,81,59,64.334448,81,8,76,5,76
merged,PMC5711908_table_3,PMC5711908_table_3.xml,False,medium,40,40,32,21,24.570789,32,0,40,0,32
merged,PMC4513019_table_0,PMC4513019_table_0.xml,True,large,190,191,188,185,153.741752,188,5,185,3,185
merged,PMC5086409_table_0,PMC5086409_table_0.xml,True,medium,40,97,9,1,5.385222,9,2,38,0,9
merged,PMC6025390_table_0,PMC6025390_table_0.xml,True,large,232,239,224,21,162.762567,224,4,228,2,222
merged,PMC3195289_table_0,PMC3195289_table_0.xml,False,large,96,96,96,72,75.694801,96,0,96,0,96
merged,PMC3132509_table_2,PMC3132509_table_2.xml,True,medium,56,59,53,40,42.055581,53,4,52,2,51
merged,PMC3700867_table_2,PMC3700867_table_2.xml,True,small,17,17,17,6,13.032892,17,1,16,1,16
merged,PMC4962254_table_0,PMC4962254_table_0.xml,False,small,27,27,27,27,25.431774,27,0,27,0,27
merged,PMC3688689_table_0,PMC3688689_table_0.xml,False,large,161,161,161,157,127.972984,161,0,161,0,161
merged,PMC4373873_table_5,PMC4373873_table_5.xml,False,medium,42,42,42,42,33.529138,42,0,42,0,42
merged,PMC5879993_table_0,PMC5879993_table_0.xml,True,medium,55,67,49,30,35.634094,49,13,42,12,37
merged,PMC3599909_table_0,PMC3599909_table_0.xml,True,large,71,81,66,64,57.144759,66,7,64,2,64
merged,PMC3671244_table_0,PMC3671244_table_0.xml,True,large,103,102,101,97,82.812824,101,4,99,3,98
merged,PMC6023632_table_1,PMC6023632_table_1.xml,True,large,101,101,101,101,87.254884,101,3,98,3,98
merged,PMC4493637_table_1,PMC4493637_table_1.xml,True,large,172,196,169,169,142.948284,169,3,169,0,169
merged,PMC3341574_table_3,PMC3341574_table_3.xml,True,medium,44,54,42,42,35.297775,42,2,42,0,42
merged,PMC4824530_table_1,PMC4824530_table_1.xml,False,medium,48,48,48,48,40.605623,48,0,48,0,48
merged,PMC4990542_table_0,PMC4990542_table_0.xml,True,large,138,150,131,41,96.749025,131,8,130,1,130
merged,PMC5739639_table_0,PMC5739639_table_0.xml,True,medium,67,72,67,62,57.069597,67,5,62,5,62
merged,PMC4526633_table_3,PMC4526633_table_3.xml,False,medium,48,48,48,48,42.370835,48,0,48,0,48
merged,PMC5048428_table_0,PMC5048428_table_0.xml,True,medium,33,33,33,33,29.356767,33,2,31,2,31
merged,PMC2967991_table_0,PMC2967991_table_0.xml,False,small,20,21,19,0,11.762789,19,0,20,0,19
merged,PMC3325992_table_2,PMC3325992_table_2.xml,False,medium,60,58,57,53,46.844569,57,0,60,0,57
merged,PMC5058761_table_1,PMC5058761_table_1.xml,True,small,29,30,28,27,25.233993,28,3,26,2,26
merged,PMC6205954_table_0,PMC6205954_table_0.xml,False,small,30,96,12,4,7.899747,12,0,30,0,12
merged,PMC5896998_table_0,PMC5896998_table_0.xml,False,small,15,15,5,0,3.409903,5,0,15,0,5
merged,PMC5688640_table_7,PMC5688640_table_7.xml,False,medium,65,65,65,65,60.486579,65,0,65,0,65
merged,PMC6092857_table_0,PMC6092857_table_0.xml,True,large,224,260,207,172,163.133606,207,14,210,1,206
merged,PMC4963123_table_0,PMC4963123_table_0.xml,False,small,12,12,11,11,9.979311,11,0,12,0,11
merged,PMC4485293_table_1,PMC4485293_table_1.xml,False,small,20,20,20,20,17.82766,20,0,20,0,20
merged,PMC4864823_table_0,PMC4864823_table_0.xml,False,small,6,22,3,3,2.748425,3,0,6,0,3
merged,PMC5102476_table_1,PMC5102476_table_1.xml,True,large,69,84,64,38,51.228158,64,5,64,0,64
merged,PMC4523781_table_1,PMC4523781_table_1.xml,False,small,25,25,25,25,21.09496,25,0,25,0,25
merged,PMC4955163_table_0,PMC4955163_table_0.xml,True,small,13,35,7,7,6.195906,7,1,12,0,7
merged,PMC4485614_table_0,PMC4485614_table_0.xml,True,medium,67,76,63,33,46.743341,63,3,64,0,63
merged,PMC4871438_table_1,PMC4871438_table_1.xml,False,large,186,186,185,181,152.415013,185,0,186,0,185
merged,PMC1939840_table_1,PMC1939840_table_1.xml,False,medium,52,52,52,52,46.011797,52,0,52,0,52
merged,PMC5120060_table_4,PMC5120060_table_4.xml,False,small,20,23,13,13,11.808815,13,0,20,0,13
merged,PMC6025384_table_1,PMC6025384_table_1.xml,True,medium,57,65,45,42,40.648649,45,6,51,3,42
merged,PMC4709483_table_1,PMC4709483_table_1.xml,True,medium,62,60,54,6,37.769644,54,3,59,2,52
merged,PMC3409068_table_1,PMC3409068_table_1.xml,False,large,92,92,88,23,53.695932,88,0,92,0,88
merged,PMC5093738_table_3,PMC5093738_table_3.xml,False,large,104,104,104,103,89.43519,104,0,104,0,104
merged,PMC4678211_table_1,PMC4678211_table_1.xml,True,large,83,99,76,63,59.196086,76,5,78,2,74
merged,PMC5017671_table_1,PMC5017671_table_1.xml,True,medium,40,43,39,37,34.028061,39,4,36,3,36
merged,PMC4940829_table_0,PMC4940829_table_0.xml,True,large,62,50,33,21,25.382182,33,31,31,15,18
merged,PMC5927400_table_0,PMC5927400_table_0.xml,False,large,253,253,253,157,192.017348,253,0,253,0,253
merged,PMC3072324_table_0,PMC3072324_table_0.xml,False,small,27,27,27,27,25.180425,27,0,27,0,27
merged,PMC2960525_table_3,PMC2960525_table_3.xml,False,small,10,4,3,1,1.886725,3,0,10,0,3
merged,PMC4355521_table_0,PMC4355521_table_0.xml,False,small,16,16,16,16,13.858647,16,0,16,0,16
merged,PMC4431603_table_2,PMC4431603_table_2.xml,True,medium,65,65,64,64,54.706241,64,3,62,2,62
merged,PMC5953918_table_0,PMC5953918_table_0.xml,True,large,193,202,182,75,131.433902,182,9,184,6,176
merged,PMC3129319_table_1,PMC3129319_table_1.xml,False,small,27,27,27,18,20.625147,27,0,27,0,27
merged,PMC3544827_table_2,PMC3544827_table_2.xml,True,medium,38,38,37,30,30.247221,37,2,36,1,36
merged,PMC4597800_table_0,PMC4597800_table_0.xml,True,small,25,26,24,23,22.230471,24,2,23,1,23
merged,PMC2944255_table_5,PMC2944255_table_5.xml,False,small,21,27,8,6,6.709187,8,0,21,0,8
merged,PMC5996883_table_0,PMC5996883_table_0.xml,True,medium,56,58,56,38,43.323809,56,4,52,4,52
merged,PMC3269416_table_0,PMC3269416_table_0.xml,False,small,9,9,9,9,8.230798,9,0,9,0,9
merged,PMC5829779_table_3,PMC5829779_table_3.xml,False,medium,52,52,52,52,46.183856,52,0,52,0,52
merged,PMC6019505_table_2,PMC6019505_table_2.xml,False,medium,36,36,36,36,31.020283,36,0,36,0,36
merged,PMC6085217_table_3,PMC6085217_table_3.xml,True,small,27,36,18,18,15.930891,18,3,24,1,17
merged,PMC3446543_table_1,PMC3446543_table_1.xml,True,small,17,24,12,1,8.124443,12,2,15,0,12
merged,PMC6038205_table_4,PMC6038205_table_4.xml,True,large,99,114,80,0,47.263532,80,3,96,0,80
merged,PMC3653782_table_3,PMC3653782_table_3.xml,True,large,71,104,60,41,46.899104,60,11,60,0,60
merged,PMC4795930_table_0,PMC4795930_table_0.xml,True,large,105,109,105,21,75.937145,105,5,100,5,100
merged,PMC2999564_table_3,PMC2999564_table_3.xml,False,large,80,80,80,79,67.81249,80,0,80,0,80
merged,PMC6236952_table_0,PMC6236952_table_0.xml,True,small,18,19,16,5,11.669913,16,3,15,1,15
merged,PMC2959605_table_1,PMC2959605_table_1.xml,False,large,175,174,174,174,148.003858,174,0,175,0,174
merged,PMC3680193_table_1,PMC3680193_table_1.xml,True,large,193,241,183,180,160.567881,183,10,183,1,182
merged,PMC4472248_table_0,PMC4472248_table_0.xml,True,large,103,87,81,65,63.851261,81,4,99,1,80
merged,PMC3444503_table_2,PMC3444503_table_2.xml,True,large,69,84,66,61,53.93991,66,3,66,0,66
merged,PMC2861057_table_0,PMC2861057_table_0.xml,True,medium,36,42,33,33,30.298439,33,3,33,0,33
merged,PMC5945046_table_1,PMC5945046_table_1.xml,True,large,97,115,94,5,62.56668,94,5,92,2,92
merged,PMC3473247_table_2,PMC3473247_table_2.xml,False,small,15,15,11,11,9.617025,11,0,15,0,11
merged,PMC5725103_table_2,PMC5725103_table_2.xml,True,large,155,155,155,155,129.367272,155,5,150,5,150
merged,PMC6040068_table_3,PMC6040068_table_3.xml,True,large,88,111,72,59,57.894251,72,3,85,2,70
merged,PMC4699818_table_0,PMC4699818_table_0.xml,False,medium,60,60,60,60,52.619467,60,0,60,0,60
merged,PMC6079442_table_0,PMC6079442_table_0.xml,False,large,192,192,192,163,153.080232,192,0,192,0,192
merged,PMC3072304_table_0,PMC3072304_table_0.xml,False,small,32,36,32,28,27.634002,32,0,32,0,32
merged,PMC3036079_table_0,PMC3036079_table_0.xml,True,large,152,154,152,140,124.314588,152,1,151,1,151
merged,PMC5751415_table_2,PMC5751415_table_2.xml,True,small,25,26,21,15,16.147788,21,2,23,0,21
merged,PMC6028909_table_2,PMC6028909_table_2.xml,True,large,136,138,134,132,112.199992,134,4,132,2,132
merged,PMC4364747_table_1,PMC4364747_table_1.xml,False,large,90,90,90,90,74.413716,90,0,90,0,90
merged,PMC3099919_table_4,PMC3099919_table_4.xml,False,medium,45,45,36,0,22.908683,36,0,45,0,36
merged,PMC4740352_table_3,PMC4740352_table_3.xml,True,medium,66,90,55,45,45.10933,55,3,63,3,52
merged,PMC5020513_table_0,PMC5020513_table_0.xml,True,large,142,161,136,136,123.081327,136,8,134,2,134
merged,PMC6087012_table_2,PMC6087012_table_2.xml,True,medium,67,73,61,60,57.220596,61,4,63,0,61
merged,PMC4641152_table_2,PMC4641152_table_2.xml,True,small,13,14,11,1,7.37806,11,2,11,0,11
merged,PMC4446004_table_0,PMC4446004_table_0.xml,False,large,120,120,120,117,95.712549,120,0,120,0,120
merged,PMC2596488_table_1,PMC2596488_table_1.xml,True,medium,64,70,63,45,52.27934,63,1,63,0,63
merged,PMC5679600_table_1,PMC5679600_table_1.xml,False,small,25,25,25,25,21.914948,25,0,25,0,25
merged,PMC4697506_table_0,PMC4697506_table_0.xml,False,medium,42,42,42,42,35.686906,42,0,42,0,42
merged,PMC3006915_table_2,PMC3006915_table_2.xml,False,large,280,268,266,197,208.255404,266,0,280,0,266
merged,PMC3484115_table_0,PMC3484115_table_0.xml,True,large,101,103,100,67,77.092446,100,7,94,6,94
merged,PMC5840833_table_0,PMC5840833_table_0.xml,True,large,144,160,139,113,119.396469,139,4,140,0,139
merged,PMC4923155_table_3,PMC4923155_table_3.xml,True,large,213,237,207,151,157.838155,207,9,204,3,204
merged,PMC6002068_table_6,PMC6002068_table_6.xml,True,small,23,27,20,19,17.319362,20,4,19,1,19
merged,PMC3103460_table_0,PMC3103460_table_0.xml,True,large,135,176,107,66,85.438296,107,14,121,4,103
merged,PMC4360558_table_1,PMC4360558_table_1.xml,False,small,16,15,15,15,13.980805,15,0,16,0,15
merged,PMC4378979_table_0,PMC4378979_table_0.xml,True,large,73,78,69,69,59.745569,69,4,69,0,69
merged,PMC3585286_table_1,PMC3585286_table_1.xml,False,large,120,113,113,89,86.986548,113,0,120,0,113
merged,PMC1599734_table_0,PMC1599734_table_0.xml,False,small,27,25,21,21,19.365355,21,0,27,0,21
merged,PMC3535723_table_1,PMC3535723_table_1.xml,True,large,73,91,70,68,56.323754,70,3,70,0,70
merged,PMC5768441_table_0,PMC5768441_table_0.xml,True,medium,48,55,42,38,36.83852,42,2,46,1,41
merged,PMC2649911_table_0,PMC2649911_table_0.xml,False,small,9,9,9,8,8.182199,9,0,9,0,9
merged,PMC3485083_table_1,PMC3485083_table_1.xml,False,large,156,156,156,39,114.268345,156,0,156,0,156
merged,PMC3526551_table_2,PMC3526551_table_2.xml,True,medium,30,20,20,15,16.829379,20,15,15,15,5
merged,PMC4667499_table_0,PMC4667499_table_0.xml,True,large,149,188,98,30,66.000416,98,15,134,5,93
merged,PMC5966494_table_1,PMC5966494_table_1.xml,True,large,174,179,169,155,132.852491,169,5,169,0,169
merged,PMC3338423_table_0,PMC3338423_table_0.xml,True,large,154,188,143,51,105.681661,143,12,142,1,142
merged,PMC4349793_table_0,PMC4349793_table_0.xml,True,large,119,153,99,99,85.170895,99,11,108,0,99
merged,PMC5707816_table_1,PMC5707816_table_1.xml,True,large,96,121,92,91,79.648508,92,7,89,3,89
merged,PMC3224767_table_0,PMC3224767_table_0.xml,True,medium,45,48,44,44,37.850555,44,1,44,0,44
merged,PMC4345205_table_0,PMC4345205_table_0.xml,False,small,18,18,18,4,12.452064,18,0,18,0,18
merged,PMC3269996_table_1,PMC3269996_table_1.xml,True,large,101,102,93,91,76.54608,93,3,98,2,91
merged,PMC3464599_table_0,PMC3464599_table_0.xml,False,small,24,24,24,24,22.12427,24,0,24,0,24
merged,PMC2577088_table_1,PMC2577088_table_1.xml,False,small,30,30,30,30,27.98572,30,0,30,0,30
merged,PMC2969637_table_1,PMC2969637_table_1.xml,False,large,161,161,161,161,133.664193,161,0,161,0,161
merged,PMC5998039_table_0,PMC5998039_table_0.xml,False,large,84,84,84,84,68.955771,84,0,84,0,84
merged,PMC4897879_table_0,PMC4897879_table_0.xml,True,large,125,177,63,63,52.654542,63,58,67,0,63
merged,PMC5745915_table_0,PMC5745915_table_0.xml,False,large,140,131,131,80,100.386608,131,0,140,0,131
merged,PMC5033576_table_1,PMC5033576_table_1.xml,True,large,115,117,112,112,97.981827,112,3,112,0,112
merged,PMC3637233_table_1,PMC3637233_table_1.xml,False,medium,60,60,60,60,52.312121,60,0,60,0,60
merged,PMC2732638_table_4,PMC2732638_table_4.xml,True,small,11,12,11,10,9.901288,11,1,10,1,10
merged,PMC3236460_table_1,PMC3236460_table_1.xml,False,small,32,32,32,32,28.994416,32,0,32,0,32
merged,PMC6137918_table_1,PMC6137918_table_1.xml,True,medium,58,64,57,17,40.46515,57,6,52,6,51
merged,PMC6156278_table_0,PMC6156278_table_0.xml,True,large,76,84,74,57,62.445862,74,3,73,1,73
merged,PMC2695361_table_4,PMC2695361_table_4.xml,False,small,16,16,16,16,15.079496,16,0,16,0,16
merged,PMC4747561_table_0,PMC4747561_table_0.xml,True,medium,45,49,43,43,38.018207,43,2,43,0,43
merged,PMC6025609_table_0,PMC6025609_table_0.xml,False,medium,40,40,40,40,37.466357,40,0,40,0,40
merged,PMC2628647_table_1,PMC2628647_table_1.xml,False,medium,42,42,42,38,35.134463,42,0,42,0,42
merged,PMC4736147_table_0,PMC4736147_table_0.xml,True,large,186,214,178,15,111.351281,178,6,180,0,178
merged,PMC3201530_table_3,PMC3201530_table_3.xml,False,small,15,16,14,11,11.099029,14,0,15,0,14
merged,PMC5714139_table_0,PMC5714139_table_0.xml,True,small,26,40,18,15,13.888594,18,1,25,0,18
merged,PMC4446492_table_0,PMC4446492_table_0.xml,False,large,123,123,123,123,98.533997,123,0,123,0,123
merged,PMC4524475_table_0,PMC4524475_table_0.xml,False,large,140,140,140,110,107.859164,140,0,140,0,140
merged,PMC4650288_table_3,PMC4650288_table_3.xml,True,medium,55,63,48,47,41.171964,48,8,47,1,47
merged,PMC6017431_table_0,PMC6017431_table_0.xml,True,medium,72,72,72,72,59.510502,72,5,67,5,67
merged,PMC3515887_table_0,PMC3515887_table_0.xml,True,small,6,80,0,0,0,0,3,3,0,0
merged,PMC3006894_table_1,PMC3006894_table_1.xml,False,medium,50,50,46,30,34.980372,46,0,50,0,46
merged,PMC6172266_table_0,PMC6172266_table_0.xml,True,large,98,100,96,75,73.775399,96,2,96,0,96
merged,PMC4457818_table_1,PMC4457818_table_1.xml,True,medium,56,62,56,49,46.522161,56,7,49,7,49
merged,PMC5074446_table_0,PMC5074446_table_0.xml,True,small,24,41,14,8,11.253313,14,3,21,0,14
merged,PMC5117527_table_0,PMC5117527_table_0.xml,False,small,22,22,22,22,19.70565,22,0,22,0,22
merged,PMC2830186_table_10,PMC2830186_table_10.xml,True,large,161,161,160,160,130.952226,160,2,159,1,159
merged,PMC3589335_table_2,PMC3589335_table_2.xml,True,medium,40,48,37,35,30.492538,37,5,35,2,35
merged,PMC2623298_table_0,PMC2623298_table_0.xml,True,medium,49,56,45,43,39.558811,45,1,48,0,45
merged,PMC4343049_table_0,PMC4343049_table_0.xml,True,large,82,106,74,74,64.491206,74,10,72,2,72
merged,PMC4459660_table_2,PMC4459660_table_2.xml,True,medium,43,60,38,20,29.252443,38,3,40,0,38
merged,PMC5686811_table_2,PMC5686811_table_2.xml,False,large,88,88,87,87,76.790902,87,0,88,0,87
merged,PMC3217847_table_2,PMC3217847_table_2.xml,True,large,107,108,106,106,87.873781,106,3,104,2,104
merged,PMC3089322_table_4,PMC3089322_table_4.xml,False,large,154,154,154,154,131.699078,154,0,154,0,154
merged,PMC4666065_table_1,PMC4666065_table_1.xml,True,large,149,153,145,51,107.373777,145,4,145,0,145
merged,PMC6016042_table_1,PMC6016042_table_1.xml,True,medium,56,72,47,47,40.939812,47,8,48,0,47
merged,PMC6147783_table_0,PMC6147783_table_0.xml,False,small,20,20,20,7,14.431872,20,0,20,0,20
merged,PMC4898693_table_2,PMC4898693_table_2.xml,True,small,19,21,18,11,14.297226,18,1,18,0,18
merged,PMC5100194_table_1,PMC5100194_table_1.xml,True,medium,59,61,55,55,48.813037,55,6,53,2,53
merged,PMC3412721_table_0,PMC3412721_table_0.xml,True,medium,34,40,32,32,30.917088,32,2,32,0,32
merged,PMC4550389_table_3,PMC4550389_table_3.xml,True,large,103,103,102,95,83.961104,102,5,98,4,98
merged,PMC2721847_table_0,PMC2721847_table_0.xml,True,small,26,30,25,25,21.634882,25,1,25,0,25
merged,PMC2865542_table_4,PMC2865542_table_4.xml,False,small,25,50,11,6,7.792394,11,0,25,0,11
merged,PMC3405067_table_0,PMC3405067_table_0.xml,False,large,132,132,132,125,105.192897,132,0,132,0,132
merged,PMC3462107_table_0,PMC3462107_table_0.xml,True,large,133,157,126,123,115.821065,126,9,124,3,123
merged,PMC4632702_table_0,PMC4632702_table_0.xml,False,small,12,12,12,12,11.369474,12,0,12,0,12
merged,PMC5751186_table_0,PMC5751186_table_0.xml,True,small,17,17,17,17,16.23476,17,1,16,1,16
merged,PMC6105256_table_2,PMC6105256_table_2.xml,False,large,324,289,247,145,185.357108,247,0,324,0,247
merged,PMC3503853_table_2,PMC3503853_table_2.xml,False,small,21,21,21,21,18.634443,21,0,21,0,21
merged,PMC2959688_table_1,PMC2959688_table_1.xml,False,large,154,154,153,153,133.145992,153,0,154,0,153
merged,PMC5916864_table_0,PMC5916864_table_0.xml,False,small,24,24,24,24,20.497174,24,0,24,0,24
merged,PMC5991593_table_1,PMC5991593_table_1.xml,True,medium,56,56,56,56,51.738585,56,1,55,1,55
merged,PMC3437489_table_0,PMC3437489_table_0.xml,True,large,93,98,82,74,66.811651,82,7,86,3,79
merged,PMC5059980_table_1,PMC5059980_table_1.xml,True,small,19,19,16,15,13.323195,16,5,14,2,14
merged,PMC5704458_table_0,PMC5704458_table_0.xml,True,small,30,64,17,16,14.961865,17,2,28,1,16
merged,PMC6094581_table_1,PMC6094581_table_1.xml,False,medium,40,51,36,33,31.067875,36,0,40,0,36
merged,PMC4866963_table_0,PMC4866963_table_0.xml,True,small,32,33,28,26,23.873837,28,3,29,2,26
merged,PMC5015207_table_2,PMC5015207_table_2.xml,True,small,32,32,32,32,29.292935,32,3,29,3,29
merged,PMC4710970_table_1,PMC4710970_table_1.xml,True,large,62,68,56,54,49.885513,56,10,52,4,52
merged,PMC6003148_table_0,PMC6003148_table_0.xml,True,small,18,19,13,1,8.695705,13,1,17,0,13
merged,PMC4882771_table_2,PMC4882771_table_2.xml,False,large,92,92,92,92,83.250863,92,0,92,0,92
merged,PMC5100185_table_0,PMC5100185_table_0.xml,True,small,17,18,17,16,14.319582,17,1,16,1,16
merged,PMC3564795_table_0,PMC3564795_table_0.xml,True,large,202,247,200,136,152.945809,200,2,200,0,200
merged,PMC4449761_table_2,PMC4449761_table_2.xml,True,large,82,84,82,80,66.689841,82,4,78,4,78
merged,PMC5778064_table_3,PMC5778064_table_3.xml,True,small,21,21,21,21,17.73093,21,2,19,2,19
merged,PMC5085032_table_1,PMC5085032_table_1.xml,True,large,112,119,112,105,97.237702,112,36,76,36,76
merged,PMC3622410_table_2,PMC3622410_table_2.xml,True,large,90,102,70,53,55.956205,70,3,87,0,70
merged,PMC6158853_table_2,PMC6158853_table_2.xml,True,medium,40,49,36,31,30.074717,36,8,32,4,32
merged,PMC4405850_table_0,PMC4405850_table_0.xml,True,large,75,56,26,20,19.303494,26,5,70,4,22
merged,PMC3544731_table_1,PMC3544731_table_1.xml,True,large,84,86,78,78,66.51063,78,6,78,5,73
merged,PMC5737357_table_0,PMC5737357_table_0.xml,True,medium,55,65,53,0,31.566672,53,2,53,0,53
merged,PMC5040809_table_0,PMC5040809_table_0.xml,True,small,11,10,7,3,5.201733,7,3,8,2,5
merged,PMC4491485_table_2,PMC4491485_table_2.xml,False,medium,42,42,42,7,29.244097,42,0,42,0,42
merged,PMC3646807_table_1,PMC3646807_table_1.xml,True,small,21,21,20,18,15.993013,20,2,19,1,19
merged,PMC3288075_table_1,PMC3288075_table_1.xml,False,medium,72,72,72,72,57.280459,72,0,72,0,72
merged,PMC5968057_table_0,PMC5968057_table_0.xml,False,large,120,120,120,120,102.366301,120,0,120,0,120
merged,PMC5012025_table_0,PMC5012025_table_0.xml,False,large,88,86,75,73,68.552526,75,0,88,0,75
merged,PMC4632776_table_2,PMC4632776_table_2.xml,False,small,20,20,20,20,18.003861,20,0,20,0,20
merged,PMC3068931_table_2,PMC3068931_table_2.xml,True,small,21,21,18,17,15.789033,18,2,19,0,18
merged,PMC4642691_table_2,PMC4642691_table_2.xml,True,medium,56,76,44,17,31.758969,44,9,47,0,44
merged,PMC4526162_table_0,PMC4526162_table_0.xml,False,medium,40,40,40,40,37.205294,40,0,40,0,40
merged,PMC2983785_table_1,PMC2983785_table_1.xml,False,small,8,9,7,1,4.966332,7,0,8,0,7
merged,PMC4825469_table_0,PMC4825469_table_0.xml,True,large,136,136,132,132,115.918993,132,12,124,8,124
merged,PMC3009348_table_1,PMC3009348_table_1.xml,False,small,16,17,14,13,10.884009,14,0,16,0,14
merged,PMC6070289_table_2,PMC6070289_table_2.xml,True,large,102,102,101,89,83.9379,101,6,96,5,96
merged,PMC2915656_table_0,PMC2915656_table_0.xml,True,large,136,144,129,123,101.322439,129,8,128,1,128
merged,PMC3414449_table_2,PMC3414449_table_2.xml,True,medium,54,60,52,49,41.839717,52,2,52,0,52
merged,PMC5810047_table_1,PMC5810047_table_1.xml,False,small,32,32,32,32,27.222155,32,0,32,0,32
merged,PMC3213624_table_3,PMC3213624_table_3.xml,False,large,147,148,147,147,127.358688,147,0,147,0,147
merged,PMC4876448_table_1,PMC4876448_table_1.xml,False,small,20,20,20,5,14.316441,20,0,20,0,20
merged,PMC6150164_table_0,PMC6150164_table_0.xml,True,medium,44,44,43,43,40.021859,43,2,42,1,42
merged,PMC4994996_table_0,PMC4994996_table_0.xml,False,small,24,24,24,16,19.808171,24,0,24,0,24
merged,PMC4791377_table_0,PMC4791377_table_0.xml,False,small,30,30,30,30,28.835724,30,0,30,0,30
merged,PMC4970739_table_0,PMC4970739_table_0.xml,True,large,129,135,123,32,81.489278,123,1,128,0,123
merged,PMC5051029_table_2,PMC5051029_table_2.xml,True,medium,73,76,72,72,65.72817,72,1,72,0,72
merged,PMC3552855_table_1,PMC3552855_table_1.xml,False,small,20,22,18,14,14.117299,18,0,20,0,18
merged,PMC6071983_table_0,PMC6071983_table_0.xml,False,small,35,35,8,0,4.912465,8,0,35,0,8
merged,PMC4407475_table_4,PMC4407475_table_4.xml,True,medium,46,45,44,44,37.379319,44,4,42,4,40
merged,PMC3514307_table_3,PMC3514307_table_3.xml,True,medium,42,48,40,36,31.646762,40,7,35,5,35
merged,PMC4849749_table_3,PMC4849749_table_3.xml,True,large,187,217,182,182,153.964411,182,5,182,0,182
merged,PMC3215749_table_0,PMC3215749_table_0.xml,True,large,73,80,70,70,56.229768,70,3,70,0,70
merged,PMC3538775_table_0,PMC3538775_table_0.xml,False,small,6,6,6,6,5.216503,6,0,6,0,6
merged,PMC6166939_table_3,PMC6166939_table_3.xml,False,small,30,30,30,28,24.138887,30,0,30,0,30
merged,PMC4488050_table_3,PMC4488050_table_3.xml,True,medium,41,63,34,33,29.745196,34,8,33,1,33
merged,PMC6091258_table_2,PMC6091258_table_2.xml,True,medium,38,49,27,11,19.091944,27,5,33,5,22
merged,PMC4791772_table_1,PMC4791772_table_1.xml,False,medium,50,50,50,50,44.682114,50,0,50,0,50
merged,PMC3209469_table_3,PMC3209469_table_3.xml,False,medium,42,42,42,42,39.069659,42,0,42,0,42
merged,PMC4460773_table_2,PMC4460773_table_2.xml,True,large,135,150,101,0,54.341553,101,7,128,0,101
merged,PMC2222605_table_2,PMC2222605_table_2.xml,True,small,17,20,15,5,11.321343,15,1,16,0,15
merged,PMC3128012_table_3,PMC3128012_table_3.xml,True,large,157,198,143,139,119.014291,143,13,144,0,143
merged,PMC2959996_table_1,PMC2959996_table_1.xml,False,small,16,16,15,15,12.149002,15,0,16,0,15
merged,PMC3306998_table_0,PMC3306998_table_0.xml,True,small,13,12,12,10,10.337761,12,2,11,2,10
merged,PMC6065330_table_0,PMC6065330_table_0.xml,True,medium,51,60,48,48,43.995822,48,3,48,0,48
merged,PMC6023428_table_0,PMC6023428_table_0.xml,False,medium,39,39,39,39,34.230539,39,0,39,0,39
merged,PMC3534341_table_1,PMC3534341_table_1.xml,True,medium,51,51,51,51,46.501137,51,3,48,3,48
merged,PMC6075757_table_2,PMC6075757_table_2.xml,True,medium,42,43,42,41,38.00378,42,3,39,3,39
merged,PMC5828227_table_0,PMC5828227_table_0.xml,False,large,154,154,154,154,135.238353,154,0,154,0,154
merged,PMC3339393_table_6,PMC3339393_table_6.xml,False,small,15,12,12,10,10.482654,12,0,15,0,12
merged,PMC1971068_table_3,PMC1971068_table_3.xml,True,large,123,148,119,102,93.049563,119,9,114,6,113
merged,PMC5825157_table_1,PMC5825157_table_1.xml,False,small,32,32,32,32,26.307634,32,0,32,0,32
merged,PMC4831174_table_0,PMC4831174_table_0.xml,False,small,9,6,6,3,4.448264,6,0,9,0,6
merged,PMC5021972_table_0,PMC5021972_table_0.xml,False,medium,70,70,70,70,58.29296,70,0,70,0,70
merged,PMC3079670_table_2,PMC3079670_table_2.xml,True,large,150,150,148,145,121.855109,148,9,141,7,141
merged,PMC5037679_table_2,PMC5037679_table_2.xml,True,large,70,88,67,65,57.858377,67,5,65,2,65
merged,PMC3014882_table_1,PMC3014882_table_1.xml,True,large,74,78,71,71,58.553852,71,4,70,1,70
merged,PMC6157292_table_11,PMC6157292_table_11.xml,False,small,12,6,0,0,0,0,0,12,0,0
merged,PMC5137007_table_1,PMC5137007_table_1.xml,False,medium,65,65,65,65,55.480652,65,0,65,0,65
merged,PMC3309941_table_1,PMC3309941_table_1.xml,True,large,168,200,162,154,135.893358,162,7,161,1,161
merged,PMC4936315_table_2,PMC4936315_table_2.xml,True,medium,44,46,43,42,37.660491,43,2,42,1,42
merged,PMC6114971_table_1,PMC6114971_table_1.xml,False,small,25,25,5,0,2.814087,5,0,25,0,5
merged,PMC2740668_table_1,PMC2740668_table_1.xml,True,small,25,28,23,22,21.775061,23,1,24,1,22
merged,PMC5709823_table_0,PMC5709823_table_0.xml,True,large,76,86,69,23,49.881526,69,5,71,2,67
merged,PMC3207832_table_1,PMC3207832_table_1.xml,True,large,235,253,233,130,172.851353,233,17,218,15,218
merged,PMC3164726_table_4,PMC3164726_table_4.xml,False,large,224,224,224,168,175.831557,224,0,224,0,224
merged,PMC1794454_table_0,PMC1794454_table_0.xml,True,small,23,24,23,22,20.764281,23,1,22,1,22
merged,PMC3702364_table_0,PMC3702364_table_0.xml,True,small,24,26,23,22,19.650629,23,4,20,4,19
merged,PMC6141544_table_1,PMC6141544_table_1.xml,True,large,129,129,127,124,109.852492,127,4,125,3,124
merged,PMC5707350_table_1,PMC5707350_table_1.xml,False,small,20,20,20,16,16.10997,20,0,20,0,20
merged,PMC2958834_table_0,PMC2958834_table_0.xml,True,large,87,89,87,85,72.176529,87,5,82,5,82
merged,PMC2794372_table_2,PMC2794372_table_2.xml,True,large,108,128,103,103,85.395074,103,7,101,2,101
merged,PMC6020339_table_1,PMC6020339_table_1.xml,True,medium,26,40,2,0,1.101929,2,4,22,0,2
merged,PMC3683149_table_2,PMC3683149_table_2.xml,False,small,25,25,25,25,21.903626,25,0,25,0,25
merged,PMC2960665_table_2,PMC2960665_table_2.xml,False,small,18,22,17,15,14.889116,17,0,18,0,17
merged,PMC2983291_table_0,PMC2983291_table_0.xml,False,small,20,20,20,0,12.301024,20,0,20,0,20
merged,PMC2904282_table_4,PMC2904282_table_4.xml,True,large,80,122,68,68,62.80669,68,12,68,0,68
merged,PMC2853082_table_0,PMC2853082_table_0.xml,True,medium,41,81,27,22,21.281998,27,7,34,0,27
merged,PMC3283499_table_0,PMC3283499_table_0.xml,True,large,169,205,165,165,132.918964,165,4,165,0,165
merged,PMC4930560_table_0,PMC4930560_table_0.xml,True,medium,46,47,46,45,42.093235,46,3,43,3,43
merged,PMC5833385_table_2,PMC5833385_table_2.xml,False,small,35,35,35,35,29.00031,35,0,35,0,35
merged,PMC2572618_table_2,PMC2572618_table_2.xml,False,small,30,30,30,30,27.533047,30,0,30,0,30
merged,PMC4957803_table_0,PMC4957803_table_0.xml,True,large,195,195,195,195,183.463663,195,5,190,5,190
merged,PMC5137107_table_0,PMC5137107_table_0.xml,True,medium,49,51,46,44,38.588847,46,3,46,2,44
merged,PMC1199598_table_0,PMC1199598_table_0.xml,True,small,26,29,26,20,22.628103,26,4,22,4,22
merged,PMC4981347_table_2,PMC4981347_table_2.xml,True,medium,68,72,65,21,46.942087,65,3,65,0,65
merged,PMC3052110_table_2,PMC3052110_table_2.xml,False,small,18,21,15,2,10.715427,15,0,18,0,15
merged,PMC4831767_table_1,PMC4831767_table_1.xml,True,large,243,244,242,242,209.33911,242,3,240,2,240
merged,PMC3247230_table_0,PMC3247230_table_0.xml,False,medium,42,42,42,42,33.932968,42,0,42,0,42
merged,PMC4934257_table_5,PMC4934257_table_5.xml,False,medium,42,42,42,42,35.483284,42,0,42,0,42
merged,PMC3001739_table_0,PMC3001739_table_0.xml,False,small,21,21,21,21,19.342368,21,0,21,0,21
merged,PMC5663491_table_0,PMC5663491_table_0.xml,True,medium,34,40,31,19,23.753285,31,3,31,0,31
merged,PMC4577082_table_0,PMC4577082_table_0.xml,True,large,177,178,174,172,151.847995,174,10,167,8,166
merged,PMC3320545_table_2,PMC3320545_table_2.xml,False,large,88,79,78,67,61.86332,78,0,88,0,78
merged,PMC2961393_table_4,PMC2961393_table_4.xml,False,small,25,25,15,0,8.976424,15,0,25,0,15
merged,PMC4608111_table_2,PMC4608111_table_2.xml,True,small,20,21,18,17,16.425973,18,6,14,4,14
merged,PMC5936689_table_1,PMC5936689_table_1.xml,False,small,21,21,21,0,12.073461,21,0,21,0,21
merged,PMC3473024_table_5,PMC3473024_table_5.xml,True,medium,33,49,29,17,21.613325,29,8,25,4,25
merged,PMC2561000_table_0,PMC2561000_table_0.xml,True,large,134,164,122,114,101.612146,122,14,120,2,120
merged,PMC2877682_table_1,PMC2877682_table_1.xml,True,large,66,95,60,60,56.151408,60,6,60,0,60
merged,PMC2997016_table_1,PMC2997016_table_1.xml,True,medium,45,46,45,44,37.557657,45,4,41,4,41
merged,PMC2486490_table_2,PMC2486490_table_2.xml,False,large,105,105,105,94,85.666565,105,0,105,0,105
merged,PMC5960211_table_2,PMC5960211_table_2.xml,True,large,135,147,130,126,111.91483,130,6,129,4,126
merged,PMC4541937_table_4,PMC4541937_table_4.xml,True,small,17,17,17,17,14.681353,17,3,14,3,14
merged,PMC6011944_table_1,PMC6011944_table_1.xml,True,small,14,17,12,6,9.038324,12,4,10,2,10
merged,PMC1079832_table_3,PMC1079832_table_3.xml,False,medium,49,49,49,49,42.288953,49,0,49,0,49
merged,PMC3637472_table_2,PMC3637472_table_2.xml,True,small,16,16,11,10,9.763261,11,4,12,1,10
merged,PMC4721698_table_0,PMC4721698_table_0.xml,True,large,82,82,81,81,65.772973,81,2,80,1,80
merged,PMC5681633_table_0,PMC5681633_table_0.xml,False,small,16,16,16,16,13.620848,16,0,16,0,16
merged,PMC4613910_table_4,PMC4613910_table_4.xml,True,large,107,107,107,107,91.01871,107,4,103,4,103
merged,PMC6128371_table_0,PMC6128371_table_0.xml,False,large,90,90,89,89,80.46637,89,0,90,0,89
merged,PMC6058288_table_0,PMC6058288_table_0.xml,False,medium,42,42,42,42,35.643065,42,0,42,0,42
merged,PMC5746254_table_1,PMC5746254_table_1.xml,False,small,8,8,8,8,6.585881,8,0,8,0,8
merged,PMC6017299_table_0,PMC6017299_table_0.xml,True,large,173,165,156,116,120.240022,156,16,157,12,144
merged,PMC5004196_table_1,PMC5004196_table_1.xml,True,medium,41,40,40,40,36.486034,40,24,17,24,16
merged,PMC3256124_table_4,PMC3256124_table_4.xml,True,small,16,17,8,7,6.929124,8,1,15,0,8
merged,PMC5788621_table_0,PMC5788621_table_0.xml,False,medium,45,45,45,45,40.115143,45,0,45,0,45
merged,PMC1871601_table_0,PMC1871601_table_0.xml,True,medium,73,73,73,73,61.111611,73,4,69,4,69
merged,PMC3201265_table_3,PMC3201265_table_3.xml,False,small,15,15,15,9,11.972287,15,0,15,0,15
merged,PMC3200926_table_0,PMC3200926_table_0.xml,False,small,18,18,18,0,11.695591,18,0,18,0,18
merged,PMC2315656_table_3,PMC2315656_table_3.xml,False,small,33,33,33,33,29.524518,33,0,33,0,33
merged,PMC2374783_table_8,PMC2374783_table_8.xml,False,small,24,31,23,20,19.981881,23,0,24,0,23
merged,PMC5669499_table_1,PMC5669499_table_1.xml,True,large,140,142,138,3,89.763921,138,2,138,1,137
merged,PMC3231711_table_1,PMC3231711_table_1.xml,False,small,8,8,8,7,6.230002,8,0,8,0,8
merged,PMC4915688_table_4,PMC4915688_table_4.xml,False,medium,42,42,42,42,34.584264,42,0,42,0,42
merged,PMC2647899_table_0,PMC2647899_table_0.xml,False,small,12,12,12,12,10.977755,12,0,12,0,12
merged,PMC4982323_table_4,PMC4982323_table_4.xml,True,large,112,120,111,102,90.12511,111,2,110,1,110
merged,PMC6134588_table_1,PMC6134588_table_1.xml,False,medium,42,39,39,39,35.964024,39,0,42,0,39
merged,PMC3462151_table_2,PMC3462151_table_2.xml,True,large,137,150,132,129,106.034914,132,7,130,2,130
merged,PMC4419456_table_0,PMC4419456_table_0.xml,True,large,108,114,102,102,86.31495,102,8,100,2,100
merged,PMC4976473_table_0,PMC4976473_table_0.xml,True,large,151,188,141,135,124.735026,141,6,145,0,141
merged,PMC5135818_table_0,PMC5135818_table_0.xml,False,small,15,16,15,10,11.457496,15,0,15,0,15
merged,PMC3016296_table_4,PMC3016296_table_4.xml,False,medium,75,75,75,75,63.250859,75,0,75,0,75
merged,PMC4625876_table_4,PMC4625876_table_4.xml,False,medium,42,42,42,42,34.80824,42,0,42,0,42
merged,PMC5926532_table_1,PMC5926532_table_1.xml,True,small,30,30,30,30,25.531946,30,3,27,3,27
merged,PMC5988440_table_3,PMC5988440_table_3.xml,False,medium,49,49,49,48,43.411366,49,0,49,0,49
merged,PMC3339393_table_18,PMC3339393_table_18.xml,True,small,17,18,17,12,13.696626,17,2,15,2,15
merged,PMC5859152_table_2,PMC5859152_table_2.xml,False,large,84,84,84,84,70.936579,84,0,84,0,84
merged,PMC6211744_table_6,PMC6211744_table_6.xml,True,medium,61,64,61,58,52.754993,61,3,58,3,58
merged,PMC3630110_table_2,PMC3630110_table_2.xml,False,medium,45,45,45,45,37.407865,45,0,45,0,45
merged,PMC5006397_table_1,PMC5006397_table_1.xml,False,small,24,23,21,19,19.003875,21,0,24,0,21
merged,PMC3201421_table_3,PMC3201421_table_3.xml,False,small,10,10,10,8,8.268839,10,0,10,0,10
merged,PMC6154935_table_0,PMC6154935_table_0.xml,True,medium,38,42,34,4,21.40244,34,4,34,0,34
merged,PMC6024939_table_3,PMC6024939_table_3.xml,True,large,91,95,87,87,76.23215,87,6,85,2,85
merged,PMC6193701_table_1,PMC6193701_table_1.xml,False,small,28,28,28,28,23.899171,28,0,28,0,28
merged,PMC2893103_table_0,PMC2893103_table_0.xml,True,large,65,96,57,50,47.421639,57,5,60,0,57
merged,PMC3050270_table_4,PMC3050270_table_4.xml,False,small,20,20,16,0,9.536498,16,0,20,0,16
merged,PMC3526519_table_1,PMC3526519_table_1.xml,True,medium,44,44,43,43,38.010744,43,1,43,0,43
merged,PMC4722622_table_2,PMC4722622_table_2.xml,True,large,247,248,246,244,200.695603,246,3,244,2,244
merged,PMC5784573_table_0,PMC5784573_table_0.xml,False,medium,36,36,36,36,32.787428,36,0,36,0,36
merged,PMC3504408_table_1,PMC3504408_table_1.xml,True,large,136,134,134,76,101.90505,134,4,132,4,130
merged,PMC4822240_table_2,PMC4822240_table_2.xml,True,medium,65,66,32,0,22.41415,32,5,60,2,30
merged,PMC5771167_table_0,PMC5771167_table_0.xml,True,medium,70,55,43,39,37.970882,43,2,68,0,43
merged,PMC5947495_table_4,PMC5947495_table_4.xml,False,small,35,35,35,35,29.310095,35,0,35,0,35
merged,PMC6086859_table_3,PMC6086859_table_3.xml,True,large,167,167,166,48,118.254044,166,3,164,2,164
merged,PMC3537687_table_1,PMC3537687_table_1.xml,False,medium,48,48,48,48,44.410692,48,0,48,0,48
merged,PMC4962473_table_0,PMC4962473_table_0.xml,True,medium,34,47,19,16,15.871176,19,15,19,3,16
merged,PMC3680093_table_1,PMC3680093_table_1.xml,False,small,33,33,33,33,30.046825,33,0,33,0,33
merged,PMC5794786_table_1,PMC5794786_table_1.xml,True,large,234,234,234,234,196.860657,234,6,228,6,228
merged,PMC6094875_table_0,PMC6094875_table_0.xml,True,medium,52,71,43,4,27.638041,43,3,49,0,43
merged,PMC5750934_table_4,PMC5750934_table_4.xml,True,large,116,116,111,109,93.529632,111,4,112,1,110
merged,PMC6238314_table_2,PMC6238314_table_2.xml,True,medium,46,54,25,3,17.936102,25,8,38,6,19
merged,PMC5149027_table_0,PMC5149027_table_0.xml,False,medium,77,77,77,77,68.063922,77,0,77,0,77
merged,PMC4549267_table_8,PMC4549267_table_8.xml,True,medium,42,45,40,38,35.202845,40,7,35,5,35
merged,PMC3117836_table_0,PMC3117836_table_0.xml,True,large,189,199,173,152,134.300153,173,6,183,0,173
merged,PMC3164687_table_1,PMC3164687_table_1.xml,True,small,22,29,14,3,9.268855,14,1,21,0,14
merged,PMC4831805_table_3,PMC4831805_table_3.xml,True,medium,46,46,44,44,36.198396,44,2,44,0,44
merged,PMC5687746_table_2,PMC5687746_table_2.xml,False,small,8,8,8,8,7.250754,8,0,8,0,8
merged,PMC3296578_table_1,PMC3296578_table_1.xml,False,medium,36,36,36,35,31.076569,36,0,36,0,36
merged,PMC5119737_table_0,PMC5119737_table_0.xml,False,medium,62,62,62,0,37.874577,62,0,62,0,62
merged,PMC2968103_table_2,PMC2968103_table_2.xml,False,large,133,133,133,133,113.71415,133,0,133,0,133
merged,PMC6082067_table_0,PMC6082067_table_0.xml,False,small,18,23,12,12,11.213728,12,0,18,0,12
merged,PMC3256151_table_0,PMC3256151_table_0.xml,True,medium,47,48,45,44,38.124977,45,3,44,1,44
merged,PMC1444915_table_0,PMC1444915_table_0.xml,True,medium,27,26,18,10,13.407054,18,9,18,5,13
merged,PMC5096289_table_0,PMC5096289_table_0.xml,True,large,86,115,84,45,61.642816,84,11,75,11,73
merged,PMC4392560_table_0,PMC4392560_table_0.xml,False,small,21,21,20,19,17.766567,20,0,21,0,20
merged,PMC2855072_table_0,PMC2855072_table_0.xml,False,medium,49,49,49,49,40.184164,49,0,49,0,49
merged,PMC4436293_table_0,PMC4436293_table_0.xml,False,small,30,30,30,30,27.025644,30,0,30,0,30
merged,PMC3363418_table_0,PMC3363418_table_0.xml,True,large,124,124,124,112,98.563314,124,3,121,3,121
merged,PMC2453114_table_2,PMC2453114_table_2.xml,False,small,16,16,16,16,14.846789,16,0,16,0,16
merged,PMC3660393_table_0,PMC3660393_table_0.xml,False,small,18,19,16,16,14.335692,16,0,18,0,16
merged,PMC3042918_table_0,PMC3042918_table_0.xml,True,small,23,40,17,14,14.101898,17,1,22,0,17
merged,PMC5948639_table_0,PMC5948639_table_0.xml,False,small,8,8,8,8,7.433085,8,0,8,0,8
merged,PMC2611967_table_3,PMC2611967_table_3.xml,False,small,21,21,21,20,18.858399,21,0,21,0,21
merged,PMC5790503_table_0,PMC5790503_table_0.xml,True,large,72,96,65,63,59.490652,65,10,62,3,62
merged,PMC5091883_table_5,PMC5091883_table_5.xml,False,medium,44,44,44,44,36.827585,44,0,44,0,44
merged,PMC2983382_table_3,PMC2983382_table_3.xml,False,large,165,165,165,165,138.083607,165,0,165,0,165
merged,PMC3688626_table_2,PMC3688626_table_2.xml,True,medium,29,39,24,24,20.111712,24,5,24,0,24
merged,PMC5696248_table_2,PMC5696248_table_2.xml,True,large,106,109,99,99,92.24312,99,8,98,3,96
merged,PMC1562360_table_1,PMC1562360_table_1.xml,True,large,80,92,76,76,64.194291,76,4,76,0,76
merged,PMC4889661_table_0,PMC4889661_table_0.xml,False,small,12,19,7,4,4.991795,7,0,12,0,7
merged,PMC4376772_table_4,PMC4376772_table_4.xml,False,small,12,12,12,10,9.72545,12,0,12,0,12
merged,PMC2676320_table_0,PMC2676320_table_0.xml,True,large,159,166,152,42,112.456631,152,7,152,0,152
merged,PMC4806293_table_3,PMC4806293_table_3.xml,True,large,143,144,139,133,113.813383,139,14,129,10,129
merged,PMC5955572_table_6,PMC5955572_table_6.xml,False,small,16,16,16,1,9.794838,16,0,16,0,16
merged,PMC5826966_table_2,PMC5826966_table_2.xml,True,medium,40,51,36,35,30.697442,36,6,34,2,34
merged,PMC4806486_table_2,PMC4806486_table_2.xml,False,large,80,81,73,62,57.507368,73,0,80,0,73
merged,PMC5712124_table_0,PMC5712124_table_0.xml,True,medium,38,40,37,36,32.051817,37,2,36,1,36
merged,PMC4585998_table_1,PMC4585998_table_1.xml,False,small,16,16,16,16,14.328185,16,0,16,0,16
merged,PMC5025662_table_0,PMC5025662_table_0.xml,True,small,26,26,26,26,22.139463,26,3,23,3,23
merged,PMC4349776_table_3,PMC4349776_table_3.xml,False,small,20,20,20,17,17.248934,20,0,20,0,20
merged,PMC4810510_table_5,PMC4810510_table_5.xml,True,large,158,181,125,21,88.448164,125,20,138,5,120
merged,PMC3510242_table_1,PMC3510242_table_1.xml,True,medium,62,64,60,59,52.41486,60,3,59,1,59
merged,PMC2971855_table_2,PMC2971855_table_2.xml,False,small,15,15,15,5,10.72763,15,0,15,0,15
merged,PMC3403942_table_0,PMC3403942_table_0.xml,True,medium,59,75,53,42,45.094444,53,16,43,11,42
merged,PMC4893485_table_1,PMC4893485_table_1.xml,True,small,13,18,3,0,1.69069,3,5,8,0,3
merged,PMC4471362_table_0,PMC4471362_table_0.xml,False,small,35,35,35,35,30.145156,35,0,35,0,35
merged,PMC2979536_table_1,PMC2979536_table_1.xml,False,small,16,18,13,5,9.381286,13,0,16,0,13
merged,PMC4742874_table_0,PMC4742874_table_0.xml,True,large,54,83,43,43,36.445102,43,10,44,0,43
merged,PMC4652281_table_3,PMC4652281_table_3.xml,True,medium,68,68,67,67,59.515504,67,2,66,1,66
merged,PMC4849662_table_2,PMC4849662_table_2.xml,True,small,17,17,15,6,10.799543,15,1,16,0,15
merged,PMC3413424_table_0,PMC3413424_table_0.xml,True,small,17,22,12,3,7.874233,12,5,12,0,12
merged,PMC4598679_table_0,PMC4598679_table_0.xml,False,small,32,32,32,32,29.179292,32,0,32,0,32
merged,PMC4359522_table_0,PMC4359522_table_0.xml,False,large,154,160,154,151,135.766503,154,0,154,0,154
merged,PMC3364148_table_0,PMC3364148_table_0.xml,False,large,123,125,123,120,102.06691,123,0,123,0,123
merged,PMC5814010_table_2,PMC5814010_table_2.xml,True,small,21,24,21,18,18.670778,21,3,18,3,18
merged,PMC6235971_table_0,PMC6235971_table_0.xml,True,small,19,19,19,19,16.265826,19,2,17,2,17
merged,PMC6373102_table_1,PMC6373102_table_1.xml,True,large,93,100,88,77,74.479292,88,13,80,9,79
merged,PMC4636288_table_5,PMC4636288_table_5.xml,True,medium,37,38,36,35,30.553999,36,3,34,2,34
merged,PMC4995788_table_1,PMC4995788_table_1.xml,True,large,132,166,116,110,91.695819,116,18,114,2,114
merged,PMC6102410_table_2,PMC6102410_table_2.xml,False,medium,50,50,50,50,39.952797,50,0,50,0,50
merged,PMC4574781_table_0,PMC4574781_table_0.xml,True,medium,49,49,48,48,43.006537,48,4,45,3,45
merged,PMC2923087_table_1,PMC2923087_table_1.xml,True,large,413,300,280,186,218.372538,280,11,402,2,278
merged,PMC4897708_table_0,PMC4897708_table_0.xml,False,small,15,15,15,15,12.958224,15,0,15,0,15
merged,PMC4739096_table_1,PMC4739096_table_1.xml,True,large,65,85,60,60,54.117397,60,5,60,0,60
merged,PMC5707922_table_0,PMC5707922_table_0.xml,True,small,17,24,14,12,11.286124,14,1,16,1,13
merged,PMC5702311_table_1,PMC5702311_table_1.xml,True,large,142,164,133,132,111.148939,133,9,133,0,133
merged,PMC6091767_table_1,PMC6091767_table_1.xml,False,medium,54,54,36,4,24.406987,36,0,54,0,36
merged,PMC3240627_table_0,PMC3240627_table_0.xml,False,small,16,18,14,14,11.834267,14,0,16,0,14
merged,PMC3108124_table_1,PMC3108124_table_1.xml,True,large,74,74,74,74,62.957536,74,3,71,3,71
merged,PMC5934879_table_2,PMC5934879_table_2.xml,False,medium,36,36,36,36,33.169159,36,0,36,0,36
merged,PMC4519131_table_1,PMC4519131_table_1.xml,False,small,25,25,23,6,15.005324,23,0,25,0,23
merged,PMC5940366_table_0,PMC5940366_table_0.xml,True,large,121,116,103,92,85.450255,103,3,118,3,100
merged,PMC6065341_table_0,PMC6065341_table_0.xml,False,medium,54,54,54,54,48.114184,54,0,54,0,54
merged,PMC4940880_table_0,PMC4940880_table_0.xml,True,large,172,192,167,114,133.075102,167,4,168,0,167
merged,PMC4654900_table_0,PMC4654900_table_0.xml,False,medium,42,42,42,42,35.620017,42,0,42,0,42
merged,PMC6039019_table_0,PMC6039019_table_0.xml,False,medium,56,56,56,56,49.6653,56,0,56,0,56
merged,PMC5894967_table_1,PMC5894967_table_1.xml,True,large,76,86,60,11,37.104079,60,6,70,3,57
merged,PMC2858665_table_0,PMC2858665_table_0.xml,True,small,20,25,15,0,9.227739,15,5,15,0,15
merged,PMC4504487_table_1,PMC4504487_table_1.xml,False,medium,42,42,42,42,37.292054,42,0,42,0,42
merged,PMC4624369_table_2,PMC4624369_table_2.xml,True,small,9,10,9,9,8.24318,9,1,8,1,8
merged,PMC2970321_table_0,PMC2970321_table_0.xml,False,small,20,20,20,0,12.494159,20,0,20,0,20
merged,PMC6148783_table_0,PMC6148783_table_0.xml,False,medium,55,55,55,55,47.123864,55,0,55,0,55
merged,PMC4388571_table_1,PMC4388571_table_1.xml,True,small,18,24,16,12,12.088777,16,6,12,4,12
merged,PMC5765189_table_0,PMC5765189_table_0.xml,False,medium,36,36,36,36,31.068587,36,0,36,0,36
merged,PMC3179728_table_1,PMC3179728_table_1.xml,False,medium,50,50,50,50,45.689291,50,0,50,0,50
merged,PMC5920397_table_1,PMC5920397_table_1.xml,False,medium,48,48,48,48,42.893805,48,0,48,0,48
merged,PMC3562170_table_1,PMC3562170_table_1.xml,False,medium,36,36,36,36,31.347032,36,0,36,0,36
merged,PMC5789680_table_2,PMC5789680_table_2.xml,False,medium,56,56,56,56,48.979948,56,0,56,0,56
merged,PMC1766366_table_0,PMC1766366_table_0.xml,False,medium,60,64,55,54,50.697553,55,0,60,0,55
merged,PMC3506419_table_0,PMC3506419_table_0.xml,False,medium,49,56,47,42,40.114667,47,0,49,0,47
merged,PMC6026135_table_1,PMC6026135_table_1.xml,True,large,245,241,241,240,202.832125,241,3,242,3,238
merged,PMC5010703_table_0,PMC5010703_table_0.xml,True,small,20,17,15,14,12.778096,15,3,17,0,15
merged,PMC5975710_table_2,PMC5975710_table_2.xml,False,medium,36,36,36,36,33.81255,36,0,36,0,36
merged,PMC4354281_table_0,PMC4354281_table_0.xml,False,large,85,85,85,73,70.9076,85,0,85,0,85
merged,PMC4445691_table_0,PMC4445691_table_0.xml,False,small,25,27,24,21,21.488613,24,0,25,0,24
merged,PMC3618200_table_3,PMC3618200_table_3.xml,False,small,16,16,16,16,14.586904,16,0,16,0,16
merged,PMC2980137_table_1,PMC2980137_table_1.xml,False,small,16,17,15,5,10.863983,15,0,16,0,15
merged,PMC3543339_table_0,PMC3543339_table_0.xml,True,medium,47,49,46,25,33.053476,46,3,44,3,43
merged,PMC4930211_table_1,PMC4930211_table_1.xml,True,medium,65,69,63,63,60.54886,63,2,63,0,63
merged,PMC5703480_table_0,PMC5703480_table_0.xml,False,small,22,22,16,11,11.690837,16,0,22,0,16
merged,PMC4390841_table_0,PMC4390841_table_0.xml,False,medium,48,48,48,48,41.765586,48,0,48,0,48
merged,PMC4378924_table_0,PMC4378924_table_0.xml,True,medium,32,42,22,22,18.684043,22,10,22,0,22
merged,PMC4594897_table_2,PMC4594897_table_2.xml,True,large,105,105,105,104,91.160526,105,5,100,5,100
merged,PMC2970104_table_0,PMC2970104_table_0.xml,False,small,20,20,20,0,13.926189,20,0,20,0,20
merged,PMC6145308_table_1,PMC6145308_table_1.xml,False,small,16,16,16,16,14.277208,16,0,16,0,16
merged,PMC4994378_table_0,PMC4994378_table_0.xml,True,large,95,109,87,45,65.440318,87,8,87,0,87
merged,PMC4407714_table_1,PMC4407714_table_1.xml,True,large,80,92,76,76,70.193977,76,4,76,0,76
merged,PMC4453019_table_2,PMC4453019_table_2.xml,True,large,91,106,85,85,70.932949,85,6,85,0,85
merged,PMC3349333_table_2,PMC3349333_table_2.xml,True,small,13,13,11,10,9.022838,11,2,11,0,11
merged,PMC3522606_table_0,PMC3522606_table_0.xml,True,large,86,90,86,82,68.414544,86,4,82,4,82
merged,PMC3573996_table_0,PMC3573996_table_0.xml,False,large,120,120,120,120,108.481158,120,0,120,0,120
merged,PMC4841563_table_3,PMC4841563_table_3.xml,False,small,24,24,24,24,20.289313,24,0,24,0,24
merged,PMC4829176_table_14,PMC4829176_table_14.xml,False,large,138,138,137,137,123.429962,137,0,138,0,137
merged,PMC3306553_table_0,PMC3306553_table_0.xml,True,large,88,91,79,28,59.160067,79,3,85,0,79
merged,PMC4865127_table_2,PMC4865127_table_2.xml,True,large,72,87,54,11,37.725348,54,9,63,4,50
merged,PMC6195500_table_3,PMC6195500_table_3.xml,False,small,15,15,15,15,14.595859,15,0,15,0,15
merged,PMC2975659_table_4,PMC2975659_table_4.xml,True,medium,55,60,54,54,46.903424,54,1,54,0,54
merged,PMC4562344_table_1,PMC4562344_table_1.xml,True,medium,32,40,30,30,26.107401,30,2,30,0,30
merged,PMC4499438_table_2,PMC4499438_table_2.xml,True,medium,66,66,64,64,55.452786,64,2,64,0,64
merged,PMC4967509_table_2,PMC4967509_table_2.xml,True,medium,42,48,40,40,38.049037,40,2,40,0,40
merged,PMC1621074_table_1,PMC1621074_table_1.xml,False,medium,55,56,53,52,47.516169,53,0,55,0,53
merged,PMC1524967_table_6,PMC1524967_table_6.xml,False,small,34,34,31,31,27.015828,31,0,34,0,31
merged,PMC3019011_table_0,PMC3019011_table_0.xml,False,small,18,22,16,14,13.111822,16,0,18,0,16
merged,PMC1513572_table_2,PMC1513572_table_2.xml,False,small,18,17,17,16,15.440257,17,0,18,0,17
merged,PMC3254532_table_3,PMC3254532_table_3.xml,False,small,35,35,23,0,13.792019,23,0,35,0,23
merged,PMC4604614_table_0,PMC4604614_table_0.xml,True,medium,53,78,42,18,31.020601,42,4,49,0,42
merged,PMC4501400_table_1,PMC4501400_table_1.xml,False,small,21,22,21,21,18.160337,21,0,21,0,21
merged,PMC2427197_table_4,PMC2427197_table_4.xml,False,small,15,18,14,12,11.570319,14,0,15,0,14
merged,PMC4504402_table_0,PMC4504402_table_0.xml,True,medium,51,55,48,26,34.057769,48,6,45,3,45
merged,PMC4404307_table_4,PMC4404307_table_4.xml,True,medium,36,36,36,36,31.363213,36,2,34,2,34
merged,PMC4991119_table_0,PMC4991119_table_0.xml,True,large,115,133,112,112,100.983349,112,3,112,0,112
merged,PMC3005913_table_1,PMC3005913_table_1.xml,False,medium,45,53,38,36,31.45502,38,0,45,0,38
merged,PMC5110593_table_2,PMC5110593_table_2.xml,False,small,12,14,9,9,8.016842,9,0,12,0,9
merged,PMC4434122_table_1,PMC4434122_table_1.xml,False,small,24,24,24,24,21.489217,24,0,24,0,24
merged,PMC5178086_table_3,PMC5178086_table_3.xml,True,large,180,240,167,98,126.93521,167,12,168,0,167
merged,PMC2979109_table_0,PMC2979109_table_0.xml,False,small,20,20,20,0,12.948399,20,0,20,0,20
merged,PMC5818526_table_0,PMC5818526_table_0.xml,True,small,31,31,31,2,20.211226,31,2,29,2,29
merged,PMC6089990_table_2,PMC6089990_table_2.xml,False,medium,52,52,52,43,41.155683,52,0,52,0,52
merged,PMC2579308_table_1,PMC2579308_table_1.xml,False,small,16,19,13,11,11.361961,13,0,16,0,13
merged,PMC5145878_table_1,PMC5145878_table_1.xml,True,medium,54,54,54,54,45.901061,54,3,51,3,51
merged,PMC5101760_table_3,PMC5101760_table_3.xml,True,large,66,101,50,49,45.840231,50,22,44,6,44
merged,PMC4360558_table_0,PMC4360558_table_0.xml,True,medium,56,63,55,52,50.28784,55,4,52,3,52
merged,PMC5874052_table_2,PMC5874052_table_2.xml,True,small,22,23,21,21,18.10734,21,2,20,1,20
merged,PMC4929678_table_0,PMC4929678_table_0.xml,True,medium,47,48,45,45,38.873149,45,3,44,1,44
merged,PMC3602305_table_5,PMC3602305_table_5.xml,False,medium,36,36,36,30,28.992691,36,0,36,0,36
merged,PMC2783018_table_0,PMC2783018_table_0.xml,True,small,22,21,19,17,15.821612,19,1,21,0,19
merged,PMC4465022_table_0,PMC4465022_table_0.xml,False,small,24,28,23,20,18.626142,23,0,24,0,23
merged,PMC5014415_table_0,PMC5014415_table_0.xml,False,large,208,208,208,208,183.992477,208,0,208,0,208
merged,PMC4437681_table_2,PMC4437681_table_2.xml,True,medium,50,50,50,50,42.433423,50,4,46,4,46
merged,PMC2688010_table_2,PMC2688010_table_2.xml,True,small,21,25,20,17,17.4437,20,1,20,0,20
merged,PMC5849718_table_0,PMC5849718_table_0.xml,True,medium,59,60,58,58,47.49971,58,1,58,0,58
merged,PMC5095827_table_2,PMC5095827_table_2.xml,False,small,15,15,15,13,12.06846,15,0,15,0,15
merged,PMC3251541_table_0,PMC3251541_table_0.xml,False,small,30,30,30,30,28.079121,30,0,30,0,30
merged,PMC4624795_table_1,PMC4624795_table_1.xml,True,medium,39,39,39,39,33.055997,39,6,33,6,33
merged,PMC5968892_table_1,PMC5968892_table_1.xml,False,medium,39,39,39,39,35.996554,39,0,39,0,39
merged,PMC6218030_table_1,PMC6218030_table_1.xml,False,medium,68,68,68,47,52.19526,68,0,68,0,68
merged,PMC3670993_table_2,PMC3670993_table_2.xml,False,small,27,27,27,27,25.153507,27,0,27,0,27
merged,PMC1590010_table_2,PMC1590010_table_2.xml,True,medium,36,35,34,32,30.252953,34,3,33,2,32
merged,PMC3123832_table_2,PMC3123832_table_2.xml,True,small,10,4,2,2,1.949815,2,2,8,2,0
merged,PMC5976929_table_2,PMC5976929_table_2.xml,True,large,90,112,84,84,76.265075,84,6,84,0,84
merged,PMC5962747_table_1,PMC5962747_table_1.xml,True,large,104,104,104,77,80.314169,104,7,97,7,97
merged,PMC5955586_table_0,PMC5955586_table_0.xml,False,small,18,30,6,0,3.352282,6,0,18,0,6
merged,PMC4816578_table_0,PMC4816578_table_0.xml,False,small,35,35,35,35,30.478558,35,0,35,0,35
merged,PMC2864265_table_0,PMC2864265_table_0.xml,False,small,8,8,8,8,6.973307,8,0,8,0,8
merged,PMC5751830_table_3,PMC5751830_table_3.xml,True,medium,40,48,36,36,30.503838,36,4,36,0,36
merged,PMC3349315_table_2,PMC3349315_table_2.xml,True,small,27,29,17,8,12.531265,17,4,23,0,17
merged,PMC5815616_table_1,PMC5815616_table_1.xml,False,small,25,25,25,25,21.598329,25,0,25,0,25
merged,PMC2968377_table_0,PMC2968377_table_0.xml,False,small,20,21,19,0,12.75644,19,0,20,0,19
merged,PMC5842864_table_1,PMC5842864_table_1.xml,False,small,18,18,18,15,15.015093,18,0,18,0,18
merged,PMC3274923_table_0,PMC3274923_table_0.xml,False,small,18,18,18,18,14.768564,18,0,18,0,18
merged,PMC4965257_table_0,PMC4965257_table_0.xml,False,small,30,30,30,30,27.671836,30,0,30,0,30
merged,PMC3078546_table_1,PMC3078546_table_1.xml,False,medium,54,54,54,54,49.102094,54,0,54,0,54
merged,PMC3161853_table_3,PMC3161853_table_3.xml,False,medium,72,71,71,70,58.882741,71,0,72,0,71
merged,PMC3537189_table_1,PMC3537189_table_1.xml,False,large,98,83,83,72,69.598594,83,0,98,0,83
merged,PMC2518110_table_0,PMC2518110_table_0.xml,False,medium,45,45,45,45,41.719018,45,0,45,0,45
merged,PMC5960004_table_1,PMC5960004_table_1.xml,True,medium,38,48,19,0,10.995881,19,2,36,0,19
merged,PMC4606834_table_2,PMC4606834_table_2.xml,False,small,10,10,9,9,8.227761,9,0,10,0,9
merged,PMC4898401_table_0,PMC4898401_table_0.xml,False,large,266,266,266,168,202.985166,266,0,266,0,266
merged,PMC5956844_table_0,PMC5956844_table_0.xml,True,medium,70,76,70,64,55.316008,70,6,64,6,64
merged,PMC3052123_table_0,PMC3052123_table_0.xml,False,small,16,17,13,2,9.216168,13,0,16,0,13
merged,PMC4632822_table_0,PMC4632822_table_0.xml,True,medium,36,34,34,34,29.434466,34,2,34,2,32
merged,PMC2596126_table_5,PMC2596126_table_5.xml,True,small,21,22,20,18,17.891295,20,2,19,1,19
merged,PMC5995376_table_0,PMC5995376_table_0.xml,True,large,86,104,60,0,35.952115,60,6,80,0,60
merged,PMC5701498_table_1,PMC5701498_table_1.xml,True,large,95,126,68,3,41.677247,68,28,67,1,67
merged,PMC3540763_table_1,PMC3540763_table_1.xml,True,small,32,32,32,32,29.934755,32,3,29,3,29
merged,PMC4866031_table_3,PMC4866031_table_3.xml,True,large,57,132,24,6,16.285297,24,12,45,0,24
merged,PMC6192302_table_2,PMC6192302_table_2.xml,True,medium,32,40,27,1,16.074172,27,2,30,0,27
merged,PMC6157696_table_0,PMC6157696_table_0.xml,False,small,20,25,20,15,17.030035,20,0,20,0,20
merged,PMC2375871_table_2,PMC2375871_table_2.xml,True,small,18,18,18,18,16.082651,18,2,16,2,16
merged,PMC3483647_table_1,PMC3483647_table_1.xml,True,medium,56,57,54,54,45.149663,54,2,54,0,54
merged,PMC4941281_table_5,PMC4941281_table_5.xml,True,medium,47,48,47,46,41.907331,47,3,44,3,44
merged,PMC4449761_table_1,PMC4449761_table_1.xml,False,medium,45,47,45,40,38.239413,45,0,45,0,45
merged,PMC2648779_table_1,PMC2648779_table_1.xml,True,medium,38,38,36,36,33.153293,36,2,36,0,36
merged,PMC4624169_table_0,PMC4624169_table_0.xml,True,large,72,106,45,41,37.72571,45,17,55,2,43
merged,PMC1906757_table_3,PMC1906757_table_3.xml,True,medium,33,33,33,33,29.769418,33,3,30,3,30
merged,PMC4674919_table_0,PMC4674919_table_0.xml,False,medium,44,44,44,44,36.320534,44,0,44,0,44
merged,PMC4871862_table_0,PMC4871862_table_0.xml,False,small,28,37,22,14,17.492488,22,0,28,0,22
merged,PMC6234669_table_2,PMC6234669_table_2.xml,True,large,102,150,83,80,71.498956,83,20,82,1,82
merged,PMC4719686_table_0,PMC4719686_table_0.xml,False,small,21,21,20,18,17.186798,20,0,21,0,20
merged,PMC5058751_table_0,PMC5058751_table_0.xml,True,large,153,177,142,138,131.680856,142,15,138,5,137
merged,PMC3042918_table_2,PMC3042918_table_2.xml,True,large,212,135,108,56,79.449042,108,7,205,3,105
merged,PMC2438326_table_1,PMC2438326_table_1.xml,False,medium,55,55,55,55,47.620091,55,0,55,0,55
merged,PMC2488328_table_1,PMC2488328_table_1.xml,True,large,92,97,91,87,74.492924,91,5,87,4,87
merged,PMC3639264_table_0,PMC3639264_table_0.xml,False,medium,42,42,42,42,36.539504,42,0,42,0,42
merged,PMC2585588_table_0,PMC2585588_table_0.xml,False,medium,45,45,45,45,38.620774,45,0,45,0,45
merged,PMC5918569_table_2,PMC5918569_table_2.xml,False,small,35,35,35,35,31.369694,35,0,35,0,35
merged,PMC3123847_table_1,PMC3123847_table_1.xml,True,medium,67,67,66,64,56.34583,66,3,64,2,64
merged,PMC5667804_table_0,PMC5667804_table_0.xml,False,small,24,24,24,24,22.096244,24,0,24,0,24
merged,PMC3176760_table_0,PMC3176760_table_0.xml,False,medium,36,36,36,28,28.66313,36,0,36,0,36
merged,PMC3009027_table_2,PMC3009027_table_2.xml,False,small,25,25,20,4,13.828176,20,0,25,0,20
merged,PMC4886160_table_0,PMC4886160_table_0.xml,False,large,90,90,90,10,62.85375,90,0,90,0,90
merged,PMC4439031_table_1,PMC4439031_table_1.xml,True,large,83,95,80,80,66.659082,80,3,80,0,80
merged,PMC3684745_table_3,PMC3684745_table_3.xml,True,large,141,175,135,35,100.457941,135,5,136,0,135
merged,PMC5700096_table_2,PMC5700096_table_2.xml,False,small,18,18,18,12,14.048753,18,0,18,0,18
merged,PMC3557148_table_1,PMC3557148_table_1.xml,False,large,96,96,96,90,75.302361,96,0,96,0,96
merged,PMC3237410_table_0,PMC3237410_table_0.xml,True,large,156,192,150,129,115.529393,150,12,144,6,144
merged,PMC3063837_table_1,PMC3063837_table_1.xml,False,large,92,92,92,92,85.906581,92,0,92,0,92
merged,PMC4431502_table_1,PMC4431502_table_1.xml,True,large,140,142,125,124,105.590908,125,15,125,1,124
merged,PMC1192817_table_3,PMC1192817_table_3.xml,False,medium,54,54,54,54,50.217532,54,0,54,0,54
merged,PMC3118713_table_3,PMC3118713_table_3.xml,False,large,341,300,300,284,249.035052,300,0,341,0,300
merged,PMC4414453_table_0,PMC4414453_table_0.xml,False,small,8,8,7,7,6.279793,7,0,8,0,7
merged,PMC6091292_table_0,PMC6091292_table_0.xml,False,small,18,18,18,18,15.513495,18,0,18,0,18
merged,PMC6142186_table_0,PMC6142186_table_0.xml,True,large,90,108,84,84,74.411136,84,6,84,0,84
merged,PMC2780999_table_3,PMC2780999_table_3.xml,False,large,114,114,114,114,95.268838,114,0,114,0,114
merged,PMC3414449_table_0,PMC3414449_table_0.xml,True,large,99,111,84,41,59.976821,84,8,91,2,82
merged,PMC4892679_table_1,PMC4892679_table_1.xml,True,medium,32,41,28,22,23.108281,28,2,30,0,28
merged,PMC5727003_table_2,PMC5727003_table_2.xml,True,medium,37,41,32,30,28.463504,32,2,35,0,32
merged,PMC1065107_table_1,PMC1065107_table_1.xml,True,large,55,74,51,49,40.376773,51,6,49,2,49
merged,PMC4619589_table_3,PMC4619589_table_3.xml,True,large,73,81,70,70,58.741912,70,5,68,2,68
merged,PMC4999370_table_0,PMC4999370_table_0.xml,False,large,92,92,92,92,79.372843,92,0,92,0,92
merged,PMC5725584_table_2,PMC5725584_table_2.xml,True,small,21,21,21,21,19.262183,21,1,20,1,20
merged,PMC5953442_table_1,PMC5953442_table_1.xml,False,medium,48,48,48,47,42.066284,48,0,48,0,48
merged,PMC4816552_table_2,PMC4816552_table_2.xml,True,medium,29,35,29,21,23.576632,29,7,22,7,22
merged,PMC4425098_table_0,PMC4425098_table_0.xml,True,large,107,128,100,100,87.279018,100,12,95,5,95
merged,PMC3599226_table_0,PMC3599226_table_0.xml,True,medium,30,35,25,23,22.228435,25,4,26,1,24
merged,PMC4433905_table_2,PMC4433905_table_2.xml,True,medium,44,45,44,27,33.500948,44,3,41,3,41
merged,PMC3380946_table_3,PMC3380946_table_3.xml,False,large,98,98,98,98,79.118629,98,0,98,0,98
merged,PMC5048623_table_2,PMC5048623_table_2.xml,True,medium,33,44,30,24,25.28075,30,3,30,0,30
merged,PMC3006929_table_1,PMC3006929_table_1.xml,False,small,16,17,13,5,9.450042,13,0,16,0,13
merged,PMC6142379_table_1,PMC6142379_table_1.xml,False,medium,36,36,36,35,31.627539,36,0,36,0,36
merged,PMC6060796_table_0,PMC6060796_table_0.xml,False,small,10,23,3,2,2.453577,3,0,10,0,3
merged,PMC6223088_table_4,PMC6223088_table_4.xml,False,small,35,35,35,35,32.659155,35,0,35,0,35
merged,PMC4423522_table_1,PMC4423522_table_1.xml,True,medium,48,61,42,40,36.126105,42,6,42,0,42
merged,PMC4552273_table_0,PMC4552273_table_0.xml,False,medium,45,45,40,40,34.556549,40,0,45,0,40
merged,PMC3608149_table_2,PMC3608149_table_2.xml,True,small,26,26,26,26,21.703529,26,1,25,1,25
merged,PMC2957681_table_2,PMC2957681_table_2.xml,False,large,84,84,84,84,71.347673,84,0,84,0,84
merged,PMC3154280_table_2,PMC3154280_table_2.xml,True,large,88,96,84,73,64.646828,84,4,84,0,84
merged,PMC6235215_table_0,PMC6235215_table_0.xml,True,large,83,72,60,40,50.530792,60,3,80,0,60
merged,PMC1550399_table_3,PMC1550399_table_3.xml,True,large,114,119,113,103,90.024291,113,11,103,10,103
merged,PMC5743479_table_2,PMC5743479_table_2.xml,True,medium,44,44,42,42,39.413043,42,3,41,1,41
merged,PMC5722813_table_2,PMC5722813_table_2.xml,False,large,110,110,110,91,89.899615,110,0,110,0,110
merged,PMC1261260_table_3,PMC1261260_table_3.xml,False,medium,45,45,45,45,38.897849,45,0,45,0,45
merged,PMC4923075_table_0,PMC4923075_table_0.xml,False,small,30,30,30,30,27.201702,30,0,30,0,30
merged,PMC6028376_table_3,PMC6028376_table_3.xml,True,large,112,112,111,110,92.19364,111,3,109,2,109
merged,PMC3007292_table_2,PMC3007292_table_2.xml,False,large,119,119,119,119,103.088968,119,0,119,0,119
merged,PMC2981526_table_1,PMC2981526_table_1.xml,False,large,208,209,208,161,162.787501,208,0,208,0,208
merged,PMC3344586_table_1,PMC3344586_table_1.xml,False,medium,50,50,50,50,41.035962,50,0,50,0,50
merged,PMC3558449_table_2,PMC3558449_table_2.xml,True,large,131,136,126,126,102.335543,126,8,123,3,123
merged,PMC3130384_table_0,PMC3130384_table_0.xml,False,small,16,16,16,8,11.266724,16,0,16,0,16
merged,PMC3050259_table_0,PMC3050259_table_0.xml,False,small,18,18,18,0,12.039906,18,0,18,0,18
merged,PMC4906974_table_2,PMC4906974_table_2.xml,True,large,190,210,186,0,116.12361,186,4,186,0,186
merged,PMC2362127_table_1,PMC2362127_table_1.xml,False,large,222,223,222,216,174.496404,222,0,222,0,222
merged,PMC4885004_table_2,PMC4885004_table_2.xml,True,large,103,112,100,97,87.062526,100,3,100,0,100
merged,PMC3364269_table_1,PMC3364269_table_1.xml,True,medium,53,68,50,49,45.464642,50,1,52,0,50
merged,PMC3224112_table_0,PMC3224112_table_0.xml,False,small,25,20,20,0,13.351965,20,0,25,0,20
merged,PMC4590700_table_2,PMC4590700_table_2.xml,True,large,148,179,139,134,122.519074,139,8,140,0,139
merged,PMC6051080_table_0,PMC6051080_table_0.xml,False,small,24,24,23,23,20.919406,23,0,24,0,23
merged,PMC6077620_table_0,PMC6077620_table_0.xml,False,small,26,27,25,22,21.283872,25,0,26,0,25
merged,PMC3599226_table_1,PMC3599226_table_1.xml,True,large,87,103,75,74,65.824388,75,10,77,1,74
merged,PMC2646303_table_1,PMC2646303_table_1.xml,False,large,100,100,100,100,91.951132,100,0,100,0,100
merged,PMC5051338_table_0,PMC5051338_table_0.xml,True,small,26,44,17,11,13.341038,17,1,25,0,17
merged,PMC3515476_table_0,PMC3515476_table_0.xml,False,small,15,17,15,15,12.827602,15,0,15,0,15
merged,PMC5008639_table_2,PMC5008639_table_2.xml,False,small,12,12,8,0,4.574147,8,0,12,0,8
merged,PMC3110108_table_3,PMC3110108_table_3.xml,False,small,24,24,24,9,19.023533,24,0,24,0,24
merged,PMC4552859_table_2,PMC4552859_table_2.xml,False,medium,63,65,63,57,50.485657,63,0,63,0,63
merged,PMC3358350_table_0,PMC3358350_table_0.xml,True,large,139,151,135,88,103.221262,135,7,132,3,132
merged,PMC2969653_table_1,PMC2969653_table_1.xml,False,large,175,174,174,174,147.556732,174,0,175,0,174
merged,PMC3051715_table_2,PMC3051715_table_2.xml,False,large,133,133,133,133,112.406686,133,0,133,0,133
merged,PMC3519644_table_1,PMC3519644_table_1.xml,True,medium,74,75,74,73,67.018476,74,3,71,3,71
merged,PMC2961772_table_0,PMC2961772_table_0.xml,False,small,20,21,19,0,13.241344,19,0,20,0,19
merged,PMC5085210_table_2,PMC5085210_table_2.xml,True,large,116,129,114,113,97.126092,114,5,111,3,111
merged,PMC3419246_table_3,PMC3419246_table_3.xml,True,large,148,178,144,65,107.907656,144,5,143,1,143
merged,PMC4575020_table_2,PMC4575020_table_2.xml,False,small,18,13,13,5,9.555093,13,0,18,0,13
merged,PMC3503690_table_0,PMC3503690_table_0.xml,True,large,75,78,75,72,61.125528,75,5,70,5,70
merged,PMC6080075_table_0,PMC6080075_table_0.xml,False,small,15,15,15,15,13.517527,15,0,15,0,15
merged,PMC5751392_table_0,PMC5751392_table_0.xml,False,small,8,5,4,2,3.054086,4,0,8,0,4
merged,PMC4815677_table_0,PMC4815677_table_0.xml,False,medium,64,64,64,64,52.952215,64,0,64,0,64
merged,PMC5939194_table_1,PMC5939194_table_1.xml,False,medium,40,40,40,40,36.566776,40,0,40,0,40
merged,PMC2773778_table_0,PMC2773778_table_0.xml,True,large,306,297,240,58,162.4567,240,6,300,3,237
merged,PMC2245971_table_1,PMC2245971_table_1.xml,True,medium,39,45,37,37,33.204312,37,5,34,3,34
merged,PMC2277399_table_6,PMC2277399_table_6.xml,False,large,84,84,84,84,75.614438,84,0,84,0,84
merged,PMC4429473_table_1,PMC4429473_table_1.xml,True,medium,46,49,41,40,38.143149,41,3,43,0,41
merged,PMC2740668_table_0,PMC2740668_table_0.xml,True,medium,67,85,59,54,49.95504,59,7,60,3,56
merged,PMC3236038_table_2,PMC3236038_table_2.xml,False,medium,54,54,54,54,50.268329,54,0,54,0,54
merged,PMC5981094_table_1,PMC5981094_table_1.xml,True,small,14,14,14,7,10.982011,14,1,13,1,13
merged,PMC2989309_table_0,PMC2989309_table_0.xml,False,small,32,31,31,31,27.865499,31,0,32,0,31
merged,PMC3219586_table_1,PMC3219586_table_1.xml,False,small,18,18,18,18,16.53996,18,0,18,0,18
merged,PMC4448311_table_14,PMC4448311_table_14.xml,False,large,165,165,165,77,123.36528,165,0,165,0,165
merged,PMC4928746_table_0,PMC4928746_table_0.xml,False,small,6,18,3,2,2.614337,3,0,6,0,3
merged,PMC4344795_table_1,PMC4344795_table_1.xml,True,medium,41,44,40,38,35.560715,40,4,37,3,37
merged,PMC5745993_table_3,PMC5745993_table_3.xml,True,large,73,92,70,64,60.51725,70,3,70,0,70
merged,PMC5910587_table_1,PMC5910587_table_1.xml,False,large,100,102,95,63,75.768236,95,0,100,0,95
merged,PMC5063825_table_0,PMC5063825_table_0.xml,True,large,128,144,122,115,101.206158,122,1,127,0,122
merged,PMC6193427_table_0,PMC6193427_table_0.xml,False,large,90,90,90,90,77.970173,90,0,90,0,90
merged,PMC3152521_table_2,PMC3152521_table_2.xml,False,medium,40,40,40,40,34.154864,40,0,40,0,40
merged,PMC4895167_table_0,PMC4895167_table_0.xml,True,large,81,81,81,81,75.915299,81,3,78,3,78
merged,PMC3218902_table_1,PMC3218902_table_1.xml,True,large,133,136,132,130,109.351037,132,4,129,3,129
merged,PMC3317115_table_0,PMC3317115_table_0.xml,False,small,20,20,20,20,18.83473,20,0,20,0,20
merged,PMC3033808_table_1,PMC3033808_table_1.xml,False,small,24,24,24,24,21.031885,24,0,24,0,24
merged,PMC5857072_table_3,PMC5857072_table_3.xml,True,medium,58,62,49,40,40.089201,49,7,51,5,44
merged,PMC3209419_table_1,PMC3209419_table_1.xml,False,large,210,220,204,154,155.210761,204,0,210,0,204
merged,PMC4493450_table_0,PMC4493450_table_0.xml,True,medium,65,77,59,59,55.304457,59,7,58,1,58
merged,PMC3256097_table_0,PMC3256097_table_0.xml,False,small,18,20,16,14,13.76698,16,0,18,0,16
merged,PMC2311300_table_2,PMC2311300_table_2.xml,True,medium,44,48,36,36,31.197748,36,2,42,0,36
merged,PMC5823866_table_1,PMC5823866_table_1.xml,True,medium,62,70,60,46,49.766371,60,2,60,0,60
merged,PMC4524703_table_1,PMC4524703_table_1.xml,True,large,74,74,73,73,61.950634,73,3,71,2,71
merged,PMC4528708_table_0,PMC4528708_table_0.xml,True,medium,37,42,33,0,19.655714,33,3,34,0,33
merged,PMC4751176_table_0,PMC4751176_table_0.xml,True,medium,40,60,37,1,24.216836,37,7,33,4,33
merged,PMC3626802_table_2,PMC3626802_table_2.xml,False,small,12,12,12,12,11.021165,12,0,12,0,12
merged,PMC4727886_table_3,PMC4727886_table_3.xml,False,small,28,28,28,28,24.202243,28,0,28,0,28
merged,PMC3673139_table_2,PMC3673139_table_2.xml,False,medium,64,64,64,64,58.36617,64,0,64,0,64
merged,PMC4507693_table_3,PMC4507693_table_3.xml,False,small,18,18,18,18,16.431874,18,0,18,0,18
merged,PMC5097412_table_1,PMC5097412_table_1.xml,True,medium,37,38,36,35,31.295891,36,2,35,1,35
merged,PMC4454579_table_0,PMC4454579_table_0.xml,True,medium,69,72,69,66,60.33508,69,3,66,3,66
merged,PMC6196262_table_2,PMC6196262_table_2.xml,False,medium,60,75,55,52,47.984802,55,0,60,0,55
merged,PMC5055238_table_0,PMC5055238_table_0.xml,False,small,15,28,7,0,3.767148,7,0,15,0,7
merged,PMC6191440_table_0,PMC6191440_table_0.xml,False,large,112,112,112,91,86.750807,112,0,112,0,112
merged,PMC3440401_table_0,PMC3440401_table_0.xml,True,large,201,215,194,146,154.473117,194,5,196,2,192
merged,PMC4430806_table_0,PMC4430806_table_0.xml,True,large,97,111,91,43,67.583734,91,5,92,0,91
merged,PMC5855635_table_1,PMC5855635_table_1.xml,True,medium,61,62,60,60,58.12181,60,2,59,1,59
merged,PMC6060133_table_0,PMC6060133_table_0.xml,True,medium,64,64,64,19,44.722817,64,4,60,4,60
merged,PMC2405773_table_0,PMC2405773_table_0.xml,True,large,121,125,108,107,90.271524,108,6,115,0,108
merged,PMC3151838_table_3,PMC3151838_table_3.xml,False,small,15,15,12,0,7.169692,12,0,15,0,12
merged,PMC6035464_table_0,PMC6035464_table_0.xml,False,small,12,23,6,0,3.481365,6,0,12,0,6
merged,PMC3011718_table_3,PMC3011718_table_3.xml,False,small,15,15,15,12,11.933391,15,0,15,0,15
merged,PMC3621759_table_3,PMC3621759_table_3.xml,True,small,16,20,13,7,9.530386,13,4,12,1,12
merged,PMC5770061_table_0,PMC5770061_table_0.xml,True,large,114,109,102,101,83.071628,102,3,111,3,99
merged,PMC4538909_table_0,PMC4538909_table_0.xml,False,small,14,14,12,8,9.486054,12,0,14,0,12
merged,PMC6002294_table_0,PMC6002294_table_0.xml,True,medium,51,70,45,41,38.359301,45,3,48,0,45
merged,PMC6207690_table_0,PMC6207690_table_0.xml,False,large,238,238,238,101,178.568728,238,0,238,0,238
merged,PMC2994823_table_5,PMC2994823_table_5.xml,True,small,10,7,5,3,4.065425,5,4,6,0,5
merged,PMC2960995_table_1,PMC2960995_table_1.xml,False,small,16,16,16,12,12.368925,16,0,16,0,16
merged,PMC4951257_table_2,PMC4951257_table_2.xml,True,medium,35,38,35,32,30.147014,35,5,30,5,30
merged,PMC5863327_table_0,PMC5863327_table_0.xml,False,small,20,20,20,20,17.322346,20,0,20,0,20
merged,PMC6037719_table_0,PMC6037719_table_0.xml,True,large,113,118,111,81,85.098676,111,4,109,2,109
merged,PMC1868737_table_0,PMC1868737_table_0.xml,False,small,18,11,9,5,6.084044,9,0,18,0,9
merged,PMC3152872_table_3,PMC3152872_table_3.xml,False,small,25,25,24,24,21.311454,24,0,25,0,24
merged,PMC2414658_table_0,PMC2414658_table_0.xml,True,medium,57,86,40,20,28.260536,40,6,51,6,34
merged,PMC4726178_table_0,PMC4726178_table_0.xml,True,medium,45,46,44,44,37.786099,44,9,36,8,36
merged,PMC4684830_table_0,PMC4684830_table_0.xml,True,small,11,11,11,11,8.982429,11,1,10,1,10
merged,PMC4451964_table_0,PMC4451964_table_0.xml,True,large,171,171,171,165,146.669353,171,5,166,5,166
merged,PMC2881888_table_2,PMC2881888_table_2.xml,True,medium,44,54,39,29,32.124509,39,3,41,1,38
merged,PMC4476686_table_0,PMC4476686_table_0.xml,False,medium,54,54,54,49,43.885872,54,0,54,0,54
merged,PMC2977676_table_2,PMC2977676_table_2.xml,False,large,160,160,160,160,132.157863,160,0,160,0,160
merged,PMC4733276_table_1,PMC4733276_table_1.xml,True,large,88,100,85,51,66.936618,85,3,85,0,85
merged,PMC4753857_table_4,PMC4753857_table_4.xml,True,large,330,300,287,238,225.31196,287,11,319,11,276
merged,PMC3577688_table_2,PMC3577688_table_2.xml,True,large,70,109,59,54,49.409928,59,10,60,0,59
merged,PMC3229532_table_5,PMC3229532_table_5.xml,False,small,21,21,21,21,18.87054,21,0,21,0,21
merged,PMC5091883_table_4,PMC5091883_table_4.xml,True,large,114,115,113,112,98.194291,113,6,108,5,108
merged,PMC5842561_table_3,PMC5842561_table_3.xml,False,small,20,20,17,17,15.198266,17,0,20,0,17
merged,PMC3438128_table_0,PMC3438128_table_0.xml,True,medium,53,65,50,50,46.042144,50,3,50,0,50
merged,PMC6031195_table_1,PMC6031195_table_1.xml,True,large,142,142,142,128,121.535641,142,5,137,5,137
merged,PMC5855029_table_0,PMC5855029_table_0.xml,False,small,18,18,18,18,16.101907,18,0,18,0,18
merged,PMC2827475_table_4,PMC2827475_table_4.xml,False,small,8,2,1,1,0.830831,1,0,8,0,1
merged,PMC4910197_table_1,PMC4910197_table_1.xml,True,large,157,181,149,142,127.823187,149,3,154,0,149
merged,PMC3558497_table_2,PMC3558497_table_2.xml,True,large,127,181,74,6,46.972712,74,9,118,0,74
merged,PMC6163272_table_1,PMC6163272_table_1.xml,True,medium,38,48,38,33,33.519481,38,5,33,5,33
merged,PMC3209421_table_1,PMC3209421_table_1.xml,True,large,94,100,92,67,73.231893,92,2,92,0,92
merged,PMC1173115_table_0,PMC1173115_table_0.xml,True,medium,31,31,24,21,20.553738,24,5,26,2,22
merged,PMC4620401_table_0,PMC4620401_table_0.xml,False,small,35,35,35,35,30.373238,35,0,35,0,35
merged,PMC3354746_table_1,PMC3354746_table_1.xml,False,medium,40,40,40,40,33.06645,40,0,40,0,40
merged,PMC4584024_table_0,PMC4584024_table_0.xml,True,small,19,25,16,12,13.496388,16,1,18,1,15
merged,PMC2936311_table_0,PMC2936311_table_0.xml,True,small,29,32,29,29,24.740253,29,3,26,3,26
merged,PMC4569327_table_0,PMC4569327_table_0.xml,False,small,30,30,30,30,26.08798,30,0,30,0,30
merged,PMC2774164_table_0,PMC2774164_table_0.xml,False,small,30,30,30,30,25.831478,30,0,30,0,30
merged,PMC6150896_table_1,PMC6150896_table_1.xml,True,medium,47,49,47,45,43.116075,47,3,44,3,44
merged,PMC2674067_table_0,PMC2674067_table_0.xml,False,large,120,120,120,120,95.807926,120,0,120,0,120
merged,PMC5957403_table_0,PMC5957403_table_0.xml,True,medium,50,49,48,36,38.11363,48,2,48,2,46
merged,PMC3515431_table_3,PMC3515431_table_3.xml,False,small,18,18,18,18,16.256652,18,0,18,0,18
merged,PMC4743976_table_1,PMC4743976_table_1.xml,True,medium,56,57,51,51,45.763078,51,2,54,0,51
merged,PMC2689272_table_0,PMC2689272_table_0.xml,True,medium,34,35,34,33,28.975106,34,5,29,5,29
merged,PMC2904389_table_2,PMC2904389_table_2.xml,True,large,186,189,183,174,142.559081,183,4,182,1,182
merged,PMC3601255_table_0,PMC3601255_table_0.xml,False,small,20,20,20,20,17.601185,20,0,20,0,20
merged,PMC3091871_table_0,PMC3091871_table_0.xml,True,large,378,300,292,95,213.402941,292,11,367,0,292
merged,PMC3565310_table_2,PMC3565310_table_2.xml,False,medium,72,73,67,66,60.253275,67,0,72,0,67
merged,PMC6224011_table_0,PMC6224011_table_0.xml,True,medium,59,71,54,52,48.614385,54,3,56,0,54
merged,PMC2585071_table_2,PMC2585071_table_2.xml,True,small,13,15,12,11,10.755515,12,1,12,0,12
merged,PMC1794239_table_0,PMC1794239_table_0.xml,True,medium,40,52,36,36,31.297591,36,4,36,0,36
merged,PMC2844391_table_6,PMC2844391_table_6.xml,True,small,25,26,24,23,20.396432,24,2,23,1,23
merged,PMC3413694_table_2,PMC3413694_table_2.xml,True,large,77,92,73,67,58.249182,73,4,73,0,73
merged,PMC4820474_table_1,PMC4820474_table_1.xml,False,small,28,28,28,28,24.202778,28,0,28,0,28
merged,PMC3059479_table_0,PMC3059479_table_0.xml,True,medium,56,90,21,15,15.809618,21,4,52,0,21
merged,PMC4510441_table_1,PMC4510441_table_1.xml,True,large,92,97,92,87,76.381784,92,6,86,6,86
merged,PMC2841197_table_0,PMC2841197_table_0.xml,False,small,28,28,28,28,25.576904,28,0,28,0,28
merged,PMC4610448_table_1,PMC4610448_table_1.xml,False,small,20,20,20,20,17.887659,20,0,20,0,20
merged,PMC1783850_table_0,PMC1783850_table_0.xml,False,medium,52,52,52,52,46.056384,52,0,52,0,52
merged,PMC1182365_table_3,PMC1182365_table_3.xml,False,large,112,120,104,104,87.094307,104,0,112,0,104
merged,PMC4973110_table_1,PMC4973110_table_1.xml,True,large,127,134,106,82,84.171383,106,14,113,7,99
merged,PMC3011614_table_1,PMC3011614_table_1.xml,False,small,14,15,12,10,9.46466,12,0,14,0,12
merged,PMC4539059_table_0,PMC4539059_table_0.xml,True,medium,34,38,29,28,25.899725,29,2,32,0,29
merged,PMC2613904_table_4,PMC2613904_table_4.xml,False,small,10,10,9,0,5.779327,9,0,10,0,9
merged,PMC4828718_table_0,PMC4828718_table_0.xml,True,medium,49,49,49,49,41.883116,49,5,44,5,44
merged,PMC2148039_table_2,PMC2148039_table_2.xml,False,small,12,12,12,12,11.582411,12,0,12,0,12
merged,PMC2959437_table_1,PMC2959437_table_1.xml,False,small,15,15,13,3,9.242313,13,0,15,0,13
merged,PMC2958658_table_0,PMC2958658_table_0.xml,False,small,32,32,32,32,27.849002,32,0,32,0,32
merged,PMC3201504_table_3,PMC3201504_table_3.xml,False,small,20,20,15,0,9.268415,15,0,20,0,15
merged,PMC1564139_table_4,PMC1564139_table_4.xml,True,medium,73,74,73,72,65.48835,73,4,69,4,69
merged,PMC5932354_table_0,PMC5932354_table_0.xml,False,small,35,35,35,35,29.237098,35,0,35,0,35
merged,PMC1894963_table_0,PMC1894963_table_0.xml,True,medium,42,50,40,40,37.333899,40,2,40,0,40
merged,PMC4623515_table_1,PMC4623515_table_1.xml,False,small,20,21,20,19,17.556225,20,0,20,0,20
merged,PMC3280193_table_2,PMC3280193_table_2.xml,True,medium,43,45,42,42,36.508928,42,4,39,3,39
merged,PMC1526426_table_1,PMC1526426_table_1.xml,True,large,85,81,57,40,44.843299,57,8,77,3,54
merged,PMC5909278_table_2,PMC5909278_table_2.xml,False,small,20,20,20,20,18.173975,20,0,20,0,20
merged,PMC4610448_table_2,PMC4610448_table_2.xml,False,small,15,14,14,14,13.077797,14,0,15,0,14
merged,PMC4373726_table_1,PMC4373726_table_1.xml,True,medium,59,69,54,54,47.740848,54,5,54,0,54
merged,PMC2639378_table_2,PMC2639378_table_2.xml,True,small,28,30,27,26,24.3642,27,1,27,0,27
merged,PMC4580662_table_0,PMC4580662_table_0.xml,True,medium,34,25,24,23,21.52557,24,3,31,3,21
merged,PMC3506490_table_2,PMC3506490_table_2.xml,True,large,139,197,82,66,67.885872,82,8,131,5,77
merged,PMC4910197_table_0,PMC4910197_table_0.xml,False,small,9,9,9,9,8.462695,9,0,9,0,9
merged,PMC5011784_table_0,PMC5011784_table_0.xml,True,large,85,99,83,52,65.059024,83,8,77,6,77
merged,PMC5055558_table_0,PMC5055558_table_0.xml,True,medium,61,61,60,60,56.943889,60,3,58,2,58
merged,PMC4521140_table_8,PMC4521140_table_8.xml,True,medium,67,76,60,53,47.11246,60,3,64,0,60
merged,PMC6203360_table_0,PMC6203360_table_0.xml,True,large,102,120,99,90,80.489469,99,3,99,0,99
merged,PMC2245909_table_2,PMC2245909_table_2.xml,True,large,83,86,82,78,68.552943,82,5,78,4,78
merged,PMC3118248_table_2,PMC3118248_table_2.xml,True,large,305,295,248,202,201.349708,248,18,287,4,244
merged,PMC6019745_table_1,PMC6019745_table_1.xml,True,medium,27,42,22,7,15.595717,22,3,24,0,22
merged,PMC2893110_table_0,PMC2893110_table_0.xml,True,medium,37,40,36,36,34.428977,36,4,33,3,33
merged,PMC3040163_table_3,PMC3040163_table_3.xml,True,small,21,23,21,19,18.863104,21,3,18,3,18
merged,PMC5753525_table_0,PMC5753525_table_0.xml,True,medium,44,56,39,38,35.30531,39,5,39,0,39
merged,PMC5687717_table_1,PMC5687717_table_1.xml,False,medium,39,39,39,1,25.97547,39,0,39,0,39
merged,PMC5799165_table_2,PMC5799165_table_2.xml,True,small,17,18,17,16,15.084999,17,1,16,1,16
merged,PMC3120612_table_1,PMC3120612_table_1.xml,False,small,14,16,13,12,11.483604,13,0,14,0,13
merged,PMC5883545_table_0,PMC5883545_table_0.xml,False,small,18,18,9,0,5.780105,9,0,18,0,9
merged,PMC4409716_table_0,PMC4409716_table_0.xml,True,large,101,105,97,97,81.710036,97,4,97,0,97
merged,PMC3280315_table_1,PMC3280315_table_1.xml,False,small,24,25,21,20,16.522635,21,0,24,0,21
merged,PMC3350409_table_0,PMC3350409_table_0.xml,False,small,18,18,18,18,15.646756,18,0,18,0,18
merged,PMC2495075_table_0,PMC2495075_table_0.xml,True,small,13,10,9,7,7.336353,9,3,10,3,6
merged,PMC4883731_table_2,PMC4883731_table_2.xml,True,large,285,284,169,30,102.67398,169,12,273,4,165
merged,PMC3599521_table_0,PMC3599521_table_0.xml,True,large,115,116,113,113,95.327694,113,2,113,0,113
merged,PMC3028541_table_1,PMC3028541_table_1.xml,True,small,22,30,12,10,9.80078,12,2,20,1,11
merged,PMC3177816_table_0,PMC3177816_table_0.xml,True,large,67,64,56,53,47.275108,56,6,61,1,55
merged,PMC4405690_table_0,PMC4405690_table_0.xml,False,small,15,15,14,14,12.715052,14,0,15,0,14
merged,PMC5994070_table_3,PMC5994070_table_3.xml,True,large,82,83,81,80,70.618025,81,4,78,3,78
merged,PMC3275002_table_1,PMC3275002_table_1.xml,False,small,16,19,11,1,7.730785,11,0,16,0,11
merged,PMC4833949_table_0,PMC4833949_table_0.xml,False,large,91,91,91,91,76.685015,91,0,91,0,91
merged,PMC3527384_table_0,PMC3527384_table_0.xml,False,small,28,28,28,14,20.622518,28,0,28,0,28
merged,PMC1796893_table_1,PMC1796893_table_1.xml,True,medium,51,53,50,48,45.325066,50,3,48,2,48
merged,PMC4800152_table_0,PMC4800152_table_0.xml,True,medium,43,42,38,34,33.158523,38,6,37,4,34
merged,PMC2962150_table_3,PMC2962150_table_3.xml,False,large,140,140,140,140,118.246697,140,0,140,0,140
merged,PMC3011781_table_1,PMC3011781_table_1.xml,False,small,14,14,13,13,10.570637,13,0,14,0,13
merged,PMC5796484_table_0,PMC5796484_table_0.xml,False,small,20,48,13,13,12.020282,13,0,20,0,13
merged,PMC4872454_table_0,PMC4872454_table_0.xml,False,small,16,16,16,16,14.352053,16,0,16,0,16
merged,PMC4861294_table_1,PMC4861294_table_1.xml,False,medium,42,42,42,42,36.18774,42,0,42,0,42
merged,PMC2827563_table_2,PMC2827563_table_2.xml,True,medium,56,66,54,53,43.76209,54,2,54,0,54
merged,PMC4446346_table_0,PMC4446346_table_0.xml,True,large,95,100,90,88,74.259956,90,10,85,5,85
merged,PMC6023638_table_3,PMC6023638_table_3.xml,False,small,8,8,8,8,7.147001,8,0,8,0,8
merged,PMC5813102_table_1,PMC5813102_table_1.xml,False,small,10,10,10,5,7.772085,10,0,10,0,10
merged,PMC5797180_table_2,PMC5797180_table_2.xml,True,large,232,232,232,213,188.476847,232,7,225,7,225
merged,PMC3536690_table_0,PMC3536690_table_0.xml,False,medium,54,65,10,2,6.31644,10,0,54,0,10
merged,PMC6059413_table_4,PMC6059413_table_4.xml,True,small,17,24,13,1,9.499662,13,4,13,0,13
merged,PMC4514965_table_1,PMC4514965_table_1.xml,True,large,149,180,138,138,121.774065,138,11,138,0,138
merged,PMC4641943_table_3,PMC4641943_table_3.xml,False,small,35,35,35,35,29.316791,35,0,35,0,35
merged,PMC5063400_table_0,PMC5063400_table_0.xml,False,small,10,10,10,0,6.445228,10,0,10,0,10
merged,PMC3344427_table_1,PMC3344427_table_1.xml,False,small,10,10,10,6,7.564676,10,0,10,0,10
merged,PMC3671187_table_1,PMC3671187_table_1.xml,False,small,35,35,35,35,31.125342,35,0,35,0,35
merged,PMC3331850_table_2,PMC3331850_table_2.xml,True,medium,35,40,34,33,29.388194,34,2,33,1,33
merged,PMC4956717_table_4,PMC4956717_table_4.xml,True,medium,63,66,60,60,49.892539,60,3,60,0,60
merged,PMC5813385_table_0,PMC5813385_table_0.xml,False,medium,76,76,76,60,60.468189,76,0,76,0,76
merged,PMC6016135_table_0,PMC6016135_table_0.xml,False,medium,54,54,54,46,46.014534,54,0,54,0,54
merged,PMC3424200_table_1,PMC3424200_table_1.xml,True,large,83,104,79,61,61.310266,79,4,79,0,79
merged,PMC5713472_table_2,PMC5713472_table_2.xml,False,small,16,16,16,16,13.859303,16,0,16,0,16
merged,PMC5086957_table_0,PMC5086957_table_0.xml,False,medium,72,72,72,70,59.990669,72,0,72,0,72
merged,PMC6172842_table_2,PMC6172842_table_2.xml,False,medium,36,36,29,0,16.145384,29,0,36,0,29
merged,PMC5011800_table_1,PMC5011800_table_1.xml,False,small,10,10,6,2,4.535569,6,0,10,0,6
merged,PMC3404088_table_0,PMC3404088_table_0.xml,True,small,17,20,16,16,13.305956,16,1,16,0,16
merged,PMC5025551_table_4,PMC5025551_table_4.xml,False,small,21,21,21,21,18.759711,21,0,21,0,21
merged,PMC5955121_table_1,PMC5955121_table_1.xml,True,large,79,79,79,79,68.960103,79,3,76,3,76
merged,PMC4892614_table_7,PMC4892614_table_7.xml,True,small,25,31,21,21,19.468795,21,5,20,1,20
merged,PMC4930168_table_1,PMC4930168_table_1.xml,False,small,30,30,25,1,13.953551,25,0,30,0,25
merged,PMC5911284_table_0,PMC5911284_table_0.xml,True,small,14,15,13,11,11.10539,13,1,13,0,13
merged,PMC4682764_table_1,PMC4682764_table_1.xml,False,large,100,100,100,79,79.519002,100,0,100,0,100
merged,PMC4911094_table_0,PMC4911094_table_0.xml,True,large,90,104,86,86,73.824491,86,6,84,2,84
merged,PMC4391123_table_1,PMC4391123_table_1.xml,True,large,68,79,62,62,55.284621,62,6,62,0,62
merged,PMC3019001_table_0,PMC3019001_table_0.xml,False,small,16,16,16,16,14.444591,16,0,16,0,16
merged,PMC4753246_table_0,PMC4753246_table_0.xml,False,large,126,126,126,125,104.614424,126,0,126,0,126
merged,PMC3219371_table_6,PMC3219371_table_6.xml,False,small,16,16,16,16,14.336538,16,0,16,0,16
merged,PMC5758941_table_0,PMC5758941_table_0.xml,True,large,90,93,88,85,73.543369,88,4,86,2,86
merged,PMC2519069_table_4,PMC2519069_table_4.xml,True,large,123,92,79,52,59.815149,79,9,114,5,74
merged,PMC4971506_table_0,PMC4971506_table_0.xml,True,small,26,26,26,19,21.196725,26,3,23,3,23
merged,PMC4343020_table_1,PMC4343020_table_1.xml,False,small,24,24,24,24,22.901837,24,0,24,0,24
merged,PMC3392268_table_2,PMC3392268_table_2.xml,False,medium,64,64,63,63,52.728716,63,0,64,0,63
merged,PMC3395559_table_0,PMC3395559_table_0.xml,True,large,73,88,43,39,36.186701,43,25,48,6,37
merged,PMC4890862_table_0,PMC4890862_table_0.xml,False,medium,56,62,41,41,34.718526,41,0,56,0,41
merged,PMC4658091_table_2,PMC4658091_table_2.xml,True,medium,51,55,49,49,42.094972,49,2,49,0,49
merged,PMC3614707_table_0,PMC3614707_table_0.xml,True,medium,45,48,45,44,39.636812,45,1,44,1,44
merged,PMC4395112_table_0,PMC4395112_table_0.xml,True,medium,32,32,31,31,28.917456,31,4,28,3,28
merged,PMC2704954_table_0,PMC2704954_table_0.xml,False,small,24,16,16,16,14.627029,16,0,24,0,16
merged,PMC3543428_table_0,PMC3543428_table_0.xml,False,small,20,20,20,20,17.952766,20,0,20,0,20
merged,PMC2988727_table_6,PMC2988727_table_6.xml,False,small,15,21,13,10,10.823792,13,0,15,0,13
merged,PMC2674935_table_0,PMC2674935_table_0.xml,True,medium,45,52,38,1,22.098664,38,7,38,1,37
merged,PMC5154677_table_1,PMC5154677_table_1.xml,False,small,35,35,35,35,32.203571,35,0,35,0,35
merged,PMC5835056_table_0,PMC5835056_table_0.xml,False,medium,36,40,35,32,32.305052,35,0,36,0,35
merged,PMC3156399_table_4,PMC3156399_table_4.xml,True,medium,61,62,59,57,49.818332,59,2,59,2,57
merged,PMC2442598_table_0,PMC2442598_table_0.xml,False,medium,64,64,64,64,55.375534,64,0,64,0,64
merged,PMC2089079_table_0,PMC2089079_table_0.xml,True,medium,61,89,51,32,39.391604,51,4,57,3,48
merged,PMC5983633_table_1,PMC5983633_table_1.xml,False,small,20,20,20,20,17.56861,20,0,20,0,20
merged,PMC5690135_table_0,PMC5690135_table_0.xml,True,medium,48,43,43,43,38.8332,43,6,42,6,37
merged,PMC3083343_table_0,PMC3083343_table_0.xml,False,medium,77,77,77,77,69.48803,77,0,77,0,77
merged,PMC4798437_table_0,PMC4798437_table_0.xml,False,small,21,23,20,18,17.208261,20,0,21,0,20
merged,PMC3342088_table_1,PMC3342088_table_1.xml,False,small,24,24,24,24,22.187558,24,0,24,0,24
merged,PMC4503642_table_0,PMC4503642_table_0.xml,True,large,112,132,102,102,82.64056,102,10,102,0,102
merged,PMC2835640_table_0,PMC2835640_table_0.xml,False,small,12,6,3,3,2.760659,3,0,12,0,3
merged,PMC4982135_table_2,PMC4982135_table_2.xml,False,large,140,140,140,140,120.100178,140,0,140,0,140
merged,PMC4948083_table_1,PMC4948083_table_1.xml,False,small,18,18,18,18,16.906148,18,0,18,0,18
merged,PMC3261835_table_0,PMC3261835_table_0.xml,True,medium,43,43,41,40,34.645636,41,4,39,2,39
merged,PMC3679102_table_0,PMC3679102_table_0.xml,True,medium,67,76,64,64,52.498502,64,3,64,0,64
merged,PMC2979697_table_2,PMC2979697_table_2.xml,False,large,259,226,213,201,175.004649,213,0,259,0,213
merged,PMC5988755_table_0,PMC5988755_table_0.xml,False,small,30,30,30,8,21.797788,30,0,30,0,30
merged,PMC2961650_table_4,PMC2961650_table_4.xml,False,large,136,136,136,136,114.465058,136,0,136,0,136
merged,PMC3334604_table_1,PMC3334604_table_1.xml,False,small,14,14,14,14,13.275272,14,0,14,0,14
merged,PMC4491560_table_0,PMC4491560_table_0.xml,False,small,8,8,4,0,2.5254,4,0,8,0,4
merged,PMC5795849_table_0,PMC5795849_table_0.xml,False,small,15,1,0,0,0,0,0,15,0,0
merged,PMC3189390_table_1,PMC3189390_table_1.xml,False,medium,60,66,60,54,49.99826,60,0,60,0,60
merged,PMC5874052_table_1,PMC5874052_table_1.xml,False,small,25,25,25,25,21.105549,25,0,25,0,25
merged,PMC3501521_table_2,PMC3501521_table_2.xml,False,small,28,28,28,28,25.394502,28,0,28,0,28
merged,PMC5686942_table_0,PMC5686942_table_0.xml,True,large,75,95,68,34,53.885839,68,9,66,2,66
merged,PMC4709795_table_0,PMC4709795_table_0.xml,False,small,24,24,24,24,21.491771,24,0,24,0,24
merged,PMC6128240_table_1,PMC6128240_table_1.xml,False,medium,50,50,50,49,39.771434,50,0,50,0,50
merged,PMC3477031_table_1,PMC3477031_table_1.xml,False,small,12,12,12,12,10.838947,12,0,12,0,12
merged,PMC4837634_table_0,PMC4837634_table_0.xml,False,medium,46,69,44,23,32.1828,44,0,46,0,44
merged,PMC1866444_table_1,PMC1866444_table_1.xml,False,medium,36,36,36,36,31.013409,36,0,36,0,36
merged,PMC4663754_table_1,PMC4663754_table_1.xml,False,large,90,90,90,90,78.999127,90,0,90,0,90
merged,PMC6151216_table_0,PMC6151216_table_0.xml,False,small,26,26,26,26,22.235981,26,0,26,0,26
merged,PMC4573741_table_0,PMC4573741_table_0.xml,True,medium,35,41,30,28,25.968742,30,2,33,0,30
merged,PMC4585213_table_0,PMC4585213_table_0.xml,False,medium,36,36,36,36,32.990637,36,0,36,0,36
merged,PMC4916081_table_2,PMC4916081_table_2.xml,False,small,33,33,33,32,27.644166,33,0,33,0,33
merged,PMC1479820_table_2,PMC1479820_table_2.xml,True,medium,65,68,64,64,57.76124,64,1,64,0,64
merged,PMC2843627_table_2,PMC2843627_table_2.xml,False,medium,49,49,49,49,40.215132,49,0,49,0,49
merged,PMC2656909_table_0,PMC2656909_table_0.xml,True,large,65,81,57,57,53.046911,57,8,57,0,57
merged,PMC2983940_table_1,PMC2983940_table_1.xml,False,small,14,15,12,12,9.951567,12,0,14,0,12
merged,PMC4956214_table_0,PMC4956214_table_0.xml,True,medium,54,58,49,48,44.67461,49,8,46,3,46
merged,PMC3446914_table_1,PMC3446914_table_1.xml,True,medium,62,66,61,56,49.139589,61,4,58,3,58
merged,PMC4785152_table_0,PMC4785152_table_0.xml,False,large,96,101,83,82,71.871467,83,0,96,0,83
merged,PMC6202724_table_0,PMC6202724_table_0.xml,True,medium,30,36,28,28,24.553526,28,2,28,0,28
merged,PMC5745595_table_0,PMC5745595_table_0.xml,True,medium,51,58,47,46,40.241725,47,6,45,2,45
merged,PMC6134759_table_1,PMC6134759_table_1.xml,True,medium,27,36,24,24,21.78979,24,3,24,0,24
merged,PMC2970123_table_0,PMC2970123_table_0.xml,False,small,20,20,20,0,12.494918,20,0,20,0,20
merged,PMC4374685_table_2,PMC4374685_table_2.xml,True,large,176,224,168,168,141.992982,168,15,161,7,161
merged,PMC517501_table_3,PMC517501_table_3.xml,False,large,112,112,112,112,98.4778,112,0,112,0,112
merged,PMC1266376_table_1,PMC1266376_table_1.xml,True,large,83,96,79,79,68.12415,79,3,80,0,79
merged,PMC6175121_table_1,PMC6175121_table_1.xml,True,large,74,80,72,72,63.393691,72,2,72,0,72
merged,PMC3149562_table_0,PMC3149562_table_0.xml,True,large,137,166,86,51,65.186581,86,15,122,1,85
merged,PMC3601255_table_3,PMC3601255_table_3.xml,True,medium,37,37,36,36,34.242599,36,3,34,2,34
merged,PMC3021722_table_0,PMC3021722_table_0.xml,False,small,16,16,12,9,9.797671,12,0,16,0,12
merged,PMC4880288_table_1,PMC4880288_table_1.xml,True,medium,61,68,59,55,47.953996,59,8,53,6,53
merged,PMC3329485_table_0,PMC3329485_table_0.xml,False,medium,40,40,40,40,36.709551,40,0,40,0,40
merged,PMC3203887_table_2,PMC3203887_table_2.xml,True,large,152,153,151,129,120.312327,151,1,151,0,151
merged,PMC6173449_table_0,PMC6173449_table_0.xml,True,medium,26,29,25,22,19.971691,25,8,18,7,18
merged,PMC4403523_table_0,PMC4403523_table_0.xml,False,small,30,30,27,8,18.268524,27,0,30,0,27
merged,PMC5667839_table_0,PMC5667839_table_0.xml,True,large,244,244,244,244,219.94604,244,3,241,3,241
merged,PMC4619659_table_1,PMC4619659_table_1.xml,False,medium,36,36,36,36,29.630153,36,0,36,0,36
merged,PMC3311083_table_0,PMC3311083_table_0.xml,True,medium,28,36,24,22,20.66872,24,6,22,2,22
merged,PMC4378384_table_1,PMC4378384_table_1.xml,False,medium,55,55,55,55,50.065301,55,0,55,0,55
merged,PMC2974681_table_0,PMC2974681_table_0.xml,True,small,21,66,12,12,10.471153,12,1,20,0,12
merged,PMC3572059_table_1,PMC3572059_table_1.xml,False,large,84,84,84,84,72.389946,84,0,84,0,84
merged,PMC5107631_table_3,PMC5107631_table_3.xml,True,large,116,116,116,70,89.456223,116,3,113,3,113
merged,PMC4719818_table_1,PMC4719818_table_1.xml,False,large,175,175,175,175,139.34539,175,0,175,0,175
merged,PMC2018728_table_1,PMC2018728_table_1.xml,False,large,192,192,192,191,150.45845,192,0,192,0,192
merged,PMC3051715_table_0,PMC3051715_table_0.xml,False,small,16,18,14,14,11.116333,14,0,16,0,14
merged,PMC5171915_table_0,PMC5171915_table_0.xml,False,large,198,198,198,198,175.594854,198,0,198,0,198
merged,PMC2443793_table_0,PMC2443793_table_0.xml,True,small,23,10,6,5,5.414124,6,1,22,1,5
merged,PMC3545841_table_0,PMC3545841_table_0.xml,True,medium,57,63,57,50,47.183715,57,5,52,5,52
merged,PMC4950165_table_3,PMC4950165_table_3.xml,False,medium,45,46,43,42,35.783773,43,0,45,0,43
merged,PMC4643926_table_0,PMC4643926_table_0.xml,False,small,21,21,21,21,18.73936,21,0,21,0,21
merged,PMC3002956_table_1,PMC3002956_table_1.xml,False,small,16,16,16,16,13.921176,16,0,16,0,16
merged,PMC4738267_table_1,PMC4738267_table_1.xml,False,small,16,16,16,13,13.086848,16,0,16,0,16
merged,PMC3033815_table_4,PMC3033815_table_4.xml,False,small,20,24,19,16,16.137876,19,0,20,0,19
merged,PMC5893648_table_1,PMC5893648_table_1.xml,False,medium,55,55,55,47,43.83051,55,0,55,0,55
merged,PMC2752455_table_1,PMC2752455_table_1.xml,True,medium,32,35,30,28,27.424743,30,5,27,3,27
merged,PMC4500450_table_1,PMC4500450_table_1.xml,True,medium,66,66,66,66,55.889354,66,3,63,3,63
merged,PMC3591365_table_0,PMC3591365_table_0.xml,True,medium,37,40,36,36,29.242324,36,1,36,0,36
merged,PMC4728159_table_2,PMC4728159_table_2.xml,True,medium,32,40,12,2,6.998531,12,3,29,0,12
merged,PMC6170247_table_1,PMC6170247_table_1.xml,False,small,30,30,30,30,27.109308,30,0,30,0,30
merged,PMC5041273_table_7,PMC5041273_table_7.xml,True,medium,44,54,42,42,35.79733,42,2,42,0,42
merged,PMC1276798_table_2,PMC1276798_table_2.xml,False,small,24,24,24,24,22.450589,24,0,24,0,24
merged,PMC4363359_table_1,PMC4363359_table_1.xml,True,large,85,87,83,83,72.947487,83,4,81,2,81
merged,PMC3349575_table_0,PMC3349575_table_0.xml,True,small,16,16,16,16,14.93079,16,2,14,2,14
merged,PMC4438576_table_2,PMC4438576_table_2.xml,False,large,120,120,120,120,111.877551,120,0,120,0,120
merged,PMC3482696_table_0,PMC3482696_table_0.xml,True,large,145,164,136,103,106.577333,136,9,136,0,136
merged,PMC4425916_table_0,PMC4425916_table_0.xml,False,small,16,17,9,1,6.044272,9,0,16,0,9
merged,PMC4727960_table_0,PMC4727960_table_0.xml,False,small,20,21,20,20,18.162628,20,0,20,0,20
merged,PMC4654893_table_3,PMC4654893_table_3.xml,True,medium,37,52,36,31,30.670517,36,6,31,5,31
merged,PMC4700086_table_0,PMC4700086_table_0.xml,True,medium,47,47,46,41,40.453718,46,1,46,0,46
merged,PMC4835720_table_0,PMC4835720_table_0.xml,True,large,198,204,196,196,169.659162,196,2,196,0,196
merged,PMC3658550_table_2,PMC3658550_table_2.xml,True,large,85,89,85,41,64.122644,85,4,81,4,81
merged,PMC3689081_table_2,PMC3689081_table_2.xml,False,small,16,16,16,16,14.635984,16,0,16,0,16
merged,PMC2930863_table_3,PMC2930863_table_3.xml,True,large,115,116,114,100,90.624054,114,6,109,5,109
merged,PMC5901878_table_1,PMC5901878_table_1.xml,True,medium,58,87,38,15,28.029152,38,5,53,0,38
merged,PMC2689281_table_2,PMC2689281_table_2.xml,True,large,81,87,51,41,40.327358,51,17,64,8,43
merged,PMC4794765_table_0,PMC4794765_table_0.xml,True,large,61,61,61,61,56.354832,61,7,54,7,54
merged,PMC4816563_table_1,PMC4816563_table_1.xml,True,large,103,104,102,101,86.354029,102,2,101,1,101
merged,PMC6151038_table_7,PMC6151038_table_7.xml,True,medium,68,82,55,55,45.534657,55,3,65,0,55
merged,PMC5799322_table_1,PMC5799322_table_1.xml,True,medium,50,60,48,48,42.95713,48,2,48,0,48
merged,PMC2841152_table_0,PMC2841152_table_0.xml,True,large,160,161,159,28,112.208088,159,9,151,8,151
merged,PMC3590167_table_2,PMC3590167_table_2.xml,False,small,24,24,24,24,20.357204,24,0,24,0,24
merged,PMC4494398_table_2,PMC4494398_table_2.xml,False,small,6,6,6,6,5.672027,6,0,6,0,6
merged,PMC5802453_table_2,PMC5802453_table_2.xml,False,small,27,27,27,9,18.150971,27,0,27,0,27
merged,PMC2148101_table_0,PMC2148101_table_0.xml,False,small,15,15,15,15,13.509634,15,0,15,0,15
merged,PMC4898373_table_2,PMC4898373_table_2.xml,True,medium,61,61,61,61,53.096954,61,4,57,4,57
merged,PMC5695845_table_1,PMC5695845_table_1.xml,True,large,101,125,95,4,59.451378,95,6,95,0,95
merged,PMC3057987_table_0,PMC3057987_table_0.xml,False,medium,44,44,44,44,36.747179,44,0,44,0,44
merged,PMC1828152_table_2,PMC1828152_table_2.xml,True,medium,58,51,46,42,37.992567,46,3,55,1,45
merged,PMC5872599_table_4,PMC5872599_table_4.xml,True,medium,65,69,63,63,53.905025,63,2,63,0,63
merged,PMC2275263_table_3,PMC2275263_table_3.xml,False,medium,42,47,32,29,28.017921,32,0,42,0,32
merged,PMC4423853_table_0,PMC4423853_table_0.xml,True,medium,55,56,50,47,42.690459,50,3,52,0,50
merged,PMC4844259_table_0,PMC4844259_table_0.xml,True,large,89,90,88,88,79.043645,88,7,82,6,82
merged,PMC5050581_table_5,PMC5050581_table_5.xml,True,medium,65,73,60,60,54.199176,60,5,60,0,60
merged,PMC6154020_table_0,PMC6154020_table_0.xml,False,small,8,8,8,8,7.343899,8,0,8,0,8
merged,PMC6143711_table_0,PMC6143711_table_0.xml,True,large,168,211,161,159,146.186868,161,11,157,4,157
merged,PMC3575346_table_2,PMC3575346_table_2.xml,True,small,26,27,26,11,20.121279,26,3,23,3,23
merged,PMC1180465_table_0,PMC1180465_table_0.xml,True,large,198,198,196,196,154.61176,196,5,193,3,193
merged,PMC4954666_table_2,PMC4954666_table_2.xml,True,medium,44,54,40,18,30.149992,40,5,39,1,39
merged,PMC2430964_table_0,PMC2430964_table_0.xml,True,small,26,27,26,24,23.20388,26,2,24,2,24
merged,PMC4991119_table_1,PMC4991119_table_1.xml,True,large,234,270,218,171,170.455426,218,11,223,4,214
merged,PMC4694981_table_1,PMC4694981_table_1.xml,True,large,87,86,86,86,80.888229,86,4,83,4,82
merged,PMC4424894_table_3,PMC4424894_table_3.xml,True,large,344,300,292,181,220.417681,292,10,334,5,287
merged,PMC5890288_table_0,PMC5890288_table_0.xml,False,medium,42,42,42,32,32.768585,42,0,42,0,42
merged,PMC5825898_table_0,PMC5825898_table_0.xml,False,medium,60,60,60,60,51.481938,60,0,60,0,60
merged,PMC4397088_table_3,PMC4397088_table_3.xml,True,large,138,138,137,131,113.82368,137,10,128,9,128
merged,PMC4504501_table_2,PMC4504501_table_2.xml,False,small,30,30,30,30,25.937015,30,0,30,0,30
merged,PMC4434534_table_0,PMC4434534_table_0.xml,True,large,72,90,69,32,51.536615,69,6,66,6,63
merged,PMC2687438_table_1,PMC2687438_table_1.xml,True,small,25,26,24,21,19.717111,24,5,20,4,20
merged,PMC2373876_table_2,PMC2373876_table_2.xml,False,small,30,22,20,11,14.83944,20,0,30,0,20
merged,PMC2753363_table_4,PMC2753363_table_4.xml,True,medium,51,54,50,34,37.981186,50,3,48,2,48
merged,PMC3533458_table_0,PMC3533458_table_0.xml,False,small,26,26,25,25,23.09345,25,0,26,0,25
merged,PMC4384104_table_3,PMC4384104_table_3.xml,False,medium,36,36,36,36,34.214053,36,0,36,0,36
merged,PMC5020445_table_0,PMC5020445_table_0.xml,True,large,111,135,84,5,48.38265,84,6,105,0,84
merged,PMC3653734_table_0,PMC3653734_table_0.xml,True,large,102,138,92,67,76.086661,92,2,100,0,92
merged,PMC3408461_table_3,PMC3408461_table_3.xml,True,small,25,33,18,14,13.920865,18,5,20,4,14
merged,PMC509426_table_1,PMC509426_table_1.xml,True,large,93,121,70,61,57.9563,70,6,87,1,69
merged,PMC4657621_table_1,PMC4657621_table_1.xml,False,small,20,20,20,20,17.282886,20,0,20,0,20
merged,PMC1665449_table_0,PMC1665449_table_0.xml,False,medium,56,57,56,56,47.871852,56,0,56,0,56
merged,PMC3662595_table_2,PMC3662595_table_2.xml,False,medium,42,42,42,42,37.35724,42,0,42,0,42
merged,PMC4449594_table_2,PMC4449594_table_2.xml,False,small,30,30,30,30,27.683412,30,0,30,0,30
merged,PMC4882360_table_1,PMC4882360_table_1.xml,True,large,123,135,121,121,109.321818,121,3,120,1,120
merged,PMC2714505_table_0,PMC2714505_table_0.xml,True,large,243,275,238,233,198.798909,238,5,238,0,238
merged,PMC5989381_table_0,PMC5989381_table_0.xml,True,small,27,32,25,24,22.358827,25,3,24,2,23
merged,PMC2968020_table_1,PMC2968020_table_1.xml,False,large,155,155,155,155,128.714788,155,0,155,0,155
merged,PMC4700179_table_1,PMC4700179_table_1.xml,True,small,26,27,26,24,22.358157,26,2,24,2,24
merged,PMC3168871_table_0,PMC3168871_table_0.xml,False,small,14,14,14,14,12.679992,14,0,14,0,14
merged,PMC6122613_table_1,PMC6122613_table_1.xml,False,small,24,24,24,24,20.468299,24,0,24,0,24
merged,PMC2588622_table_2,PMC2588622_table_2.xml,True,large,267,267,243,227,211.23072,243,13,254,7,236
merged,PMC6208105_table_2,PMC6208105_table_2.xml,False,small,28,28,28,25,25.272328,28,0,28,0,28
merged,PMC4643322_table_0,PMC4643322_table_0.xml,False,small,20,20,20,20,17.685433,20,0,20,0,20
merged,PMC3240945_table_0,PMC3240945_table_0.xml,True,medium,41,41,41,41,37.25751,41,2,39,2,39
merged,PMC5957338_table_0,PMC5957338_table_0.xml,False,medium,40,40,40,18,29.969317,40,0,40,0,40
merged,PMC3006878_table_0,PMC3006878_table_0.xml,False,small,20,20,20,0,12.689414,20,0,20,0,20
merged,PMC5767312_table_0,PMC5767312_table_0.xml,True,large,112,136,91,71,71.609881,91,7,105,0,91
merged,PMC5127548_table_8,PMC5127548_table_8.xml,True,medium,44,45,43,42,38.066126,43,3,41,2,41
merged,PMC5904424_table_0,PMC5904424_table_0.xml,True,small,30,30,30,30,26.042668,30,3,27,3,27
merged,PMC4709492_table_1,PMC4709492_table_1.xml,False,medium,60,60,60,0,39.051126,60,0,60,0,60
merged,PMC5664348_table_0,PMC5664348_table_0.xml,True,medium,35,42,28,28,22.420058,28,7,28,0,28
merged,PMC4524373_table_3,PMC4524373_table_3.xml,True,medium,44,50,44,22,32.827182,44,6,38,6,38
merged,PMC3527132_table_2,PMC3527132_table_2.xml,True,large,75,87,72,51,62.665728,72,4,71,1,71
merged,PMC4872722_table_0,PMC4872722_table_0.xml,True,small,23,23,23,23,20.60818,23,4,19,4,19
merged,PMC4397088_table_0,PMC4397088_table_0.xml,False,large,120,120,120,120,101.378865,120,0,120,0,120
merged,PMC2848519_table_0,PMC2848519_table_0.xml,False,small,14,2,0,0,0,0,0,14,0,0
merged,PMC3342167_table_2,PMC3342167_table_2.xml,True,medium,42,43,40,33,32.561485,40,8,34,6,34
merged,PMC3554515_table_0,PMC3554515_table_0.xml,False,medium,64,64,64,64,57.112943,64,0,64,0,64
merged,PMC6143260_table_0,PMC6143260_table_0.xml,False,large,132,132,132,60,91.025808,132,0,132,0,132
merged,PMC3359190_table_2,PMC3359190_table_2.xml,True,medium,65,66,64,61,54.318449,64,5,60,4,60
merged,PMC5858604_table_1,PMC5858604_table_1.xml,False,medium,72,72,72,72,67.133468,72,0,72,0,72
merged,PMC5018192_table_0,PMC5018192_table_0.xml,True,large,82,90,80,80,71.004799,80,2,80,0,80
merged,PMC3166745_table_0,PMC3166745_table_0.xml,False,medium,42,42,42,42,37.124296,42,0,42,0,42
merged,PMC5021727_table_1,PMC5021727_table_1.xml,False,small,18,18,18,18,16.8953,18,0,18,0,18
merged,PMC6233180_table_2,PMC6233180_table_2.xml,True,medium,62,60,57,32,42.754108,57,6,56,3,54
merged,PMC4730682_table_3,PMC4730682_table_3.xml,True,medium,64,65,63,60,53.20879,63,1,63,1,62
merged,PMC4575444_table_0,PMC4575444_table_0.xml,True,large,235,298,215,142,166.49014,215,24,211,14,201
merged,PMC4825232_table_0,PMC4825232_table_0.xml,True,medium,47,56,47,0,29.944443,47,9,38,9,38
merged,PMC6018626_table_1,PMC6018626_table_1.xml,False,medium,40,40,40,31,31.231761,40,0,40,0,40
merged,PMC6013108_table_1,PMC6013108_table_1.xml,True,medium,39,40,38,36,32.963542,38,4,35,3,35
merged,PMC2204065_table_0,PMC2204065_table_0.xml,True,medium,32,38,26,25,21.637275,26,6,26,0,26
merged,PMC5095599_table_0,PMC5095599_table_0.xml,True,small,25,28,24,22,20.146103,24,1,24,0,24
merged,PMC5821441_table_0,PMC5821441_table_0.xml,True,medium,55,56,49,0,29.608843,49,1,54,1,48
merged,PMC6186056_table_1,PMC6186056_table_1.xml,True,large,244,249,236,206,193.528651,236,1,243,0,236
merged,PMC5722571_table_1,PMC5722571_table_1.xml,True,medium,51,64,34,29,30.265196,34,7,44,4,30
merged,PMC4897819_table_0,PMC4897819_table_0.xml,False,medium,36,36,36,36,30.622662,36,0,36,0,36
merged,PMC3419246_table_1,PMC3419246_table_1.xml,True,large,164,192,157,99,120.603552,157,9,155,2,155
merged,PMC6038359_table_0,PMC6038359_table_0.xml,False,medium,66,65,65,56,51.54668,65,0,66,0,65
merged,PMC2968314_table_0,PMC2968314_table_0.xml,False,small,20,21,19,0,12.267638,19,0,20,0,19
merged,PMC4464579_table_1,PMC4464579_table_1.xml,False,medium,36,36,36,36,31.607741,36,0,36,0,36
merged,PMC4945912_table_0,PMC4945912_table_0.xml,True,large,258,264,250,249,218.64652,250,6,252,3,247
merged,PMC6052539_table_1,PMC6052539_table_1.xml,True,medium,39,55,35,35,31.484669,35,4,35,0,35
merged,PMC2635959_table_0,PMC2635959_table_0.xml,False,small,30,30,30,30,26.364328,30,0,30,0,30
merged,PMC3050184_table_0,PMC3050184_table_0.xml,False,small,18,18,18,0,11.342518,18,0,18,0,18
merged,PMC5845866_table_1,PMC5845866_table_1.xml,False,small,30,69,7,7,6.153423,7,0,30,0,7
merged,PMC3438178_table_0,PMC3438178_table_0.xml,True,medium,47,55,45,43,36.436538,45,2,45,0,45
merged,PMC5909255_table_3,PMC5909255_table_3.xml,True,large,162,185,60,0,31.185488,60,6,156,0,60
merged,PMC3180067_table_0,PMC3180067_table_0.xml,True,medium,72,76,72,68,59.874661,72,4,68,4,68
merged,PMC3524598_table_2,PMC3524598_table_2.xml,True,large,67,84,64,64,55.129773,64,3,64,0,64
merged,PMC4932006_table_0,PMC4932006_table_0.xml,True,large,89,101,85,85,71.432142,85,4,85,0,85
merged,PMC2093938_table_4,PMC2093938_table_4.xml,False,small,12,12,12,11,10.318155,12,0,12,0,12
merged,PMC3428669_table_2,PMC3428669_table_2.xml,False,medium,54,54,54,48,44.783691,54,0,54,0,54
merged,PMC4786572_table_3,PMC4786572_table_3.xml,True,large,72,92,65,23,43.484129,65,3,69,0,65
merged,PMC6222733_table_1,PMC6222733_table_1.xml,False,large,110,110,110,39,81.692046,110,0,110,0,110
merged,PMC3602373_table_1,PMC3602373_table_1.xml,True,large,140,119,113,80,83.864905,113,3,137,0,113
merged,PMC4841544_table_1,PMC4841544_table_1.xml,True,large,92,102,87,87,74.087704,87,5,87,0,87
merged,PMC3652198_table_1,PMC3652198_table_1.xml,False,small,14,14,14,14,13.156322,14,0,14,0,14
merged,PMC5738112_table_0,PMC5738112_table_0.xml,False,small,18,20,16,14,14.294038,16,0,18,0,16
merged,PMC2995781_table_1,PMC2995781_table_1.xml,True,medium,37,40,36,34,30.798408,36,3,34,2,34
merged,PMC4458325_table_1,PMC4458325_table_1.xml,False,medium,55,61,48,19,34.904236,48,0,55,0,48
merged,PMC6049910_table_0,PMC6049910_table_0.xml,True,medium,49,57,45,26,34.628193,45,4,45,0,45
merged,PMC5084147_table_5,PMC5084147_table_5.xml,False,large,98,98,98,98,80.863023,98,0,98,0,98
merged,PMC3503841_table_1,PMC3503841_table_1.xml,True,small,22,22,22,22,20.974337,22,1,21,1,21
merged,PMC4549082_table_3,PMC4549082_table_3.xml,True,large,161,170,154,117,118.794602,154,12,149,5,149
merged,PMC3644232_table_0,PMC3644232_table_0.xml,False,small,10,6,6,2,4.541598,6,0,10,0,6
merged,PMC3689638_table_0,PMC3689638_table_0.xml,True,large,212,213,211,202,173.653902,211,4,208,3,208
merged,PMC2873247_table_2,PMC2873247_table_2.xml,True,medium,50,60,48,48,44.205161,48,2,48,0,48
merged,PMC1266024_table_4,PMC1266024_table_4.xml,True,medium,50,28,24,20,19.083545,24,2,48,0,24
merged,PMC5983274_table_3,PMC5983274_table_3.xml,False,large,90,90,90,90,79.433292,90,0,90,0,90
merged,PMC4377374_table_3,PMC4377374_table_3.xml,False,small,18,18,18,18,16.742816,18,0,18,0,18
merged,PMC5712192_table_3,PMC5712192_table_3.xml,True,large,373,300,300,300,249.205971,300,10,363,3,297
merged,PMC5837103_table_0,PMC5837103_table_0.xml,True,large,287,297,281,281,236.187283,281,15,272,9,272
merged,PMC4979187_table_2,PMC4979187_table_2.xml,True,small,32,29,18,1,11.563218,18,1,31,0,18
merged,PMC3428172_table_2,PMC3428172_table_2.xml,True,medium,32,40,30,6,22.013857,30,2,30,0,30
merged,PMC4570816_table_0,PMC4570816_table_0.xml,True,medium,40,51,35,25,28.058171,35,6,34,3,32
merged,PMC4860217_table_0,PMC4860217_table_0.xml,False,small,16,16,16,16,14.061586,16,0,16,0,16
merged,PMC4883731_table_0,PMC4883731_table_0.xml,False,large,169,169,168,164,148.097247,168,0,169,0,168
merged,PMC3566797_table_1,PMC3566797_table_1.xml,False,small,35,35,35,31,28.30366,35,0,35,0,35
merged,PMC5966889_table_4,PMC5966889_table_4.xml,True,large,80,90,78,78,70.311861,78,2,78,0,78
merged,PMC4875747_table_2,PMC4875747_table_2.xml,True,medium,45,46,42,41,34.648842,42,4,41,1,41
merged,PMC4625876_table_5,PMC4625876_table_5.xml,True,medium,43,43,42,42,35.359545,42,4,39,3,39
merged,PMC2834584_table_2,PMC2834584_table_2.xml,True,medium,56,57,55,53,46.910375,55,4,52,3,52
merged,PMC3458233_table_0,PMC3458233_table_0.xml,True,medium,48,52,24,2,14.255197,24,4,44,3,21
merged,PMC2960665_table_1,PMC2960665_table_1.xml,False,small,16,16,16,14,12.816725,16,0,16,0,16
merged,PMC4532480_table_0,PMC4532480_table_0.xml,True,large,164,161,140,129,112.121123,140,5,159,4,136
merged,PMC4493016_table_0,PMC4493016_table_0.xml,False,small,18,18,18,18,15.435236,18,0,18,0,18
merged,PMC6157679_table_1,PMC6157679_table_1.xml,True,medium,55,62,53,52,46.896882,53,1,54,0,53
merged,PMC5691681_table_2,PMC5691681_table_2.xml,True,large,168,135,93,63,72.797836,93,39,129,36,57
merged,PMC4927609_table_3,PMC4927609_table_3.xml,True,large,203,252,179,144,138.215699,179,13,190,2,177
merged,PMC6123690_table_2,PMC6123690_table_2.xml,False,medium,40,40,40,40,35.335423,40,0,40,0,40
merged,PMC6014042_table_1,PMC6014042_table_1.xml,False,small,24,25,22,21,19.07904,22,0,24,0,22
merged,PMC3561275_table_1,PMC3561275_table_1.xml,True,large,93,105,91,61,68.783711,91,7,86,5,86
merged,PMC3068096_table_1,PMC3068096_table_1.xml,True,large,126,144,124,122,99.814299,124,5,121,3,121
merged,PMC4977724_table_0,PMC4977724_table_0.xml,False,medium,48,48,48,48,42.26357,48,0,48,0,48
merged,PMC3006930_table_2,PMC3006930_table_2.xml,False,large,182,179,178,175,152.919044,178,0,182,0,178
merged,PMC5687736_table_1,PMC5687736_table_1.xml,False,large,128,128,128,128,108.848344,128,0,128,0,128
merged,PMC4859819_table_0,PMC4859819_table_0.xml,False,medium,72,121,30,8,19.653707,30,0,72,0,30
merged,PMC4994281_table_1,PMC4994281_table_1.xml,True,large,220,264,200,150,152.762979,200,22,198,2,198
merged,PMC3118226_table_0,PMC3118226_table_0.xml,False,small,6,6,6,6,5.257686,6,0,6,0,6
merged,PMC4792838_table_1,PMC4792838_table_1.xml,False,small,21,21,21,21,19.65242,21,0,21,0,21
merged,PMC6102227_table_1,PMC6102227_table_1.xml,False,medium,39,39,39,39,32.765179,39,0,39,0,39
merged,PMC4395286_table_0,PMC4395286_table_0.xml,True,large,115,115,115,115,105.163925,115,5,110,5,110
merged,PMC3472980_table_1,PMC3472980_table_1.xml,True,medium,50,55,47,39,37.367777,47,3,47,0,47
merged,PMC2657164_table_3,PMC2657164_table_3.xml,True,medium,52,60,50,50,41.319531,50,2,50,0,50
merged,PMC2657164_table_1,PMC2657164_table_1.xml,False,small,12,12,12,12,11.052688,12,0,12,0,12
merged,PMC5794930_table_3,PMC5794930_table_3.xml,True,medium,31,30,30,8,20.68758,30,5,26,5,25
merged,PMC5736711_table_0,PMC5736711_table_0.xml,True,large,75,80,68,23,49.166773,68,5,70,1,67
merged,PMC3410850_table_0,PMC3410850_table_0.xml,True,medium,39,42,36,36,29.576052,36,3,36,0,36
merged,PMC4545860_table_2,PMC4545860_table_2.xml,True,medium,45,52,42,30,32.932361,42,5,40,2,40
merged,PMC3161945_table_0,PMC3161945_table_0.xml,False,large,95,95,95,95,85.993682,95,0,95,0,95
merged,PMC2902016_table_2,PMC2902016_table_2.xml,True,small,22,24,21,21,17.557572,21,1,21,0,21
merged,PMC2913847_table_0,PMC2913847_table_0.xml,True,small,18,18,10,8,8.726964,10,6,12,1,9
merged,PMC2841116_table_3,PMC2841116_table_3.xml,False,medium,42,29,26,26,23.702245,26,0,42,0,26
merged,PMC6031750_table_0,PMC6031750_table_0.xml,True,large,87,91,85,81,72.903935,85,3,84,3,82
merged,PMC5821324_table_5,PMC5821324_table_5.xml,True,large,90,111,87,87,74.097305,87,10,80,8,79
merged,PMC2438356_table_0,PMC2438356_table_0.xml,False,small,35,35,35,35,31.104218,35,0,35,0,35
merged,PMC3660345_table_2,PMC3660345_table_2.xml,True,large,76,87,63,46,48.870771,63,4,72,0,63
merged,PMC5714431_table_3,PMC5714431_table_3.xml,True,small,9,7,7,5,6.067102,7,5,4,5,2
merged,PMC4785635_table_1,PMC4785635_table_1.xml,True,large,69,86,64,46,49.896643,64,9,60,5,59
merged,PMC4862230_table_0,PMC4862230_table_0.xml,True,large,72,81,41,1,25.444968,41,5,67,0,41
merged,PMC4460269_table_1,PMC4460269_table_1.xml,True,large,83,113,79,53,61.103348,79,1,82,0,79
merged,PMC6005562_table_1,PMC6005562_table_1.xml,False,small,21,21,21,20,16.726732,21,0,21,0,21
merged,PMC6106174_table_2,PMC6106174_table_2.xml,False,small,9,9,9,9,8.208029,9,0,9,0,9
merged,PMC3475661_table_1,PMC3475661_table_1.xml,True,medium,30,32,27,25,22.405037,27,6,24,3,24
merged,PMC1483835_table_2,PMC1483835_table_2.xml,True,large,207,214,207,166,165.979445,207,2,205,2,205
merged,PMC5679774_table_0,PMC5679774_table_0.xml,False,medium,40,40,16,0,9.475266,16,0,40,0,16
merged,PMC6214199_table_5,PMC6214199_table_5.xml,True,medium,71,71,69,68,57.841387,69,4,67,3,66
merged,PMC3640038_table_0,PMC3640038_table_0.xml,False,small,22,22,22,22,19.030299,22,0,22,0,22
merged,PMC2636893_table_0,PMC2636893_table_0.xml,True,large,108,105,85,64,64.226606,85,2,106,0,85
merged,PMC2687455_table_3,PMC2687455_table_3.xml,False,small,16,28,7,3,4.950986,7,0,16,0,7
merged,PMC6154954_table_2,PMC6154954_table_2.xml,False,medium,52,52,52,52,47.808682,52,0,52,0,52
merged,PMC2960152_table_0,PMC2960152_table_0.xml,False,small,20,21,19,0,12.381243,19,0,20,0,19
merged,PMC4937426_table_0,PMC4937426_table_0.xml,True,large,103,119,96,96,83.441962,96,7,96,0,96
merged,PMC3284429_table_0,PMC3284429_table_0.xml,False,medium,45,45,45,45,39.672882,45,0,45,0,45
merged,PMC3566098_table_3,PMC3566098_table_3.xml,False,small,35,35,35,35,29.009032,35,0,35,0,35
merged,PMC4751569_table_0,PMC4751569_table_0.xml,False,small,18,18,18,13,14.237884,18,0,18,0,18
merged,PMC3473241_table_6,PMC3473241_table_6.xml,True,medium,35,35,33,33,30.001488,33,2,33,0,33
merged,PMC4596371_table_0,PMC4596371_table_0.xml,True,medium,30,30,30,28,24.712031,30,2,28,2,28
merged,PMC3665576_table_0,PMC3665576_table_0.xml,True,large,142,148,131,126,106.733688,131,10,132,1,130
merged,PMC3614829_table_1,PMC3614829_table_1.xml,False,medium,60,60,60,60,56.709781,60,0,60,0,60
merged,PMC3530428_table_3,PMC3530428_table_3.xml,True,medium,54,60,54,48,46.750963,54,6,48,6,48
merged,PMC4607371_table_0,PMC4607371_table_0.xml,False,large,192,192,192,192,158.692831,192,0,192,0,192
merged,PMC2872307_table_0,PMC2872307_table_0.xml,False,small,12,4,2,2,1.963201,2,0,12,0,2
merged,PMC4529114_table_2,PMC4529114_table_2.xml,False,small,30,30,30,30,27.204247,30,0,30,0,30
merged,PMC3184264_table_5,PMC3184264_table_5.xml,False,small,12,25,6,4,4.644741,6,0,12,0,6
merged,PMC6234267_table_5,PMC6234267_table_5.xml,True,small,17,19,17,7,11.68835,17,2,15,2,15
merged,PMC5019196_table_0,PMC5019196_table_0.xml,False,small,34,35,34,32,27.655178,34,0,34,0,34
merged,PMC5061843_table_0,PMC5061843_table_0.xml,False,medium,48,51,42,41,35.069107,42,0,48,0,42
merged,PMC3689045_table_0,PMC3689045_table_0.xml,True,small,25,28,24,24,22.945874,24,1,24,0,24
merged,PMC6070681_table_0,PMC6070681_table_0.xml,True,medium,44,57,36,3,20.264432,36,6,38,0,36
merged,PMC2674447_table_2,PMC2674447_table_2.xml,True,large,104,115,102,102,91.56968,102,2,102,0,102
merged,PMC4902088_table_0,PMC4902088_table_0.xml,False,medium,49,49,49,49,45.183275,49,0,49,0,49
merged,PMC4807184_table_0,PMC4807184_table_0.xml,False,medium,45,50,43,40,38.31078,43,0,45,0,43
merged,PMC4832563_table_4,PMC4832563_table_4.xml,True,large,140,176,131,76,98.965915,131,19,121,12,119
merged,PMC2886951_table_0,PMC2886951_table_0.xml,True,small,17,25,14,5,9.357625,14,2,15,1,13
merged,PMC3334773_table_2,PMC3334773_table_2.xml,True,medium,61,68,60,56,53.354133,60,1,60,0,60
merged,PMC6201959_table_1,PMC6201959_table_1.xml,True,large,208,212,206,206,172.42147,206,4,204,2,204
merged,PMC3393902_table_0,PMC3393902_table_0.xml,False,large,110,110,110,110,90.916338,110,0,110,0,110
merged,PMC3504360_table_0,PMC3504360_table_0.xml,False,small,30,30,30,30,27.979027,30,0,30,0,30
merged,PMC4517507_table_3,PMC4517507_table_3.xml,True,large,98,99,94,93,84.044307,94,3,95,0,94
merged,PMC5138191_table_1,PMC5138191_table_1.xml,True,medium,45,53,38,38,32.695984,38,6,39,0,38
merged,PMC2727484_table_2,PMC2727484_table_2.xml,False,medium,36,36,36,36,30.865057,36,0,36,0,36
merged,PMC3263730_table_1,PMC3263730_table_1.xml,False,medium,40,40,40,40,33.644106,40,0,40,0,40
merged,PMC5873778_table_2,PMC5873778_table_2.xml,False,medium,44,44,44,44,35.495466,44,0,44,0,44
merged,PMC4454883_table_3,PMC4454883_table_3.xml,True,large,84,109,81,81,70.568968,81,3,81,0,81
merged,PMC4468092_table_4,PMC4468092_table_4.xml,False,small,24,24,24,22,20.655698,24,0,24,0,24
merged,PMC5988018_table_1,PMC5988018_table_1.xml,True,large,122,127,119,116,98.591418,119,2,120,0,119
merged,PMC2519138_table_0,PMC2519138_table_0.xml,False,small,20,24,19,16,16.594988,19,0,20,0,19
merged,PMC6016946_table_1,PMC6016946_table_1.xml,True,large,147,168,144,144,118.368583,144,3,144,0,144
merged,PMC2699215_table_4,PMC2699215_table_4.xml,False,large,204,204,204,12,136.667696,204,0,204,0,204
merged,PMC3410290_table_4,PMC3410290_table_4.xml,True,small,28,30,15,3,10.968193,15,2,26,2,13
merged,PMC2375120_table_2,PMC2375120_table_2.xml,True,medium,37,38,37,35,33.661941,37,3,34,3,34
merged,PMC3338385_table_1,PMC3338385_table_1.xml,False,small,24,24,24,24,20.348261,24,0,24,0,24
merged,PMC3050351_table_1,PMC3050351_table_1.xml,False,large,168,167,167,167,142.101265,167,0,168,0,167
merged,PMC4519871_table_0,PMC4519871_table_0.xml,True,medium,48,64,36,28,29.073322,36,3,45,0,36
merged,PMC3281019_table_1,PMC3281019_table_1.xml,True,large,71,80,68,68,56.321018,68,3,68,0,68
merged,PMC6145148_table_0,PMC6145148_table_0.xml,False,small,20,21,17,16,14.325996,17,0,20,0,17
merged,PMC2977678_table_0,PMC2977678_table_0.xml,False,small,22,23,21,0,12.831842,21,0,22,0,21
merged,PMC4954877_table_0,PMC4954877_table_0.xml,True,small,27,26,26,26,24.107125,26,1,26,1,25
merged,PMC2289812_table_1,PMC2289812_table_1.xml,True,small,30,30,30,30,27.369691,30,3,27,3,27
merged,PMC3665813_table_0,PMC3665813_table_0.xml,False,small,32,32,32,32,29.75128,32,0,32,0,32
merged,PMC5751690_table_0,PMC5751690_table_0.xml,False,small,20,20,20,4,12.6275,20,0,20,0,20
merged,PMC3050935_table_0,PMC3050935_table_0.xml,False,large,198,198,198,193,159.036584,198,0,198,0,198
merged,PMC4936287_table_3,PMC4936287_table_3.xml,True,large,186,175,123,89,96.470844,123,5,181,3,120
merged,PMC3519782_table_3,PMC3519782_table_3.xml,True,medium,36,43,34,33,27.141341,34,4,32,2,32
merged,PMC2579308_table_6,PMC2579308_table_6.xml,True,large,144,194,130,117,109.141015,130,16,128,2,128
merged,PMC4933999_table_6,PMC4933999_table_6.xml,True,large,199,213,198,149,153.880613,198,13,186,12,186
merged,PMC6013434_table_1,PMC6013434_table_1.xml,True,medium,63,63,60,14,43.525448,60,6,57,3,57
merged,PMC2483440_table_2,PMC2483440_table_2.xml,False,medium,44,44,44,44,39.709764,44,0,44,0,44
merged,PMC2921397_table_0,PMC2921397_table_0.xml,False,small,15,15,15,15,13.737484,15,0,15,0,15
merged,PMC4579500_table_1,PMC4579500_table_1.xml,True,large,105,120,100,100,91.435562,100,5,100,0,100
merged,PMC5084147_table_6,PMC5084147_table_6.xml,False,medium,66,61,61,60,52.309356,61,0,66,0,61
merged,PMC4929101_table_2,PMC4929101_table_2.xml,True,large,79,87,53,2,31.336106,53,7,72,1,52
merged,PMC6086995_table_0,PMC6086995_table_0.xml,False,small,12,12,12,12,10.969189,12,0,12,0,12
merged,PMC3001694_table_2,PMC3001694_table_2.xml,True,medium,38,38,38,38,34.653225,38,2,36,2,36
merged,PMC5669531_table_7,PMC5669531_table_7.xml,True,small,25,26,25,24,21.836978,25,5,20,5,20
merged,PMC3196713_table_0,PMC3196713_table_0.xml,True,large,126,176,101,43,73.513532,101,6,120,4,97
merged,PMC4954645_table_0,PMC4954645_table_0.xml,True,small,21,23,20,18,17.112418,20,3,18,2,18
merged,PMC3481435_table_7,PMC3481435_table_7.xml,False,small,8,11,5,5,4.764096,5,0,8,0,5
merged,PMC2906434_table_0,PMC2906434_table_0.xml,False,small,30,30,30,22,22.87783,30,0,30,0,30
merged,PMC3393323_table_0,PMC3393323_table_0.xml,False,small,20,20,20,19,16.00737,20,0,20,0,20
merged,PMC5159879_table_0,PMC5159879_table_0.xml,True,large,260,299,223,222,188.476485,223,16,244,4,219
merged,PMC4855820_table_1,PMC4855820_table_1.xml,True,small,16,18,15,0,9.074882,15,1,15,0,15
merged,PMC4449161_table_0,PMC4449161_table_0.xml,True,large,105,112,102,97,87.588629,102,2,103,0,102
merged,PMC5708049_table_0,PMC5708049_table_0.xml,False,medium,36,36,36,36,32.787866,36,0,36,0,36
merged,PMC1410752_table_3,PMC1410752_table_3.xml,True,large,90,115,80,58,65.188135,80,12,78,2,78
merged,PMC6155541_table_1,PMC6155541_table_1.xml,True,large,84,114,78,71,65.307301,78,6,78,0,78
merged,PMC5118951_table_0,PMC5118951_table_0.xml,True,large,77,87,76,75,66.566972,76,6,71,5,71
merged,PMC4383577_table_8,PMC4383577_table_8.xml,True,small,32,33,31,27,26.005669,31,3,29,3,28
merged,PMC4619505_table_3,PMC4619505_table_3.xml,True,large,232,280,178,64,128.799392,178,4,228,0,178
merged,PMC3564629_table_1,PMC3564629_table_1.xml,False,medium,45,45,43,43,35.726755,43,0,45,0,43
merged,PMC3203352_table_2,PMC3203352_table_2.xml,False,large,110,217,0,0,0,0,0,110,0,0
merged,PMC4449525_table_0,PMC4449525_table_0.xml,True,medium,38,38,38,38,34.289324,38,2,36,2,36
merged,PMC5706603_table_0,PMC5706603_table_0.xml,False,medium,48,48,48,48,43.400326,48,0,48,0,48
merged,PMC4891946_table_0,PMC4891946_table_0.xml,True,medium,67,67,67,52,56.900668,67,3,64,3,64
merged,PMC4942061_table_1,PMC4942061_table_1.xml,True,large,169,185,165,33,106.761644,165,4,165,0,165
merged,PMC2268657_table_0,PMC2268657_table_0.xml,False,small,4,4,4,4,3.64397,4,0,4,0,4
merged,PMC2648792_table_0,PMC2648792_table_0.xml,True,medium,31,36,25,25,22.776444,25,4,27,0,25
merged,PMC2970127_table_0,PMC2970127_table_0.xml,False,large,165,165,165,7,103.481135,165,0,165,0,165
merged,PMC2977268_table_0,PMC2977268_table_0.xml,False,small,15,18,15,12,11.732592,15,0,15,0,15
merged,PMC5041273_table_10,PMC5041273_table_10.xml,False,small,18,18,18,18,16.203571,18,0,18,0,18
merged,PMC4605644_table_1,PMC4605644_table_1.xml,True,large,117,132,114,114,90.74069,114,3,114,0,114
merged,PMC3553054_table_0,PMC3553054_table_0.xml,True,small,26,27,24,16,18.025951,24,4,22,4,20
merged,PMC4862985_table_0,PMC4862985_table_0.xml,True,medium,45,50,44,44,39.604797,44,1,44,0,44
merged,PMC2979585_table_2,PMC2979585_table_2.xml,False,large,140,140,140,140,119.551142,140,0,140,0,140
merged,PMC2335306_table_1,PMC2335306_table_1.xml,True,medium,43,51,42,39,36.650509,42,4,39,3,39
merged,PMC2930843_table_5,PMC2930843_table_5.xml,True,large,167,192,162,162,131.92678,162,5,162,0,162
merged,PMC4366389_table_1,PMC4366389_table_1.xml,True,medium,51,60,45,45,38.891393,45,8,43,4,41
merged,PMC4904362_table_3,PMC4904362_table_3.xml,False,small,14,14,10,10,9.712247,10,0,14,0,10
merged,PMC3354558_table_0,PMC3354558_table_0.xml,False,small,14,14,14,7,10.726493,14,0,14,0,14
merged,PMC5713137_table_1,PMC5713137_table_1.xml,False,medium,64,64,64,64,60.25714,64,0,64,0,64
merged,PMC5663065_table_0,PMC5663065_table_0.xml,True,medium,38,93,13,4,9.701795,13,8,30,0,13
merged,PMC5719293_table_1,PMC5719293_table_1.xml,True,large,96,130,87,87,73.064312,87,9,87,0,87
merged,PMC4971541_table_1,PMC4971541_table_1.xml,True,large,116,175,82,28,57.779729,82,1,115,0,82
merged,PMC6185718_table_1,PMC6185718_table_1.xml,True,medium,51,57,51,48,45.080698,51,3,48,3,48
merged,PMC5000650_table_0,PMC5000650_table_0.xml,False,small,33,33,33,33,30.728881,33,0,33,0,33
merged,PMC2918559_table_0,PMC2918559_table_0.xml,True,large,339,293,275,131,200.140367,275,40,299,33,242
merged,PMC3050235_table_2,PMC3050235_table_2.xml,False,small,15,15,14,8,10.281164,14,0,15,0,14
merged,PMC2973956_table_3,PMC2973956_table_3.xml,True,large,127,155,123,117,98.298087,123,6,121,2,121
merged,PMC3544610_table_2,PMC3544610_table_2.xml,True,large,292,290,289,210,223.639019,289,7,285,7,282
merged,PMC5756247_table_0,PMC5756247_table_0.xml,False,small,15,15,15,15,14.267204,15,0,15,0,15
merged,PMC5789837_table_1,PMC5789837_table_1.xml,True,small,23,23,22,8,15.913145,22,3,20,2,20
merged,PMC6201453_table_0,PMC6201453_table_0.xml,True,large,119,145,108,104,87.4826,108,10,109,1,107
merged,PMC6407848_table_0,PMC6407848_table_0.xml,False,medium,63,63,63,63,51.116701,63,0,63,0,63
merged,PMC4620384_table_4,PMC4620384_table_4.xml,True,large,72,76,66,66,57.762834,66,11,61,5,61
merged,PMC3580279_table_1,PMC3580279_table_1.xml,True,medium,40,56,29,25,25.973136,29,4,36,0,29
merged,PMC4890739_table_0,PMC4890739_table_0.xml,True,medium,43,46,43,40,38.907615,43,3,40,3,40
merged,PMC4394126_table_0,PMC4394126_table_0.xml,True,large,79,47,39,22,28.769957,39,7,72,6,33
merged,PMC5953945_table_1,PMC5953945_table_1.xml,False,medium,36,36,36,18,27.64597,36,0,36,0,36
merged,PMC3196731_table_0,PMC3196731_table_0.xml,False,medium,36,36,36,36,33.538747,36,0,36,0,36
merged,PMC2808329_table_3,PMC2808329_table_3.xml,True,large,201,202,201,167,156.613292,201,3,198,3,198
merged,PMC4613226_table_3,PMC4613226_table_3.xml,True,medium,53,53,53,53,45.544687,53,4,49,4,49
merged,PMC4937061_table_0,PMC4937061_table_0.xml,False,small,25,25,25,25,22.269416,25,0,25,0,25
merged,PMC5706411_table_1,PMC5706411_table_1.xml,True,small,15,15,12,10,10.198057,12,1,14,0,12
merged,PMC3270112_table_0,PMC3270112_table_0.xml,True,large,76,84,72,72,61.027989,72,4,72,0,72
merged,PMC5966247_table_0,PMC5966247_table_0.xml,True,small,18,21,16,15,13.871013,16,3,15,1,15
merged,PMC1079941_table_1,PMC1079941_table_1.xml,False,small,12,11,11,11,10.362131,11,0,12,0,11
merged,PMC5783415_table_0,PMC5783415_table_0.xml,False,small,18,18,18,18,15.731489,18,0,18,0,18
merged,PMC4943500_table_2,PMC4943500_table_2.xml,True,medium,43,44,42,41,35.45908,42,3,40,2,40
merged,PMC6048769_table_3,PMC6048769_table_3.xml,True,large,64,82,52,50,45.52713,52,8,56,1,51
merged,PMC4845358_table_0,PMC4845358_table_0.xml,True,large,86,110,83,83,72.061919,83,3,83,0,83
merged,PMC4594643_table_2,PMC4594643_table_2.xml,False,large,93,93,93,55,69.517698,93,0,93,0,93
merged,PMC5956831_table_0,PMC5956831_table_0.xml,True,large,118,201,95,95,79.739486,95,24,94,1,94
merged,PMC6036804_table_0,PMC6036804_table_0.xml,True,small,22,22,20,20,18.80805,20,3,19,1,19
merged,PMC3362811_table_1,PMC3362811_table_1.xml,False,medium,42,42,42,42,35.465199,42,0,42,0,42
merged,PMC5823412_table_4,PMC5823412_table_4.xml,False,medium,63,61,61,56,54.030077,61,0,63,0,61
merged,PMC5850630_table_0,PMC5850630_table_0.xml,True,medium,64,71,53,5,35.20659,53,6,58,1,52
merged,PMC2700793_table_0,PMC2700793_table_0.xml,True,medium,61,64,59,59,49.634059,59,1,60,0,59
merged,PMC4819911_table_0,PMC4819911_table_0.xml,False,medium,68,68,68,68,59.490745,68,0,68,0,68
merged,PMC5862453_table_0,PMC5862453_table_0.xml,False,large,132,130,130,130,107.735882,130,0,132,0,130
merged,PMC4521701_table_3,PMC4521701_table_3.xml,False,large,110,110,110,94,87.677136,110,0,110,0,110
merged,PMC6127189_table_0,PMC6127189_table_0.xml,False,large,105,105,105,41,77.534844,105,0,105,0,105
merged,PMC4751540_table_1,PMC4751540_table_1.xml,True,large,127,140,123,122,106.665183,123,5,122,1,122
merged,PMC3145568_table_0,PMC3145568_table_0.xml,False,small,18,18,18,18,16.862321,18,0,18,0,18
merged,PMC3091650_table_2,PMC3091650_table_2.xml,False,large,132,151,122,75,95.059792,122,0,132,0,122
merged,PMC3413447_table_1,PMC3413447_table_1.xml,False,large,212,173,148,129,116.225049,148,0,212,0,148
merged,PMC4976786_table_0,PMC4976786_table_0.xml,False,medium,40,40,40,40,36.825658,40,0,40,0,40
merged,PMC4596811_table_0,PMC4596811_table_0.xml,False,small,20,20,20,20,18.055511,20,0,20,0,20
merged,PMC5861386_table_3,PMC5861386_table_3.xml,True,large,87,95,85,85,71.453724,85,2,85,0,85
merged,PMC3475240_table_0,PMC3475240_table_0.xml,True,small,25,25,25,25,22.773954,25,2,23,2,23
merged,PMC4556713_table_1,PMC4556713_table_1.xml,False,large,84,84,84,84,70.776491,84,0,84,0,84
merged,PMC6166923_table_0,PMC6166923_table_0.xml,True,medium,49,57,46,0,29.638215,46,3,46,0,46
merged,PMC3022877_table_0,PMC3022877_table_0.xml,False,small,27,27,24,24,22.376942,24,0,27,0,24
merged,PMC5073877_table_1,PMC5073877_table_1.xml,True,small,18,24,17,13,14.714243,17,2,16,1,16
merged,PMC5797103_table_1,PMC5797103_table_1.xml,True,medium,53,53,53,28,38.82042,53,3,50,3,50
merged,PMC4373880_table_6,PMC4373880_table_6.xml,True,large,111,122,107,106,89.77447,107,7,104,3,104
merged,PMC5966432_table_1,PMC5966432_table_1.xml,False,medium,60,60,60,53,48.963724,60,0,60,0,60
merged,PMC4395329_table_3,PMC4395329_table_3.xml,True,medium,34,40,31,31,25.176936,31,3,31,0,31
merged,PMC6206003_table_0,PMC6206003_table_0.xml,True,large,97,98,96,30,69.321382,96,1,96,0,96
merged,PMC4618517_table_0,PMC4618517_table_0.xml,True,large,140,111,91,68,74.569472,91,14,126,7,84
merged,PMC6225686_table_3,PMC6225686_table_3.xml,True,large,148,178,103,21,70.948087,103,13,135,5,98
merged,PMC4412091_table_0,PMC4412091_table_0.xml,False,small,15,15,15,15,11.999257,15,0,15,0,15
merged,PMC5745705_table_1,PMC5745705_table_1.xml,False,small,32,32,32,32,26.798327,32,0,32,0,32
merged,PMC4942899_table_1,PMC4942899_table_1.xml,True,large,107,150,85,75,67.270509,85,5,102,4,81
merged,PMC2547107_table_1,PMC2547107_table_1.xml,False,small,21,21,21,21,20.02627,21,0,21,0,21
merged,PMC3542813_table_1,PMC3542813_table_1.xml,False,small,12,12,12,12,10.649368,12,0,12,0,12
merged,PMC3212515_table_1,PMC3212515_table_1.xml,True,small,24,28,24,20,20.018501,24,4,20,4,20
merged,PMC5879732_table_1,PMC5879732_table_1.xml,False,small,16,16,15,15,13.490714,15,0,16,0,15
merged,PMC2917353_table_0,PMC2917353_table_0.xml,True,medium,43,44,43,42,37.082571,43,1,42,1,42
merged,PMC5807332_table_2,PMC5807332_table_2.xml,False,small,24,24,24,8,17.899878,24,0,24,0,24
merged,PMC3508804_table_1,PMC3508804_table_1.xml,False,small,16,15,15,15,13.689385,15,0,16,0,15
merged,PMC4503601_table_0,PMC4503601_table_0.xml,False,large,168,168,168,168,140.437627,168,0,168,0,168
merged,PMC3103460_table_2,PMC3103460_table_2.xml,True,large,135,185,120,114,100.11344,120,16,119,3,117
merged,PMC3053211_table_0,PMC3053211_table_0.xml,True,small,17,18,7,0,4.312633,7,1,16,0,7
merged,PMC2748088_table_1,PMC2748088_table_1.xml,True,small,25,26,23,22,19.832191,23,4,21,2,21
merged,PMC3022907_table_1,PMC3022907_table_1.xml,True,large,74,74,70,69,58.075045,70,4,70,3,67
merged,PMC3018458_table_1,PMC3018458_table_1.xml,False,large,132,132,132,132,106.77605,132,0,132,0,132
merged,PMC4415830_table_0,PMC4415830_table_0.xml,False,small,15,14,14,14,12.325419,14,0,15,0,14
merged,PMC1559685_table_6,PMC1559685_table_6.xml,True,medium,43,46,43,39,35.320376,43,5,38,5,38
merged,PMC3475064_table_3,PMC3475064_table_3.xml,False,small,28,28,28,28,23.849352,28,0,28,0,28
merged,PMC1382198_table_0,PMC1382198_table_0.xml,True,small,26,31,24,22,21.455202,24,2,24,1,23
merged,PMC3196697_table_1,PMC3196697_table_1.xml,True,medium,66,68,64,45,50.002388,64,4,62,2,62
merged,PMC2914705_table_0,PMC2914705_table_0.xml,False,medium,48,48,48,47,43.300721,48,0,48,0,48
merged,PMC4842766_table_0,PMC4842766_table_0.xml,False,small,12,12,12,12,10.844617,12,0,12,0,12
merged,PMC2577669_table_2,PMC2577669_table_2.xml,False,small,24,24,24,24,23.192963,24,0,24,0,24
merged,PMC6530250_table_0,PMC6530250_table_0.xml,False,medium,50,45,45,45,39.159438,45,0,50,0,45
merged,PMC4631460_table_0,PMC4631460_table_0.xml,True,small,28,30,26,26,22.458332,26,2,26,0,26
merged,PMC3308190_table_2,PMC3308190_table_2.xml,True,medium,49,92,8,5,5.587758,8,2,47,1,7
merged,PMC4445912_table_1,PMC4445912_table_1.xml,False,medium,48,48,48,48,42.812756,48,0,48,0,48
merged,PMC3238873_table_0,PMC3238873_table_0.xml,False,small,20,20,20,0,12.697654,20,0,20,0,20
merged,PMC3553130_table_1,PMC3553130_table_1.xml,True,large,77,91,54,44,43.745022,54,2,75,0,54
merged,PMC5836569_table_2,PMC5836569_table_2.xml,False,large,84,84,84,84,75.842945,84,0,84,0,84
merged,PMC3671805_table_0,PMC3671805_table_0.xml,False,large,99,108,90,24,65.551472,90,0,99,0,90
merged,PMC4446329_table_7,PMC4446329_table_7.xml,False,small,21,21,21,21,19.050546,21,0,21,0,21
merged,PMC3441624_table_0,PMC3441624_table_0.xml,True,medium,50,51,48,48,38.787347,48,2,48,0,48
merged,PMC4412628_table_0,PMC4412628_table_0.xml,True,large,164,172,161,51,116.715658,161,2,162,0,161
merged,PMC5756554_table_0,PMC5756554_table_0.xml,False,medium,52,52,52,52,47.510367,52,0,52,0,52
merged,PMC2961470_table_3,PMC2961470_table_3.xml,False,large,112,112,112,112,97.879552,112,0,112,0,112
merged,PMC4569344_table_3,PMC4569344_table_3.xml,True,large,98,122,96,96,79.709474,96,6,92,4,92
merged,PMC1182365_table_5,PMC1182365_table_5.xml,False,medium,65,68,61,60,54.217305,61,0,65,0,61
merged,PMC4676750_table_1,PMC4676750_table_1.xml,True,large,112,123,108,102,92.326573,108,7,105,3,105
merged,PMC2969532_table_0,PMC2969532_table_0.xml,False,small,20,21,19,0,11.905534,19,0,20,0,19
merged,PMC3639066_table_1,PMC3639066_table_1.xml,True,small,30,30,28,28,22.99482,28,3,27,1,27
merged,PMC4618529_table_2,PMC4618529_table_2.xml,False,medium,72,71,71,71,64.325718,71,0,72,0,71
merged,PMC5788579_table_0,PMC5788579_table_0.xml,True,large,98,109,89,88,79.134123,89,6,92,0,89
merged,PMC3362578_table_1,PMC3362578_table_1.xml,True,medium,39,42,37,36,34.350956,37,2,37,1,36
merged,PMC2979770_table_2,PMC2979770_table_2.xml,False,large,133,133,133,133,114.441996,133,0,133,0,133
merged,PMC6060226_table_0,PMC6060226_table_0.xml,False,small,15,15,15,13,13.341365,15,0,15,0,15
merged,PMC5681566_table_0,PMC5681566_table_0.xml,True,large,237,248,234,138,178.607883,234,6,231,3,231
merged,PMC6102900_table_3,PMC6102900_table_3.xml,True,medium,42,67,27,24,23.239172,27,3,39,0,27
merged,PMC3397488_table_0,PMC3397488_table_0.xml,False,large,143,143,141,141,117.702389,141,0,143,0,141
merged,PMC4376517_table_1,PMC4376517_table_1.xml,False,medium,66,66,66,46,51.559224,66,0,66,0,66
merged,PMC1458958_table_0,PMC1458958_table_0.xml,True,large,118,140,117,106,95.823778,117,2,116,1,116
merged,PMC3679988_table_0,PMC3679988_table_0.xml,True,large,100,128,76,55,59.299505,76,27,73,16,60
merged,PMC4648506_table_1,PMC4648506_table_1.xml,True,small,32,35,31,31,26.370184,31,1,31,0,31
merged,PMC4714838_table_0,PMC4714838_table_0.xml,True,medium,63,75,57,57,50.659477,57,6,57,0,57
merged,PMC2916003_table_1,PMC2916003_table_1.xml,True,large,175,221,169,103,126.154208,169,9,166,3,166
merged,PMC3009153_table_2,PMC3009153_table_2.xml,False,small,18,20,16,16,14.729639,16,0,18,0,16
merged,PMC5954896_table_0,PMC5954896_table_0.xml,False,large,90,90,90,90,80.82946,90,0,90,0,90
merged,PMC4965463_table_0,PMC4965463_table_0.xml,True,medium,31,31,31,26,27.412643,31,1,30,1,30
merged,PMC6099994_table_0,PMC6099994_table_0.xml,True,small,24,25,23,23,21.595877,23,5,19,4,19
merged,PMC2585574_table_0,PMC2585574_table_0.xml,True,medium,66,67,66,65,62.528387,66,4,62,4,62
merged,PMC5691082_table_0,PMC5691082_table_0.xml,True,large,105,106,104,2,66.276237,104,2,103,1,103
merged,PMC2979697_table_0,PMC2979697_table_0.xml,False,small,16,18,14,14,12.029867,14,0,16,0,14
unmerged,PMC4557484_table_1,PMC4557484_table_1.xml,False,small,24,24,24,23,19.578802,24,,,,
unmerged,PMC3220646_table_2,PMC3220646_table_2.xml,False,medium,49,52,47,41,40.203272,47,,,,
unmerged,PMC4830095_table_0,PMC4830095_table_0.xml,False,small,24,24,24,24,21.792317,24,,,,
unmerged,PMC4871359_table_2,PMC4871359_table_2.xml,True,medium,77,69,67,65,54.86145,67,,,,
unmerged,PMC3551747_table_3,PMC3551747_table_3.xml,True,large,238,231,231,157,176.09637,231,,,,
unmerged,PMC4603756_table_2,PMC4603756_table_2.xml,True,large,220,213,212,190,168.90654,212,,,,
unmerged,PMC4476686_table_3,PMC4476686_table_3.xml,True,medium,70,66,66,62,53.799319,66,,,,
unmerged,PMC3200184_table_1,PMC3200184_table_1.xml,False,small,28,28,28,28,23.940644,28,,,,
unmerged,PMC5801397_table_1,PMC5801397_table_1.xml,False,small,20,50,5,5,4.631595,5,,,,
unmerged,PMC2174452_table_0,PMC2174452_table_0.xml,True,large,123,123,122,119,105.826469,122,,,,
unmerged,PMC2979471_table_0,PMC2979471_table_0.xml,False,small,18,18,18,0,11.632123,18,,,,
unmerged,PMC4661520_table_0,PMC4661520_table_0.xml,False,large,246,251,241,85,179.030086,241,,,,
unmerged,PMC2585558_table_0,PMC2585558_table_0.xml,True,large,104,117,48,37,37.684731,48,,,,
unmerged,PMC4462139_table_1,PMC4462139_table_1.xml,False,medium,42,42,42,32,34.579468,42,,,,
unmerged,PMC3626709_table_3,PMC3626709_table_3.xml,True,large,88,88,78,71,64.1071,78,,,,
unmerged,PMC3353967_table_0,PMC3353967_table_0.xml,True,small,18,18,18,18,15.36071,18,,,,
unmerged,PMC3091531_table_0,PMC3091531_table_0.xml,False,large,114,114,114,114,95.921059,114,,,,
unmerged,PMC5859532_table_0,PMC5859532_table_0.xml,True,large,234,125,76,35,56.050748,76,,,,
unmerged,PMC4950718_table_3,PMC4950718_table_3.xml,True,large,126,88,76,71,68.086293,76,,,,
unmerged,PMC6069772_table_0,PMC6069772_table_0.xml,True,small,22,24,21,20,19.290535,21,,,,
unmerged,PMC1488876_table_0,PMC1488876_table_0.xml,False,medium,36,36,36,36,31.986853,36,,,,
unmerged,PMC6107733_table_3,PMC6107733_table_3.xml,False,small,6,3,3,3,2.529674,3,,,,
unmerged,PMC3391175_table_3,PMC3391175_table_3.xml,False,large,96,96,96,96,85.103663,96,,,,
unmerged,PMC2969096_table_2,PMC2969096_table_2.xml,False,small,16,18,13,5,9.475751,13,,,,
unmerged,PMC2954184_table_0,PMC2954184_table_0.xml,False,medium,36,36,36,36,29.785698,36,,,,
unmerged,PMC2577639_table_0,PMC2577639_table_0.xml,False,medium,72,72,72,72,59.460483,72,,,,
unmerged,PMC4748054_table_0,PMC4748054_table_0.xml,False,small,28,28,28,28,27.130487,28,,,,
unmerged,PMC5895719_table_0,PMC5895719_table_0.xml,False,small,22,36,13,4,8.654243,13,,,,
unmerged,PMC2886070_table_1,PMC2886070_table_1.xml,True,medium,60,78,53,30,40.057184,53,,,,
unmerged,PMC5098732_table_3,PMC5098732_table_3.xml,True,medium,39,39,27,0,16.180634,27,,,,
unmerged,PMC4650654_table_2,PMC4650654_table_2.xml,True,large,96,96,96,96,87.203907,96,,,,
unmerged,PMC4819383_table_0,PMC4819383_table_0.xml,True,medium,76,61,61,55,52.049847,61,,,,
unmerged,PMC3046132_table_2,PMC3046132_table_2.xml,True,large,224,223,223,190,172.503495,223,,,,
unmerged,PMC2711331_table_1,PMC2711331_table_1.xml,True,large,84,84,84,84,70.387788,84,,,,
unmerged,PMC4609873_table_0,PMC4609873_table_0.xml,False,large,116,116,116,112,95.031599,116,,,,
unmerged,PMC2623298_table_1,PMC2623298_table_1.xml,True,medium,52,54,48,48,42.887524,48,,,,
unmerged,PMC4641688_table_0,PMC4641688_table_0.xml,True,large,120,120,120,120,105.776934,120,,,,
unmerged,PMC2527552_table_1,PMC2527552_table_1.xml,False,medium,52,52,52,52,45.675589,52,,,,
unmerged,PMC4578763_table_2,PMC4578763_table_2.xml,False,medium,40,40,40,40,34.597599,40,,,,
unmerged,PMC1266024_table_0,PMC1266024_table_0.xml,True,large,169,156,114,31,80.26925,114,,,,
unmerged,PMC5906091_table_3,PMC5906091_table_3.xml,False,medium,55,55,55,26,41.345777,55,,,,
unmerged,PMC5075886_table_1,PMC5075886_table_1.xml,True,medium,50,49,49,49,40.276589,49,,,,
unmerged,PMC3346768_table_2,PMC3346768_table_2.xml,True,medium,39,39,39,13,28.808792,39,,,,
unmerged,PMC6460509_table_3,PMC6460509_table_3.xml,True,medium,56,48,41,41,34.576495,41,,,,
unmerged,PMC4933005_table_0,PMC4933005_table_0.xml,False,small,10,21,8,8,6.902284,8,,,,
unmerged,PMC5745737_table_2,PMC5745737_table_2.xml,True,large,98,94,90,90,74.398013,90,,,,
unmerged,PMC3009352_table_3,PMC3009352_table_3.xml,False,medium,56,56,56,40,44.542166,56,,,,
unmerged,PMC4830067_table_0,PMC4830067_table_0.xml,True,medium,63,59,56,56,49.102093,56,,,,
unmerged,PMC4957341_table_0,PMC4957341_table_0.xml,False,small,33,33,33,33,28.560619,33,,,,
unmerged,PMC2983561_table_0,PMC2983561_table_0.xml,False,small,16,18,16,5,11.587694,16,,,,
unmerged,PMC2904386_table_0,PMC2904386_table_0.xml,False,small,20,20,20,20,17.523825,20,,,,
unmerged,PMC6126004_table_3,PMC6126004_table_3.xml,False,large,112,112,112,112,96.124858,112,,,,
unmerged,PMC6037082_table_1,PMC6037082_table_1.xml,True,large,390,300,293,292,237.14258,293,,,,
unmerged,PMC5724365_table_1,PMC5724365_table_1.xml,True,large,81,81,54,0,32.667369,54,,,,
unmerged,PMC3583622_table_1,PMC3583622_table_1.xml,False,large,120,108,108,82,87.795558,108,,,,
unmerged,PMC2678101_table_0,PMC2678101_table_0.xml,False,small,30,30,30,30,27.027191,30,,,,
unmerged,PMC3507873_table_2,PMC3507873_table_2.xml,False,medium,72,72,72,69,58.835641,72,,,,
unmerged,PMC2821402_table_0,PMC2821402_table_0.xml,False,small,9,9,9,9,7.813719,9,,,,
unmerged,PMC5673718_table_3,PMC5673718_table_3.xml,True,medium,45,41,38,37,34.574828,38,,,,
unmerged,PMC4521151_table_0,PMC4521151_table_0.xml,False,medium,63,63,63,63,56.034519,63,,,,
unmerged,PMC4489625_table_0,PMC4489625_table_0.xml,True,medium,42,36,32,32,28.615608,32,,,,
unmerged,PMC3506454_table_0,PMC3506454_table_0.xml,False,small,14,14,12,12,11.275578,12,,,,
unmerged,PMC2352870_table_5,PMC2352870_table_5.xml,True,large,192,176,169,137,140.872847,169,,,,
unmerged,PMC6131896_table_1,PMC6131896_table_1.xml,True,large,110,109,108,8,71.764949,108,,,,
unmerged,PMC3004931_table_0,PMC3004931_table_0.xml,False,small,16,16,16,16,14.264221,16,,,,
unmerged,PMC4570425_table_0,PMC4570425_table_0.xml,False,medium,48,48,48,48,42.537922,48,,,,
unmerged,PMC1945034_table_3,PMC1945034_table_3.xml,True,medium,72,64,63,62,54.550727,63,,,,
unmerged,PMC2689505_table_0,PMC2689505_table_0.xml,False,medium,64,64,64,64,58.086611,64,,,,
unmerged,PMC5894967_table_0,PMC5894967_table_0.xml,True,large,102,96,93,17,58.150921,93,,,,
unmerged,PMC3296740_table_0,PMC3296740_table_0.xml,True,medium,77,76,75,45,58.89406,75,,,,
unmerged,PMC2640380_table_1,PMC2640380_table_1.xml,False,small,16,16,16,16,14.971954,16,,,,
unmerged,PMC6034749_table_0,PMC6034749_table_0.xml,True,medium,49,49,49,47,40.663042,49,,,,
unmerged,PMC2830220_table_0,PMC2830220_table_0.xml,False,medium,42,45,35,35,30.323478,35,,,,
unmerged,PMC4706714_table_0,PMC4706714_table_0.xml,False,medium,36,39,33,30,29.249349,33,,,,
unmerged,PMC3022830_table_0,PMC3022830_table_0.xml,True,large,136,134,129,123,109.17286,129,,,,
unmerged,PMC4472718_table_3,PMC4472718_table_3.xml,True,large,156,217,63,62,52.452802,63,,,,
unmerged,PMC4599890_table_3,PMC4599890_table_3.xml,False,small,12,12,12,12,11.032703,12,,,,
unmerged,PMC3184418_table_0,PMC3184418_table_0.xml,False,small,28,28,28,9,20.503304,28,,,,
unmerged,PMC2529317_table_1,PMC2529317_table_1.xml,True,large,81,86,72,65,59.530235,72,,,,
unmerged,PMC3151975_table_1,PMC3151975_table_1.xml,False,small,16,19,12,1,8.432718,12,,,,
unmerged,PMC4656969_table_0,PMC4656969_table_0.xml,False,medium,49,42,36,36,33.46478,36,,,,
unmerged,PMC5941763_table_1,PMC5941763_table_1.xml,True,large,90,90,90,90,77.740605,90,,,,
unmerged,PMC4347917_table_0,PMC4347917_table_0.xml,False,medium,36,41,31,20,23.498382,31,,,,
unmerged,PMC2718512_table_2,PMC2718512_table_2.xml,False,large,112,112,112,112,89.630472,112,,,,
unmerged,PMC3588267_table_1,PMC3588267_table_1.xml,False,large,84,84,84,83,68.463922,84,,,,
unmerged,PMC4895272_table_4,PMC4895272_table_4.xml,False,small,24,24,24,24,20.170802,24,,,,
unmerged,PMC4624135_table_2,PMC4624135_table_2.xml,True,large,111,112,111,110,94.318595,111,,,,
unmerged,PMC3501519_table_0,PMC3501519_table_0.xml,False,large,96,96,96,96,80.10703,96,,,,
unmerged,PMC2741440_table_2,PMC2741440_table_2.xml,True,large,112,90,78,78,63.330911,78,,,,
unmerged,PMC6226465_table_2,PMC6226465_table_2.xml,False,large,84,84,84,64,63.969363,84,,,,
unmerged,PMC2903598_table_1,PMC2903598_table_1.xml,False,small,18,18,18,15,14.684881,18,,,,
unmerged,PMC4882360_table_2,PMC4882360_table_2.xml,True,medium,51,51,51,51,46.713276,51,,,,
unmerged,PMC4419512_table_2,PMC4419512_table_2.xml,False,medium,36,36,36,36,31.154379,36,,,,
unmerged,PMC1851395_table_2,PMC1851395_table_2.xml,True,large,329,294,229,21,147.448212,229,,,,
unmerged,PMC3686801_table_0,PMC3686801_table_0.xml,True,medium,48,34,32,20,24.424134,32,,,,
unmerged,PMC3036605_table_0,PMC3036605_table_0.xml,True,large,130,129,129,128,114.654756,129,,,,
unmerged,PMC6032104_table_0,PMC6032104_table_0.xml,False,medium,70,70,70,65,56.73354,70,,,,
unmerged,PMC6173411_table_0,PMC6173411_table_0.xml,False,small,25,25,25,5,16.444409,25,,,,
unmerged,PMC2939516_table_0,PMC2939516_table_0.xml,False,small,33,33,33,33,30.732454,33,,,,
unmerged,PMC5791941_table_0,PMC5791941_table_0.xml,True,large,154,108,90,73,73.468924,90,,,,
unmerged,PMC3064576_table_2,PMC3064576_table_2.xml,True,small,28,24,23,23,20.475299,23,,,,
unmerged,PMC1622761_table_1,PMC1622761_table_1.xml,False,small,12,12,12,12,11.281291,12,,,,
unmerged,PMC4902286_table_2,PMC4902286_table_2.xml,True,small,35,33,32,31,26.832871,32,,,,
unmerged,PMC3238335_table_3,PMC3238335_table_3.xml,True,large,88,87,86,83,69.950402,86,,,,
unmerged,PMC3072946_table_0,PMC3072946_table_0.xml,False,medium,70,70,70,70,58.906716,70,,,,
unmerged,PMC5068742_table_4,PMC5068742_table_4.xml,True,small,15,14,14,13,12.410051,14,,,,
unmerged,PMC2983272_table_1,PMC2983272_table_1.xml,False,small,12,13,11,5,8.37585,11,,,,
unmerged,PMC3689524_table_2,PMC3689524_table_2.xml,True,small,16,17,10,9,8.69507,10,,,,
unmerged,PMC3541249_table_4,PMC3541249_table_4.xml,False,small,6,6,6,6,5.871401,6,,,,
unmerged,PMC4871359_table_3,PMC4871359_table_3.xml,True,medium,77,70,67,67,57.688417,67,,,,
unmerged,PMC5956962_table_1,PMC5956962_table_1.xml,False,medium,42,42,42,42,37.274192,42,,,,
unmerged,PMC4629756_table_0,PMC4629756_table_0.xml,False,small,27,40,11,9,8.946424,11,,,,
unmerged,PMC6010860_table_1,PMC6010860_table_1.xml,True,large,155,152,152,150,140.69288,152,,,,
unmerged,PMC5880062_table_1,PMC5880062_table_1.xml,True,large,198,190,173,52,119.086661,173,,,,
unmerged,PMC2955703_table_4,PMC2955703_table_4.xml,False,medium,55,55,55,55,45.641253,55,,,,
unmerged,PMC4641589_table_1,PMC4641589_table_1.xml,False,medium,60,60,60,60,51.045942,60,,,,
unmerged,PMC4490793_table_0,PMC4490793_table_0.xml,False,small,27,29,26,24,22.867342,26,,,,
unmerged,PMC5081668_table_2,PMC5081668_table_2.xml,True,large,144,134,121,93,95.661197,121,,,,
unmerged,PMC5997944_table_5,PMC5997944_table_5.xml,False,medium,48,48,48,48,41.901433,48,,,,
unmerged,PMC4658139_table_0,PMC4658139_table_0.xml,False,small,21,21,21,21,19.122391,21,,,,
unmerged,PMC5027767_table_0,PMC5027767_table_0.xml,False,small,15,15,11,0,6.108924,11,,,,
unmerged,PMC6154426_table_3,PMC6154426_table_3.xml,True,small,30,20,16,15,14.015558,16,,,,
unmerged,PMC6100046_table_0,PMC6100046_table_0.xml,False,medium,49,49,49,49,43.552114,49,,,,
unmerged,PMC3164601_table_2,PMC3164601_table_2.xml,True,large,80,71,55,45,43.812183,55,,,,
unmerged,PMC1929151_table_0,PMC1929151_table_0.xml,False,large,135,135,135,131,108.81428,135,,,,
unmerged,PMC2941694_table_1,PMC2941694_table_1.xml,False,medium,48,44,44,44,39.314117,44,,,,
unmerged,PMC2960599_table_0,PMC2960599_table_0.xml,False,small,20,21,19,2,13.580603,19,,,,
unmerged,PMC3673891_table_0,PMC3673891_table_0.xml,True,medium,50,48,48,26,35.526565,48,,,,
unmerged,PMC3629600_table_1,PMC3629600_table_1.xml,False,small,15,15,15,11,11.683919,15,,,,
unmerged,PMC4853443_table_3,PMC4853443_table_3.xml,False,small,20,20,20,20,17.389263,20,,,,
unmerged,PMC3615965_table_1,PMC3615965_table_1.xml,False,small,24,24,24,24,21.712154,24,,,,
unmerged,PMC4851769_table_0,PMC4851769_table_0.xml,True,large,100,100,100,100,86.798112,100,,,,
unmerged,PMC4987991_table_1,PMC4987991_table_1.xml,True,small,30,30,30,30,26.725122,30,,,,
unmerged,PMC2959565_table_1,PMC2959565_table_1.xml,False,large,168,168,168,168,140.591837,168,,,,
unmerged,PMC4873261_table_3,PMC4873261_table_3.xml,True,large,256,256,256,256,217.720484,256,,,,
unmerged,PMC2993656_table_11,PMC2993656_table_11.xml,True,medium,63,66,58,45,44.598926,58,,,,
unmerged,PMC6007071_table_0,PMC6007071_table_0.xml,False,small,21,21,14,0,7.467962,14,,,,
unmerged,PMC3200594_table_1,PMC3200594_table_1.xml,False,small,16,17,15,6,11.117024,15,,,,
unmerged,PMC3247576_table_1,PMC3247576_table_1.xml,False,small,16,17,16,12,12.00087,16,,,,
unmerged,PMC5989356_table_4,PMC5989356_table_4.xml,True,small,15,14,14,13,12.356844,14,,,,
unmerged,PMC5025155_table_3,PMC5025155_table_3.xml,True,large,108,79,72,56,56.003871,72,,,,
unmerged,PMC3232225_table_2,PMC3232225_table_2.xml,True,medium,70,68,57,15,38.412829,57,,,,
unmerged,PMC6071998_table_1,PMC6071998_table_1.xml,True,large,126,108,106,106,94.16048,106,,,,
unmerged,PMC3430984_table_0,PMC3430984_table_0.xml,False,large,96,96,96,96,76.652173,96,,,,
unmerged,PMC4936294_table_2,PMC4936294_table_2.xml,False,small,30,30,30,30,25.990284,30,,,,
unmerged,PMC4461065_table_0,PMC4461065_table_0.xml,False,small,24,24,24,24,22.502686,24,,,,
unmerged,PMC6225095_table_1,PMC6225095_table_1.xml,False,medium,44,54,44,33,36.286075,44,,,,
unmerged,PMC4457489_table_0,PMC4457489_table_0.xml,True,large,110,104,104,74,81.738353,104,,,,
unmerged,PMC5711908_table_3,PMC5711908_table_3.xml,False,medium,40,40,32,21,24.570789,32,,,,
unmerged,PMC4513019_table_0,PMC4513019_table_0.xml,True,large,198,191,188,185,153.756778,188,,,,
unmerged,PMC5086409_table_0,PMC5086409_table_0.xml,True,medium,44,97,11,2,6.682011,11,,,,
unmerged,PMC6025390_table_0,PMC6025390_table_0.xml,True,large,240,239,230,29,168.125092,230,,,,
unmerged,PMC3195289_table_0,PMC3195289_table_0.xml,False,large,96,96,96,72,75.694801,96,,,,
unmerged,PMC3132509_table_2,PMC3132509_table_2.xml,True,medium,72,59,56,44,44.813858,56,,,,
unmerged,PMC3700867_table_2,PMC3700867_table_2.xml,True,small,18,17,17,5,12.721767,17,,,,
unmerged,PMC4962254_table_0,PMC4962254_table_0.xml,False,small,27,27,27,27,25.431774,27,,,,
unmerged,PMC3688689_table_0,PMC3688689_table_0.xml,False,large,161,161,161,157,127.972984,161,,,,
unmerged,PMC4373873_table_5,PMC4373873_table_5.xml,False,medium,42,42,42,42,33.529138,42,,,,
unmerged,PMC5879993_table_0,PMC5879993_table_0.xml,True,medium,68,67,59,31,41.829146,59,,,,
unmerged,PMC3599909_table_0,PMC3599909_table_0.xml,True,large,84,81,80,78,68.924067,80,,,,
unmerged,PMC3671244_table_0,PMC3671244_table_0.xml,True,large,110,102,99,97,81.416981,99,,,,
unmerged,PMC6023632_table_1,PMC6023632_table_1.xml,True,large,105,101,98,98,84.574906,98,,,,
unmerged,PMC4493637_table_1,PMC4493637_table_1.xml,True,large,196,196,196,196,165.086685,196,,,,
unmerged,PMC3341574_table_3,PMC3341574_table_3.xml,True,medium,54,54,54,54,45.294602,54,,,,
unmerged,PMC4824530_table_1,PMC4824530_table_1.xml,False,medium,48,48,48,48,40.605623,48,,,,
unmerged,PMC4990542_table_0,PMC4990542_table_0.xml,True,large,154,150,150,52,111.134545,150,,,,
unmerged,PMC5739639_table_0,PMC5739639_table_0.xml,True,medium,72,72,72,72,63.130727,72,,,,
unmerged,PMC4526633_table_3,PMC4526633_table_3.xml,False,medium,48,48,48,48,42.370835,48,,,,
unmerged,PMC5048428_table_0,PMC5048428_table_0.xml,True,medium,40,33,31,31,27.514575,31,,,,
unmerged,PMC2967991_table_0,PMC2967991_table_0.xml,False,small,20,21,19,0,11.762789,19,,,,
unmerged,PMC3325992_table_2,PMC3325992_table_2.xml,False,medium,60,58,57,53,46.844569,57,,,,
unmerged,PMC5058761_table_1,PMC5058761_table_1.xml,True,small,32,30,30,29,27.188779,30,,,,
unmerged,PMC6205954_table_0,PMC6205954_table_0.xml,False,small,30,96,12,4,7.899747,12,,,,
unmerged,PMC5896998_table_0,PMC5896998_table_0.xml,False,small,15,15,5,0,3.409903,5,,,,
unmerged,PMC5688640_table_7,PMC5688640_table_7.xml,False,medium,65,65,65,65,60.486579,65,,,,
unmerged,PMC6092857_table_0,PMC6092857_table_0.xml,True,large,264,260,260,226,209.502578,260,,,,
unmerged,PMC4963123_table_0,PMC4963123_table_0.xml,False,small,12,12,11,11,9.979311,11,,,,
unmerged,PMC4485293_table_1,PMC4485293_table_1.xml,False,small,20,20,20,20,17.82766,20,,,,
unmerged,PMC4864823_table_0,PMC4864823_table_0.xml,False,small,6,22,3,3,2.748425,3,,,,
unmerged,PMC5102476_table_1,PMC5102476_table_1.xml,True,large,84,84,84,51,67.362226,84,,,,
unmerged,PMC4523781_table_1,PMC4523781_table_1.xml,False,small,25,25,25,25,21.09496,25,,,,
unmerged,PMC4955163_table_0,PMC4955163_table_0.xml,True,small,14,35,7,7,6.195906,7,,,,
unmerged,PMC4485614_table_0,PMC4485614_table_0.xml,True,medium,76,76,75,39,55.889906,75,,,,
unmerged,PMC4871438_table_1,PMC4871438_table_1.xml,False,large,186,186,185,181,152.415013,185,,,,
unmerged,PMC1939840_table_1,PMC1939840_table_1.xml,False,medium,52,52,52,52,46.011797,52,,,,
unmerged,PMC5120060_table_4,PMC5120060_table_4.xml,False,small,20,23,13,13,11.808815,13,,,,
unmerged,PMC6025384_table_1,PMC6025384_table_1.xml,True,medium,63,65,52,48,46.400598,52,,,,
unmerged,PMC4709483_table_1,PMC4709483_table_1.xml,True,medium,65,60,55,6,38.25112,55,,,,
unmerged,PMC3409068_table_1,PMC3409068_table_1.xml,False,large,92,92,88,23,53.695932,88,,,,
unmerged,PMC5093738_table_3,PMC5093738_table_3.xml,False,large,104,104,104,103,89.43519,104,,,,
unmerged,PMC4678211_table_1,PMC4678211_table_1.xml,True,large,93,99,89,74,69.595889,89,,,,
unmerged,PMC5017671_table_1,PMC5017671_table_1.xml,True,medium,44,43,42,42,37.605817,42,,,,
unmerged,PMC4940829_table_0,PMC4940829_table_0.xml,True,large,98,50,40,27,31.807118,40,,,,
unmerged,PMC5927400_table_0,PMC5927400_table_0.xml,False,large,253,253,253,157,192.017348,253,,,,
unmerged,PMC3072324_table_0,PMC3072324_table_0.xml,False,small,27,27,27,27,25.180425,27,,,,
unmerged,PMC2960525_table_3,PMC2960525_table_3.xml,False,small,10,4,3,1,1.886725,3,,,,
unmerged,PMC4355521_table_0,PMC4355521_table_0.xml,False,small,16,16,16,16,13.858647,16,,,,
unmerged,PMC4431603_table_2,PMC4431603_table_2.xml,True,medium,70,65,63,63,53.755039,63,,,,
unmerged,PMC5953918_table_0,PMC5953918_table_0.xml,True,large,207,202,188,84,137.393241,188,,,,
unmerged,PMC3129319_table_1,PMC3129319_table_1.xml,False,small,27,27,27,18,20.625147,27,,,,
unmerged,PMC3544827_table_2,PMC3544827_table_2.xml,True,medium,40,38,37,30,30.265871,37,,,,
unmerged,PMC4597800_table_0,PMC4597800_table_0.xml,True,small,28,26,26,24,23.648412,26,,,,
unmerged,PMC2944255_table_5,PMC2944255_table_5.xml,False,small,21,27,8,6,6.709187,8,,,,
unmerged,PMC5996883_table_0,PMC5996883_table_0.xml,True,medium,63,58,56,40,43.769383,56,,,,
unmerged,PMC3269416_table_0,PMC3269416_table_0.xml,False,small,9,9,9,9,8.230798,9,,,,
unmerged,PMC5829779_table_3,PMC5829779_table_3.xml,False,medium,52,52,52,52,46.183856,52,,,,
unmerged,PMC6019505_table_2,PMC6019505_table_2.xml,False,medium,36,36,36,36,31.020283,36,,,,
unmerged,PMC6085217_table_3,PMC6085217_table_3.xml,True,small,30,36,20,19,17.28941,20,,,,
unmerged,PMC3446543_table_1,PMC3446543_table_1.xml,True,small,21,24,17,1,11.644832,17,,,,
unmerged,PMC6038205_table_4,PMC6038205_table_4.xml,True,large,114,114,95,0,56.382466,95,,,,
unmerged,PMC3653782_table_3,PMC3653782_table_3.xml,True,large,105,104,104,69,80.737956,104,,,,
unmerged,PMC4795930_table_0,PMC4795930_table_0.xml,True,large,112,109,108,27,79.156842,108,,,,
unmerged,PMC2999564_table_3,PMC2999564_table_3.xml,False,large,80,80,80,79,67.81249,80,,,,
unmerged,PMC6236952_table_0,PMC6236952_table_0.xml,True,small,21,19,18,8,13.357595,18,,,,
unmerged,PMC2959605_table_1,PMC2959605_table_1.xml,False,large,175,174,174,174,148.003858,174,,,,
unmerged,PMC3680193_table_1,PMC3680193_table_1.xml,True,large,245,241,241,238,213.233037,241,,,,
unmerged,PMC4472248_table_0,PMC4472248_table_0.xml,True,large,110,87,86,67,67.559042,86,,,,
unmerged,PMC3444503_table_2,PMC3444503_table_2.xml,True,large,84,84,84,72,67.764212,84,,,,
unmerged,PMC2861057_table_0,PMC2861057_table_0.xml,True,medium,42,42,42,42,38.681369,42,,,,
unmerged,PMC5945046_table_1,PMC5945046_table_1.xml,True,large,119,115,113,3,74.308661,113,,,,
unmerged,PMC3473247_table_2,PMC3473247_table_2.xml,False,small,15,15,11,11,9.617025,11,,,,
unmerged,PMC5725103_table_2,PMC5725103_table_2.xml,True,large,161,155,150,150,124.962667,150,,,,
unmerged,PMC6040068_table_3,PMC6040068_table_3.xml,True,large,91,111,76,65,61.767926,76,,,,
unmerged,PMC4699818_table_0,PMC4699818_table_0.xml,False,medium,60,60,60,60,52.619467,60,,,,
unmerged,PMC6079442_table_0,PMC6079442_table_0.xml,False,large,192,192,192,163,153.080232,192,,,,
unmerged,PMC3072304_table_0,PMC3072304_table_0.xml,False,small,32,36,32,28,27.634002,32,,,,
unmerged,PMC3036079_table_0,PMC3036079_table_0.xml,True,large,154,154,154,142,126.164066,154,,,,
unmerged,PMC5751415_table_2,PMC5751415_table_2.xml,True,small,28,26,24,18,18.596189,24,,,,
unmerged,PMC6028909_table_2,PMC6028909_table_2.xml,True,large,140,138,138,138,116.557056,138,,,,
unmerged,PMC4364747_table_1,PMC4364747_table_1.xml,False,large,90,90,90,90,74.413716,90,,,,
unmerged,PMC3099919_table_4,PMC3099919_table_4.xml,False,medium,45,45,36,0,22.908683,36,,,,
unmerged,PMC4740352_table_3,PMC4740352_table_3.xml,True,medium,72,90,61,54,51.236457,61,,,,
unmerged,PMC5020513_table_0,PMC5020513_table_0.xml,True,large,165,161,159,159,142.99505,159,,,,
unmerged,PMC6087012_table_2,PMC6087012_table_2.xml,True,medium,75,73,72,71,67.588982,72,,,,
unmerged,PMC4641152_table_2,PMC4641152_table_2.xml,True,small,16,14,14,1,9.350953,14,,,,
unmerged,PMC4446004_table_0,PMC4446004_table_0.xml,False,large,120,120,120,117,95.712549,120,,,,
unmerged,PMC2596488_table_1,PMC2596488_table_1.xml,True,medium,70,70,70,50,58.10739,70,,,,
unmerged,PMC5679600_table_1,PMC5679600_table_1.xml,False,small,25,25,25,25,21.914948,25,,,,
unmerged,PMC4697506_table_0,PMC4697506_table_0.xml,False,medium,42,42,42,42,35.686906,42,,,,
unmerged,PMC3006915_table_2,PMC3006915_table_2.xml,False,large,280,268,266,197,208.255404,266,,,,
unmerged,PMC3484115_table_0,PMC3484115_table_0.xml,True,large,108,103,99,68,76.781185,99,,,,
unmerged,PMC5840833_table_0,PMC5840833_table_0.xml,True,large,160,160,159,130,136.786902,159,,,,
unmerged,PMC4923155_table_3,PMC4923155_table_3.xml,True,large,240,237,237,164,179.437301,237,,,,
unmerged,PMC6002068_table_6,PMC6002068_table_6.xml,True,small,27,27,27,27,23.890916,27,,,,
unmerged,PMC3103460_table_0,PMC3103460_table_0.xml,True,large,189,176,151,85,117.797621,151,,,,
unmerged,PMC4360558_table_1,PMC4360558_table_1.xml,False,small,16,15,15,15,13.980805,15,,,,
unmerged,PMC4378979_table_0,PMC4378979_table_0.xml,True,large,88,78,78,74,66.543309,78,,,,
unmerged,PMC3585286_table_1,PMC3585286_table_1.xml,False,large,120,113,113,89,86.986548,113,,,,
unmerged,PMC1599734_table_0,PMC1599734_table_0.xml,False,small,27,25,21,21,19.365355,21,,,,
unmerged,PMC3535723_table_1,PMC3535723_table_1.xml,True,large,91,91,91,89,73.652025,91,,,,
unmerged,PMC5768441_table_0,PMC5768441_table_0.xml,True,medium,52,55,46,43,40.385032,46,,,,
unmerged,PMC2649911_table_0,PMC2649911_table_0.xml,False,small,9,9,9,8,8.182199,9,,,,
unmerged,PMC3485083_table_1,PMC3485083_table_1.xml,False,large,156,156,156,39,114.268345,156,,,,
unmerged,PMC3526551_table_2,PMC3526551_table_2.xml,True,medium,60,20,20,0,11.740451,20,,,,
unmerged,PMC4667499_table_0,PMC4667499_table_0.xml,True,large,210,188,135,39,89.699904,135,,,,
unmerged,PMC5966494_table_1,PMC5966494_table_1.xml,True,large,187,179,178,164,140.598166,178,,,,
unmerged,PMC3338423_table_0,PMC3338423_table_0.xml,True,large,195,188,184,77,136.802378,184,,,,
unmerged,PMC4349793_table_0,PMC4349793_table_0.xml,True,large,152,153,137,134,117.112594,137,,,,
unmerged,PMC5707816_table_1,PMC5707816_table_1.xml,True,large,130,121,118,116,101.660009,118,,,,
unmerged,PMC3224767_table_0,PMC3224767_table_0.xml,True,medium,48,48,48,48,41.312133,48,,,,
unmerged,PMC4345205_table_0,PMC4345205_table_0.xml,False,small,18,18,18,4,12.452064,18,,,,
unmerged,PMC3269996_table_1,PMC3269996_table_1.xml,True,large,110,102,93,93,77.07281,93,,,,
unmerged,PMC3464599_table_0,PMC3464599_table_0.xml,False,small,24,24,24,24,22.12427,24,,,,
unmerged,PMC2577088_table_1,PMC2577088_table_1.xml,False,small,30,30,30,30,27.98572,30,,,,
unmerged,PMC2969637_table_1,PMC2969637_table_1.xml,False,large,161,161,161,161,133.664193,161,,,,
unmerged,PMC5998039_table_0,PMC5998039_table_0.xml,False,large,84,84,84,84,68.955771,84,,,,
unmerged,PMC4897879_table_0,PMC4897879_table_0.xml,True,large,203,177,176,162,142.072774,176,,,,
unmerged,PMC5745915_table_0,PMC5745915_table_0.xml,False,large,140,131,131,80,100.386608,131,,,,
unmerged,PMC5033576_table_1,PMC5033576_table_1.xml,True,large,136,117,116,116,101.409043,116,,,,
unmerged,PMC3637233_table_1,PMC3637233_table_1.xml,False,medium,60,60,60,60,52.312121,60,,,,
unmerged,PMC2732638_table_4,PMC2732638_table_4.xml,True,small,12,12,12,12,11.226525,12,,,,
unmerged,PMC3236460_table_1,PMC3236460_table_1.xml,False,small,32,32,32,32,28.994416,32,,,,
unmerged,PMC6137918_table_1,PMC6137918_table_1.xml,True,medium,64,64,63,21,45.144352,63,,,,
unmerged,PMC6156278_table_0,PMC6156278_table_0.xml,True,large,84,84,84,64,70.850365,84,,,,
unmerged,PMC2695361_table_4,PMC2695361_table_4.xml,False,small,16,16,16,16,15.079496,16,,,,
unmerged,PMC4747561_table_0,PMC4747561_table_0.xml,True,medium,49,49,49,49,43.294937,49,,,,
unmerged,PMC6025609_table_0,PMC6025609_table_0.xml,False,medium,40,40,40,40,37.466357,40,,,,
unmerged,PMC2628647_table_1,PMC2628647_table_1.xml,False,medium,42,42,42,38,35.134463,42,,,,
unmerged,PMC4736147_table_0,PMC4736147_table_0.xml,True,large,216,214,212,19,133.100653,212,,,,
unmerged,PMC3201530_table_3,PMC3201530_table_3.xml,False,small,15,16,14,11,11.099029,14,,,,
unmerged,PMC5714139_table_0,PMC5714139_table_0.xml,True,small,28,40,20,16,15.270569,20,,,,
unmerged,PMC4446492_table_0,PMC4446492_table_0.xml,False,large,123,123,123,123,98.533997,123,,,,
unmerged,PMC4524475_table_0,PMC4524475_table_0.xml,False,large,140,140,140,110,107.859164,140,,,,
unmerged,PMC4650288_table_3,PMC4650288_table_3.xml,True,medium,63,63,63,63,54.070728,63,,,,
unmerged,PMC6017431_table_0,PMC6017431_table_0.xml,True,medium,77,72,68,67,55.443054,68,,,,
unmerged,PMC3515887_table_0,PMC3515887_table_0.xml,True,small,12,80,6,5,4.838633,6,,,,
unmerged,PMC3006894_table_1,PMC3006894_table_1.xml,False,medium,50,50,46,30,34.980372,46,,,,
unmerged,PMC6172266_table_0,PMC6172266_table_0.xml,True,large,108,100,100,77,76.774669,100,,,,
unmerged,PMC4457818_table_1,PMC4457818_table_1.xml,True,medium,63,62,62,62,53.793129,62,,,,
unmerged,PMC5074446_table_0,PMC5074446_table_0.xml,True,small,27,41,17,8,13.030003,17,,,,
unmerged,PMC5117527_table_0,PMC5117527_table_0.xml,False,small,22,22,22,22,19.70565,22,,,,
unmerged,PMC2830186_table_10,PMC2830186_table_10.xml,True,large,168,161,161,160,131.560046,161,,,,
unmerged,PMC3589335_table_2,PMC3589335_table_2.xml,True,medium,48,48,48,48,40.225134,48,,,,
unmerged,PMC2623298_table_0,PMC2623298_table_0.xml,True,medium,52,56,49,47,43.045064,49,,,,
unmerged,PMC4343049_table_0,PMC4343049_table_0.xml,True,large,110,106,105,104,91.089421,105,,,,
unmerged,PMC4459660_table_2,PMC4459660_table_2.xml,True,medium,52,60,41,22,31.553506,41,,,,
unmerged,PMC5686811_table_2,PMC5686811_table_2.xml,False,large,88,88,87,87,76.790902,87,,,,
unmerged,PMC3217847_table_2,PMC3217847_table_2.xml,True,large,112,108,106,106,87.815834,106,,,,
unmerged,PMC3089322_table_4,PMC3089322_table_4.xml,False,large,154,154,154,154,131.699078,154,,,,
unmerged,PMC4666065_table_1,PMC4666065_table_1.xml,True,large,153,153,153,58,113.758708,153,,,,
unmerged,PMC6016042_table_1,PMC6016042_table_1.xml,True,medium,72,72,71,71,61.8995,71,,,,
unmerged,PMC6147783_table_0,PMC6147783_table_0.xml,False,small,20,20,20,7,14.431872,20,,,,
unmerged,PMC4898693_table_2,PMC4898693_table_2.xml,True,small,21,21,21,14,16.881776,21,,,,
unmerged,PMC5100194_table_1,PMC5100194_table_1.xml,True,medium,65,61,61,59,53.332368,61,,,,
unmerged,PMC3412721_table_0,PMC3412721_table_0.xml,True,medium,40,40,40,40,38.593769,40,,,,
unmerged,PMC4550389_table_3,PMC4550389_table_3.xml,True,large,108,103,103,92,83.511171,103,,,,
unmerged,PMC2721847_table_0,PMC2721847_table_0.xml,True,small,30,30,30,30,26.337014,30,,,,
unmerged,PMC2865542_table_4,PMC2865542_table_4.xml,False,small,25,50,11,6,7.792394,11,,,,
unmerged,PMC3405067_table_0,PMC3405067_table_0.xml,False,large,132,132,132,125,105.192897,132,,,,
unmerged,PMC3462107_table_0,PMC3462107_table_0.xml,True,large,160,157,156,152,143.66844,156,,,,
unmerged,PMC4632702_table_0,PMC4632702_table_0.xml,False,small,12,12,12,12,11.369474,12,,,,
unmerged,PMC5751186_table_0,PMC5751186_table_0.xml,True,small,20,17,16,16,15.25081,16,,,,
unmerged,PMC6105256_table_2,PMC6105256_table_2.xml,False,large,324,289,247,145,185.357108,247,,,,
unmerged,PMC3503853_table_2,PMC3503853_table_2.xml,False,small,21,21,21,21,18.634443,21,,,,
unmerged,PMC2959688_table_1,PMC2959688_table_1.xml,False,large,154,154,153,153,133.145992,153,,,,
unmerged,PMC5916864_table_0,PMC5916864_table_0.xml,False,small,24,24,24,24,20.497174,24,,,,
unmerged,PMC5991593_table_1,PMC5991593_table_1.xml,True,medium,60,56,55,55,50.786609,55,,,,
unmerged,PMC3437489_table_0,PMC3437489_table_0.xml,True,large,108,98,93,84,75.835538,93,,,,
unmerged,PMC5059980_table_1,PMC5059980_table_1.xml,True,small,24,19,17,14,13.748714,17,,,,
unmerged,PMC5704458_table_0,PMC5704458_table_0.xml,True,small,32,64,20,20,18.181205,20,,,,
unmerged,PMC6094581_table_1,PMC6094581_table_1.xml,False,medium,40,51,36,33,31.067875,36,,,,
unmerged,PMC4866963_table_0,PMC4866963_table_0.xml,True,small,35,33,30,30,25.933192,30,,,,
unmerged,PMC5015207_table_2,PMC5015207_table_2.xml,True,small,35,32,32,29,27.932621,32,,,,
unmerged,PMC4710970_table_1,PMC4710970_table_1.xml,True,large,80,68,65,65,58.286213,65,,,,
unmerged,PMC6003148_table_0,PMC6003148_table_0.xml,True,small,20,19,14,1,9.443497,14,,,,
unmerged,PMC4882771_table_2,PMC4882771_table_2.xml,False,large,92,92,92,92,83.250863,92,,,,
unmerged,PMC5100185_table_0,PMC5100185_table_0.xml,True,small,18,18,18,18,15.468876,18,,,,
unmerged,PMC3564795_table_0,PMC3564795_table_0.xml,True,large,216,247,216,149,165.764934,216,,,,
unmerged,PMC4449761_table_2,PMC4449761_table_2.xml,True,large,90,84,82,82,67.021953,82,,,,
unmerged,PMC5778064_table_3,PMC5778064_table_3.xml,True,small,27,21,19,19,15.840491,19,,,,
unmerged,PMC5085032_table_1,PMC5085032_table_1.xml,True,large,154,119,114,90,92.113401,114,,,,
unmerged,PMC3622410_table_2,PMC3622410_table_2.xml,True,large,102,102,85,68,70.116516,85,,,,
unmerged,PMC6158853_table_2,PMC6158853_table_2.xml,True,medium,56,49,47,40,38.719943,47,,,,
unmerged,PMC4405850_table_0,PMC4405850_table_0.xml,True,large,84,56,28,24,21.43519,28,,,,
unmerged,PMC3544731_table_1,PMC3544731_table_1.xml,True,large,96,86,85,81,70.685837,85,,,,
unmerged,PMC5737357_table_0,PMC5737357_table_0.xml,True,medium,65,65,65,3,40.435516,65,,,,
unmerged,PMC5040809_table_0,PMC5040809_table_0.xml,True,small,15,10,6,1,3.924093,6,,,,
unmerged,PMC4491485_table_2,PMC4491485_table_2.xml,False,medium,42,42,42,7,29.244097,42,,,,
unmerged,PMC3646807_table_1,PMC3646807_table_1.xml,True,small,25,21,21,19,16.942499,21,,,,
unmerged,PMC3288075_table_1,PMC3288075_table_1.xml,False,medium,72,72,72,72,57.280459,72,,,,
unmerged,PMC5968057_table_0,PMC5968057_table_0.xml,False,large,120,120,120,120,102.366301,120,,,,
unmerged,PMC5012025_table_0,PMC5012025_table_0.xml,False,large,88,86,75,73,68.552526,75,,,,
unmerged,PMC4632776_table_2,PMC4632776_table_2.xml,False,small,20,20,20,20,18.003861,20,,,,
unmerged,PMC3068931_table_2,PMC3068931_table_2.xml,True,small,24,21,20,19,17.570216,20,,,,
unmerged,PMC4642691_table_2,PMC4642691_table_2.xml,True,medium,72,76,65,26,46.959107,65,,,,
unmerged,PMC4526162_table_0,PMC4526162_table_0.xml,False,medium,40,40,40,40,37.205294,40,,,,
unmerged,PMC2983785_table_1,PMC2983785_table_1.xml,False,small,8,9,7,1,4.966332,7,,,,
unmerged,PMC4825469_table_0,PMC4825469_table_0.xml,True,large,156,136,130,128,112.939347,130,,,,
unmerged,PMC3009348_table_1,PMC3009348_table_1.xml,False,small,16,17,14,13,10.884009,14,,,,
unmerged,PMC6070289_table_2,PMC6070289_table_2.xml,True,large,108,102,101,85,82.909506,101,,,,
unmerged,PMC2915656_table_0,PMC2915656_table_0.xml,True,large,150,144,144,139,113.439151,144,,,,
unmerged,PMC3414449_table_2,PMC3414449_table_2.xml,True,medium,60,60,60,57,48.414897,60,,,,
unmerged,PMC5810047_table_1,PMC5810047_table_1.xml,False,small,32,32,32,32,27.222155,32,,,,
unmerged,PMC3213624_table_3,PMC3213624_table_3.xml,False,large,147,148,147,147,127.358688,147,,,,
unmerged,PMC4876448_table_1,PMC4876448_table_1.xml,False,small,20,20,20,5,14.316441,20,,,,
unmerged,PMC6150164_table_0,PMC6150164_table_0.xml,True,medium,48,44,43,43,39.891358,43,,,,
unmerged,PMC4994996_table_0,PMC4994996_table_0.xml,False,small,24,24,24,16,19.808171,24,,,,
unmerged,PMC4791377_table_0,PMC4791377_table_0.xml,False,small,30,30,30,30,28.835724,30,,,,
unmerged,PMC4970739_table_0,PMC4970739_table_0.xml,True,large,132,135,127,33,84.165822,127,,,,
unmerged,PMC5051029_table_2,PMC5051029_table_2.xml,True,medium,76,76,76,76,69.433661,76,,,,
unmerged,PMC3552855_table_1,PMC3552855_table_1.xml,False,small,20,22,18,14,14.117299,18,,,,
unmerged,PMC6071983_table_0,PMC6071983_table_0.xml,False,small,35,35,8,0,4.912465,8,,,,
unmerged,PMC4407475_table_4,PMC4407475_table_4.xml,True,medium,50,45,40,40,33.840628,40,,,,
unmerged,PMC3514307_table_3,PMC3514307_table_3.xml,True,medium,54,48,46,46,38.138902,46,,,,
unmerged,PMC4849749_table_3,PMC4849749_table_3.xml,True,large,217,217,217,217,184.063643,217,,,,
unmerged,PMC3215749_table_0,PMC3215749_table_0.xml,True,large,80,80,80,80,64.390596,80,,,,
unmerged,PMC3538775_table_0,PMC3538775_table_0.xml,False,small,6,6,6,6,5.216503,6,,,,
unmerged,PMC6166939_table_3,PMC6166939_table_3.xml,False,small,30,30,30,28,24.138887,30,,,,
unmerged,PMC4488050_table_3,PMC4488050_table_3.xml,True,medium,63,63,63,63,55.207207,63,,,,
unmerged,PMC6091258_table_2,PMC6091258_table_2.xml,True,medium,48,49,32,14,23.044925,32,,,,
unmerged,PMC4791772_table_1,PMC4791772_table_1.xml,False,medium,50,50,50,50,44.682114,50,,,,
unmerged,PMC3209469_table_3,PMC3209469_table_3.xml,False,medium,42,42,42,42,39.069659,42,,,,
unmerged,PMC4460773_table_2,PMC4460773_table_2.xml,True,large,150,150,123,1,70.403666,123,,,,
unmerged,PMC2222605_table_2,PMC2222605_table_2.xml,True,small,18,20,15,5,11.321343,15,,,,
unmerged,PMC3128012_table_3,PMC3128012_table_3.xml,True,large,205,198,197,189,164.015159,197,,,,
unmerged,PMC2959996_table_1,PMC2959996_table_1.xml,False,small,16,16,15,15,12.149002,15,,,,
unmerged,PMC3306998_table_0,PMC3306998_table_0.xml,True,small,15,12,11,8,8.97646,11,,,,
unmerged,PMC6065330_table_0,PMC6065330_table_0.xml,True,medium,60,60,60,60,54.710536,60,,,,
unmerged,PMC6023428_table_0,PMC6023428_table_0.xml,False,medium,39,39,39,39,34.230539,39,,,,
unmerged,PMC3534341_table_1,PMC3534341_table_1.xml,True,medium,56,51,49,48,44.320097,49,,,,
unmerged,PMC6075757_table_2,PMC6075757_table_2.xml,True,medium,45,43,42,41,38.061061,42,,,,
unmerged,PMC5828227_table_0,PMC5828227_table_0.xml,False,large,154,154,154,154,135.238353,154,,,,
unmerged,PMC3339393_table_6,PMC3339393_table_6.xml,False,small,15,12,12,10,10.482654,12,,,,
unmerged,PMC1971068_table_3,PMC1971068_table_3.xml,True,large,153,148,147,134,117.227774,147,,,,
unmerged,PMC5825157_table_1,PMC5825157_table_1.xml,False,small,32,32,32,32,26.307634,32,,,,
unmerged,PMC4831174_table_0,PMC4831174_table_0.xml,False,small,9,6,6,3,4.448264,6,,,,
unmerged,PMC5021972_table_0,PMC5021972_table_0.xml,False,medium,70,70,70,70,58.29296,70,,,,
unmerged,PMC3079670_table_2,PMC3079670_table_2.xml,True,large,175,150,144,141,117.967523,144,,,,
unmerged,PMC5037679_table_2,PMC5037679_table_2.xml,True,large,90,88,88,88,77.052077,88,,,,
unmerged,PMC3014882_table_1,PMC3014882_table_1.xml,True,large,80,78,78,76,64.090983,78,,,,
unmerged,PMC6157292_table_11,PMC6157292_table_11.xml,False,small,12,6,0,0,0,0,,,,
unmerged,PMC5137007_table_1,PMC5137007_table_1.xml,False,medium,65,65,65,65,55.480652,65,,,,
unmerged,PMC3309941_table_1,PMC3309941_table_1.xml,True,large,207,200,199,190,167.538279,199,,,,
unmerged,PMC4936315_table_2,PMC4936315_table_2.xml,True,medium,48,46,46,46,40.718852,46,,,,
unmerged,PMC6114971_table_1,PMC6114971_table_1.xml,False,small,25,25,5,0,2.814087,5,,,,
unmerged,PMC2740668_table_1,PMC2740668_table_1.xml,True,small,26,28,24,24,23.092756,24,,,,
unmerged,PMC5709823_table_0,PMC5709823_table_0.xml,True,large,84,86,80,27,58.519518,80,,,,
unmerged,PMC3207832_table_1,PMC3207832_table_1.xml,True,large,252,253,251,156,190.659873,251,,,,
unmerged,PMC3164726_table_4,PMC3164726_table_4.xml,False,large,224,224,224,168,175.831557,224,,,,
unmerged,PMC1794454_table_0,PMC1794454_table_0.xml,True,small,24,24,24,24,21.830304,24,,,,
unmerged,PMC3702364_table_0,PMC3702364_table_0.xml,True,small,28,26,19,18,15.915958,19,,,,
unmerged,PMC6141544_table_1,PMC6141544_table_1.xml,True,large,133,129,129,126,111.320072,129,,,,
unmerged,PMC5707350_table_1,PMC5707350_table_1.xml,False,small,20,20,20,16,16.10997,20,,,,
unmerged,PMC2958834_table_0,PMC2958834_table_0.xml,True,large,98,89,86,86,71.709279,86,,,,
unmerged,PMC2794372_table_2,PMC2794372_table_2.xml,True,large,130,128,127,126,105.126367,127,,,,
unmerged,PMC6020339_table_1,PMC6020339_table_1.xml,True,medium,40,40,19,0,10.417427,19,,,,
unmerged,PMC3683149_table_2,PMC3683149_table_2.xml,False,small,25,25,25,25,21.903626,25,,,,
unmerged,PMC2960665_table_2,PMC2960665_table_2.xml,False,small,18,22,17,15,14.889116,17,,,,
unmerged,PMC2983291_table_0,PMC2983291_table_0.xml,False,small,20,20,20,0,12.301024,20,,,,
unmerged,PMC2904282_table_4,PMC2904282_table_4.xml,True,large,116,122,116,115,107.110868,116,,,,
unmerged,PMC2853082_table_0,PMC2853082_table_0.xml,True,medium,60,81,43,28,33.123453,43,,,,
unmerged,PMC3283499_table_0,PMC3283499_table_0.xml,True,large,205,205,205,205,164.90804,205,,,,
unmerged,PMC4930560_table_0,PMC4930560_table_0.xml,True,medium,50,47,46,45,42.064337,46,,,,
unmerged,PMC5833385_table_2,PMC5833385_table_2.xml,False,small,35,35,35,35,29.00031,35,,,,
unmerged,PMC2572618_table_2,PMC2572618_table_2.xml,False,small,30,30,30,30,27.533047,30,,,,
unmerged,PMC4957803_table_0,PMC4957803_table_0.xml,True,large,200,195,195,191,181.680992,195,,,,
unmerged,PMC5137107_table_0,PMC5137107_table_0.xml,True,medium,52,51,50,50,42.797676,50,,,,
unmerged,PMC1199598_table_0,PMC1199598_table_0.xml,True,small,30,29,28,25,25.583756,28,,,,
unmerged,PMC4981347_table_2,PMC4981347_table_2.xml,True,medium,72,72,72,28,52.959068,72,,,,
unmerged,PMC3052110_table_2,PMC3052110_table_2.xml,False,small,18,21,15,2,10.715427,15,,,,
unmerged,PMC4831767_table_1,PMC4831767_table_1.xml,True,large,252,244,243,241,209.550837,243,,,,
unmerged,PMC3247230_table_0,PMC3247230_table_0.xml,False,medium,42,42,42,42,33.932968,42,,,,
unmerged,PMC4934257_table_5,PMC4934257_table_5.xml,False,medium,42,42,42,42,35.483284,42,,,,
unmerged,PMC3001739_table_0,PMC3001739_table_0.xml,False,small,21,21,21,21,19.342368,21,,,,
unmerged,PMC5663491_table_0,PMC5663491_table_0.xml,True,medium,40,40,40,19,29.281483,40,,,,
unmerged,PMC4577082_table_0,PMC4577082_table_0.xml,True,large,189,178,178,168,152.385854,178,,,,
unmerged,PMC3320545_table_2,PMC3320545_table_2.xml,False,large,88,79,78,67,61.86332,78,,,,
unmerged,PMC2961393_table_4,PMC2961393_table_4.xml,False,small,25,25,15,0,8.976424,15,,,,
unmerged,PMC4608111_table_2,PMC4608111_table_2.xml,True,small,32,21,19,18,17.24506,19,,,,
unmerged,PMC5936689_table_1,PMC5936689_table_1.xml,False,small,21,21,21,0,12.073461,21,,,,
unmerged,PMC3473024_table_5,PMC3473024_table_5.xml,True,medium,50,49,49,38,38.442704,49,,,,
unmerged,PMC2561000_table_0,PMC2561000_table_0.xml,True,large,160,164,160,152,133.772876,160,,,,
unmerged,PMC2877682_table_1,PMC2877682_table_1.xml,True,large,84,95,84,84,78.986114,84,,,,
unmerged,PMC2997016_table_1,PMC2997016_table_1.xml,True,medium,49,46,43,43,36.058792,43,,,,
unmerged,PMC2486490_table_2,PMC2486490_table_2.xml,False,large,105,105,105,94,85.666565,105,,,,
unmerged,PMC5960211_table_2,PMC5960211_table_2.xml,True,large,147,147,142,142,124.220446,142,,,,
unmerged,PMC4541937_table_4,PMC4541937_table_4.xml,True,small,20,17,17,14,13.51662,17,,,,
unmerged,PMC6011944_table_1,PMC6011944_table_1.xml,True,small,18,17,17,9,13.043083,17,,,,
unmerged,PMC1079832_table_3,PMC1079832_table_3.xml,False,medium,49,49,49,49,42.288953,49,,,,
unmerged,PMC3637472_table_2,PMC3637472_table_2.xml,True,small,20,16,16,16,14.646222,16,,,,
unmerged,PMC4721698_table_0,PMC4721698_table_0.xml,True,large,90,82,81,81,65.720907,81,,,,
unmerged,PMC5681633_table_0,PMC5681633_table_0.xml,False,small,16,16,16,16,13.620848,16,,,,
unmerged,PMC4613910_table_4,PMC4613910_table_4.xml,True,large,119,107,103,103,87.280413,103,,,,
unmerged,PMC6128371_table_0,PMC6128371_table_0.xml,False,large,90,90,89,89,80.46637,89,,,,
unmerged,PMC6058288_table_0,PMC6058288_table_0.xml,False,medium,42,42,42,42,35.643065,42,,,,
unmerged,PMC5746254_table_1,PMC5746254_table_1.xml,False,small,8,8,8,8,6.585881,8,,,,
unmerged,PMC6017299_table_0,PMC6017299_table_0.xml,True,large,196,165,149,109,114.934347,149,,,,
unmerged,PMC5004196_table_1,PMC5004196_table_1.xml,True,medium,65,40,23,16,17.626009,23,,,,
unmerged,PMC3256124_table_4,PMC3256124_table_4.xml,True,small,20,17,10,9,8.730666,10,,,,
unmerged,PMC5788621_table_0,PMC5788621_table_0.xml,False,medium,45,45,45,45,40.115143,45,,,,
unmerged,PMC1871601_table_0,PMC1871601_table_0.xml,True,medium,77,73,71,69,58.41905,71,,,,
unmerged,PMC3201265_table_3,PMC3201265_table_3.xml,False,small,15,15,15,9,11.972287,15,,,,
unmerged,PMC3200926_table_0,PMC3200926_table_0.xml,False,small,18,18,18,0,11.695591,18,,,,
unmerged,PMC2315656_table_3,PMC2315656_table_3.xml,False,small,33,33,33,33,29.524518,33,,,,
unmerged,PMC2374783_table_8,PMC2374783_table_8.xml,False,small,24,31,23,20,19.981881,23,,,,
unmerged,PMC5669499_table_1,PMC5669499_table_1.xml,True,large,144,142,142,3,92.380467,142,,,,
unmerged,PMC3231711_table_1,PMC3231711_table_1.xml,False,small,8,8,8,7,6.230002,8,,,,
unmerged,PMC4915688_table_4,PMC4915688_table_4.xml,False,medium,42,42,42,42,34.584264,42,,,,
unmerged,PMC2647899_table_0,PMC2647899_table_0.xml,False,small,12,12,12,12,10.977755,12,,,,
unmerged,PMC4982323_table_4,PMC4982323_table_4.xml,True,large,120,120,120,111,97.611424,120,,,,
unmerged,PMC6134588_table_1,PMC6134588_table_1.xml,False,medium,42,39,39,39,35.964024,39,,,,
unmerged,PMC3462151_table_2,PMC3462151_table_2.xml,True,large,150,150,149,148,120.842447,149,,,,
unmerged,PMC4419456_table_0,PMC4419456_table_0.xml,True,large,120,114,112,112,94.732961,112,,,,
unmerged,PMC4976473_table_0,PMC4976473_table_0.xml,True,large,175,188,171,163,150.856309,171,,,,
unmerged,PMC5135818_table_0,PMC5135818_table_0.xml,False,small,15,16,15,10,11.457496,15,,,,
unmerged,PMC3016296_table_4,PMC3016296_table_4.xml,False,medium,75,75,75,75,63.250859,75,,,,
unmerged,PMC4625876_table_4,PMC4625876_table_4.xml,False,medium,42,42,42,42,34.80824,42,,,,
unmerged,PMC5926532_table_1,PMC5926532_table_1.xml,True,small,35,30,27,27,22.901762,27,,,,
unmerged,PMC5988440_table_3,PMC5988440_table_3.xml,False,medium,49,49,49,48,43.411366,49,,,,
unmerged,PMC3339393_table_18,PMC3339393_table_18.xml,True,small,20,18,17,13,13.939838,17,,,,
unmerged,PMC5859152_table_2,PMC5859152_table_2.xml,False,large,84,84,84,84,70.936579,84,,,,
unmerged,PMC6211744_table_6,PMC6211744_table_6.xml,True,medium,70,64,60,58,51.800159,60,,,,
unmerged,PMC3630110_table_2,PMC3630110_table_2.xml,False,medium,45,45,45,45,37.407865,45,,,,
unmerged,PMC5006397_table_1,PMC5006397_table_1.xml,False,small,24,23,21,19,19.003875,21,,,,
unmerged,PMC3201421_table_3,PMC3201421_table_3.xml,False,small,10,10,10,8,8.268839,10,,,,
unmerged,PMC6154935_table_0,PMC6154935_table_0.xml,True,medium,42,42,42,4,26.304372,42,,,,
unmerged,PMC6024939_table_3,PMC6024939_table_3.xml,True,large,100,95,94,93,81.943654,94,,,,
unmerged,PMC6193701_table_1,PMC6193701_table_1.xml,False,small,28,28,28,28,23.899171,28,,,,
unmerged,PMC2893103_table_0,PMC2893103_table_0.xml,True,large,80,96,76,59,61.511412,76,,,,
unmerged,PMC3050270_table_4,PMC3050270_table_4.xml,False,small,20,20,16,0,9.536498,16,,,,
unmerged,PMC3526519_table_1,PMC3526519_table_1.xml,True,medium,48,44,44,44,38.833452,44,,,,
unmerged,PMC4722622_table_2,PMC4722622_table_2.xml,True,large,252,248,246,244,200.473553,246,,,,
unmerged,PMC5784573_table_0,PMC5784573_table_0.xml,False,medium,36,36,36,36,32.787428,36,,,,
unmerged,PMC3504408_table_1,PMC3504408_table_1.xml,True,large,156,134,130,72,98.513963,130,,,,
unmerged,PMC4822240_table_2,PMC4822240_table_2.xml,True,medium,70,66,32,0,22.292703,32,,,,
unmerged,PMC5771167_table_0,PMC5771167_table_0.xml,True,medium,76,55,49,45,43.479963,49,,,,
unmerged,PMC5947495_table_4,PMC5947495_table_4.xml,False,small,35,35,35,35,29.310095,35,,,,
unmerged,PMC6086859_table_3,PMC6086859_table_3.xml,True,large,170,167,167,47,118.611801,167,,,,
unmerged,PMC3537687_table_1,PMC3537687_table_1.xml,False,medium,48,48,48,48,44.410692,48,,,,
unmerged,PMC4962473_table_0,PMC4962473_table_0.xml,True,medium,51,47,47,47,41.23477,47,,,,
unmerged,PMC3680093_table_1,PMC3680093_table_1.xml,False,small,33,33,33,33,30.046825,33,,,,
unmerged,PMC5794786_table_1,PMC5794786_table_1.xml,True,large,308,234,228,228,191.563962,228,,,,
unmerged,PMC6094875_table_0,PMC6094875_table_0.xml,True,medium,60,71,54,9,35.711574,54,,,,
unmerged,PMC5750934_table_4,PMC5750934_table_4.xml,True,large,120,116,115,112,96.716829,115,,,,
unmerged,PMC6238314_table_2,PMC6238314_table_2.xml,True,medium,54,54,27,0,18.970494,27,,,,
unmerged,PMC5149027_table_0,PMC5149027_table_0.xml,False,medium,77,77,77,77,68.063922,77,,,,
unmerged,PMC4549267_table_8,PMC4549267_table_8.xml,True,medium,49,45,44,41,37.993164,44,,,,
unmerged,PMC3117836_table_0,PMC3117836_table_0.xml,True,large,217,199,199,177,154.60514,199,,,,
unmerged,PMC3164687_table_1,PMC3164687_table_1.xml,True,small,24,29,14,3,9.268855,14,,,,
unmerged,PMC4831805_table_3,PMC4831805_table_3.xml,True,medium,50,46,46,46,37.80228,46,,,,
unmerged,PMC5687746_table_2,PMC5687746_table_2.xml,False,small,8,8,8,8,7.250754,8,,,,
unmerged,PMC3296578_table_1,PMC3296578_table_1.xml,False,medium,36,36,36,35,31.076569,36,,,,
unmerged,PMC5119737_table_0,PMC5119737_table_0.xml,False,medium,62,62,62,0,37.874577,62,,,,
unmerged,PMC2968103_table_2,PMC2968103_table_2.xml,False,large,133,133,133,133,113.71415,133,,,,
unmerged,PMC6082067_table_0,PMC6082067_table_0.xml,False,small,18,23,12,12,11.213728,12,,,,
unmerged,PMC3256151_table_0,PMC3256151_table_0.xml,True,medium,50,48,48,48,41.107332,48,,,,
unmerged,PMC1444915_table_0,PMC1444915_table_0.xml,True,medium,36,26,22,10,16.455704,22,,,,
unmerged,PMC5096289_table_0,PMC5096289_table_0.xml,True,large,108,115,106,64,81.271696,106,,,,
unmerged,PMC4392560_table_0,PMC4392560_table_0.xml,False,small,21,21,20,19,17.766567,20,,,,
unmerged,PMC2855072_table_0,PMC2855072_table_0.xml,False,medium,49,49,49,49,40.184164,49,,,,
unmerged,PMC4436293_table_0,PMC4436293_table_0.xml,False,small,30,30,30,30,27.025644,30,,,,
unmerged,PMC3363418_table_0,PMC3363418_table_0.xml,True,large,135,124,122,109,96.330465,122,,,,
unmerged,PMC2453114_table_2,PMC2453114_table_2.xml,False,small,16,16,16,16,14.846789,16,,,,
unmerged,PMC3660393_table_0,PMC3660393_table_0.xml,False,small,18,19,16,16,14.335692,16,,,,
unmerged,PMC3042918_table_0,PMC3042918_table_0.xml,True,small,30,40,23,19,18.787274,23,,,,
unmerged,PMC5948639_table_0,PMC5948639_table_0.xml,False,small,8,8,8,8,7.433085,8,,,,
unmerged,PMC2611967_table_3,PMC2611967_table_3.xml,False,small,21,21,21,20,18.858399,21,,,,
unmerged,PMC5790503_table_0,PMC5790503_table_0.xml,True,large,100,96,96,95,88.227693,96,,,,
unmerged,PMC5091883_table_5,PMC5091883_table_5.xml,False,medium,44,44,44,44,36.827585,44,,,,
unmerged,PMC2983382_table_3,PMC2983382_table_3.xml,False,large,165,165,165,165,138.083607,165,,,,
unmerged,PMC3688626_table_2,PMC3688626_table_2.xml,True,medium,39,39,39,39,32.315771,39,,,,
unmerged,PMC5696248_table_2,PMC5696248_table_2.xml,True,large,120,109,105,105,97.727051,105,,,,
unmerged,PMC1562360_table_1,PMC1562360_table_1.xml,True,large,92,92,92,90,77.686585,92,,,,
unmerged,PMC4889661_table_0,PMC4889661_table_0.xml,False,small,12,19,7,4,4.991795,7,,,,
unmerged,PMC4376772_table_4,PMC4376772_table_4.xml,False,small,12,12,12,10,9.72545,12,,,,
unmerged,PMC2676320_table_0,PMC2676320_table_0.xml,True,large,187,166,166,48,122.912616,166,,,,
unmerged,PMC4806293_table_3,PMC4806293_table_3.xml,True,large,198,144,134,128,108.986941,134,,,,
unmerged,PMC5955572_table_6,PMC5955572_table_6.xml,False,small,16,16,16,1,9.794838,16,,,,
unmerged,PMC5826966_table_2,PMC5826966_table_2.xml,True,medium,52,51,48,47,41.276738,48,,,,
unmerged,PMC4806486_table_2,PMC4806486_table_2.xml,False,large,80,81,73,62,57.507368,73,,,,
unmerged,PMC5712124_table_0,PMC5712124_table_0.xml,True,medium,40,40,40,40,35.058272,40,,,,
unmerged,PMC4585998_table_1,PMC4585998_table_1.xml,False,small,16,16,16,16,14.328185,16,,,,
unmerged,PMC5025662_table_0,PMC5025662_table_0.xml,True,small,32,26,24,23,20.043319,24,,,,
unmerged,PMC4349776_table_3,PMC4349776_table_3.xml,False,small,20,20,20,17,17.248934,20,,,,
unmerged,PMC4810510_table_5,PMC4810510_table_5.xml,True,large,196,181,173,69,126.180411,173,,,,
unmerged,PMC3510242_table_1,PMC3510242_table_1.xml,True,medium,65,64,64,63,56.031096,64,,,,
unmerged,PMC2971855_table_2,PMC2971855_table_2.xml,False,small,15,15,15,5,10.72763,15,,,,
unmerged,PMC3403942_table_0,PMC3403942_table_0.xml,True,medium,75,75,74,74,68.661227,74,,,,
unmerged,PMC4893485_table_1,PMC4893485_table_1.xml,True,small,28,18,15,5,10.194361,15,,,,
unmerged,PMC4471362_table_0,PMC4471362_table_0.xml,False,small,35,35,35,35,30.145156,35,,,,
unmerged,PMC2979536_table_1,PMC2979536_table_1.xml,False,small,16,18,13,5,9.381286,13,,,,
unmerged,PMC4742874_table_0,PMC4742874_table_0.xml,True,large,84,83,82,82,69.258815,82,,,,
unmerged,PMC4652281_table_3,PMC4652281_table_3.xml,True,medium,78,68,67,67,59.531222,67,,,,
unmerged,PMC4849662_table_2,PMC4849662_table_2.xml,True,small,18,17,16,6,11.304563,16,,,,
unmerged,PMC3413424_table_0,PMC3413424_table_0.xml,True,small,22,22,22,13,16.569751,22,,,,
unmerged,PMC4598679_table_0,PMC4598679_table_0.xml,False,small,32,32,32,32,29.179292,32,,,,
unmerged,PMC4359522_table_0,PMC4359522_table_0.xml,False,large,154,160,154,151,135.766503,154,,,,
unmerged,PMC3364148_table_0,PMC3364148_table_0.xml,False,large,123,125,123,120,102.06691,123,,,,
unmerged,PMC5814010_table_2,PMC5814010_table_2.xml,True,small,24,24,24,24,22.070315,24,,,,
unmerged,PMC6235971_table_0,PMC6235971_table_0.xml,True,small,21,19,17,17,14.498644,17,,,,
unmerged,PMC6373102_table_1,PMC6373102_table_1.xml,True,large,110,100,97,89,84.088773,97,,,,
unmerged,PMC4636288_table_5,PMC4636288_table_5.xml,True,medium,42,38,37,37,31.521223,37,,,,
unmerged,PMC4995788_table_1,PMC4995788_table_1.xml,True,large,168,166,164,139,128.943172,164,,,,
unmerged,PMC6102410_table_2,PMC6102410_table_2.xml,False,medium,50,50,50,50,39.952797,50,,,,
unmerged,PMC4574781_table_0,PMC4574781_table_0.xml,True,medium,54,49,48,46,42.465589,48,,,,
unmerged,PMC2923087_table_1,PMC2923087_table_1.xml,True,large,448,300,300,206,235.081703,300,,,,
unmerged,PMC4897708_table_0,PMC4897708_table_0.xml,False,small,15,15,15,15,12.958224,15,,,,
unmerged,PMC4739096_table_1,PMC4739096_table_1.xml,True,large,85,85,85,85,76.529609,85,,,,
unmerged,PMC5707922_table_0,PMC5707922_table_0.xml,True,small,18,24,15,14,12.25487,15,,,,
unmerged,PMC5702311_table_1,PMC5702311_table_1.xml,True,large,168,164,163,159,134.998849,163,,,,
unmerged,PMC6091767_table_1,PMC6091767_table_1.xml,False,medium,54,54,36,4,24.406987,36,,,,
unmerged,PMC3240627_table_0,PMC3240627_table_0.xml,False,small,16,18,14,14,11.834267,14,,,,
unmerged,PMC3108124_table_1,PMC3108124_table_1.xml,True,large,80,74,71,71,60.280028,71,,,,
unmerged,PMC5934879_table_2,PMC5934879_table_2.xml,False,medium,36,36,36,36,33.169159,36,,,,
unmerged,PMC4519131_table_1,PMC4519131_table_1.xml,False,small,25,25,23,6,15.005324,23,,,,
unmerged,PMC5940366_table_0,PMC5940366_table_0.xml,True,large,128,116,107,96,89.183303,107,,,,
unmerged,PMC6065341_table_0,PMC6065341_table_0.xml,False,medium,54,54,54,54,48.114184,54,,,,
unmerged,PMC4940880_table_0,PMC4940880_table_0.xml,True,large,192,192,191,130,152.061864,191,,,,
unmerged,PMC4654900_table_0,PMC4654900_table_0.xml,False,medium,42,42,42,42,35.620017,42,,,,
unmerged,PMC6039019_table_0,PMC6039019_table_0.xml,False,medium,56,56,56,56,49.6653,56,,,,
unmerged,PMC5894967_table_1,PMC5894967_table_1.xml,True,large,90,86,69,12,42.263125,69,,,,
unmerged,PMC2858665_table_0,PMC2858665_table_0.xml,True,small,25,25,25,0,15.645106,25,,,,
unmerged,PMC4504487_table_1,PMC4504487_table_1.xml,False,medium,42,42,42,42,37.292054,42,,,,
unmerged,PMC4624369_table_2,PMC4624369_table_2.xml,True,small,10,10,10,10,9.277954,10,,,,
unmerged,PMC2970321_table_0,PMC2970321_table_0.xml,False,small,20,20,20,0,12.494159,20,,,,
unmerged,PMC6148783_table_0,PMC6148783_table_0.xml,False,medium,55,55,55,55,47.123864,55,,,,
unmerged,PMC4388571_table_1,PMC4388571_table_1.xml,True,small,24,24,24,21,19.229799,24,,,,
unmerged,PMC5765189_table_0,PMC5765189_table_0.xml,False,medium,36,36,36,36,31.068587,36,,,,
unmerged,PMC3179728_table_1,PMC3179728_table_1.xml,False,medium,50,50,50,50,45.689291,50,,,,
unmerged,PMC5920397_table_1,PMC5920397_table_1.xml,False,medium,48,48,48,48,42.893805,48,,,,
unmerged,PMC3562170_table_1,PMC3562170_table_1.xml,False,medium,36,36,36,36,31.347032,36,,,,
unmerged,PMC5789680_table_2,PMC5789680_table_2.xml,False,medium,56,56,56,56,48.979948,56,,,,
unmerged,PMC1766366_table_0,PMC1766366_table_0.xml,False,medium,60,64,55,54,50.697553,55,,,,
unmerged,PMC3506419_table_0,PMC3506419_table_0.xml,False,medium,49,56,47,42,40.114667,47,,,,
unmerged,PMC6026135_table_1,PMC6026135_table_1.xml,True,large,280,241,238,237,199.906902,238,,,,
unmerged,PMC5010703_table_0,PMC5010703_table_0.xml,True,small,24,17,17,15,14.341755,17,,,,
unmerged,PMC5975710_table_2,PMC5975710_table_2.xml,False,medium,36,36,36,36,33.81255,36,,,,
unmerged,PMC4354281_table_0,PMC4354281_table_0.xml,False,large,85,85,85,73,70.9076,85,,,,
unmerged,PMC4445691_table_0,PMC4445691_table_0.xml,False,small,25,27,24,21,21.488613,24,,,,
unmerged,PMC3618200_table_3,PMC3618200_table_3.xml,False,small,16,16,16,16,14.586904,16,,,,
unmerged,PMC2980137_table_1,PMC2980137_table_1.xml,False,small,16,17,15,5,10.863983,15,,,,
unmerged,PMC3543339_table_0,PMC3543339_table_0.xml,True,medium,50,49,49,25,34.911987,49,,,,
unmerged,PMC4930211_table_1,PMC4930211_table_1.xml,True,medium,69,69,69,69,66.224253,69,,,,
unmerged,PMC5703480_table_0,PMC5703480_table_0.xml,False,small,22,22,16,11,11.690837,16,,,,
unmerged,PMC4390841_table_0,PMC4390841_table_0.xml,False,medium,48,48,48,48,41.765586,48,,,,
unmerged,PMC4378924_table_0,PMC4378924_table_0.xml,True,medium,42,42,42,42,35.544556,42,,,,
unmerged,PMC4594897_table_2,PMC4594897_table_2.xml,True,large,110,105,105,99,89.465373,105,,,,
unmerged,PMC2970104_table_0,PMC2970104_table_0.xml,False,small,20,20,20,0,13.926189,20,,,,
unmerged,PMC6145308_table_1,PMC6145308_table_1.xml,False,small,16,16,16,16,14.277208,16,,,,
unmerged,PMC4994378_table_0,PMC4994378_table_0.xml,True,large,108,109,105,54,78.981948,105,,,,
unmerged,PMC4407714_table_1,PMC4407714_table_1.xml,True,large,92,92,92,92,85.115084,92,,,,
unmerged,PMC4453019_table_2,PMC4453019_table_2.xml,True,large,112,106,106,106,88.921774,106,,,,
unmerged,PMC3349333_table_2,PMC3349333_table_2.xml,True,small,16,13,13,11,10.32325,13,,,,
unmerged,PMC3522606_table_0,PMC3522606_table_0.xml,True,large,90,90,90,90,72.759202,90,,,,
unmerged,PMC3573996_table_0,PMC3573996_table_0.xml,False,large,120,120,120,120,108.481158,120,,,,
unmerged,PMC4841563_table_3,PMC4841563_table_3.xml,False,small,24,24,24,24,20.289313,24,,,,
unmerged,PMC4829176_table_14,PMC4829176_table_14.xml,False,large,138,138,137,137,123.429962,137,,,,
unmerged,PMC3306553_table_0,PMC3306553_table_0.xml,True,large,96,91,90,33,67.430572,90,,,,
unmerged,PMC4865127_table_2,PMC4865127_table_2.xml,True,large,90,87,69,18,49.416952,69,,,,
unmerged,PMC6195500_table_3,PMC6195500_table_3.xml,False,small,15,15,15,15,14.595859,15,,,,
unmerged,PMC2975659_table_4,PMC2975659_table_4.xml,True,medium,60,60,60,60,52.30147,60,,,,
unmerged,PMC4562344_table_1,PMC4562344_table_1.xml,True,medium,40,40,40,40,35.357196,40,,,,
unmerged,PMC4499438_table_2,PMC4499438_table_2.xml,True,medium,70,66,66,66,57.223584,66,,,,
unmerged,PMC4967509_table_2,PMC4967509_table_2.xml,True,medium,48,48,48,48,45.667696,48,,,,
unmerged,PMC1621074_table_1,PMC1621074_table_1.xml,False,medium,55,56,53,52,47.516169,53,,,,
unmerged,PMC1524967_table_6,PMC1524967_table_6.xml,False,small,34,34,31,31,27.015828,31,,,,
unmerged,PMC3019011_table_0,PMC3019011_table_0.xml,False,small,18,22,16,14,13.111822,16,,,,
unmerged,PMC1513572_table_2,PMC1513572_table_2.xml,False,small,18,17,17,16,15.440257,17,,,,
unmerged,PMC3254532_table_3,PMC3254532_table_3.xml,False,small,35,35,23,0,13.792019,23,,,,
unmerged,PMC4604614_table_0,PMC4604614_table_0.xml,True,medium,66,78,56,18,40.82018,56,,,,
unmerged,PMC4501400_table_1,PMC4501400_table_1.xml,False,small,21,22,21,21,18.160337,21,,,,
unmerged,PMC2427197_table_4,PMC2427197_table_4.xml,False,small,15,18,14,12,11.570319,14,,,,
unmerged,PMC4504402_table_0,PMC4504402_table_0.xml,True,medium,60,55,53,31,38.465378,53,,,,
unmerged,PMC4404307_table_4,PMC4404307_table_4.xml,True,medium,40,36,35,34,30.060054,35,,,,
unmerged,PMC4991119_table_0,PMC4991119_table_0.xml,True,large,133,133,133,133,119.328585,133,,,,
unmerged,PMC3005913_table_1,PMC3005913_table_1.xml,False,medium,45,53,38,36,31.45502,38,,,,
unmerged,PMC5110593_table_2,PMC5110593_table_2.xml,False,small,12,14,9,9,8.016842,9,,,,
unmerged,PMC4434122_table_1,PMC4434122_table_1.xml,False,small,24,24,24,24,21.489217,24,,,,
unmerged,PMC5178086_table_3,PMC5178086_table_3.xml,True,large,240,240,238,133,179.860915,238,,,,
unmerged,PMC2979109_table_0,PMC2979109_table_0.xml,False,small,20,20,20,0,12.948399,20,,,,
unmerged,PMC5818526_table_0,PMC5818526_table_0.xml,True,small,35,31,29,0,18.606957,29,,,,
unmerged,PMC6089990_table_2,PMC6089990_table_2.xml,False,medium,52,52,52,43,41.155683,52,,,,
unmerged,PMC2579308_table_1,PMC2579308_table_1.xml,False,small,16,19,13,11,11.361961,13,,,,
unmerged,PMC5145878_table_1,PMC5145878_table_1.xml,True,medium,63,54,51,51,43.249612,51,,,,
unmerged,PMC5101760_table_3,PMC5101760_table_3.xml,True,large,108,101,100,96,89.641552,100,,,,
unmerged,PMC4360558_table_0,PMC4360558_table_0.xml,True,medium,60,63,60,60,55.929446,60,,,,
unmerged,PMC5874052_table_2,PMC5874052_table_2.xml,True,small,30,23,22,22,18.808356,22,,,,
unmerged,PMC4929678_table_0,PMC4929678_table_0.xml,True,medium,60,48,47,47,40.590069,47,,,,
unmerged,PMC3602305_table_5,PMC3602305_table_5.xml,False,medium,36,36,36,30,28.992691,36,,,,
unmerged,PMC2783018_table_0,PMC2783018_table_0.xml,True,small,24,21,21,19,17.576289,21,,,,
unmerged,PMC4465022_table_0,PMC4465022_table_0.xml,False,small,24,28,23,20,18.626142,23,,,,
unmerged,PMC5014415_table_0,PMC5014415_table_0.xml,False,large,208,208,208,208,183.992477,208,,,,
unmerged,PMC4437681_table_2,PMC4437681_table_2.xml,True,medium,56,50,46,46,38.704852,46,,,,
unmerged,PMC2688010_table_2,PMC2688010_table_2.xml,True,small,25,25,25,22,22.108152,25,,,,
unmerged,PMC5849718_table_0,PMC5849718_table_0.xml,True,medium,60,60,60,60,49.168092,60,,,,
unmerged,PMC5095827_table_2,PMC5095827_table_2.xml,False,small,15,15,15,13,12.06846,15,,,,
unmerged,PMC3251541_table_0,PMC3251541_table_0.xml,False,small,30,30,30,30,28.079121,30,,,,
unmerged,PMC4624795_table_1,PMC4624795_table_1.xml,True,medium,45,39,39,33,30.724994,39,,,,
unmerged,PMC5968892_table_1,PMC5968892_table_1.xml,False,medium,39,39,39,39,35.996554,39,,,,
unmerged,PMC6218030_table_1,PMC6218030_table_1.xml,False,medium,68,68,68,47,52.19526,68,,,,
unmerged,PMC3670993_table_2,PMC3670993_table_2.xml,False,small,27,27,27,27,25.153507,27,,,,
unmerged,PMC1590010_table_2,PMC1590010_table_2.xml,True,medium,42,35,34,31,29.993929,34,,,,
unmerged,PMC3123832_table_2,PMC3123832_table_2.xml,True,small,16,4,0,0,0,0,,,,
unmerged,PMC5976929_table_2,PMC5976929_table_2.xml,True,large,108,112,107,104,95.293959,107,,,,
unmerged,PMC5962747_table_1,PMC5962747_table_1.xml,True,large,120,104,99,70,75.035845,99,,,,
unmerged,PMC5955586_table_0,PMC5955586_table_0.xml,False,small,18,30,6,0,3.352282,6,,,,
unmerged,PMC4816578_table_0,PMC4816578_table_0.xml,False,small,35,35,35,35,30.478558,35,,,,
unmerged,PMC2864265_table_0,PMC2864265_table_0.xml,False,small,8,8,8,8,6.973307,8,,,,
unmerged,PMC5751830_table_3,PMC5751830_table_3.xml,True,medium,48,48,48,48,40.827739,48,,,,
unmerged,PMC3349315_table_2,PMC3349315_table_2.xml,True,small,35,29,22,8,15.358894,22,,,,
unmerged,PMC5815616_table_1,PMC5815616_table_1.xml,False,small,25,25,25,25,21.598329,25,,,,
unmerged,PMC2968377_table_0,PMC2968377_table_0.xml,False,small,20,21,19,0,12.75644,19,,,,
unmerged,PMC5842864_table_1,PMC5842864_table_1.xml,False,small,18,18,18,15,15.015093,18,,,,
unmerged,PMC3274923_table_0,PMC3274923_table_0.xml,False,small,18,18,18,18,14.768564,18,,,,
unmerged,PMC4965257_table_0,PMC4965257_table_0.xml,False,small,30,30,30,30,27.671836,30,,,,
unmerged,PMC3078546_table_1,PMC3078546_table_1.xml,False,medium,54,54,54,54,49.102094,54,,,,
unmerged,PMC3161853_table_3,PMC3161853_table_3.xml,False,medium,72,71,71,70,58.882741,71,,,,
unmerged,PMC3537189_table_1,PMC3537189_table_1.xml,False,large,98,83,83,72,69.598594,83,,,,
unmerged,PMC2518110_table_0,PMC2518110_table_0.xml,False,medium,45,45,45,45,41.719018,45,,,,
unmerged,PMC5960004_table_1,PMC5960004_table_1.xml,True,medium,48,48,27,0,15.630885,27,,,,
unmerged,PMC4606834_table_2,PMC4606834_table_2.xml,False,small,10,10,9,9,8.227761,9,,,,
unmerged,PMC4898401_table_0,PMC4898401_table_0.xml,False,large,266,266,266,168,202.985166,266,,,,
unmerged,PMC5956844_table_0,PMC5956844_table_0.xml,True,medium,76,76,76,76,61.709024,76,,,,
unmerged,PMC3052123_table_0,PMC3052123_table_0.xml,False,small,16,17,13,2,9.216168,13,,,,
unmerged,PMC4632822_table_0,PMC4632822_table_0.xml,True,medium,38,34,33,32,28.111078,33,,,,
unmerged,PMC2596126_table_5,PMC2596126_table_5.xml,True,small,24,22,22,21,20.028946,22,,,,
unmerged,PMC5995376_table_0,PMC5995376_table_0.xml,True,large,104,104,78,0,46.580474,78,,,,
unmerged,PMC5701498_table_1,PMC5701498_table_1.xml,True,large,126,126,126,42,84.317636,126,,,,
unmerged,PMC3540763_table_1,PMC3540763_table_1.xml,True,small,35,32,30,29,27.77141,30,,,,
unmerged,PMC4866031_table_3,PMC4866031_table_3.xml,True,large,84,132,57,6,36.096606,57,,,,
unmerged,PMC6192302_table_2,PMC6192302_table_2.xml,True,medium,40,40,35,1,20.907267,35,,,,
unmerged,PMC6157696_table_0,PMC6157696_table_0.xml,False,small,20,25,20,15,17.030035,20,,,,
unmerged,PMC2375871_table_2,PMC2375871_table_2.xml,True,small,20,18,17,16,14.85911,17,,,,
unmerged,PMC3483647_table_1,PMC3483647_table_1.xml,True,medium,60,57,57,57,47.83933,57,,,,
unmerged,PMC4941281_table_5,PMC4941281_table_5.xml,True,medium,50,48,48,46,42.564419,48,,,,
unmerged,PMC4449761_table_1,PMC4449761_table_1.xml,False,medium,45,47,45,40,38.239413,45,,,,
unmerged,PMC2648779_table_1,PMC2648779_table_1.xml,True,medium,42,38,38,38,34.943174,38,,,,
unmerged,PMC4624169_table_0,PMC4624169_table_0.xml,True,large,108,106,86,82,74.277643,86,,,,
unmerged,PMC1906757_table_3,PMC1906757_table_3.xml,True,medium,42,33,30,30,26.993483,30,,,,
unmerged,PMC4674919_table_0,PMC4674919_table_0.xml,False,medium,44,44,44,44,36.320534,44,,,,
unmerged,PMC4871862_table_0,PMC4871862_table_0.xml,False,small,28,37,22,14,17.492488,22,,,,
unmerged,PMC6234669_table_2,PMC6234669_table_2.xml,True,large,150,150,150,148,129.904671,150,,,,
unmerged,PMC4719686_table_0,PMC4719686_table_0.xml,False,small,21,21,20,18,17.186798,20,,,,
unmerged,PMC5058751_table_0,PMC5058751_table_0.xml,True,large,180,177,177,174,165.704492,177,,,,
unmerged,PMC3042918_table_2,PMC3042918_table_2.xml,True,large,220,135,109,58,80.760051,109,,,,
unmerged,PMC2438326_table_1,PMC2438326_table_1.xml,False,medium,55,55,55,55,47.620091,55,,,,
unmerged,PMC2488328_table_1,PMC2488328_table_1.xml,True,large,102,97,97,93,79.887092,97,,,,
unmerged,PMC3639264_table_0,PMC3639264_table_0.xml,False,medium,42,42,42,42,36.539504,42,,,,
unmerged,PMC2585588_table_0,PMC2585588_table_0.xml,False,medium,45,45,45,45,38.620774,45,,,,
unmerged,PMC5918569_table_2,PMC5918569_table_2.xml,False,small,35,35,35,35,31.369694,35,,,,
unmerged,PMC3123847_table_1,PMC3123847_table_1.xml,True,medium,70,67,65,64,55.68496,65,,,,
unmerged,PMC5667804_table_0,PMC5667804_table_0.xml,False,small,24,24,24,24,22.096244,24,,,,
unmerged,PMC3176760_table_0,PMC3176760_table_0.xml,False,medium,36,36,36,28,28.66313,36,,,,
unmerged,PMC3009027_table_2,PMC3009027_table_2.xml,False,small,25,25,20,4,13.828176,20,,,,
unmerged,PMC4886160_table_0,PMC4886160_table_0.xml,False,large,90,90,90,10,62.85375,90,,,,
unmerged,PMC4439031_table_1,PMC4439031_table_1.xml,True,large,95,95,95,95,79.004956,95,,,,
unmerged,PMC3684745_table_3,PMC3684745_table_3.xml,True,large,186,175,172,42,127.845709,172,,,,
unmerged,PMC5700096_table_2,PMC5700096_table_2.xml,False,small,18,18,18,12,14.048753,18,,,,
unmerged,PMC3557148_table_1,PMC3557148_table_1.xml,False,large,96,96,96,90,75.302361,96,,,,
unmerged,PMC3237410_table_0,PMC3237410_table_0.xml,True,large,192,192,192,177,151.256006,192,,,,
unmerged,PMC3063837_table_1,PMC3063837_table_1.xml,False,large,92,92,92,92,85.906581,92,,,,
unmerged,PMC4431502_table_1,PMC4431502_table_1.xml,True,large,155,142,141,141,119.785339,141,,,,
unmerged,PMC1192817_table_3,PMC1192817_table_3.xml,False,medium,54,54,54,54,50.217532,54,,,,
unmerged,PMC3118713_table_3,PMC3118713_table_3.xml,False,large,341,300,300,284,249.035052,300,,,,
unmerged,PMC4414453_table_0,PMC4414453_table_0.xml,False,small,8,8,7,7,6.279793,7,,,,
unmerged,PMC6091292_table_0,PMC6091292_table_0.xml,False,small,18,18,18,18,15.513495,18,,,,
unmerged,PMC6142186_table_0,PMC6142186_table_0.xml,True,large,108,108,108,108,95.859672,108,,,,
unmerged,PMC2780999_table_3,PMC2780999_table_3.xml,False,large,114,114,114,114,95.268838,114,,,,
unmerged,PMC3414449_table_0,PMC3414449_table_0.xml,True,large,112,111,101,41,71.067651,101,,,,
unmerged,PMC4892679_table_1,PMC4892679_table_1.xml,True,medium,42,41,40,33,33.222183,40,,,,
unmerged,PMC5727003_table_2,PMC5727003_table_2.xml,True,medium,40,41,35,33,31.104114,35,,,,
unmerged,PMC1065107_table_1,PMC1065107_table_1.xml,True,large,80,74,72,72,57.726562,72,,,,
unmerged,PMC4619589_table_3,PMC4619589_table_3.xml,True,large,84,81,81,79,67.329236,81,,,,
unmerged,PMC4999370_table_0,PMC4999370_table_0.xml,False,large,92,92,92,92,79.372843,92,,,,
unmerged,PMC5725584_table_2,PMC5725584_table_2.xml,True,small,22,21,21,21,19.146727,21,,,,
unmerged,PMC5953442_table_1,PMC5953442_table_1.xml,False,medium,48,48,48,47,42.066284,48,,,,
unmerged,PMC4816552_table_2,PMC4816552_table_2.xml,True,medium,36,35,34,30,28.338385,34,,,,
unmerged,PMC4425098_table_0,PMC4425098_table_0.xml,True,large,147,128,123,123,106.792216,123,,,,
unmerged,PMC3599226_table_0,PMC3599226_table_0.xml,True,medium,36,35,30,28,26.782736,30,,,,
unmerged,PMC4433905_table_2,PMC4433905_table_2.xml,True,medium,49,45,43,27,32.867513,43,,,,
unmerged,PMC3380946_table_3,PMC3380946_table_3.xml,False,large,98,98,98,98,79.118629,98,,,,
unmerged,PMC5048623_table_2,PMC5048623_table_2.xml,True,medium,36,44,36,28,30.072335,36,,,,
unmerged,PMC3006929_table_1,PMC3006929_table_1.xml,False,small,16,17,13,5,9.450042,13,,,,
unmerged,PMC6142379_table_1,PMC6142379_table_1.xml,False,medium,36,36,36,35,31.627539,36,,,,
unmerged,PMC6060796_table_0,PMC6060796_table_0.xml,False,small,10,23,3,2,2.453577,3,,,,
unmerged,PMC6223088_table_4,PMC6223088_table_4.xml,False,small,35,35,35,35,32.659155,35,,,,
unmerged,PMC4423522_table_1,PMC4423522_table_1.xml,True,medium,60,61,60,57,51.552457,60,,,,
unmerged,PMC4552273_table_0,PMC4552273_table_0.xml,False,medium,45,45,40,40,34.556549,40,,,,
unmerged,PMC3608149_table_2,PMC3608149_table_2.xml,True,small,32,26,25,25,20.765386,25,,,,
unmerged,PMC2957681_table_2,PMC2957681_table_2.xml,False,large,84,84,84,84,71.347673,84,,,,
unmerged,PMC3154280_table_2,PMC3154280_table_2.xml,True,large,96,96,96,82,73.781358,96,,,,
unmerged,PMC6235215_table_0,PMC6235215_table_0.xml,True,large,92,72,69,46,58.092732,69,,,,
unmerged,PMC1550399_table_3,PMC1550399_table_3.xml,True,large,126,119,119,118,98.16724,119,,,,
unmerged,PMC5743479_table_2,PMC5743479_table_2.xml,True,medium,50,44,43,43,40.301274,43,,,,
unmerged,PMC5722813_table_2,PMC5722813_table_2.xml,False,large,110,110,110,91,89.899615,110,,,,
unmerged,PMC1261260_table_3,PMC1261260_table_3.xml,False,medium,45,45,45,45,38.897849,45,,,,
unmerged,PMC4923075_table_0,PMC4923075_table_0.xml,False,small,30,30,30,30,27.201702,30,,,,
unmerged,PMC6028376_table_3,PMC6028376_table_3.xml,True,large,120,112,110,109,91.239122,110,,,,
unmerged,PMC3007292_table_2,PMC3007292_table_2.xml,False,large,119,119,119,119,103.088968,119,,,,
unmerged,PMC2981526_table_1,PMC2981526_table_1.xml,False,large,208,209,208,161,162.787501,208,,,,
unmerged,PMC3344586_table_1,PMC3344586_table_1.xml,False,medium,50,50,50,50,41.035962,50,,,,
unmerged,PMC3558449_table_2,PMC3558449_table_2.xml,True,large,140,136,134,133,108.254554,134,,,,
unmerged,PMC3130384_table_0,PMC3130384_table_0.xml,False,small,16,16,16,8,11.266724,16,,,,
unmerged,PMC3050259_table_0,PMC3050259_table_0.xml,False,small,18,18,18,0,12.039906,18,,,,
unmerged,PMC4906974_table_2,PMC4906974_table_2.xml,True,large,210,210,210,0,130.61536,210,,,,
unmerged,PMC2362127_table_1,PMC2362127_table_1.xml,False,large,222,223,222,216,174.496404,222,,,,
unmerged,PMC4885004_table_2,PMC4885004_table_2.xml,True,large,112,112,112,108,97.551763,112,,,,
unmerged,PMC3364269_table_1,PMC3364269_table_1.xml,True,medium,68,68,66,65,60.175114,66,,,,
unmerged,PMC3224112_table_0,PMC3224112_table_0.xml,False,small,25,20,20,0,13.351965,20,,,,
unmerged,PMC4590700_table_2,PMC4590700_table_2.xml,True,large,180,179,177,170,155.71579,177,,,,
unmerged,PMC6051080_table_0,PMC6051080_table_0.xml,False,small,24,24,23,23,20.919406,23,,,,
unmerged,PMC6077620_table_0,PMC6077620_table_0.xml,False,small,26,27,25,22,21.283872,25,,,,
unmerged,PMC3599226_table_1,PMC3599226_table_1.xml,True,large,114,103,95,94,83.506937,95,,,,
unmerged,PMC2646303_table_1,PMC2646303_table_1.xml,False,large,100,100,100,100,91.951132,100,,,,
unmerged,PMC5051338_table_0,PMC5051338_table_0.xml,True,small,30,44,22,16,17.930935,22,,,,
unmerged,PMC3515476_table_0,PMC3515476_table_0.xml,False,small,15,17,15,15,12.827602,15,,,,
unmerged,PMC5008639_table_2,PMC5008639_table_2.xml,False,small,12,12,8,0,4.574147,8,,,,
unmerged,PMC3110108_table_3,PMC3110108_table_3.xml,False,small,24,24,24,9,19.023533,24,,,,
unmerged,PMC4552859_table_2,PMC4552859_table_2.xml,False,medium,63,65,63,57,50.485657,63,,,,
unmerged,PMC3358350_table_0,PMC3358350_table_0.xml,True,large,156,151,150,106,115.996242,150,,,,
unmerged,PMC2969653_table_1,PMC2969653_table_1.xml,False,large,175,174,174,174,147.556732,174,,,,
unmerged,PMC3051715_table_2,PMC3051715_table_2.xml,False,large,133,133,133,133,112.406686,133,,,,
unmerged,PMC3519644_table_1,PMC3519644_table_1.xml,True,medium,78,75,73,73,66.445019,73,,,,
unmerged,PMC2961772_table_0,PMC2961772_table_0.xml,False,small,20,21,19,0,13.241344,19,,,,
unmerged,PMC5085210_table_2,PMC5085210_table_2.xml,True,large,133,129,127,127,108.506115,127,,,,
unmerged,PMC3419246_table_3,PMC3419246_table_3.xml,True,large,180,178,177,86,133.631001,177,,,,
unmerged,PMC4575020_table_2,PMC4575020_table_2.xml,False,small,18,13,13,5,9.555093,13,,,,
unmerged,PMC3503690_table_0,PMC3503690_table_0.xml,True,large,80,78,77,74,62.993274,77,,,,
unmerged,PMC6080075_table_0,PMC6080075_table_0.xml,False,small,15,15,15,15,13.517527,15,,,,
unmerged,PMC5751392_table_0,PMC5751392_table_0.xml,False,small,8,5,4,2,3.054086,4,,,,
unmerged,PMC4815677_table_0,PMC4815677_table_0.xml,False,medium,64,64,64,64,52.952215,64,,,,
unmerged,PMC5939194_table_1,PMC5939194_table_1.xml,False,medium,40,40,40,40,36.566776,40,,,,
unmerged,PMC2773778_table_0,PMC2773778_table_0.xml,True,large,340,297,258,75,178.097935,258,,,,
unmerged,PMC2245971_table_1,PMC2245971_table_1.xml,True,medium,50,45,44,42,38.495922,44,,,,
unmerged,PMC2277399_table_6,PMC2277399_table_6.xml,False,large,84,84,84,84,75.614438,84,,,,
unmerged,PMC4429473_table_1,PMC4429473_table_1.xml,True,medium,56,49,46,42,41.960697,46,,,,
unmerged,PMC2740668_table_0,PMC2740668_table_0.xml,True,medium,74,85,66,62,56.321273,66,,,,
unmerged,PMC3236038_table_2,PMC3236038_table_2.xml,False,medium,54,54,54,54,50.268329,54,,,,
unmerged,PMC5981094_table_1,PMC5981094_table_1.xml,True,small,15,14,14,6,10.575093,14,,,,
unmerged,PMC2989309_table_0,PMC2989309_table_0.xml,False,small,32,31,31,31,27.865499,31,,,,
unmerged,PMC3219586_table_1,PMC3219586_table_1.xml,False,small,18,18,18,18,16.53996,18,,,,
unmerged,PMC4448311_table_14,PMC4448311_table_14.xml,False,large,165,165,165,77,123.36528,165,,,,
unmerged,PMC4928746_table_0,PMC4928746_table_0.xml,False,small,6,18,3,2,2.614337,3,,,,
unmerged,PMC4344795_table_1,PMC4344795_table_1.xml,True,medium,49,44,43,43,39.022328,43,,,,
unmerged,PMC5745993_table_3,PMC5745993_table_3.xml,True,large,85,92,85,78,73.592951,85,,,,
unmerged,PMC5910587_table_1,PMC5910587_table_1.xml,False,large,100,102,95,63,75.768236,95,,,,
unmerged,PMC5063825_table_0,PMC5063825_table_0.xml,True,large,135,144,130,119,107.009988,130,,,,
unmerged,PMC6193427_table_0,PMC6193427_table_0.xml,False,large,90,90,90,90,77.970173,90,,,,
unmerged,PMC3152521_table_2,PMC3152521_table_2.xml,False,medium,40,40,40,40,34.154864,40,,,,
unmerged,PMC4895167_table_0,PMC4895167_table_0.xml,True,large,84,81,78,78,73.10014,78,,,,
unmerged,PMC3218902_table_1,PMC3218902_table_1.xml,True,large,138,136,135,135,112.527871,135,,,,
unmerged,PMC3317115_table_0,PMC3317115_table_0.xml,False,small,20,20,20,20,18.83473,20,,,,
unmerged,PMC3033808_table_1,PMC3033808_table_1.xml,False,small,24,24,24,24,21.031885,24,,,,
unmerged,PMC5857072_table_3,PMC5857072_table_3.xml,True,medium,70,62,52,38,40.836424,52,,,,
unmerged,PMC3209419_table_1,PMC3209419_table_1.xml,False,large,210,220,204,154,155.210761,204,,,,
unmerged,PMC4493450_table_0,PMC4493450_table_0.xml,True,medium,78,77,77,76,71.516528,77,,,,
unmerged,PMC3256097_table_0,PMC3256097_table_0.xml,False,small,18,20,16,14,13.76698,16,,,,
unmerged,PMC2311300_table_2,PMC2311300_table_2.xml,True,medium,54,48,48,48,41.591177,48,,,,
unmerged,PMC5823866_table_1,PMC5823866_table_1.xml,True,medium,70,70,70,53,57.762039,70,,,,
unmerged,PMC4524703_table_1,PMC4524703_table_1.xml,True,large,81,74,73,72,61.555948,73,,,,
unmerged,PMC4528708_table_0,PMC4528708_table_0.xml,True,medium,40,42,39,0,23.130277,39,,,,
unmerged,PMC4751176_table_0,PMC4751176_table_0.xml,True,medium,60,60,60,20,44.574161,60,,,,
unmerged,PMC3626802_table_2,PMC3626802_table_2.xml,False,small,12,12,12,12,11.021165,12,,,,
unmerged,PMC4727886_table_3,PMC4727886_table_3.xml,False,small,28,28,28,28,24.202243,28,,,,
unmerged,PMC3673139_table_2,PMC3673139_table_2.xml,False,medium,64,64,64,64,58.36617,64,,,,
unmerged,PMC4507693_table_3,PMC4507693_table_3.xml,False,small,18,18,18,18,16.431874,18,,,,
unmerged,PMC5097412_table_1,PMC5097412_table_1.xml,True,medium,42,38,38,38,33.337135,38,,,,
unmerged,PMC4454579_table_0,PMC4454579_table_0.xml,True,medium,72,72,72,72,63.977168,72,,,,
unmerged,PMC6196262_table_2,PMC6196262_table_2.xml,False,medium,60,75,55,52,47.984802,55,,,,
unmerged,PMC5055238_table_0,PMC5055238_table_0.xml,False,small,15,28,7,0,3.767148,7,,,,
unmerged,PMC6191440_table_0,PMC6191440_table_0.xml,False,large,112,112,112,91,86.750807,112,,,,
unmerged,PMC3440401_table_0,PMC3440401_table_0.xml,True,large,216,215,210,162,167.695213,210,,,,
unmerged,PMC4430806_table_0,PMC4430806_table_0.xml,True,large,112,111,111,53,82.399223,111,,,,
unmerged,PMC5855635_table_1,PMC5855635_table_1.xml,True,medium,64,62,61,61,59.027048,61,,,,
unmerged,PMC6060133_table_0,PMC6060133_table_0.xml,True,medium,70,64,60,16,41.433845,60,,,,
unmerged,PMC2405773_table_0,PMC2405773_table_0.xml,True,large,133,125,124,123,103.817274,124,,,,
unmerged,PMC3151838_table_3,PMC3151838_table_3.xml,False,small,15,15,12,0,7.169692,12,,,,
unmerged,PMC6035464_table_0,PMC6035464_table_0.xml,False,small,12,23,6,0,3.481365,6,,,,
unmerged,PMC3011718_table_3,PMC3011718_table_3.xml,False,small,15,15,15,12,11.933391,15,,,,
unmerged,PMC3621759_table_3,PMC3621759_table_3.xml,True,small,20,20,20,13,15.401071,20,,,,
unmerged,PMC5770061_table_0,PMC5770061_table_0.xml,True,large,117,109,102,101,82.92225,102,,,,
unmerged,PMC4538909_table_0,PMC4538909_table_0.xml,False,small,14,14,12,8,9.486054,12,,,,
unmerged,PMC6002294_table_0,PMC6002294_table_0.xml,True,medium,60,70,57,53,48.519557,57,,,,
unmerged,PMC6207690_table_0,PMC6207690_table_0.xml,False,large,238,238,238,101,178.568728,238,,,,
unmerged,PMC2994823_table_5,PMC2994823_table_5.xml,True,small,14,7,7,4,5.504385,7,,,,
unmerged,PMC2960995_table_1,PMC2960995_table_1.xml,False,small,16,16,16,12,12.368925,16,,,,
unmerged,PMC4951257_table_2,PMC4951257_table_2.xml,True,medium,40,38,38,36,33.278834,38,,,,
unmerged,PMC5863327_table_0,PMC5863327_table_0.xml,False,small,20,20,20,20,17.322346,20,,,,
unmerged,PMC6037719_table_0,PMC6037719_table_0.xml,True,large,120,118,117,87,90.216763,117,,,,
unmerged,PMC1868737_table_0,PMC1868737_table_0.xml,False,small,18,11,9,5,6.084044,9,,,,
unmerged,PMC3152872_table_3,PMC3152872_table_3.xml,False,small,25,25,24,24,21.311454,24,,,,
unmerged,PMC2414658_table_0,PMC2414658_table_0.xml,True,medium,63,86,44,28,32.720559,44,,,,
unmerged,PMC4726178_table_0,PMC4726178_table_0.xml,True,medium,56,46,38,38,32.199978,38,,,,
unmerged,PMC4684830_table_0,PMC4684830_table_0.xml,True,small,12,11,10,10,8.098302,10,,,,
unmerged,PMC4451964_table_0,PMC4451964_table_0.xml,True,large,176,171,170,160,144.436424,170,,,,
unmerged,PMC2881888_table_2,PMC2881888_table_2.xml,True,medium,49,54,39,29,32.015553,39,,,,
unmerged,PMC4476686_table_0,PMC4476686_table_0.xml,False,medium,54,54,54,49,43.885872,54,,,,
unmerged,PMC2977676_table_2,PMC2977676_table_2.xml,False,large,160,160,160,160,132.157863,160,,,,
unmerged,PMC4733276_table_1,PMC4733276_table_1.xml,True,large,100,100,100,60,78.798868,100,,,,
unmerged,PMC4753857_table_4,PMC4753857_table_4.xml,True,large,341,300,278,227,216.492551,278,,,,
unmerged,PMC3577688_table_2,PMC3577688_table_2.xml,True,large,110,109,106,96,87.880104,106,,,,
unmerged,PMC3229532_table_5,PMC3229532_table_5.xml,False,small,21,21,21,21,18.87054,21,,,,
unmerged,PMC5091883_table_4,PMC5091883_table_4.xml,True,large,120,115,115,111,98.86524,115,,,,
unmerged,PMC5842561_table_3,PMC5842561_table_3.xml,False,small,20,20,17,17,15.198266,17,,,,
unmerged,PMC3438128_table_0,PMC3438128_table_0.xml,True,medium,65,65,65,65,60.13495,65,,,,
unmerged,PMC6031195_table_1,PMC6031195_table_1.xml,True,large,147,142,142,123,119.730559,142,,,,
unmerged,PMC5855029_table_0,PMC5855029_table_0.xml,False,small,18,18,18,18,16.101907,18,,,,
unmerged,PMC2827475_table_4,PMC2827475_table_4.xml,False,small,8,2,1,1,0.830831,1,,,,
unmerged,PMC4910197_table_1,PMC4910197_table_1.xml,True,large,175,181,170,163,145.854113,170,,,,
unmerged,PMC3558497_table_2,PMC3558497_table_2.xml,True,large,156,181,98,11,63.21274,98,,,,
unmerged,PMC6163272_table_1,PMC6163272_table_1.xml,True,medium,48,48,48,48,44.495733,48,,,,
unmerged,PMC3209421_table_1,PMC3209421_table_1.xml,True,large,100,100,100,74,79.88051,100,,,,
unmerged,PMC1173115_table_0,PMC1173115_table_0.xml,True,medium,36,31,31,27,26.22248,31,,,,
unmerged,PMC4620401_table_0,PMC4620401_table_0.xml,False,small,35,35,35,35,30.373238,35,,,,
unmerged,PMC3354746_table_1,PMC3354746_table_1.xml,False,medium,40,40,40,40,33.06645,40,,,,
unmerged,PMC4584024_table_0,PMC4584024_table_0.xml,True,small,20,25,17,14,14.719363,17,,,,
unmerged,PMC2936311_table_0,PMC2936311_table_0.xml,True,small,32,32,32,32,27.814724,32,,,,
unmerged,PMC4569327_table_0,PMC4569327_table_0.xml,False,small,30,30,30,30,26.08798,30,,,,
unmerged,PMC2774164_table_0,PMC2774164_table_0.xml,False,small,30,30,30,30,25.831478,30,,,,
unmerged,PMC6150896_table_1,PMC6150896_table_1.xml,True,medium,50,49,48,48,44.78912,48,,,,
unmerged,PMC2674067_table_0,PMC2674067_table_0.xml,False,large,120,120,120,120,95.807926,120,,,,
unmerged,PMC5957403_table_0,PMC5957403_table_0.xml,True,medium,56,49,47,34,36.831249,47,,,,
unmerged,PMC3515431_table_3,PMC3515431_table_3.xml,False,small,18,18,18,18,16.256652,18,,,,
unmerged,PMC4743976_table_1,PMC4743976_table_1.xml,True,medium,60,57,56,56,50.119682,56,,,,
unmerged,PMC2689272_table_0,PMC2689272_table_0.xml,True,medium,40,35,34,31,28.13112,34,,,,
unmerged,PMC2904389_table_2,PMC2904389_table_2.xml,True,large,192,189,188,179,146.780904,188,,,,
unmerged,PMC3601255_table_0,PMC3601255_table_0.xml,False,small,20,20,20,20,17.601185,20,,,,
unmerged,PMC3091871_table_0,PMC3091871_table_0.xml,True,large,420,300,300,103,220.013022,300,,,,
unmerged,PMC3565310_table_2,PMC3565310_table_2.xml,False,medium,72,73,67,66,60.253275,67,,,,
unmerged,PMC6224011_table_0,PMC6224011_table_0.xml,True,medium,68,71,66,64,59.82037,66,,,,
unmerged,PMC2585071_table_2,PMC2585071_table_2.xml,True,small,15,15,14,13,12.684945,14,,,,
unmerged,PMC1794239_table_0,PMC1794239_table_0.xml,True,medium,56,52,52,51,45.309251,52,,,,
unmerged,PMC2844391_table_6,PMC2844391_table_6.xml,True,small,32,26,26,26,22.566221,26,,,,
unmerged,PMC3413694_table_2,PMC3413694_table_2.xml,True,large,96,92,92,85,73.294309,92,,,,
unmerged,PMC4820474_table_1,PMC4820474_table_1.xml,False,small,28,28,28,28,24.202778,28,,,,
unmerged,PMC3059479_table_0,PMC3059479_table_0.xml,True,medium,60,90,25,19,19.351651,25,,,,
unmerged,PMC4510441_table_1,PMC4510441_table_1.xml,True,large,98,97,96,96,81.404621,96,,,,
unmerged,PMC2841197_table_0,PMC2841197_table_0.xml,False,small,28,28,28,28,25.576904,28,,,,
unmerged,PMC4610448_table_1,PMC4610448_table_1.xml,False,small,20,20,20,20,17.887659,20,,,,
unmerged,PMC1783850_table_0,PMC1783850_table_0.xml,False,medium,52,52,52,52,46.056384,52,,,,
unmerged,PMC1182365_table_3,PMC1182365_table_3.xml,False,large,112,120,104,104,87.094307,104,,,,
unmerged,PMC4973110_table_1,PMC4973110_table_1.xml,True,large,152,134,106,82,83.97171,106,,,,
unmerged,PMC3011614_table_1,PMC3011614_table_1.xml,False,small,14,15,12,10,9.46466,12,,,,
unmerged,PMC4539059_table_0,PMC4539059_table_0.xml,True,medium,36,38,32,31,28.576669,32,,,,
unmerged,PMC2613904_table_4,PMC2613904_table_4.xml,False,small,10,10,9,0,5.779327,9,,,,
unmerged,PMC4828718_table_0,PMC4828718_table_0.xml,True,medium,63,49,44,44,37.325749,44,,,,
unmerged,PMC2148039_table_2,PMC2148039_table_2.xml,False,small,12,12,12,12,11.582411,12,,,,
unmerged,PMC2959437_table_1,PMC2959437_table_1.xml,False,small,15,15,13,3,9.242313,13,,,,
unmerged,PMC2958658_table_0,PMC2958658_table_0.xml,False,small,32,32,32,32,27.849002,32,,,,
unmerged,PMC3201504_table_3,PMC3201504_table_3.xml,False,small,20,20,15,0,9.268415,15,,,,
unmerged,PMC1564139_table_4,PMC1564139_table_4.xml,True,medium,77,74,73,71,64.978751,73,,,,
unmerged,PMC5932354_table_0,PMC5932354_table_0.xml,False,small,35,35,35,35,29.237098,35,,,,
unmerged,PMC1894963_table_0,PMC1894963_table_0.xml,True,medium,50,50,50,50,46.446673,50,,,,
unmerged,PMC4623515_table_1,PMC4623515_table_1.xml,False,small,20,21,20,19,17.556225,20,,,,
unmerged,PMC3280193_table_2,PMC3280193_table_2.xml,True,medium,50,45,44,42,37.467956,44,,,,
unmerged,PMC1526426_table_1,PMC1526426_table_1.xml,True,large,96,81,62,47,49.662655,62,,,,
unmerged,PMC5909278_table_2,PMC5909278_table_2.xml,False,small,20,20,20,20,18.173975,20,,,,
unmerged,PMC4610448_table_2,PMC4610448_table_2.xml,False,small,15,14,14,14,13.077797,14,,,,
unmerged,PMC4373726_table_1,PMC4373726_table_1.xml,True,medium,69,69,69,69,60.932656,69,,,,
unmerged,PMC2639378_table_2,PMC2639378_table_2.xml,True,small,30,30,30,29,27.077346,30,,,,
unmerged,PMC4580662_table_0,PMC4580662_table_0.xml,True,medium,40,25,22,20,19.176369,22,,,,
unmerged,PMC3506490_table_2,PMC3506490_table_2.xml,True,large,165,197,104,83,85.699208,104,,,,
unmerged,PMC4910197_table_0,PMC4910197_table_0.xml,False,small,9,9,9,9,8.462695,9,,,,
unmerged,PMC5011784_table_0,PMC5011784_table_0.xml,True,large,99,99,99,68,79.031126,99,,,,
unmerged,PMC5055558_table_0,PMC5055558_table_0.xml,True,medium,65,61,61,59,56.977683,61,,,,
unmerged,PMC4521140_table_8,PMC4521140_table_8.xml,True,medium,76,76,72,65,56.92673,72,,,,
unmerged,PMC6203360_table_0,PMC6203360_table_0.xml,True,large,120,120,120,111,98.053364,120,,,,
unmerged,PMC2245909_table_2,PMC2245909_table_2.xml,True,large,88,86,85,82,71.350551,85,,,,
unmerged,PMC3118248_table_2,PMC3118248_table_2.xml,True,large,405,295,282,231,230.1434,282,,,,
unmerged,PMC6019745_table_1,PMC6019745_table_1.xml,True,medium,42,42,39,13,27.610578,39,,,,
unmerged,PMC2893110_table_0,PMC2893110_table_0.xml,True,medium,42,40,39,36,36.228911,39,,,,
unmerged,PMC3040163_table_3,PMC3040163_table_3.xml,True,small,24,23,23,22,21.192614,23,,,,
unmerged,PMC5753525_table_0,PMC5753525_table_0.xml,True,medium,54,56,54,53,49.044892,54,,,,
unmerged,PMC5687717_table_1,PMC5687717_table_1.xml,False,medium,39,39,39,1,25.97547,39,,,,
unmerged,PMC5799165_table_2,PMC5799165_table_2.xml,True,small,18,18,18,18,16.040521,18,,,,
unmerged,PMC3120612_table_1,PMC3120612_table_1.xml,False,small,14,16,13,12,11.483604,13,,,,
unmerged,PMC5883545_table_0,PMC5883545_table_0.xml,False,small,18,18,9,0,5.780105,9,,,,
unmerged,PMC4409716_table_0,PMC4409716_table_0.xml,True,large,110,105,105,105,88.341081,105,,,,
unmerged,PMC3280315_table_1,PMC3280315_table_1.xml,False,small,24,25,21,20,16.522635,21,,,,
unmerged,PMC3350409_table_0,PMC3350409_table_0.xml,False,small,18,18,18,18,15.646756,18,,,,
unmerged,PMC2495075_table_0,PMC2495075_table_0.xml,True,small,16,10,6,4,4.631603,6,,,,
unmerged,PMC4883731_table_2,PMC4883731_table_2.xml,True,large,330,284,187,31,113.593969,187,,,,
unmerged,PMC3599521_table_0,PMC3599521_table_0.xml,True,large,120,116,116,116,97.955075,116,,,,
unmerged,PMC3028541_table_1,PMC3028541_table_1.xml,True,small,30,30,14,10,10.981786,14,,,,
unmerged,PMC3177816_table_0,PMC3177816_table_0.xml,True,large,80,64,63,59,52.848618,63,,,,
unmerged,PMC4405690_table_0,PMC4405690_table_0.xml,False,small,15,15,14,14,12.715052,14,,,,
unmerged,PMC5994070_table_3,PMC5994070_table_3.xml,True,large,88,83,81,81,70.947657,81,,,,
unmerged,PMC3275002_table_1,PMC3275002_table_1.xml,False,small,16,19,11,1,7.730785,11,,,,
unmerged,PMC4833949_table_0,PMC4833949_table_0.xml,False,large,91,91,91,91,76.685015,91,,,,
unmerged,PMC3527384_table_0,PMC3527384_table_0.xml,False,small,28,28,28,14,20.622518,28,,,,
unmerged,PMC1796893_table_1,PMC1796893_table_1.xml,True,medium,56,53,52,52,47.530156,52,,,,
unmerged,PMC4800152_table_0,PMC4800152_table_0.xml,True,medium,49,42,42,39,37.349914,42,,,,
unmerged,PMC2962150_table_3,PMC2962150_table_3.xml,False,large,140,140,140,140,118.246697,140,,,,
unmerged,PMC3011781_table_1,PMC3011781_table_1.xml,False,small,14,14,13,13,10.570637,13,,,,
unmerged,PMC5796484_table_0,PMC5796484_table_0.xml,False,small,20,48,13,13,12.020282,13,,,,
unmerged,PMC4872454_table_0,PMC4872454_table_0.xml,False,small,16,16,16,16,14.352053,16,,,,
unmerged,PMC4861294_table_1,PMC4861294_table_1.xml,False,medium,42,42,42,42,36.18774,42,,,,
unmerged,PMC2827563_table_2,PMC2827563_table_2.xml,True,medium,66,66,66,65,53.346561,66,,,,
unmerged,PMC4446346_table_0,PMC4446346_table_0.xml,True,large,105,100,100,97,82.438787,100,,,,
unmerged,PMC6023638_table_3,PMC6023638_table_3.xml,False,small,8,8,8,8,7.147001,8,,,,
unmerged,PMC5813102_table_1,PMC5813102_table_1.xml,False,small,10,10,10,5,7.772085,10,,,,
unmerged,PMC5797180_table_2,PMC5797180_table_2.xml,True,large,247,232,227,206,183.494646,227,,,,
unmerged,PMC3536690_table_0,PMC3536690_table_0.xml,False,medium,54,65,10,2,6.31644,10,,,,
unmerged,PMC6059413_table_4,PMC6059413_table_4.xml,True,small,24,24,24,1,16.22999,24,,,,
unmerged,PMC4514965_table_1,PMC4514965_table_1.xml,True,large,186,180,180,180,159.20857,180,,,,
unmerged,PMC4641943_table_3,PMC4641943_table_3.xml,False,small,35,35,35,35,29.316791,35,,,,
unmerged,PMC5063400_table_0,PMC5063400_table_0.xml,False,small,10,10,10,0,6.445228,10,,,,
unmerged,PMC3344427_table_1,PMC3344427_table_1.xml,False,small,10,10,10,6,7.564676,10,,,,
unmerged,PMC3671187_table_1,PMC3671187_table_1.xml,False,small,35,35,35,35,31.125342,35,,,,
unmerged,PMC3331850_table_2,PMC3331850_table_2.xml,True,medium,40,40,40,40,34.619269,40,,,,
unmerged,PMC4956717_table_4,PMC4956717_table_4.xml,True,medium,66,66,66,66,54.713546,66,,,,
unmerged,PMC5813385_table_0,PMC5813385_table_0.xml,False,medium,76,76,76,60,60.468189,76,,,,
unmerged,PMC6016135_table_0,PMC6016135_table_0.xml,False,medium,54,54,54,46,46.014534,54,,,,
unmerged,PMC3424200_table_1,PMC3424200_table_1.xml,True,large,104,104,104,78,80.347027,104,,,,
unmerged,PMC5713472_table_2,PMC5713472_table_2.xml,False,small,16,16,16,16,13.859303,16,,,,
unmerged,PMC5086957_table_0,PMC5086957_table_0.xml,False,medium,72,72,72,70,59.990669,72,,,,
unmerged,PMC6172842_table_2,PMC6172842_table_2.xml,False,medium,36,36,29,0,16.145384,29,,,,
unmerged,PMC5011800_table_1,PMC5011800_table_1.xml,False,small,10,10,6,2,4.535569,6,,,,
unmerged,PMC3404088_table_0,PMC3404088_table_0.xml,True,small,20,20,20,20,16.648518,20,,,,
unmerged,PMC5025551_table_4,PMC5025551_table_4.xml,False,small,21,21,21,21,18.759711,21,,,,
unmerged,PMC5955121_table_1,PMC5955121_table_1.xml,True,large,84,79,77,76,66.646137,77,,,,
unmerged,PMC4892614_table_7,PMC4892614_table_7.xml,True,small,32,31,30,30,27.329972,30,,,,
unmerged,PMC4930168_table_1,PMC4930168_table_1.xml,False,small,30,30,25,1,13.953551,25,,,,
unmerged,PMC5911284_table_0,PMC5911284_table_0.xml,True,small,15,15,15,13,12.775178,15,,,,
unmerged,PMC4682764_table_1,PMC4682764_table_1.xml,False,large,100,100,100,79,79.519002,100,,,,
unmerged,PMC4911094_table_0,PMC4911094_table_0.xml,True,large,108,104,102,102,87.46093,102,,,,
unmerged,PMC4391123_table_1,PMC4391123_table_1.xml,True,large,84,79,79,79,70.627283,79,,,,
unmerged,PMC3019001_table_0,PMC3019001_table_0.xml,False,small,16,16,16,16,14.444591,16,,,,
unmerged,PMC4753246_table_0,PMC4753246_table_0.xml,False,large,126,126,126,125,104.614424,126,,,,
unmerged,PMC3219371_table_6,PMC3219371_table_6.xml,False,small,16,16,16,16,14.336538,16,,,,
unmerged,PMC5758941_table_0,PMC5758941_table_0.xml,True,large,99,93,91,90,76.409452,91,,,,
unmerged,PMC2519069_table_4,PMC2519069_table_4.xml,True,large,143,92,79,49,59.482646,79,,,,
unmerged,PMC4971506_table_0,PMC4971506_table_0.xml,True,small,30,26,23,17,18.759521,23,,,,
unmerged,PMC4343020_table_1,PMC4343020_table_1.xml,False,small,24,24,24,24,22.901837,24,,,,
unmerged,PMC3392268_table_2,PMC3392268_table_2.xml,False,medium,64,64,63,63,52.728716,63,,,,
unmerged,PMC3395559_table_0,PMC3395559_table_0.xml,True,large,129,88,80,66,66.05691,80,,,,
unmerged,PMC4890862_table_0,PMC4890862_table_0.xml,False,medium,56,62,41,41,34.718526,41,,,,
unmerged,PMC4658091_table_2,PMC4658091_table_2.xml,True,medium,55,55,55,55,47.41076,55,,,,
unmerged,PMC3614707_table_0,PMC3614707_table_0.xml,True,medium,48,48,48,48,42.628984,48,,,,
unmerged,PMC4395112_table_0,PMC4395112_table_0.xml,True,medium,36,32,30,28,27.137125,30,,,,
unmerged,PMC2704954_table_0,PMC2704954_table_0.xml,False,small,24,16,16,16,14.627029,16,,,,
unmerged,PMC3543428_table_0,PMC3543428_table_0.xml,False,small,20,20,20,20,17.952766,20,,,,
unmerged,PMC2988727_table_6,PMC2988727_table_6.xml,False,small,15,21,13,10,10.823792,13,,,,
unmerged,PMC2674935_table_0,PMC2674935_table_0.xml,True,medium,54,52,51,8,31.472077,51,,,,
unmerged,PMC5154677_table_1,PMC5154677_table_1.xml,False,small,35,35,35,35,32.203571,35,,,,
unmerged,PMC5835056_table_0,PMC5835056_table_0.xml,False,medium,36,40,35,32,32.305052,35,,,,
unmerged,PMC3156399_table_4,PMC3156399_table_4.xml,True,medium,64,62,61,61,52.313935,61,,,,
unmerged,PMC2442598_table_0,PMC2442598_table_0.xml,False,medium,64,64,64,64,55.375534,64,,,,
unmerged,PMC2089079_table_0,PMC2089079_table_0.xml,True,medium,70,89,50,29,37.739311,50,,,,
unmerged,PMC5983633_table_1,PMC5983633_table_1.xml,False,small,20,20,20,20,17.56861,20,,,,
unmerged,PMC5690135_table_0,PMC5690135_table_0.xml,True,medium,56,43,38,37,33.81138,38,,,,
unmerged,PMC3083343_table_0,PMC3083343_table_0.xml,False,medium,77,77,77,77,69.48803,77,,,,
unmerged,PMC4798437_table_0,PMC4798437_table_0.xml,False,small,21,23,20,18,17.208261,20,,,,
unmerged,PMC3342088_table_1,PMC3342088_table_1.xml,False,small,24,24,24,24,22.187558,24,,,,
unmerged,PMC4503642_table_0,PMC4503642_table_0.xml,True,large,132,132,132,131,106.897055,132,,,,
unmerged,PMC2835640_table_0,PMC2835640_table_0.xml,False,small,12,6,3,3,2.760659,3,,,,
unmerged,PMC4982135_table_2,PMC4982135_table_2.xml,False,large,140,140,140,140,120.100178,140,,,,
unmerged,PMC4948083_table_1,PMC4948083_table_1.xml,False,small,18,18,18,18,16.906148,18,,,,
unmerged,PMC3261835_table_0,PMC3261835_table_0.xml,True,medium,48,43,41,40,34.646391,41,,,,
unmerged,PMC3679102_table_0,PMC3679102_table_0.xml,True,medium,76,76,76,76,62.330098,76,,,,
unmerged,PMC2979697_table_2,PMC2979697_table_2.xml,False,large,259,226,213,201,175.004649,213,,,,
unmerged,PMC5988755_table_0,PMC5988755_table_0.xml,False,small,30,30,30,8,21.797788,30,,,,
unmerged,PMC2961650_table_4,PMC2961650_table_4.xml,False,large,136,136,136,136,114.465058,136,,,,
unmerged,PMC3334604_table_1,PMC3334604_table_1.xml,False,small,14,14,14,14,13.275272,14,,,,
unmerged,PMC4491560_table_0,PMC4491560_table_0.xml,False,small,8,8,4,0,2.5254,4,,,,
unmerged,PMC5795849_table_0,PMC5795849_table_0.xml,False,small,15,1,0,0,0,0,,,,
unmerged,PMC3189390_table_1,PMC3189390_table_1.xml,False,medium,60,66,60,54,49.99826,60,,,,
unmerged,PMC5874052_table_1,PMC5874052_table_1.xml,False,small,25,25,25,25,21.105549,25,,,,
unmerged,PMC3501521_table_2,PMC3501521_table_2.xml,False,small,28,28,28,28,25.394502,28,,,,
unmerged,PMC5686942_table_0,PMC5686942_table_0.xml,True,large,96,95,94,48,74.477827,94,,,,
unmerged,PMC4709795_table_0,PMC4709795_table_0.xml,False,small,24,24,24,24,21.491771,24,,,,
unmerged,PMC6128240_table_1,PMC6128240_table_1.xml,False,medium,50,50,50,49,39.771434,50,,,,
unmerged,PMC3477031_table_1,PMC3477031_table_1.xml,False,small,12,12,12,12,10.838947,12,,,,
unmerged,PMC4837634_table_0,PMC4837634_table_0.xml,False,medium,46,69,44,23,32.1828,44,,,,
unmerged,PMC1866444_table_1,PMC1866444_table_1.xml,False,medium,36,36,36,36,31.013409,36,,,,
unmerged,PMC4663754_table_1,PMC4663754_table_1.xml,False,large,90,90,90,90,78.999127,90,,,,
unmerged,PMC6151216_table_0,PMC6151216_table_0.xml,False,small,26,26,26,26,22.235981,26,,,,
unmerged,PMC4573741_table_0,PMC4573741_table_0.xml,True,medium,39,41,36,33,30.99831,36,,,,
unmerged,PMC4585213_table_0,PMC4585213_table_0.xml,False,medium,36,36,36,36,32.990637,36,,,,
unmerged,PMC4916081_table_2,PMC4916081_table_2.xml,False,small,33,33,33,32,27.644166,33,,,,
unmerged,PMC1479820_table_2,PMC1479820_table_2.xml,True,medium,68,68,68,68,61.359945,68,,,,
unmerged,PMC2843627_table_2,PMC2843627_table_2.xml,False,medium,49,49,49,49,40.215132,49,,,,
unmerged,PMC2656909_table_0,PMC2656909_table_0.xml,True,large,81,81,81,81,75.990173,81,,,,
unmerged,PMC2983940_table_1,PMC2983940_table_1.xml,False,small,14,15,12,12,9.951567,12,,,,
unmerged,PMC4956214_table_0,PMC4956214_table_0.xml,True,medium,70,58,56,56,51.902325,56,,,,
unmerged,PMC3446914_table_1,PMC3446914_table_1.xml,True,medium,70,66,64,60,51.913901,64,,,,
unmerged,PMC4785152_table_0,PMC4785152_table_0.xml,False,large,96,101,83,82,71.871467,83,,,,
unmerged,PMC6202724_table_0,PMC6202724_table_0.xml,True,medium,36,36,36,36,31.752917,36,,,,
unmerged,PMC5745595_table_0,PMC5745595_table_0.xml,True,medium,66,58,54,53,46.190515,54,,,,
unmerged,PMC6134759_table_1,PMC6134759_table_1.xml,True,medium,36,36,36,36,32.777288,36,,,,
unmerged,PMC2970123_table_0,PMC2970123_table_0.xml,False,small,20,20,20,0,12.494918,20,,,,
unmerged,PMC4374685_table_2,PMC4374685_table_2.xml,True,large,231,224,224,217,186.215204,224,,,,
unmerged,PMC517501_table_3,PMC517501_table_3.xml,False,large,112,112,112,112,98.4778,112,,,,
unmerged,PMC1266376_table_1,PMC1266376_table_1.xml,True,large,95,96,94,94,80.955034,94,,,,
unmerged,PMC6175121_table_1,PMC6175121_table_1.xml,True,large,80,80,80,80,70.65865,80,,,,
unmerged,PMC3149562_table_0,PMC3149562_table_0.xml,True,large,152,166,96,57,72.651656,96,,,,
unmerged,PMC3601255_table_3,PMC3601255_table_3.xml,True,medium,40,37,36,35,33.804723,36,,,,
unmerged,PMC3021722_table_0,PMC3021722_table_0.xml,False,small,16,16,12,9,9.797671,12,,,,
unmerged,PMC4880288_table_1,PMC4880288_table_1.xml,True,medium,72,68,66,63,54.153544,66,,,,
unmerged,PMC3329485_table_0,PMC3329485_table_0.xml,False,medium,40,40,40,40,36.709551,40,,,,
unmerged,PMC3203887_table_2,PMC3203887_table_2.xml,True,large,153,153,153,131,122.021384,153,,,,
unmerged,PMC6173449_table_0,PMC6173449_table_0.xml,True,medium,38,29,25,24,20.226028,25,,,,
unmerged,PMC4403523_table_0,PMC4403523_table_0.xml,False,small,30,30,27,8,18.268524,27,,,,
unmerged,PMC5667839_table_0,PMC5667839_table_0.xml,True,large,253,244,242,241,217.73941,242,,,,
unmerged,PMC4619659_table_1,PMC4619659_table_1.xml,False,medium,36,36,36,36,29.630153,36,,,,
unmerged,PMC3311083_table_0,PMC3311083_table_0.xml,True,medium,36,36,36,36,31.436678,36,,,,
unmerged,PMC4378384_table_1,PMC4378384_table_1.xml,False,medium,55,55,55,55,50.065301,55,,,,
unmerged,PMC2974681_table_0,PMC2974681_table_0.xml,True,small,24,66,16,16,13.734834,16,,,,
unmerged,PMC3572059_table_1,PMC3572059_table_1.xml,False,large,84,84,84,84,72.389946,84,,,,
unmerged,PMC5107631_table_3,PMC5107631_table_3.xml,True,large,126,116,113,67,87.008252,113,,,,
unmerged,PMC4719818_table_1,PMC4719818_table_1.xml,False,large,175,175,175,175,139.34539,175,,,,
unmerged,PMC2018728_table_1,PMC2018728_table_1.xml,False,large,192,192,192,191,150.45845,192,,,,
unmerged,PMC3051715_table_0,PMC3051715_table_0.xml,False,small,16,18,14,14,11.116333,14,,,,
unmerged,PMC5171915_table_0,PMC5171915_table_0.xml,False,large,198,198,198,198,175.594854,198,,,,
unmerged,PMC2443793_table_0,PMC2443793_table_0.xml,True,small,25,10,5,5,4.786056,5,,,,
unmerged,PMC3545841_table_0,PMC3545841_table_0.xml,True,medium,62,63,62,60,53.045337,62,,,,
unmerged,PMC4950165_table_3,PMC4950165_table_3.xml,False,medium,45,46,43,42,35.783773,43,,,,
unmerged,PMC4643926_table_0,PMC4643926_table_0.xml,False,small,21,21,21,21,18.73936,21,,,,
unmerged,PMC3002956_table_1,PMC3002956_table_1.xml,False,small,16,16,16,16,13.921176,16,,,,
unmerged,PMC4738267_table_1,PMC4738267_table_1.xml,False,small,16,16,16,13,13.086848,16,,,,
unmerged,PMC3033815_table_4,PMC3033815_table_4.xml,False,small,20,24,19,16,16.137876,19,,,,
unmerged,PMC5893648_table_1,PMC5893648_table_1.xml,False,medium,55,55,55,47,43.83051,55,,,,
unmerged,PMC2752455_table_1,PMC2752455_table_1.xml,True,medium,40,35,34,34,31.901575,34,,,,
unmerged,PMC4500450_table_1,PMC4500450_table_1.xml,True,medium,72,66,64,63,53.638537,64,,,,
unmerged,PMC3591365_table_0,PMC3591365_table_0.xml,True,medium,40,40,40,40,32.441459,40,,,,
unmerged,PMC4728159_table_2,PMC4728159_table_2.xml,True,medium,36,40,18,2,10.586866,18,,,,
unmerged,PMC6170247_table_1,PMC6170247_table_1.xml,False,small,30,30,30,30,27.109308,30,,,,
unmerged,PMC5041273_table_7,PMC5041273_table_7.xml,True,medium,54,54,54,54,46.5059,54,,,,
unmerged,PMC1276798_table_2,PMC1276798_table_2.xml,False,small,24,24,24,24,22.450589,24,,,,
unmerged,PMC4363359_table_1,PMC4363359_table_1.xml,True,large,96,87,85,85,74.558326,85,,,,
unmerged,PMC3349575_table_0,PMC3349575_table_0.xml,True,small,18,16,15,14,13.552947,15,,,,
unmerged,PMC4438576_table_2,PMC4438576_table_2.xml,False,large,120,120,120,120,111.877551,120,,,,
unmerged,PMC3482696_table_0,PMC3482696_table_0.xml,True,large,172,164,164,124,128.478429,164,,,,
unmerged,PMC4425916_table_0,PMC4425916_table_0.xml,False,small,16,17,9,1,6.044272,9,,,,
unmerged,PMC4727960_table_0,PMC4727960_table_0.xml,False,small,20,21,20,20,18.162628,20,,,,
unmerged,PMC4654893_table_3,PMC4654893_table_3.xml,True,medium,52,52,52,51,46.735759,52,,,,
unmerged,PMC4700086_table_0,PMC4700086_table_0.xml,True,medium,50,47,47,42,41.399457,47,,,,
unmerged,PMC4835720_table_0,PMC4835720_table_0.xml,True,large,204,204,204,204,176.776298,204,,,,
unmerged,PMC3658550_table_2,PMC3658550_table_2.xml,True,large,96,89,81,37,60.588616,81,,,,
unmerged,PMC3689081_table_2,PMC3689081_table_2.xml,False,small,16,16,16,16,14.635984,16,,,,
unmerged,PMC2930863_table_3,PMC2930863_table_3.xml,True,large,121,116,112,99,89.122594,112,,,,
unmerged,PMC5901878_table_1,PMC5901878_table_1.xml,True,medium,68,87,47,22,34.860041,47,,,,
unmerged,PMC2689281_table_2,PMC2689281_table_2.xml,True,large,132,87,78,57,60.4038,78,,,,
unmerged,PMC4794765_table_0,PMC4794765_table_0.xml,True,large,81,61,54,54,49.707725,54,,,,
unmerged,PMC4816563_table_1,PMC4816563_table_1.xml,True,large,105,104,104,104,88.412444,104,,,,
unmerged,PMC6151038_table_7,PMC6151038_table_7.xml,True,medium,77,82,60,60,49.721169,60,,,,
unmerged,PMC5799322_table_1,PMC5799322_table_1.xml,True,medium,60,60,60,60,54.312252,60,,,,
unmerged,PMC2841152_table_0,PMC2841152_table_0.xml,True,large,190,161,153,22,107.276352,153,,,,
unmerged,PMC3590167_table_2,PMC3590167_table_2.xml,False,small,24,24,24,24,20.357204,24,,,,
unmerged,PMC4494398_table_2,PMC4494398_table_2.xml,False,small,6,6,6,6,5.672027,6,,,,
unmerged,PMC5802453_table_2,PMC5802453_table_2.xml,False,small,27,27,27,9,18.150971,27,,,,
unmerged,PMC2148101_table_0,PMC2148101_table_0.xml,False,small,15,15,15,15,13.509634,15,,,,
unmerged,PMC4898373_table_2,PMC4898373_table_2.xml,True,medium,65,61,61,57,51.759422,61,,,,
unmerged,PMC5695845_table_1,PMC5695845_table_1.xml,True,large,125,125,125,4,77.960414,125,,,,
unmerged,PMC3057987_table_0,PMC3057987_table_0.xml,False,medium,44,44,44,44,36.747179,44,,,,
unmerged,PMC1828152_table_2,PMC1828152_table_2.xml,True,medium,70,51,46,41,37.716144,46,,,,
unmerged,PMC5872599_table_4,PMC5872599_table_4.xml,True,medium,69,69,69,69,59.292914,69,,,,
unmerged,PMC2275263_table_3,PMC2275263_table_3.xml,False,medium,42,47,32,29,28.017921,32,,,,
unmerged,PMC4423853_table_0,PMC4423853_table_0.xml,True,medium,58,56,56,53,47.618644,56,,,,
unmerged,PMC4844259_table_0,PMC4844259_table_0.xml,True,large,96,90,89,84,78.339424,89,,,,
unmerged,PMC5050581_table_5,PMC5050581_table_5.xml,True,medium,75,73,73,73,65.666858,73,,,,
unmerged,PMC6154020_table_0,PMC6154020_table_0.xml,False,small,8,8,8,8,7.343899,8,,,,
unmerged,PMC6143711_table_0,PMC6143711_table_0.xml,True,large,220,211,209,209,191.16139,209,,,,
unmerged,PMC3575346_table_2,PMC3575346_table_2.xml,True,small,30,27,26,11,20.075018,26,,,,
unmerged,PMC1180465_table_0,PMC1180465_table_0.xml,True,large,203,198,196,195,154.215619,196,,,,
unmerged,PMC4954666_table_2,PMC4954666_table_2.xml,True,medium,56,54,54,26,41.278875,54,,,,
unmerged,PMC2430964_table_0,PMC2430964_table_0.xml,True,small,30,27,26,25,23.355425,26,,,,
unmerged,PMC4991119_table_1,PMC4991119_table_1.xml,True,large,280,270,250,189,193.52326,250,,,,
unmerged,PMC4694981_table_1,PMC4694981_table_1.xml,True,large,91,86,86,82,79.375652,86,,,,
unmerged,PMC4424894_table_3,PMC4424894_table_3.xml,True,large,363,300,289,176,216.885671,289,,,,
unmerged,PMC5890288_table_0,PMC5890288_table_0.xml,False,medium,42,42,42,32,32.768585,42,,,,
unmerged,PMC5825898_table_0,PMC5825898_table_0.xml,False,medium,60,60,60,60,51.481938,60,,,,
unmerged,PMC4397088_table_3,PMC4397088_table_3.xml,True,large,161,138,133,125,109.627664,133,,,,
unmerged,PMC4504501_table_2,PMC4504501_table_2.xml,False,small,30,30,30,30,25.937015,30,,,,
unmerged,PMC4434534_table_0,PMC4434534_table_0.xml,True,large,84,90,81,40,61.846921,81,,,,
unmerged,PMC2687438_table_1,PMC2687438_table_1.xml,True,small,32,26,23,20,18.481415,23,,,,
unmerged,PMC2373876_table_2,PMC2373876_table_2.xml,False,small,30,22,20,11,14.83944,20,,,,
unmerged,PMC2753363_table_4,PMC2753363_table_4.xml,True,medium,54,54,54,38,41.521203,54,,,,
unmerged,PMC3533458_table_0,PMC3533458_table_0.xml,False,small,26,26,25,25,23.09345,25,,,,
unmerged,PMC4384104_table_3,PMC4384104_table_3.xml,False,medium,36,36,36,36,34.214053,36,,,,
unmerged,PMC5020445_table_0,PMC5020445_table_0.xml,True,large,135,135,103,7,59.624615,103,,,,
unmerged,PMC3653734_table_0,PMC3653734_table_0.xml,True,large,110,138,102,75,84.419871,102,,,,
unmerged,PMC3408461_table_3,PMC3408461_table_3.xml,True,small,30,33,24,24,20.37194,24,,,,
unmerged,PMC509426_table_1,PMC509426_table_1.xml,True,large,99,121,72,62,59.384908,72,,,,
unmerged,PMC4657621_table_1,PMC4657621_table_1.xml,False,small,20,20,20,20,17.282886,20,,,,
unmerged,PMC1665449_table_0,PMC1665449_table_0.xml,False,medium,56,57,56,56,47.871852,56,,,,
unmerged,PMC3662595_table_2,PMC3662595_table_2.xml,False,medium,42,42,42,42,37.35724,42,,,,
unmerged,PMC4449594_table_2,PMC4449594_table_2.xml,False,small,30,30,30,30,27.683412,30,,,,
unmerged,PMC4882360_table_1,PMC4882360_table_1.xml,True,large,140,135,134,134,120.932032,134,,,,
unmerged,PMC2714505_table_0,PMC2714505_table_0.xml,True,large,273,275,273,265,227.113543,273,,,,
unmerged,PMC5989381_table_0,PMC5989381_table_0.xml,True,small,32,32,29,28,25.86164,29,,,,
unmerged,PMC2968020_table_1,PMC2968020_table_1.xml,False,large,155,155,155,155,128.714788,155,,,,
unmerged,PMC4700179_table_1,PMC4700179_table_1.xml,True,small,30,27,26,25,22.553598,26,,,,
unmerged,PMC3168871_table_0,PMC3168871_table_0.xml,False,small,14,14,14,14,12.679992,14,,,,
unmerged,PMC6122613_table_1,PMC6122613_table_1.xml,False,small,24,24,24,24,20.468299,24,,,,
unmerged,PMC2588622_table_2,PMC2588622_table_2.xml,True,large,301,267,261,242,225.937115,261,,,,
unmerged,PMC6208105_table_2,PMC6208105_table_2.xml,False,small,28,28,28,25,25.272328,28,,,,
unmerged,PMC4643322_table_0,PMC4643322_table_0.xml,False,small,20,20,20,20,17.685433,20,,,,
unmerged,PMC3240945_table_0,PMC3240945_table_0.xml,True,medium,45,41,40,39,35.889431,40,,,,
unmerged,PMC5957338_table_0,PMC5957338_table_0.xml,False,medium,40,40,40,18,29.969317,40,,,,
unmerged,PMC3006878_table_0,PMC3006878_table_0.xml,False,small,20,20,20,0,12.689414,20,,,,
unmerged,PMC5767312_table_0,PMC5767312_table_0.xml,True,large,140,136,119,96,94.058244,119,,,,
unmerged,PMC5127548_table_8,PMC5127548_table_8.xml,True,medium,49,45,44,44,39.326097,44,,,,
unmerged,PMC5904424_table_0,PMC5904424_table_0.xml,True,small,35,30,27,27,23.270572,27,,,,
unmerged,PMC4709492_table_1,PMC4709492_table_1.xml,False,medium,60,60,60,0,39.051126,60,,,,
unmerged,PMC5664348_table_0,PMC5664348_table_0.xml,True,medium,42,42,42,40,33.451329,42,,,,
unmerged,PMC4524373_table_3,PMC4524373_table_3.xml,True,medium,50,50,50,29,38.220668,50,,,,
unmerged,PMC3527132_table_2,PMC3527132_table_2.xml,True,large,91,87,86,61,74.744068,86,,,,
unmerged,PMC4872722_table_0,PMC4872722_table_0.xml,True,small,27,23,20,19,17.493897,20,,,,
unmerged,PMC4397088_table_0,PMC4397088_table_0.xml,False,large,120,120,120,120,101.378865,120,,,,
unmerged,PMC2848519_table_0,PMC2848519_table_0.xml,False,small,14,2,0,0,0,0,,,,
unmerged,PMC3342167_table_2,PMC3342167_table_2.xml,True,medium,50,43,42,40,35.620672,42,,,,
unmerged,PMC3554515_table_0,PMC3554515_table_0.xml,False,medium,64,64,64,64,57.112943,64,,,,
unmerged,PMC6143260_table_0,PMC6143260_table_0.xml,False,large,132,132,132,60,91.025808,132,,,,
unmerged,PMC3359190_table_2,PMC3359190_table_2.xml,True,medium,70,66,66,65,56.981074,66,,,,
unmerged,PMC5858604_table_1,PMC5858604_table_1.xml,False,medium,72,72,72,72,67.133468,72,,,,
unmerged,PMC5018192_table_0,PMC5018192_table_0.xml,True,large,90,90,90,90,80.331736,90,,,,
unmerged,PMC3166745_table_0,PMC3166745_table_0.xml,False,medium,42,42,42,42,37.124296,42,,,,
unmerged,PMC5021727_table_1,PMC5021727_table_1.xml,False,small,18,18,18,18,16.8953,18,,,,
unmerged,PMC6233180_table_2,PMC6233180_table_2.xml,True,medium,72,60,60,29,43.985324,60,,,,
unmerged,PMC4730682_table_3,PMC4730682_table_3.xml,True,medium,65,65,64,61,54.175173,64,,,,
unmerged,PMC4575444_table_0,PMC4575444_table_0.xml,True,large,351,298,273,188,210.603167,273,,,,
unmerged,PMC4825232_table_0,PMC4825232_table_0.xml,True,medium,56,56,56,0,35.790267,56,,,,
unmerged,PMC6018626_table_1,PMC6018626_table_1.xml,False,medium,40,40,40,31,31.231761,40,,,,
unmerged,PMC6013108_table_1,PMC6013108_table_1.xml,True,medium,45,40,39,39,34.620241,39,,,,
unmerged,PMC2204065_table_0,PMC2204065_table_0.xml,True,medium,38,38,38,37,31.725289,38,,,,
unmerged,PMC5095599_table_0,PMC5095599_table_0.xml,True,small,28,28,28,25,23.433575,28,,,,
unmerged,PMC5821441_table_0,PMC5821441_table_0.xml,True,medium,56,56,49,0,29.726578,49,,,,
unmerged,PMC6186056_table_1,PMC6186056_table_1.xml,True,large,248,249,241,211,197.802419,241,,,,
unmerged,PMC5722571_table_1,PMC5722571_table_1.xml,True,medium,68,64,48,43,42.286855,48,,,,
unmerged,PMC4897819_table_0,PMC4897819_table_0.xml,False,medium,36,36,36,36,30.622662,36,,,,
unmerged,PMC3419246_table_1,PMC3419246_table_1.xml,True,large,208,192,186,126,143.61859,186,,,,
unmerged,PMC6038359_table_0,PMC6038359_table_0.xml,False,medium,66,65,65,56,51.54668,65,,,,
unmerged,PMC2968314_table_0,PMC2968314_table_0.xml,False,small,20,21,19,0,12.267638,19,,,,
unmerged,PMC4464579_table_1,PMC4464579_table_1.xml,False,medium,36,36,36,36,31.607741,36,,,,
unmerged,PMC4945912_table_0,PMC4945912_table_0.xml,True,large,276,264,262,260,228.750749,262,,,,
unmerged,PMC6052539_table_1,PMC6052539_table_1.xml,True,medium,55,55,55,55,49.392536,55,,,,
unmerged,PMC2635959_table_0,PMC2635959_table_0.xml,False,small,30,30,30,30,26.364328,30,,,,
unmerged,PMC3050184_table_0,PMC3050184_table_0.xml,False,small,18,18,18,0,11.342518,18,,,,
unmerged,PMC5845866_table_1,PMC5845866_table_1.xml,False,small,30,69,7,7,6.153423,7,,,,
unmerged,PMC3438178_table_0,PMC3438178_table_0.xml,True,medium,55,55,55,53,44.683646,55,,,,
unmerged,PMC5909255_table_3,PMC5909255_table_3.xml,True,large,186,185,89,0,49.513278,89,,,,
unmerged,PMC3180067_table_0,PMC3180067_table_0.xml,True,medium,76,76,76,76,64.126537,76,,,,
unmerged,PMC3524598_table_2,PMC3524598_table_2.xml,True,large,90,84,84,84,71.492829,84,,,,
unmerged,PMC4932006_table_0,PMC4932006_table_0.xml,True,large,105,101,101,101,84.881197,101,,,,
unmerged,PMC2093938_table_4,PMC2093938_table_4.xml,False,small,12,12,12,11,10.318155,12,,,,
unmerged,PMC3428669_table_2,PMC3428669_table_2.xml,False,medium,54,54,54,48,44.783691,54,,,,
unmerged,PMC4786572_table_3,PMC4786572_table_3.xml,True,large,92,92,67,23,44.807658,67,,,,
unmerged,PMC6222733_table_1,PMC6222733_table_1.xml,False,large,110,110,110,39,81.692046,110,,,,
unmerged,PMC3602373_table_1,PMC3602373_table_1.xml,True,large,144,119,119,85,88.593826,119,,,,
unmerged,PMC4841544_table_1,PMC4841544_table_1.xml,True,large,102,102,102,102,86.8317,102,,,,
unmerged,PMC3652198_table_1,PMC3652198_table_1.xml,False,small,14,14,14,14,13.156322,14,,,,
unmerged,PMC5738112_table_0,PMC5738112_table_0.xml,False,small,18,20,16,14,14.294038,16,,,,
unmerged,PMC2995781_table_1,PMC2995781_table_1.xml,True,medium,42,40,40,40,35.082296,40,,,,
unmerged,PMC4458325_table_1,PMC4458325_table_1.xml,False,medium,55,61,48,19,34.904236,48,,,,
unmerged,PMC6049910_table_0,PMC6049910_table_0.xml,True,medium,57,57,57,34,43.823599,57,,,,
unmerged,PMC5084147_table_5,PMC5084147_table_5.xml,False,large,98,98,98,98,80.863023,98,,,,
unmerged,PMC3503841_table_1,PMC3503841_table_1.xml,True,small,24,22,21,21,20.000573,21,,,,
unmerged,PMC4549082_table_3,PMC4549082_table_3.xml,True,large,176,170,168,134,131.192604,168,,,,
unmerged,PMC3644232_table_0,PMC3644232_table_0.xml,False,small,10,6,6,2,4.541598,6,,,,
unmerged,PMC3689638_table_0,PMC3689638_table_0.xml,True,large,216,213,212,203,174.31282,212,,,,
unmerged,PMC2873247_table_2,PMC2873247_table_2.xml,True,medium,60,60,60,60,55.487416,60,,,,
unmerged,PMC1266024_table_4,PMC1266024_table_4.xml,True,medium,56,28,26,22,20.872008,26,,,,
unmerged,PMC5983274_table_3,PMC5983274_table_3.xml,False,large,90,90,90,90,79.433292,90,,,,
unmerged,PMC4377374_table_3,PMC4377374_table_3.xml,False,small,18,18,18,18,16.742816,18,,,,
unmerged,PMC5712192_table_3,PMC5712192_table_3.xml,True,large,390,300,300,297,248.111724,300,,,,
unmerged,PMC5837103_table_0,PMC5837103_table_0.xml,True,large,351,297,287,287,240.436576,287,,,,
unmerged,PMC4979187_table_2,PMC4979187_table_2.xml,True,small,35,29,21,3,13.931198,21,,,,
unmerged,PMC3428172_table_2,PMC3428172_table_2.xml,True,medium,40,40,40,6,28.791938,40,,,,
unmerged,PMC4570816_table_0,PMC4570816_table_0.xml,True,medium,55,51,51,35,40.706836,51,,,,
unmerged,PMC4860217_table_0,PMC4860217_table_0.xml,False,small,16,16,16,16,14.061586,16,,,,
unmerged,PMC4883731_table_0,PMC4883731_table_0.xml,False,large,169,169,168,164,148.097247,168,,,,
unmerged,PMC3566797_table_1,PMC3566797_table_1.xml,False,small,35,35,35,31,28.30366,35,,,,
unmerged,PMC5966889_table_4,PMC5966889_table_4.xml,True,large,90,90,90,90,80.723978,90,,,,
unmerged,PMC4875747_table_2,PMC4875747_table_2.xml,True,medium,49,46,46,46,38.349753,46,,,,
unmerged,PMC4625876_table_5,PMC4625876_table_5.xml,True,medium,49,43,40,40,33.55667,40,,,,
unmerged,PMC2834584_table_2,PMC2834584_table_2.xml,True,medium,60,57,56,54,47.605311,56,,,,
unmerged,PMC3458233_table_0,PMC3458233_table_0.xml,True,medium,52,52,26,0,14.93424,26,,,,
unmerged,PMC2960665_table_1,PMC2960665_table_1.xml,False,small,16,16,16,14,12.816725,16,,,,
unmerged,PMC4532480_table_0,PMC4532480_table_0.xml,True,large,189,161,160,152,129.224995,160,,,,
unmerged,PMC4493016_table_0,PMC4493016_table_0.xml,False,small,18,18,18,18,15.435236,18,,,,
unmerged,PMC6157679_table_1,PMC6157679_table_1.xml,True,medium,60,62,59,58,51.967955,59,,,,
unmerged,PMC5691681_table_2,PMC5691681_table_2.xml,True,large,224,135,100,48,69.647526,100,,,,
unmerged,PMC4927609_table_3,PMC4927609_table_3.xml,True,large,273,252,243,195,188.569095,243,,,,
unmerged,PMC6123690_table_2,PMC6123690_table_2.xml,False,medium,40,40,40,40,35.335423,40,,,,
unmerged,PMC6014042_table_1,PMC6014042_table_1.xml,False,small,24,25,22,21,19.07904,22,,,,
unmerged,PMC3561275_table_1,PMC3561275_table_1.xml,True,large,105,105,105,76,81.062449,105,,,,
unmerged,PMC3068096_table_1,PMC3068096_table_1.xml,True,large,150,144,141,139,113.509475,141,,,,
unmerged,PMC4977724_table_0,PMC4977724_table_0.xml,False,medium,48,48,48,48,42.26357,48,,,,
unmerged,PMC3006930_table_2,PMC3006930_table_2.xml,False,large,182,179,178,175,152.919044,178,,,,
unmerged,PMC5687736_table_1,PMC5687736_table_1.xml,False,large,128,128,128,128,108.848344,128,,,,
unmerged,PMC4859819_table_0,PMC4859819_table_0.xml,False,medium,72,121,30,8,19.653707,30,,,,
unmerged,PMC4994281_table_1,PMC4994281_table_1.xml,True,large,270,264,262,194,200.947967,262,,,,
unmerged,PMC3118226_table_0,PMC3118226_table_0.xml,False,small,6,6,6,6,5.257686,6,,,,
unmerged,PMC4792838_table_1,PMC4792838_table_1.xml,False,small,21,21,21,21,19.65242,21,,,,
unmerged,PMC6102227_table_1,PMC6102227_table_1.xml,False,medium,39,39,39,39,32.765179,39,,,,
unmerged,PMC4395286_table_0,PMC4395286_table_0.xml,True,large,120,115,115,110,103.004213,115,,,,
unmerged,PMC3472980_table_1,PMC3472980_table_1.xml,True,medium,55,55,55,44,43.446443,55,,,,
unmerged,PMC2657164_table_3,PMC2657164_table_3.xml,True,medium,60,60,60,60,49.533244,60,,,,
unmerged,PMC2657164_table_1,PMC2657164_table_1.xml,False,small,12,12,12,12,11.052688,12,,,,
unmerged,PMC5794930_table_3,PMC5794930_table_3.xml,True,medium,36,30,27,3,17.243992,27,,,,
unmerged,PMC5736711_table_0,PMC5736711_table_0.xml,True,large,84,80,77,28,56.3793,77,,,,
unmerged,PMC3410850_table_0,PMC3410850_table_0.xml,True,medium,42,42,42,42,34.444346,42,,,,
unmerged,PMC4545860_table_2,PMC4545860_table_2.xml,True,medium,56,52,46,35,36.496336,46,,,,
unmerged,PMC3161945_table_0,PMC3161945_table_0.xml,False,large,95,95,95,95,85.993682,95,,,,
unmerged,PMC2902016_table_2,PMC2902016_table_2.xml,True,small,24,24,24,24,20.104389,24,,,,
unmerged,PMC2913847_table_0,PMC2913847_table_0.xml,True,small,28,18,13,11,11.330885,13,,,,
unmerged,PMC2841116_table_3,PMC2841116_table_3.xml,False,medium,42,29,26,26,23.702245,26,,,,
unmerged,PMC6031750_table_0,PMC6031750_table_0.xml,True,large,93,91,91,90,78.951092,91,,,,
unmerged,PMC5821324_table_5,PMC5821324_table_5.xml,True,large,120,111,108,103,89.507955,108,,,,
unmerged,PMC2438356_table_0,PMC2438356_table_0.xml,False,small,35,35,35,35,31.104218,35,,,,
unmerged,PMC3660345_table_2,PMC3660345_table_2.xml,True,large,90,87,69,49,53.399614,69,,,,
unmerged,PMC5714431_table_3,PMC5714431_table_3.xml,True,small,14,7,7,0,4.777298,7,,,,
unmerged,PMC4785635_table_1,PMC4785635_table_1.xml,True,large,84,86,78,59,61.786988,78,,,,
unmerged,PMC4862230_table_0,PMC4862230_table_0.xml,True,large,88,81,54,13,35.652593,54,,,,
unmerged,PMC4460269_table_1,PMC4460269_table_1.xml,True,large,84,113,80,53,61.622264,80,,,,
unmerged,PMC6005562_table_1,PMC6005562_table_1.xml,False,small,21,21,21,20,16.726732,21,,,,
unmerged,PMC6106174_table_2,PMC6106174_table_2.xml,False,small,9,9,9,9,8.208029,9,,,,
unmerged,PMC3475661_table_1,PMC3475661_table_1.xml,True,medium,36,32,30,30,25.310105,30,,,,
unmerged,PMC1483835_table_2,PMC1483835_table_2.xml,True,large,215,214,214,174,172.255435,214,,,,
unmerged,PMC5679774_table_0,PMC5679774_table_0.xml,False,medium,40,40,16,0,9.475266,16,,,,
unmerged,PMC6214199_table_5,PMC6214199_table_5.xml,True,medium,75,71,69,69,58.115988,69,,,,
unmerged,PMC3640038_table_0,PMC3640038_table_0.xml,False,small,22,22,22,22,19.030299,22,,,,
unmerged,PMC2636893_table_0,PMC2636893_table_0.xml,True,large,126,105,105,84,80.226623,105,,,,
unmerged,PMC2687455_table_3,PMC2687455_table_3.xml,False,small,16,28,7,3,4.950986,7,,,,
unmerged,PMC6154954_table_2,PMC6154954_table_2.xml,False,medium,52,52,52,52,47.808682,52,,,,
unmerged,PMC2960152_table_0,PMC2960152_table_0.xml,False,small,20,21,19,0,12.381243,19,,,,
unmerged,PMC4937426_table_0,PMC4937426_table_0.xml,True,large,124,119,118,117,102.2777,118,,,,
unmerged,PMC3284429_table_0,PMC3284429_table_0.xml,False,medium,45,45,45,45,39.672882,45,,,,
unmerged,PMC3566098_table_3,PMC3566098_table_3.xml,False,small,35,35,35,35,29.009032,35,,,,
unmerged,PMC4751569_table_0,PMC4751569_table_0.xml,False,small,18,18,18,13,14.237884,18,,,,
unmerged,PMC3473241_table_6,PMC3473241_table_6.xml,True,medium,40,35,35,35,31.643702,35,,,,
unmerged,PMC4596371_table_0,PMC4596371_table_0.xml,True,medium,36,30,28,26,22.845333,28,,,,
unmerged,PMC3665576_table_0,PMC3665576_table_0.xml,True,large,160,148,147,142,120.027469,147,,,,
unmerged,PMC3614829_table_1,PMC3614829_table_1.xml,False,medium,60,60,60,60,56.709781,60,,,,
unmerged,PMC3530428_table_3,PMC3530428_table_3.xml,True,medium,60,60,60,60,53.645442,60,,,,
unmerged,PMC4607371_table_0,PMC4607371_table_0.xml,False,large,192,192,192,192,158.692831,192,,,,
unmerged,PMC2872307_table_0,PMC2872307_table_0.xml,False,small,12,4,2,2,1.963201,2,,,,
unmerged,PMC4529114_table_2,PMC4529114_table_2.xml,False,small,30,30,30,30,27.204247,30,,,,
unmerged,PMC3184264_table_5,PMC3184264_table_5.xml,False,small,12,25,6,4,4.644741,6,,,,
unmerged,PMC6234267_table_5,PMC6234267_table_5.xml,True,small,20,19,18,10,12.880228,18,,,,
unmerged,PMC5019196_table_0,PMC5019196_table_0.xml,False,small,34,35,34,32,27.655178,34,,,,
unmerged,PMC5061843_table_0,PMC5061843_table_0.xml,False,medium,48,51,42,41,35.069107,42,,,,
unmerged,PMC3689045_table_0,PMC3689045_table_0.xml,True,small,28,28,28,28,26.697345,28,,,,
unmerged,PMC6070681_table_0,PMC6070681_table_0.xml,True,medium,60,57,53,6,30.245864,53,,,,
unmerged,PMC2674447_table_2,PMC2674447_table_2.xml,True,large,114,115,114,114,102.164301,114,,,,
unmerged,PMC4902088_table_0,PMC4902088_table_0.xml,False,medium,49,49,49,49,45.183275,49,,,,
unmerged,PMC4807184_table_0,PMC4807184_table_0.xml,False,medium,45,50,43,40,38.31078,43,,,,
unmerged,PMC4832563_table_4,PMC4832563_table_4.xml,True,large,208,176,158,80,117.986017,158,,,,
unmerged,PMC2886951_table_0,PMC2886951_table_0.xml,True,small,20,25,15,7,10.619802,15,,,,
unmerged,PMC3334773_table_2,PMC3334773_table_2.xml,True,medium,64,68,64,58,56.177455,64,,,,
unmerged,PMC6201959_table_1,PMC6201959_table_1.xml,True,large,228,212,210,210,175.732132,210,,,,
unmerged,PMC3393902_table_0,PMC3393902_table_0.xml,False,large,110,110,110,110,90.916338,110,,,,
unmerged,PMC3504360_table_0,PMC3504360_table_0.xml,False,small,30,30,30,30,27.979027,30,,,,
unmerged,PMC4517507_table_3,PMC4517507_table_3.xml,True,large,104,99,99,98,88.307099,99,,,,
unmerged,PMC5138191_table_1,PMC5138191_table_1.xml,True,medium,54,53,51,51,43.506104,51,,,,
unmerged,PMC2727484_table_2,PMC2727484_table_2.xml,False,medium,36,36,36,36,30.865057,36,,,,
unmerged,PMC3263730_table_1,PMC3263730_table_1.xml,False,medium,40,40,40,40,33.644106,40,,,,
unmerged,PMC5873778_table_2,PMC5873778_table_2.xml,False,medium,44,44,44,44,35.495466,44,,,,
unmerged,PMC4454883_table_3,PMC4454883_table_3.xml,True,large,108,109,107,106,92.63087,107,,,,
unmerged,PMC4468092_table_4,PMC4468092_table_4.xml,False,small,24,24,24,22,20.655698,24,,,,
unmerged,PMC5988018_table_1,PMC5988018_table_1.xml,True,large,128,127,127,124,105.381288,127,,,,
unmerged,PMC2519138_table_0,PMC2519138_table_0.xml,False,small,20,24,19,16,16.594988,19,,,,
unmerged,PMC6016946_table_1,PMC6016946_table_1.xml,True,large,168,168,168,168,138.241544,168,,,,
unmerged,PMC2699215_table_4,PMC2699215_table_4.xml,False,large,204,204,204,12,136.667696,204,,,,
unmerged,PMC3410290_table_4,PMC3410290_table_4.xml,True,small,30,30,15,1,10.79271,15,,,,
unmerged,PMC2375120_table_2,PMC2375120_table_2.xml,True,medium,42,38,36,35,32.976277,36,,,,
unmerged,PMC3338385_table_1,PMC3338385_table_1.xml,False,small,24,24,24,24,20.348261,24,,,,
unmerged,PMC3050351_table_1,PMC3050351_table_1.xml,False,large,168,167,167,167,142.101265,167,,,,
unmerged,PMC4519871_table_0,PMC4519871_table_0.xml,True,medium,54,64,36,28,29.073322,36,,,,
unmerged,PMC3281019_table_1,PMC3281019_table_1.xml,True,large,80,80,80,80,66.093706,80,,,,
unmerged,PMC6145148_table_0,PMC6145148_table_0.xml,False,small,20,21,17,16,14.325996,17,,,,
unmerged,PMC2977678_table_0,PMC2977678_table_0.xml,False,small,22,23,21,0,12.831842,21,,,,
unmerged,PMC4954877_table_0,PMC4954877_table_0.xml,True,small,30,26,25,25,23.312812,25,,,,
unmerged,PMC2289812_table_1,PMC2289812_table_1.xml,True,small,35,30,28,27,25.079141,28,,,,
unmerged,PMC3665813_table_0,PMC3665813_table_0.xml,False,small,32,32,32,32,29.75128,32,,,,
unmerged,PMC5751690_table_0,PMC5751690_table_0.xml,False,small,20,20,20,4,12.6275,20,,,,
unmerged,PMC3050935_table_0,PMC3050935_table_0.xml,False,large,198,198,198,193,159.036584,198,,,,
unmerged,PMC4936287_table_3,PMC4936287_table_3.xml,True,large,210,175,139,99,108.911671,139,,,,
unmerged,PMC3519782_table_3,PMC3519782_table_3.xml,True,medium,44,43,42,42,33.748455,42,,,,
unmerged,PMC2579308_table_6,PMC2579308_table_6.xml,True,large,184,194,176,158,146.083001,176,,,,
unmerged,PMC4933999_table_6,PMC4933999_table_6.xml,True,large,225,213,202,140,154.582415,202,,,,
unmerged,PMC6013434_table_1,PMC6013434_table_1.xml,True,medium,72,63,60,11,43.147681,60,,,,
unmerged,PMC2483440_table_2,PMC2483440_table_2.xml,False,medium,44,44,44,44,39.709764,44,,,,
unmerged,PMC2921397_table_0,PMC2921397_table_0.xml,False,small,15,15,15,15,13.737484,15,,,,
unmerged,PMC4579500_table_1,PMC4579500_table_1.xml,True,large,120,120,120,120,109.725938,120,,,,
unmerged,PMC5084147_table_6,PMC5084147_table_6.xml,False,medium,66,61,61,60,52.309356,61,,,,
unmerged,PMC4929101_table_2,PMC4929101_table_2.xml,True,large,90,87,66,13,41.657976,66,,,,
unmerged,PMC6086995_table_0,PMC6086995_table_0.xml,False,small,12,12,12,12,10.969189,12,,,,
unmerged,PMC3001694_table_2,PMC3001694_table_2.xml,True,medium,40,38,38,36,33.860831,38,,,,
unmerged,PMC5669531_table_7,PMC5669531_table_7.xml,True,small,30,26,26,22,21.751511,26,,,,
unmerged,PMC3196713_table_0,PMC3196713_table_0.xml,True,large,154,176,122,58,90.00646,122,,,,
unmerged,PMC4954645_table_0,PMC4954645_table_0.xml,True,small,25,23,22,20,18.82776,22,,,,
unmerged,PMC3481435_table_7,PMC3481435_table_7.xml,False,small,8,11,5,5,4.764096,5,,,,
unmerged,PMC2906434_table_0,PMC2906434_table_0.xml,False,small,30,30,30,22,22.87783,30,,,,
unmerged,PMC3393323_table_0,PMC3393323_table_0.xml,False,small,20,20,20,19,16.00737,20,,,,
unmerged,PMC5159879_table_0,PMC5159879_table_0.xml,True,large,336,299,299,293,251.85351,299,,,,
unmerged,PMC4855820_table_1,PMC4855820_table_1.xml,True,small,18,18,17,0,10.216298,17,,,,
unmerged,PMC4449161_table_0,PMC4449161_table_0.xml,True,large,112,112,111,105,95.008365,111,,,,
unmerged,PMC5708049_table_0,PMC5708049_table_0.xml,False,medium,36,36,36,36,32.787866,36,,,,
unmerged,PMC1410752_table_3,PMC1410752_table_3.xml,True,large,119,115,115,94,96.90482,115,,,,
unmerged,PMC6155541_table_1,PMC6155541_table_1.xml,True,large,114,114,114,102,94.739928,114,,,,
unmerged,PMC5118951_table_0,PMC5118951_table_0.xml,True,large,90,87,82,82,72.078551,82,,,,
unmerged,PMC4383577_table_8,PMC4383577_table_8.xml,True,small,35,33,32,27,26.442372,32,,,,
unmerged,PMC4619505_table_3,PMC4619505_table_3.xml,True,large,276,280,217,85,158.811655,217,,,,
unmerged,PMC3564629_table_1,PMC3564629_table_1.xml,False,medium,45,45,43,43,35.726755,43,,,,
unmerged,PMC3203352_table_2,PMC3203352_table_2.xml,False,large,110,217,0,0,0,0,,,,
unmerged,PMC4449525_table_0,PMC4449525_table_0.xml,True,medium,40,38,37,36,32.89485,37,,,,
unmerged,PMC5706603_table_0,PMC5706603_table_0.xml,False,medium,48,48,48,48,43.400326,48,,,,
unmerged,PMC4891946_table_0,PMC4891946_table_0.xml,True,medium,70,67,65,49,54.716112,65,,,,
unmerged,PMC4942061_table_1,PMC4942061_table_1.xml,True,large,185,185,185,37,119.472792,185,,,,
unmerged,PMC2268657_table_0,PMC2268657_table_0.xml,False,small,4,4,4,4,3.64397,4,,,,
unmerged,PMC2648792_table_0,PMC2648792_table_0.xml,True,medium,39,36,35,35,32.099414,35,,,,
unmerged,PMC2970127_table_0,PMC2970127_table_0.xml,False,large,165,165,165,7,103.481135,165,,,,
unmerged,PMC2977268_table_0,PMC2977268_table_0.xml,False,small,15,18,15,12,11.732592,15,,,,
unmerged,PMC5041273_table_10,PMC5041273_table_10.xml,False,small,18,18,18,18,16.203571,18,,,,
unmerged,PMC4605644_table_1,PMC4605644_table_1.xml,True,large,132,132,132,132,105.041753,132,,,,
unmerged,PMC3553054_table_0,PMC3553054_table_0.xml,True,small,32,27,24,17,18.536447,24,,,,
unmerged,PMC4862985_table_0,PMC4862985_table_0.xml,True,medium,48,50,48,48,43.106552,48,,,,
unmerged,PMC2979585_table_2,PMC2979585_table_2.xml,False,large,140,140,140,140,119.551142,140,,,,
unmerged,PMC2335306_table_1,PMC2335306_table_1.xml,True,medium,51,51,50,50,44.44144,50,,,,
unmerged,PMC2930843_table_5,PMC2930843_table_5.xml,True,large,192,192,192,192,156.54294,192,,,,
unmerged,PMC4366389_table_1,PMC4366389_table_1.xml,True,medium,65,60,55,55,47.177348,55,,,,
unmerged,PMC4904362_table_3,PMC4904362_table_3.xml,False,small,14,14,10,10,9.712247,10,,,,
unmerged,PMC3354558_table_0,PMC3354558_table_0.xml,False,small,14,14,14,7,10.726493,14,,,,
unmerged,PMC5713137_table_1,PMC5713137_table_1.xml,False,medium,64,64,64,64,60.25714,64,,,,
unmerged,PMC5663065_table_0,PMC5663065_table_0.xml,True,medium,56,93,29,8,20.976602,29,,,,
unmerged,PMC5719293_table_1,PMC5719293_table_1.xml,True,large,126,130,126,126,105.697744,126,,,,
unmerged,PMC4971541_table_1,PMC4971541_table_1.xml,True,large,117,175,83,29,58.567935,83,,,,
unmerged,PMC6185718_table_1,PMC6185718_table_1.xml,True,medium,57,57,57,57,51.072775,57,,,,
unmerged,PMC5000650_table_0,PMC5000650_table_0.xml,False,small,33,33,33,33,30.728881,33,,,,
unmerged,PMC2918559_table_0,PMC2918559_table_0.xml,True,large,405,293,285,130,206.127798,285,,,,
unmerged,PMC3050235_table_2,PMC3050235_table_2.xml,False,small,15,15,14,8,10.281164,14,,,,
unmerged,PMC2973956_table_3,PMC2973956_table_3.xml,True,large,160,155,154,146,122.619004,154,,,,
unmerged,PMC3544610_table_2,PMC3544610_table_2.xml,True,large,299,290,290,206,222.405667,290,,,,
unmerged,PMC5756247_table_0,PMC5756247_table_0.xml,False,small,15,15,15,15,14.267204,15,,,,
unmerged,PMC5789837_table_1,PMC5789837_table_1.xml,True,small,30,23,20,6,14.328978,20,,,,
unmerged,PMC6201453_table_0,PMC6201453_table_0.xml,True,large,148,145,143,139,116.06673,143,,,,
unmerged,PMC6407848_table_0,PMC6407848_table_0.xml,False,medium,63,63,63,63,51.116701,63,,,,
unmerged,PMC4620384_table_4,PMC4620384_table_4.xml,True,large,98,76,71,70,61.644597,71,,,,
unmerged,PMC3580279_table_1,PMC3580279_table_1.xml,True,medium,48,56,41,37,36.946024,41,,,,
unmerged,PMC4890739_table_0,PMC4890739_table_0.xml,True,medium,46,46,46,46,42.960492,46,,,,
unmerged,PMC4394126_table_0,PMC4394126_table_0.xml,True,large,90,47,33,16,23.578076,33,,,,
unmerged,PMC5953945_table_1,PMC5953945_table_1.xml,False,medium,36,36,36,18,27.64597,36,,,,
unmerged,PMC3196731_table_0,PMC3196731_table_0.xml,False,medium,36,36,36,36,33.538747,36,,,,
unmerged,PMC2808329_table_3,PMC2808329_table_3.xml,True,large,204,202,200,167,155.978919,200,,,,
unmerged,PMC4613226_table_3,PMC4613226_table_3.xml,True,medium,60,53,50,49,42.302121,50,,,,
unmerged,PMC4937061_table_0,PMC4937061_table_0.xml,False,small,25,25,25,25,22.269416,25,,,,
unmerged,PMC5706411_table_1,PMC5706411_table_1.xml,True,small,20,15,14,11,11.690967,14,,,,
unmerged,PMC3270112_table_0,PMC3270112_table_0.xml,True,large,84,84,84,84,71.161357,84,,,,
unmerged,PMC5966247_table_0,PMC5966247_table_0.xml,True,small,21,21,21,21,18.716466,21,,,,
unmerged,PMC1079941_table_1,PMC1079941_table_1.xml,False,small,12,11,11,11,10.362131,11,,,,
unmerged,PMC5783415_table_0,PMC5783415_table_0.xml,False,small,18,18,18,18,15.731489,18,,,,
unmerged,PMC4943500_table_2,PMC4943500_table_2.xml,True,medium,48,44,43,43,36.620926,43,,,,
unmerged,PMC6048769_table_3,PMC6048769_table_3.xml,True,large,96,82,80,76,69.344986,80,,,,
unmerged,PMC4845358_table_0,PMC4845358_table_0.xml,True,large,110,110,110,109,95.939965,110,,,,
unmerged,PMC4594643_table_2,PMC4594643_table_2.xml,False,large,93,93,93,55,69.517698,93,,,,
unmerged,PMC5956831_table_0,PMC5956831_table_0.xml,True,large,203,201,201,200,167.25487,201,,,,
unmerged,PMC6036804_table_0,PMC6036804_table_0.xml,True,small,27,22,21,21,19.704889,21,,,,
unmerged,PMC3362811_table_1,PMC3362811_table_1.xml,False,medium,42,42,42,42,35.465199,42,,,,
unmerged,PMC5823412_table_4,PMC5823412_table_4.xml,False,medium,63,61,61,56,54.030077,61,,,,
unmerged,PMC5850630_table_0,PMC5850630_table_0.xml,True,medium,70,71,62,6,41.584686,62,,,,
unmerged,PMC2700793_table_0,PMC2700793_table_0.xml,True,medium,65,64,64,63,53.789648,64,,,,
unmerged,PMC4819911_table_0,PMC4819911_table_0.xml,False,medium,68,68,68,68,59.490745,68,,,,
unmerged,PMC5862453_table_0,PMC5862453_table_0.xml,False,large,132,130,130,130,107.735882,130,,,,
unmerged,PMC4521701_table_3,PMC4521701_table_3.xml,False,large,110,110,110,94,87.677136,110,,,,
unmerged,PMC6127189_table_0,PMC6127189_table_0.xml,False,large,105,105,105,41,77.534844,105,,,,
unmerged,PMC4751540_table_1,PMC4751540_table_1.xml,True,large,144,140,139,139,120.962639,139,,,,
unmerged,PMC3145568_table_0,PMC3145568_table_0.xml,False,small,18,18,18,18,16.862321,18,,,,
unmerged,PMC3091650_table_2,PMC3091650_table_2.xml,False,large,132,151,122,75,95.059792,122,,,,
unmerged,PMC3413447_table_1,PMC3413447_table_1.xml,False,large,212,173,148,129,116.225049,148,,,,
unmerged,PMC4976786_table_0,PMC4976786_table_0.xml,False,medium,40,40,40,40,36.825658,40,,,,
unmerged,PMC4596811_table_0,PMC4596811_table_0.xml,False,small,20,20,20,20,18.055511,20,,,,
unmerged,PMC5861386_table_3,PMC5861386_table_3.xml,True,large,95,95,95,95,79.896318,95,,,,
unmerged,PMC3475240_table_0,PMC3475240_table_0.xml,True,small,27,25,25,23,21.978979,25,,,,
unmerged,PMC4556713_table_1,PMC4556713_table_1.xml,False,large,84,84,84,84,70.776491,84,,,,
unmerged,PMC6166923_table_0,PMC6166923_table_0.xml,True,medium,57,57,57,0,36.756507,57,,,,
unmerged,PMC3022877_table_0,PMC3022877_table_0.xml,False,small,27,27,24,24,22.376942,24,,,,
unmerged,PMC5073877_table_1,PMC5073877_table_1.xml,True,small,21,24,21,18,18.985116,21,,,,
unmerged,PMC5797103_table_1,PMC5797103_table_1.xml,True,medium,56,53,50,25,36.234062,50,,,,
unmerged,PMC4373880_table_6,PMC4373880_table_6.xml,True,large,126,122,120,120,101.085183,120,,,,
unmerged,PMC5966432_table_1,PMC5966432_table_1.xml,False,medium,60,60,60,53,48.963724,60,,,,
unmerged,PMC4395329_table_3,PMC4395329_table_3.xml,True,medium,40,40,40,39,32.233772,40,,,,
unmerged,PMC6206003_table_0,PMC6206003_table_0.xml,True,large,104,98,98,32,70.916124,98,,,,
unmerged,PMC4618517_table_0,PMC4618517_table_0.xml,True,large,162,111,105,80,85.755745,105,,,,
unmerged,PMC6225686_table_3,PMC6225686_table_3.xml,True,large,203,178,142,24,96.238827,142,,,,
unmerged,PMC4412091_table_0,PMC4412091_table_0.xml,False,small,15,15,15,15,11.999257,15,,,,
unmerged,PMC5745705_table_1,PMC5745705_table_1.xml,False,small,32,32,32,32,26.798327,32,,,,
unmerged,PMC4942899_table_1,PMC4942899_table_1.xml,True,large,112,150,85,75,67.119836,85,,,,
unmerged,PMC2547107_table_1,PMC2547107_table_1.xml,False,small,21,21,21,21,20.02627,21,,,,
unmerged,PMC3542813_table_1,PMC3542813_table_1.xml,False,small,12,12,12,12,10.649368,12,,,,
unmerged,PMC3212515_table_1,PMC3212515_table_1.xml,True,small,28,28,28,28,24.910318,28,,,,
unmerged,PMC5879732_table_1,PMC5879732_table_1.xml,False,small,16,16,15,15,13.490714,15,,,,
unmerged,PMC2917353_table_0,PMC2917353_table_0.xml,True,medium,44,44,44,44,38.223906,44,,,,
unmerged,PMC5807332_table_2,PMC5807332_table_2.xml,False,small,24,24,24,8,17.899878,24,,,,
unmerged,PMC3508804_table_1,PMC3508804_table_1.xml,False,small,16,15,15,15,13.689385,15,,,,
unmerged,PMC4503601_table_0,PMC4503601_table_0.xml,False,large,168,168,168,168,140.437627,168,,,,
unmerged,PMC3103460_table_2,PMC3103460_table_2.xml,True,large,190,185,173,156,143.285771,173,,,,
unmerged,PMC3053211_table_0,PMC3053211_table_0.xml,True,small,18,18,9,0,5.526041,9,,,,
unmerged,PMC2748088_table_1,PMC2748088_table_1.xml,True,small,30,26,26,25,22.355976,26,,,,
unmerged,PMC3022907_table_1,PMC3022907_table_1.xml,True,large,81,74,68,68,56.520198,68,,,,
unmerged,PMC3018458_table_1,PMC3018458_table_1.xml,False,large,132,132,132,132,106.77605,132,,,,
unmerged,PMC4415830_table_0,PMC4415830_table_0.xml,False,small,15,14,14,14,12.325419,14,,,,
unmerged,PMC1559685_table_6,PMC1559685_table_6.xml,True,medium,48,46,46,45,38.701073,46,,,,
unmerged,PMC3475064_table_3,PMC3475064_table_3.xml,False,small,28,28,28,28,23.849352,28,,,,
unmerged,PMC1382198_table_0,PMC1382198_table_0.xml,True,small,30,31,29,28,26.340604,29,,,,
unmerged,PMC3196697_table_1,PMC3196697_table_1.xml,True,medium,72,68,68,49,53.415231,68,,,,
unmerged,PMC2914705_table_0,PMC2914705_table_0.xml,False,medium,48,48,48,47,43.300721,48,,,,
unmerged,PMC4842766_table_0,PMC4842766_table_0.xml,False,small,12,12,12,12,10.844617,12,,,,
unmerged,PMC2577669_table_2,PMC2577669_table_2.xml,False,small,24,24,24,24,23.192963,24,,,,
unmerged,PMC6530250_table_0,PMC6530250_table_0.xml,False,medium,50,45,45,45,39.159438,45,,,,
unmerged,PMC4631460_table_0,PMC4631460_table_0.xml,True,small,30,30,30,30,25.742062,30,,,,
unmerged,PMC3308190_table_2,PMC3308190_table_2.xml,True,medium,54,92,11,9,8.413564,11,,,,
unmerged,PMC4445912_table_1,PMC4445912_table_1.xml,False,medium,48,48,48,48,42.812756,48,,,,
unmerged,PMC3238873_table_0,PMC3238873_table_0.xml,False,small,20,20,20,0,12.697654,20,,,,
unmerged,PMC3553130_table_1,PMC3553130_table_1.xml,True,large,84,91,63,53,51.711047,63,,,,
unmerged,PMC5836569_table_2,PMC5836569_table_2.xml,False,large,84,84,84,84,75.842945,84,,,,
unmerged,PMC3671805_table_0,PMC3671805_table_0.xml,False,large,99,108,90,24,65.551472,90,,,,
unmerged,PMC4446329_table_7,PMC4446329_table_7.xml,False,small,21,21,21,21,19.050546,21,,,,
unmerged,PMC3441624_table_0,PMC3441624_table_0.xml,True,medium,54,51,51,51,41.221619,51,,,,
unmerged,PMC4412628_table_0,PMC4412628_table_0.xml,True,large,170,172,169,51,122.367179,169,,,,
unmerged,PMC5756554_table_0,PMC5756554_table_0.xml,False,medium,52,52,52,52,47.510367,52,,,,
unmerged,PMC2961470_table_3,PMC2961470_table_3.xml,False,large,112,112,112,112,97.879552,112,,,,
unmerged,PMC4569344_table_3,PMC4569344_table_3.xml,True,large,130,122,118,118,96.947843,118,,,,
unmerged,PMC1182365_table_5,PMC1182365_table_5.xml,False,medium,65,68,61,60,54.217305,61,,,,
unmerged,PMC4676750_table_1,PMC4676750_table_1.xml,True,large,125,123,122,117,104.529094,122,,,,
unmerged,PMC2969532_table_0,PMC2969532_table_0.xml,False,small,20,21,19,0,11.905534,19,,,,
unmerged,PMC3639066_table_1,PMC3639066_table_1.xml,True,small,35,30,29,29,23.756539,29,,,,
unmerged,PMC4618529_table_2,PMC4618529_table_2.xml,False,medium,72,71,71,71,64.325718,71,,,,
unmerged,PMC5788579_table_0,PMC5788579_table_0.xml,True,large,120,109,108,107,95.251695,108,,,,
unmerged,PMC3362578_table_1,PMC3362578_table_1.xml,True,medium,42,42,41,41,38.612437,41,,,,
unmerged,PMC2979770_table_2,PMC2979770_table_2.xml,False,large,133,133,133,133,114.441996,133,,,,
unmerged,PMC6060226_table_0,PMC6060226_table_0.xml,False,small,15,15,15,13,13.341365,15,,,,
unmerged,PMC5681566_table_0,PMC5681566_table_0.xml,True,large,264,248,245,147,187.143479,245,,,,
unmerged,PMC6102900_table_3,PMC6102900_table_3.xml,True,medium,54,67,42,38,36.012682,42,,,,
unmerged,PMC3397488_table_0,PMC3397488_table_0.xml,False,large,143,143,141,141,117.702389,141,,,,
unmerged,PMC4376517_table_1,PMC4376517_table_1.xml,False,medium,66,66,66,46,51.559224,66,,,,
unmerged,PMC1458958_table_0,PMC1458958_table_0.xml,True,large,126,140,124,114,102.276568,124,,,,
unmerged,PMC3679988_table_0,PMC3679988_table_0.xml,True,large,175,128,96,53,70.050204,96,,,,
unmerged,PMC4648506_table_1,PMC4648506_table_1.xml,True,small,35,35,35,35,29.784161,35,,,,
unmerged,PMC4714838_table_0,PMC4714838_table_0.xml,True,medium,75,75,75,75,66.922437,75,,,,
unmerged,PMC2916003_table_1,PMC2916003_table_1.xml,True,large,207,221,204,127,154.123054,204,,,,
unmerged,PMC3009153_table_2,PMC3009153_table_2.xml,False,small,18,20,16,16,14.729639,16,,,,
unmerged,PMC5954896_table_0,PMC5954896_table_0.xml,False,large,90,90,90,90,80.82946,90,,,,
unmerged,PMC4965463_table_0,PMC4965463_table_0.xml,True,medium,36,31,30,25,26.526095,30,,,,
unmerged,PMC6099994_table_0,PMC6099994_table_0.xml,True,small,30,25,25,21,21.433329,25,,,,
unmerged,PMC2585574_table_0,PMC2585574_table_0.xml,True,medium,70,67,65,64,61.49292,65,,,,
unmerged,PMC5691082_table_0,PMC5691082_table_0.xml,True,large,108,106,105,1,66.812706,105,,,,
unmerged,PMC2979697_table_0,PMC2979697_table_0.xml,False,small,16,18,14,14,12.029867,14,,,,
