variant,table_id,xml,has_span,size_band,gt_cells,pred_cells,tp@0.50,tp@0.75,iou_sum_matched@0.50,n_matched@0.50,gt_spanning,gt_plain,tp_spanning,tp_plain
merged,PMC4557484_table_1,PMC4557484_table_1.xml,False,small,24,24,24,23,19.578802,24,0,24,0,24
merged,PMC3220646_table_2,PMC3220646_table_2.xml,False,medium,49,45,42,39,36.784931,42,0,49,0,42
merged,PMC4830095_table_0,PMC4830095_table_0.xml,False,small,24,24,24,24,21.792317,24,0,24,0,24
merged,PMC4871359_table_2,PMC4871359_table_2.xml,True,medium,69,69,69,69,57.885144,69,8,61,8,61
merged,PMC3551747_table_3,PMC3551747_table_3.xml,True,large,213,226,210,132,158.35291,210,7,206,4,206
merged,PMC4603756_table_2,PMC4603756_table_2.xml,True,large,167,213,162,148,128.686866,162,9,158,4,158
merged,PMC4476686_table_3,PMC4476686_table_3.xml,True,medium,66,66,66,66,54.903764,66,4,62,4,62
merged,PMC3200184_table_1,PMC3200184_table_1.xml,False,small,28,28,28,28,23.940644,28,0,28,0,28
merged,PMC5801397_table_1,PMC5801397_table_1.xml,False,small,20,15,15,15,14.055532,15,0,20,0,15
merged,PMC2174452_table_0,PMC2174452_table_0.xml,True,large,105,57,55,54,47.198789,55,9,96,9,46
merged,PMC2979471_table_0,PMC2979471_table_0.xml,False,small,18,18,18,0,11.632123,18,0,18,0,18
merged,PMC4661520_table_0,PMC4661520_table_0.xml,False,large,246,250,243,95,183.595761,243,0,246,0,243
merged,PMC2585558_table_0,PMC2585558_table_0.xml,True,large,77,90,27,12,19.234974,27,7,70,4,23
merged,PMC4462139_table_1,PMC4462139_table_1.xml,False,medium,42,42,42,32,34.579468,42,0,42,0,42
merged,PMC3626709_table_3,PMC3626709_table_3.xml,True,large,70,85,63,57,51.724548,63,6,64,0,63
merged,PMC3353967_table_0,PMC3353967_table_0.xml,True,small,17,17,16,15,13.475281,16,1,16,1,15
merged,PMC3091531_table_0,PMC3091531_table_0.xml,False,large,114,114,114,114,95.921059,114,0,114,0,114
merged,PMC5859532_table_0,PMC5859532_table_0.xml,True,large,98,79,68,53,56.212225,68,48,50,43,25
merged,PMC4950718_table_3,PMC4950718_table_3.xml,True,large,96,75,43,43,39.632674,43,10,86,2,41
merged,PMC6069772_table_0,PMC6069772_table_0.xml,True,small,19,20,18,15,16.009748,18,3,16,3,15
merged,PMC1488876_table_0,PMC1488876_table_0.xml,False,medium,36,36,36,36,31.986853,36,0,36,0,36
merged,PMC6107733_table_3,PMC6107733_table_3.xml,False,small,6,3,3,3,2.529674,3,0,6,0,3
merged,PMC3391175_table_3,PMC3391175_table_3.xml,False,large,96,96,96,96,85.103663,96,0,96,0,96
merged,PMC2969096_table_2,PMC2969096_table_2.xml,False,small,16,17,15,6,10.92104,15,0,16,0,15
merged,PMC2954184_table_0,PMC2954184_table_0.xml,False,medium,36,36,36,36,29.785698,36,0,36,0,36
merged,PMC2577639_table_0,PMC2577639_table_0.xml,False,medium,72,72,72,72,59.460483,72,0,72,0,72
merged,PMC4748054_table_0,PMC4748054_table_0.xml,False,small,28,28,28,28,27.130487,28,0,28,0,28
merged,PMC5895719_table_0,PMC5895719_table_0.xml,False,small,22,15,15,15,13.814913,15,0,22,0,15
merged,PMC2886070_table_1,PMC2886070_table_1.xml,True,medium,52,33,25,19,20.087662,25,6,46,4,21
merged,PMC5098732_table_3,PMC5098732_table_3.xml,True,medium,36,39,22,0,13.221898,22,3,33,0,22
merged,PMC4650654_table_2,PMC4650654_table_2.xml,True,large,94,96,93,93,84.467962,93,1,93,0,93
merged,PMC4819383_table_0,PMC4819383_table_0.xml,True,medium,49,34,30,24,25.284257,30,27,22,20,10
merged,PMC3046132_table_2,PMC3046132_table_2.xml,True,large,219,223,218,182,167.429593,218,5,214,4,214
merged,PMC2711331_table_1,PMC2711331_table_1.xml,True,large,57,81,49,49,41.122548,49,11,46,3,46
merged,PMC4609873_table_0,PMC4609873_table_0.xml,False,large,116,116,116,112,95.031599,116,0,116,0,116
merged,PMC2623298_table_1,PMC2623298_table_1.xml,True,medium,49,52,48,48,43.121053,48,1,48,0,48
merged,PMC4641688_table_0,PMC4641688_table_0.xml,True,large,117,118,117,116,102.890782,117,2,115,2,115
merged,PMC2527552_table_1,PMC2527552_table_1.xml,False,medium,52,52,52,52,45.675589,52,0,52,0,52
merged,PMC4578763_table_2,PMC4578763_table_2.xml,False,medium,40,40,40,40,34.597599,40,0,40,0,40
merged,PMC1266024_table_0,PMC1266024_table_0.xml,True,large,133,137,102,21,70.433299,102,6,127,3,99
merged,PMC5906091_table_3,PMC5906091_table_3.xml,False,medium,55,55,55,26,41.345777,55,0,55,0,55
merged,PMC5075886_table_1,PMC5075886_table_1.xml,True,medium,42,42,42,42,34.650455,42,2,40,2,40
merged,PMC3346768_table_2,PMC3346768_table_2.xml,True,medium,34,38,31,11,22.851125,31,4,30,1,30
merged,PMC6460509_table_3,PMC6460509_table_3.xml,True,medium,48,47,46,46,39.128353,46,8,40,8,38
merged,PMC4933005_table_0,PMC4933005_table_0.xml,False,small,10,8,8,8,6.969475,8,0,10,0,8
merged,PMC5745737_table_2,PMC5745737_table_2.xml,True,large,94,94,94,94,77.96011,94,4,90,4,90
merged,PMC3009352_table_3,PMC3009352_table_3.xml,False,medium,56,56,56,40,44.542166,56,0,56,0,56
merged,PMC4830067_table_0,PMC4830067_table_0.xml,True,medium,58,57,57,56,49.697995,57,3,55,3,54
merged,PMC4957341_table_0,PMC4957341_table_0.xml,False,small,33,33,33,33,28.560619,33,0,33,0,33
merged,PMC2983561_table_0,PMC2983561_table_0.xml,False,small,16,14,14,5,10.464919,14,0,16,0,14
merged,PMC2904386_table_0,PMC2904386_table_0.xml,False,small,20,20,20,20,17.523825,20,0,20,0,20
merged,PMC6126004_table_3,PMC6126004_table_3.xml,False,large,112,112,112,112,96.124858,112,0,112,0,112
merged,PMC6037082_table_1,PMC6037082_table_1.xml,True,large,347,300,300,300,243.807026,300,14,333,8,292
merged,PMC5724365_table_1,PMC5724365_table_1.xml,True,large,79,81,52,0,31.491971,52,1,78,0,52
merged,PMC3583622_table_1,PMC3583622_table_1.xml,False,large,120,107,107,81,86.931793,107,0,120,0,107
merged,PMC2678101_table_0,PMC2678101_table_0.xml,False,small,30,30,30,30,27.027191,30,0,30,0,30
merged,PMC3507873_table_2,PMC3507873_table_2.xml,False,medium,72,63,63,63,52.280225,63,0,72,0,63
merged,PMC2821402_table_0,PMC2821402_table_0.xml,False,small,9,9,9,9,7.813719,9,0,9,0,9
merged,PMC5673718_table_3,PMC5673718_table_3.xml,True,medium,41,40,40,40,36.914356,40,4,37,4,36
merged,PMC4521151_table_0,PMC4521151_table_0.xml,False,medium,63,63,63,63,56.034519,63,0,63,0,63
merged,PMC4489625_table_0,PMC4489625_table_0.xml,True,medium,35,35,35,35,31.545813,35,7,28,7,28
merged,PMC3506454_table_0,PMC3506454_table_0.xml,False,small,14,10,10,10,9.466691,10,0,14,0,10
merged,PMC2352870_table_5,PMC2352870_table_5.xml,True,large,188,137,128,91,101.571519,128,4,184,3,125
merged,PMC6131896_table_1,PMC6131896_table_1.xml,True,large,92,83,80,7,55.226846,80,8,84,1,79
merged,PMC3004931_table_0,PMC3004931_table_0.xml,False,small,16,16,16,16,14.264221,16,0,16,0,16
merged,PMC4570425_table_0,PMC4570425_table_0.xml,False,medium,48,48,48,48,42.537922,48,0,48,0,48
merged,PMC1945034_table_3,PMC1945034_table_3.xml,True,medium,60,60,57,57,49.535104,57,7,53,4,53
merged,PMC2689505_table_0,PMC2689505_table_0.xml,False,medium,64,64,64,64,58.086611,64,0,64,0,64
merged,PMC5894967_table_0,PMC5894967_table_0.xml,True,large,81,96,78,18,49.802205,78,9,72,6,72
merged,PMC3296740_table_0,PMC3296740_table_0.xml,True,medium,67,73,62,42,49.246268,62,8,59,3,59
merged,PMC2640380_table_1,PMC2640380_table_1.xml,False,small,16,16,16,16,14.971954,16,0,16,0,16
merged,PMC6034749_table_0,PMC6034749_table_0.xml,True,medium,37,49,35,35,29.66193,35,2,35,0,35
merged,PMC2830220_table_0,PMC2830220_table_0.xml,False,medium,42,42,42,42,36.566723,42,0,42,0,42
merged,PMC4706714_table_0,PMC4706714_table_0.xml,False,medium,36,36,36,36,33.219264,36,0,36,0,36
merged,PMC3022830_table_0,PMC3022830_table_0.xml,True,large,121,128,115,113,98.726895,115,8,113,5,110
merged,PMC4472718_table_3,PMC4472718_table_3.xml,True,large,140,196,72,71,60.542508,72,4,136,3,69
merged,PMC4599890_table_3,PMC4599890_table_3.xml,False,small,12,12,12,12,11.032703,12,0,12,0,12
merged,PMC3184418_table_0,PMC3184418_table_0.xml,False,small,28,28,28,9,20.503304,28,0,28,0,28
merged,PMC2529317_table_1,PMC2529317_table_1.xml,True,large,74,73,67,67,58.078501,67,7,67,6,61
merged,PMC3151975_table_1,PMC3151975_table_1.xml,False,small,16,15,13,1,9.125267,13,0,16,0,13
merged,PMC4656969_table_0,PMC4656969_table_0.xml,False,medium,49,42,35,35,32.571526,35,0,49,0,35
merged,PMC5941763_table_1,PMC5941763_table_1.xml,True,large,86,89,84,82,71.863152,84,4,82,2,82
merged,PMC4347917_table_0,PMC4347917_table_0.xml,False,medium,36,29,29,24,23.119272,29,0,36,0,29
merged,PMC2718512_table_2,PMC2718512_table_2.xml,False,large,112,112,112,112,89.630472,112,0,112,0,112
merged,PMC3588267_table_1,PMC3588267_table_1.xml,False,large,84,84,84,83,68.463922,84,0,84,0,84
merged,PMC4895272_table_4,PMC4895272_table_4.xml,False,small,24,16,16,16,13.236113,16,0,24,0,16
merged,PMC4624135_table_2,PMC4624135_table_2.xml,True,large,101,74,69,64,57.552818,69,5,96,5,64
merged,PMC3501519_table_0,PMC3501519_table_0.xml,False,large,96,96,96,96,80.10703,96,0,96,0,96
merged,PMC2741440_table_2,PMC2741440_table_2.xml,True,large,86,88,85,85,70.136788,85,11,75,10,75
merged,PMC6226465_table_2,PMC6226465_table_2.xml,False,large,84,84,84,64,63.969363,84,0,84,0,84
merged,PMC2903598_table_1,PMC2903598_table_1.xml,False,small,18,16,16,14,13.229524,16,0,18,0,16
merged,PMC4882360_table_2,PMC4882360_table_2.xml,True,medium,45,42,36,36,32.625814,36,3,42,0,36
merged,PMC4419512_table_2,PMC4419512_table_2.xml,False,medium,36,36,36,36,31.154379,36,0,36,0,36
merged,PMC1851395_table_2,PMC1851395_table_2.xml,True,large,281,294,188,17,121.52528,188,8,273,0,188
merged,PMC3686801_table_0,PMC3686801_table_0.xml,True,medium,46,23,23,1,14.009979,23,2,44,1,22
merged,PMC3036605_table_0,PMC3036605_table_0.xml,True,large,110,129,105,105,94.073818,105,5,105,0,105
merged,PMC6032104_table_0,PMC6032104_table_0.xml,False,medium,70,70,70,65,56.73354,70,0,70,0,70
merged,PMC6173411_table_0,PMC6173411_table_0.xml,False,small,25,25,25,5,16.444409,25,0,25,0,25
merged,PMC2939516_table_0,PMC2939516_table_0.xml,False,small,33,33,33,33,30.732454,33,0,33,0,33
merged,PMC5791941_table_0,PMC5791941_table_0.xml,True,large,106,108,104,104,94.031125,104,37,69,35,69
merged,PMC3064576_table_2,PMC3064576_table_2.xml,True,small,23,23,23,21,20.04505,23,3,20,3,20
merged,PMC1622761_table_1,PMC1622761_table_1.xml,False,small,12,12,12,12,11.281291,12,0,12,0,12
merged,PMC4902286_table_2,PMC4902286_table_2.xml,True,small,33,33,33,33,27.979708,33,2,31,2,31
merged,PMC3238335_table_3,PMC3238335_table_3.xml,True,large,81,87,81,72,64.275481,81,7,74,7,74
merged,PMC3072946_table_0,PMC3072946_table_0.xml,False,medium,70,70,70,70,58.906716,70,0,70,0,70
merged,PMC5068742_table_4,PMC5068742_table_4.xml,True,small,13,13,13,13,11.940967,13,2,11,2,11
merged,PMC2983272_table_1,PMC2983272_table_1.xml,False,small,12,12,12,6,9.210904,12,0,12,0,12
merged,PMC3689524_table_2,PMC3689524_table_2.xml,True,small,14,9,9,5,6.725374,9,1,13,1,8
merged,PMC3541249_table_4,PMC3541249_table_4.xml,False,small,6,6,6,6,5.871401,6,0,6,0,6
merged,PMC4871359_table_3,PMC4871359_table_3.xml,True,medium,69,69,69,69,59.962309,69,8,61,8,61
merged,PMC5956962_table_1,PMC5956962_table_1.xml,False,medium,42,42,42,42,37.274192,42,0,42,0,42
merged,PMC4629756_table_0,PMC4629756_table_0.xml,False,small,27,17,15,11,12.11615,15,0,27,0,15
merged,PMC6010860_table_1,PMC6010860_table_1.xml,True,large,131,140,119,118,110.505803,119,6,125,0,119
merged,PMC5880062_table_1,PMC5880062_table_1.xml,True,large,123,160,89,22,59.598203,89,31,92,4,85
merged,PMC2955703_table_4,PMC2955703_table_4.xml,False,medium,55,55,55,55,45.641253,55,0,55,0,55
merged,PMC4641589_table_1,PMC4641589_table_1.xml,False,medium,60,60,60,60,51.045942,60,0,60,0,60
merged,PMC4490793_table_0,PMC4490793_table_0.xml,False,small,27,27,25,25,22.821281,25,0,27,0,25
merged,PMC5081668_table_2,PMC5081668_table_2.xml,True,large,115,130,90,68,70.566916,90,11,104,1,89
merged,PMC5997944_table_5,PMC5997944_table_5.xml,False,medium,48,48,48,48,41.901433,48,0,48,0,48
merged,PMC4658139_table_0,PMC4658139_table_0.xml,False,small,21,21,21,21,19.122391,21,0,21,0,21
merged,PMC5027767_table_0,PMC5027767_table_0.xml,False,small,15,15,11,0,6.108924,11,0,15,0,11
merged,PMC6154426_table_3,PMC6154426_table_3.xml,True,small,26,16,13,9,10.360934,13,4,22,1,12
merged,PMC6100046_table_0,PMC6100046_table_0.xml,False,medium,49,49,49,49,43.552114,49,0,49,0,49
merged,PMC3164601_table_2,PMC3164601_table_2.xml,True,large,70,49,46,38,36.692947,46,6,64,5,41
merged,PMC1929151_table_0,PMC1929151_table_0.xml,False,large,135,135,135,131,108.81428,135,0,135,0,135
merged,PMC2941694_table_1,PMC2941694_table_1.xml,False,medium,48,18,18,18,16.185025,18,0,48,0,18
merged,PMC2960599_table_0,PMC2960599_table_0.xml,False,small,20,21,19,2,13.580603,19,0,20,0,19
merged,PMC3673891_table_0,PMC3673891_table_0.xml,True,medium,36,39,27,19,20.768087,27,5,31,2,25
merged,PMC3629600_table_1,PMC3629600_table_1.xml,False,small,15,15,15,11,11.683919,15,0,15,0,15
merged,PMC4853443_table_3,PMC4853443_table_3.xml,False,small,20,15,15,15,13.042676,15,0,20,0,15
merged,PMC3615965_table_1,PMC3615965_table_1.xml,False,small,24,24,24,24,21.712154,24,0,24,0,24
merged,PMC4851769_table_0,PMC4851769_table_0.xml,True,large,92,100,90,90,77.865648,90,2,90,0,90
merged,PMC4987991_table_1,PMC4987991_table_1.xml,True,small,24,30,24,21,20.677397,24,3,21,3,21
merged,PMC2959565_table_1,PMC2959565_table_1.xml,False,large,168,168,168,168,140.591837,168,0,168,0,168
merged,PMC4873261_table_3,PMC4873261_table_3.xml,True,large,200,256,192,192,163.196557,192,8,192,0,192
merged,PMC2993656_table_11,PMC2993656_table_11.xml,True,medium,57,63,57,45,44.135623,57,2,55,2,55
merged,PMC6007071_table_0,PMC6007071_table_0.xml,False,small,21,14,14,0,7.467962,14,0,21,0,14
merged,PMC3200594_table_1,PMC3200594_table_1.xml,False,small,16,15,14,6,10.60057,14,0,16,0,14
merged,PMC3247576_table_1,PMC3247576_table_1.xml,False,small,16,15,15,13,11.754146,15,0,16,0,15
merged,PMC5989356_table_4,PMC5989356_table_4.xml,True,small,13,14,13,12,11.391967,13,2,11,2,11
merged,PMC5025155_table_3,PMC5025155_table_3.xml,True,large,78,79,78,67,62.492801,78,14,64,14,64
merged,PMC3232225_table_2,PMC3232225_table_2.xml,True,medium,55,67,43,11,28.737496,43,6,49,1,42
merged,PMC6071998_table_1,PMC6071998_table_1.xml,True,large,108,108,108,108,96.091708,108,2,106,2,106
merged,PMC3430984_table_0,PMC3430984_table_0.xml,False,large,96,96,96,96,76.652173,96,0,96,0,96
merged,PMC4936294_table_2,PMC4936294_table_2.xml,False,small,30,30,30,30,25.990284,30,0,30,0,30
merged,PMC4461065_table_0,PMC4461065_table_0.xml,False,small,24,24,24,24,22.502686,24,0,24,0,24
merged,PMC6225095_table_1,PMC6225095_table_1.xml,False,medium,44,44,44,34,36.50366,44,0,44,0,44
merged,PMC4457489_table_0,PMC4457489_table_0.xml,True,large,84,104,82,60,65.280665,82,8,76,6,76
merged,PMC5711908_table_3,PMC5711908_table_3.xml,False,medium,40,40,32,21,24.570789,32,0,40,0,32
merged,PMC4513019_table_0,PMC4513019_table_0.xml,True,large,190,190,190,187,155.544622,190,5,185,5,185
merged,PMC5086409_table_0,PMC5086409_table_0.xml,True,medium,40,73,11,4,8.077539,11,2,38,0,11
merged,PMC6025390_table_0,PMC6025390_table_0.xml,True,large,232,234,232,28,169.232648,232,4,228,4,228
merged,PMC3195289_table_0,PMC3195289_table_0.xml,False,large,96,96,96,72,75.694801,96,0,96,0,96
merged,PMC3132509_table_2,PMC3132509_table_2.xml,True,medium,56,54,54,40,42.89456,54,4,52,3,51
merged,PMC3700867_table_2,PMC3700867_table_2.xml,True,small,17,17,17,6,13.032892,17,1,16,1,16
merged,PMC4962254_table_0,PMC4962254_table_0.xml,False,small,27,27,27,27,25.431774,27,0,27,0,27
merged,PMC3688689_table_0,PMC3688689_table_0.xml,False,large,161,161,161,157,127.972984,161,0,161,0,161
merged,PMC4373873_table_5,PMC4373873_table_5.xml,False,medium,42,42,42,42,33.529138,42,0,42,0,42
merged,PMC5879993_table_0,PMC5879993_table_0.xml,True,medium,55,34,31,30,25.286495,31,13,42,12,19
merged,PMC3599909_table_0,PMC3599909_table_0.xml,True,large,71,76,67,67,58.615784,67,7,64,4,63
merged,PMC3671244_table_0,PMC3671244_table_0.xml,True,large,103,102,102,97,83.418954,102,4,99,4,98
merged,PMC6023632_table_1,PMC6023632_table_1.xml,True,large,101,101,101,101,87.254884,101,3,98,3,98
merged,PMC4493637_table_1,PMC4493637_table_1.xml,True,large,172,196,169,169,142.948284,169,3,169,0,169
merged,PMC3341574_table_3,PMC3341574_table_3.xml,True,medium,44,54,42,42,35.297775,42,2,42,0,42
merged,PMC4824530_table_1,PMC4824530_table_1.xml,False,medium,48,48,48,48,40.605623,48,0,48,0,48
merged,PMC4990542_table_0,PMC4990542_table_0.xml,True,large,138,139,138,48,102.60517,138,8,130,8,130
merged,PMC5739639_table_0,PMC5739639_table_0.xml,True,medium,67,72,67,62,57.069597,67,5,62,5,62
merged,PMC4526633_table_3,PMC4526633_table_3.xml,False,medium,48,48,48,48,42.370835,48,0,48,0,48
merged,PMC5048428_table_0,PMC5048428_table_0.xml,True,medium,33,33,33,33,29.356767,33,2,31,2,31
merged,PMC2967991_table_0,PMC2967991_table_0.xml,False,small,20,21,19,0,11.762789,19,0,20,0,19
merged,PMC3325992_table_2,PMC3325992_table_2.xml,False,medium,60,45,30,30,25.521692,30,0,60,0,30
merged,PMC5058761_table_1,PMC5058761_table_1.xml,True,small,29,29,29,29,26.614767,29,3,26,3,26
merged,PMC6205954_table_0,PMC6205954_table_0.xml,False,small,30,69,14,5,9.19142,14,0,30,0,14
merged,PMC5896998_table_0,PMC5896998_table_0.xml,False,small,15,10,5,0,3.409903,5,0,15,0,5
merged,PMC5688640_table_7,PMC5688640_table_7.xml,False,medium,65,65,65,65,60.486579,65,0,65,0,65
merged,PMC6092857_table_0,PMC6092857_table_0.xml,True,large,224,255,202,167,158.397042,202,14,210,1,201
merged,PMC4963123_table_0,PMC4963123_table_0.xml,False,small,12,12,12,12,10.917235,12,0,12,0,12
merged,PMC4485293_table_1,PMC4485293_table_1.xml,False,small,20,20,20,20,17.82766,20,0,20,0,20
merged,PMC4864823_table_0,PMC4864823_table_0.xml,False,small,6,17,3,3,2.748425,3,0,6,0,3
merged,PMC5102476_table_1,PMC5102476_table_1.xml,True,large,69,84,64,38,51.228158,64,5,64,0,64
merged,PMC4523781_table_1,PMC4523781_table_1.xml,False,small,25,25,25,25,21.09496,25,0,25,0,25
merged,PMC4955163_table_0,PMC4955163_table_0.xml,True,small,13,23,8,8,7.082236,8,1,12,0,8
merged,PMC4485614_table_0,PMC4485614_table_0.xml,True,medium,67,76,64,34,47.66033,64,3,64,0,64
merged,PMC4871438_table_1,PMC4871438_table_1.xml,False,large,186,186,186,183,153.623585,186,0,186,0,186
merged,PMC1939840_table_1,PMC1939840_table_1.xml,False,medium,52,52,52,52,46.011797,52,0,52,0,52
merged,PMC5120060_table_4,PMC5120060_table_4.xml,False,small,20,20,19,19,17.363828,19,0,20,0,19
merged,PMC6025384_table_1,PMC6025384_table_1.xml,True,medium,57,62,57,52,51.302178,57,6,51,6,51
merged,PMC4709483_table_1,PMC4709483_table_1.xml,True,medium,62,54,45,6,32.229852,45,3,59,2,43
merged,PMC3409068_table_1,PMC3409068_table_1.xml,False,large,92,69,65,23,40.666106,65,0,92,0,65
merged,PMC5093738_table_3,PMC5093738_table_3.xml,False,large,104,104,104,103,89.43519,104,0,104,0,104
merged,PMC4678211_table_1,PMC4678211_table_1.xml,True,large,83,96,78,64,60.607798,78,5,78,3,75
merged,PMC5017671_table_1,PMC5017671_table_1.xml,True,medium,40,43,39,37,34.028061,39,4,36,3,36
merged,PMC4940829_table_0,PMC4940829_table_0.xml,True,large,62,29,17,6,12.209471,17,31,31,11,6
merged,PMC5927400_table_0,PMC5927400_table_0.xml,False,large,253,253,253,157,192.017348,253,0,253,0,253
merged,PMC3072324_table_0,PMC3072324_table_0.xml,False,small,27,27,27,27,25.180425,27,0,27,0,27
merged,PMC2960525_table_3,PMC2960525_table_3.xml,False,small,10,2,1,0,0.519685,1,0,10,0,1
merged,PMC4355521_table_0,PMC4355521_table_0.xml,False,small,16,16,16,16,13.858647,16,0,16,0,16
merged,PMC4431603_table_2,PMC4431603_table_2.xml,True,medium,65,65,65,65,55.623367,65,3,62,3,62
merged,PMC5953918_table_0,PMC5953918_table_0.xml,True,large,193,195,190,79,137.705995,190,9,184,9,181
merged,PMC3129319_table_1,PMC3129319_table_1.xml,False,small,27,13,13,13,11.239811,13,0,27,0,13
merged,PMC3544827_table_2,PMC3544827_table_2.xml,True,medium,38,38,38,31,31.171704,38,2,36,2,36
merged,PMC4597800_table_0,PMC4597800_table_0.xml,True,small,25,13,9,9,8.505592,9,2,23,2,7
merged,PMC2944255_table_5,PMC2944255_table_5.xml,False,small,21,18,18,18,15.483419,18,0,21,0,18
merged,PMC5996883_table_0,PMC5996883_table_0.xml,True,medium,56,57,56,39,43.630029,56,4,52,4,52
merged,PMC3269416_table_0,PMC3269416_table_0.xml,False,small,9,9,9,9,8.230798,9,0,9,0,9
merged,PMC5829779_table_3,PMC5829779_table_3.xml,False,medium,52,52,52,52,46.183856,52,0,52,0,52
merged,PMC6019505_table_2,PMC6019505_table_2.xml,False,medium,36,36,36,36,31.020283,36,0,36,0,36
merged,PMC6085217_table_3,PMC6085217_table_3.xml,True,small,27,21,16,14,13.748188,16,3,24,3,13
merged,PMC3446543_table_1,PMC3446543_table_1.xml,True,small,17,12,10,1,6.68357,10,2,15,0,10
merged,PMC6038205_table_4,PMC6038205_table_4.xml,True,large,99,114,80,0,47.263532,80,3,96,0,80
merged,PMC3653782_table_3,PMC3653782_table_3.xml,True,large,71,101,63,41,48.782776,63,11,60,3,60
merged,PMC4795930_table_0,PMC4795930_table_0.xml,True,large,105,105,105,21,75.937145,105,5,100,5,100
merged,PMC2999564_table_3,PMC2999564_table_3.xml,False,large,80,80,80,79,67.81249,80,0,80,0,80
merged,PMC6236952_table_0,PMC6236952_table_0.xml,True,small,18,18,18,7,13.277332,18,3,15,3,15
merged,PMC2959605_table_1,PMC2959605_table_1.xml,False,large,175,169,169,169,143.67959,169,0,175,0,169
merged,PMC3680193_table_1,PMC3680193_table_1.xml,True,large,193,240,184,181,161.686827,184,10,183,2,182
merged,PMC4472248_table_0,PMC4472248_table_0.xml,True,large,103,85,81,65,63.624598,81,4,99,2,79
merged,PMC3444503_table_2,PMC3444503_table_2.xml,True,large,69,84,66,61,53.93991,66,3,66,0,66
merged,PMC2861057_table_0,PMC2861057_table_0.xml,True,medium,36,42,33,33,30.298439,33,3,33,0,33
merged,PMC5945046_table_1,PMC5945046_table_1.xml,True,large,97,115,94,5,62.56668,94,5,92,2,92
merged,PMC3473247_table_2,PMC3473247_table_2.xml,False,small,15,15,15,15,13.186263,15,0,15,0,15
merged,PMC5725103_table_2,PMC5725103_table_2.xml,True,large,155,155,155,155,129.367272,155,5,150,5,150
merged,PMC6040068_table_3,PMC6040068_table_3.xml,True,large,88,87,83,76,69.539379,83,3,85,3,80
merged,PMC4699818_table_0,PMC4699818_table_0.xml,False,medium,60,60,60,60,52.619467,60,0,60,0,60
merged,PMC6079442_table_0,PMC6079442_table_0.xml,False,large,192,192,192,163,153.080232,192,0,192,0,192
merged,PMC3072304_table_0,PMC3072304_table_0.xml,False,small,32,32,32,32,29.216565,32,0,32,0,32
merged,PMC3036079_table_0,PMC3036079_table_0.xml,True,large,152,149,149,138,122.04457,149,1,151,0,149
merged,PMC5751415_table_2,PMC5751415_table_2.xml,True,small,25,5,5,5,4.076725,5,2,23,1,4
merged,PMC6028909_table_2,PMC6028909_table_2.xml,True,large,136,138,136,134,114.073374,136,4,132,4,132
merged,PMC4364747_table_1,PMC4364747_table_1.xml,False,large,90,90,90,90,74.413716,90,0,90,0,90
merged,PMC3099919_table_4,PMC3099919_table_4.xml,False,medium,45,36,27,0,17.385001,27,0,45,0,27
merged,PMC4740352_table_3,PMC4740352_table_3.xml,True,medium,66,89,55,45,45.10933,55,3,63,3,52
merged,PMC5020513_table_0,PMC5020513_table_0.xml,True,large,142,160,136,136,123.149791,136,8,134,2,134
merged,PMC6087012_table_2,PMC6087012_table_2.xml,True,medium,67,72,60,60,56.76564,60,4,63,0,60
merged,PMC4641152_table_2,PMC4641152_table_2.xml,True,small,13,10,10,1,6.730187,10,2,11,2,8
merged,PMC4446004_table_0,PMC4446004_table_0.xml,False,large,120,120,120,117,95.712549,120,0,120,0,120
merged,PMC2596488_table_1,PMC2596488_table_1.xml,True,medium,64,70,63,45,52.27934,63,1,63,0,63
merged,PMC5679600_table_1,PMC5679600_table_1.xml,False,small,25,25,25,25,21.914948,25,0,25,0,25
merged,PMC4697506_table_0,PMC4697506_table_0.xml,False,medium,42,42,42,42,35.686906,42,0,42,0,42
merged,PMC3006915_table_2,PMC3006915_table_2.xml,False,large,280,237,235,174,184.230871,235,0,280,0,235
merged,PMC3484115_table_0,PMC3484115_table_0.xml,True,large,101,103,101,68,77.919605,101,7,94,7,94
merged,PMC5840833_table_0,PMC5840833_table_0.xml,True,large,144,159,139,113,119.280446,139,4,140,0,139
merged,PMC4923155_table_3,PMC4923155_table_3.xml,True,large,213,236,206,151,157.108903,206,9,204,3,203
merged,PMC6002068_table_6,PMC6002068_table_6.xml,True,small,23,27,20,19,17.319362,20,4,19,1,19
merged,PMC3103460_table_0,PMC3103460_table_0.xml,True,large,135,167,107,69,86.512918,107,14,121,5,102
merged,PMC4360558_table_1,PMC4360558_table_1.xml,False,small,16,6,3,2,2.580658,3,0,16,0,3
merged,PMC4378979_table_0,PMC4378979_table_0.xml,True,large,73,74,71,71,61.73417,71,4,69,3,68
merged,PMC3585286_table_1,PMC3585286_table_1.xml,False,large,120,105,105,87,80.53066,105,0,120,0,105
merged,PMC1599734_table_0,PMC1599734_table_0.xml,False,small,27,18,15,13,13.39787,15,0,27,0,15
merged,PMC3535723_table_1,PMC3535723_table_1.xml,True,large,73,90,70,68,56.323754,70,3,70,0,70
merged,PMC5768441_table_0,PMC5768441_table_0.xml,True,medium,48,30,25,24,22.802221,25,2,46,1,24
merged,PMC2649911_table_0,PMC2649911_table_0.xml,False,small,9,8,8,8,7.527165,8,0,9,0,8
merged,PMC3485083_table_1,PMC3485083_table_1.xml,False,large,156,144,144,39,106.533317,144,0,156,0,144
merged,PMC3526551_table_2,PMC3526551_table_2.xml,True,medium,30,20,20,15,16.829379,20,15,15,15,5
merged,PMC4667499_table_0,PMC4667499_table_0.xml,True,large,149,183,102,31,68.77428,102,15,134,5,97
merged,PMC5966494_table_1,PMC5966494_table_1.xml,True,large,174,175,171,155,134.092539,171,5,169,2,169
merged,PMC3338423_table_0,PMC3338423_table_0.xml,True,large,154,182,149,54,110.148991,149,12,142,7,142
merged,PMC4349793_table_0,PMC4349793_table_0.xml,True,large,119,151,108,108,93.037571,108,11,108,0,108
merged,PMC5707816_table_1,PMC5707816_table_1.xml,True,large,96,113,93,92,80.579648,93,7,89,4,89
merged,PMC3224767_table_0,PMC3224767_table_0.xml,True,medium,45,48,44,44,37.850555,44,1,44,0,44
merged,PMC4345205_table_0,PMC4345205_table_0.xml,False,small,18,18,18,4,12.452064,18,0,18,0,18
merged,PMC3269996_table_1,PMC3269996_table_1.xml,True,large,101,100,99,99,82.199711,99,3,98,1,98
merged,PMC3464599_table_0,PMC3464599_table_0.xml,False,small,24,24,24,24,22.12427,24,0,24,0,24
merged,PMC2577088_table_1,PMC2577088_table_1.xml,False,small,30,29,29,29,27.083725,29,0,30,0,29
merged,PMC2969637_table_1,PMC2969637_table_1.xml,False,large,161,161,161,161,133.664193,161,0,161,0,161
merged,PMC5998039_table_0,PMC5998039_table_0.xml,False,large,84,84,84,84,68.955771,84,0,84,0,84
merged,PMC4897879_table_0,PMC4897879_table_0.xml,True,large,125,166,62,62,51.840409,62,58,67,0,62
merged,PMC5745915_table_0,PMC5745915_table_0.xml,False,large,140,129,129,79,99.08314,129,0,140,0,129
merged,PMC5033576_table_1,PMC5033576_table_1.xml,True,large,115,115,115,115,100.630024,115,3,112,3,112
merged,PMC3637233_table_1,PMC3637233_table_1.xml,False,medium,60,60,60,60,52.312121,60,0,60,0,60
merged,PMC2732638_table_4,PMC2732638_table_4.xml,True,small,11,11,10,10,9.397361,10,1,10,0,10
merged,PMC3236460_table_1,PMC3236460_table_1.xml,False,small,32,32,32,32,28.994416,32,0,32,0,32
merged,PMC6137918_table_1,PMC6137918_table_1.xml,True,medium,58,64,58,17,41.190518,58,6,52,6,52
merged,PMC6156278_table_0,PMC6156278_table_0.xml,True,large,76,84,74,57,62.445862,74,3,73,1,73
merged,PMC2695361_table_4,PMC2695361_table_4.xml,False,small,16,13,13,13,12.304495,13,0,16,0,13
merged,PMC4747561_table_0,PMC4747561_table_0.xml,True,medium,45,48,44,43,38.669472,44,2,43,1,43
merged,PMC6025609_table_0,PMC6025609_table_0.xml,False,medium,40,40,40,40,37.466357,40,0,40,0,40
merged,PMC2628647_table_1,PMC2628647_table_1.xml,False,medium,42,42,42,42,36.398806,42,0,42,0,42
merged,PMC4736147_table_0,PMC4736147_table_0.xml,True,large,186,180,150,15,96.581298,150,6,180,0,150
merged,PMC3201530_table_3,PMC3201530_table_3.xml,False,small,15,4,3,3,2.627164,3,0,15,0,3
merged,PMC5714139_table_0,PMC5714139_table_0.xml,True,small,26,38,18,15,13.888594,18,1,25,0,18
merged,PMC4446492_table_0,PMC4446492_table_0.xml,False,large,123,123,123,123,98.533997,123,0,123,0,123
merged,PMC4524475_table_0,PMC4524475_table_0.xml,False,large,140,140,140,110,107.859164,140,0,140,0,140
merged,PMC4650288_table_3,PMC4650288_table_3.xml,True,medium,55,63,48,47,41.171964,48,8,47,1,47
merged,PMC6017431_table_0,PMC6017431_table_0.xml,True,medium,72,72,72,72,59.510502,72,5,67,5,67
merged,PMC3515887_table_0,PMC3515887_table_0.xml,True,small,6,61,0,0,0,0,3,3,0,0
merged,PMC3006894_table_1,PMC3006894_table_1.xml,False,medium,50,50,46,30,34.980372,46,0,50,0,46
merged,PMC6172266_table_0,PMC6172266_table_0.xml,True,large,98,99,98,76,75.24579,98,2,96,2,96
merged,PMC4457818_table_1,PMC4457818_table_1.xml,True,medium,56,58,56,52,47.68628,56,7,49,7,49
merged,PMC5074446_table_0,PMC5074446_table_0.xml,True,small,24,29,18,10,14.530968,18,3,21,2,16
merged,PMC5117527_table_0,PMC5117527_table_0.xml,False,small,22,22,22,22,19.70565,22,0,22,0,22
merged,PMC2830186_table_10,PMC2830186_table_10.xml,True,large,161,161,161,161,131.854016,161,2,159,2,159
merged,PMC3589335_table_2,PMC3589335_table_2.xml,True,medium,40,32,25,23,20.646473,25,5,35,2,23
merged,PMC2623298_table_0,PMC2623298_table_0.xml,True,medium,49,56,45,43,39.558811,45,1,48,0,45
merged,PMC4343049_table_0,PMC4343049_table_0.xml,True,large,82,106,76,76,66.414147,76,10,72,4,72
merged,PMC4459660_table_2,PMC4459660_table_2.xml,True,medium,43,55,40,21,30.783409,40,3,40,0,40
merged,PMC5686811_table_2,PMC5686811_table_2.xml,False,large,88,88,88,88,77.64254,88,0,88,0,88
merged,PMC3217847_table_2,PMC3217847_table_2.xml,True,large,107,108,106,106,87.873781,106,3,104,2,104
merged,PMC3089322_table_4,PMC3089322_table_4.xml,False,large,154,154,154,154,131.699078,154,0,154,0,154
merged,PMC4666065_table_1,PMC4666065_table_1.xml,True,large,149,150,147,53,109.118594,147,4,145,2,145
merged,PMC6016042_table_1,PMC6016042_table_1.xml,True,medium,56,70,48,47,41.603378,48,8,48,1,47
merged,PMC6147783_table_0,PMC6147783_table_0.xml,False,small,20,20,20,7,14.431872,20,0,20,0,20
merged,PMC4898693_table_2,PMC4898693_table_2.xml,True,small,19,6,6,3,4.620208,6,1,18,0,6
merged,PMC5100194_table_1,PMC5100194_table_1.xml,True,medium,59,61,57,57,50.705855,57,6,53,4,53
merged,PMC3412721_table_0,PMC3412721_table_0.xml,True,medium,34,40,32,32,30.917088,32,2,32,0,32
merged,PMC4550389_table_3,PMC4550389_table_3.xml,True,large,103,103,103,96,84.896812,103,5,98,5,98
merged,PMC2721847_table_0,PMC2721847_table_0.xml,True,small,26,30,25,25,21.634882,25,1,25,0,25
merged,PMC2865542_table_4,PMC2865542_table_4.xml,False,small,25,50,15,10,11.47024,15,0,25,0,15
merged,PMC3405067_table_0,PMC3405067_table_0.xml,False,large,132,132,132,125,105.192897,132,0,132,0,132
merged,PMC3462107_table_0,PMC3462107_table_0.xml,True,large,133,154,125,123,115.668169,125,9,124,3,122
merged,PMC4632702_table_0,PMC4632702_table_0.xml,False,small,12,12,12,12,11.369474,12,0,12,0,12
merged,PMC5751186_table_0,PMC5751186_table_0.xml,True,small,17,12,12,12,11.577404,12,1,16,1,11
merged,PMC6105256_table_2,PMC6105256_table_2.xml,False,large,324,288,251,149,188.697816,251,0,324,0,251
merged,PMC3503853_table_2,PMC3503853_table_2.xml,False,small,21,21,21,21,18.634443,21,0,21,0,21
merged,PMC2959688_table_1,PMC2959688_table_1.xml,False,large,154,153,153,153,133.10287,153,0,154,0,153
merged,PMC5916864_table_0,PMC5916864_table_0.xml,False,small,24,24,24,24,20.497174,24,0,24,0,24
merged,PMC5991593_table_1,PMC5991593_table_1.xml,True,medium,56,56,56,56,51.738585,56,1,55,1,55
merged,PMC3437489_table_0,PMC3437489_table_0.xml,True,large,93,94,88,77,71.145358,88,7,86,4,84
merged,PMC5059980_table_1,PMC5059980_table_1.xml,True,small,19,19,19,18,15.953835,19,5,14,5,14
merged,PMC5704458_table_0,PMC5704458_table_0.xml,True,small,30,56,18,17,15.892201,18,2,28,1,17
merged,PMC6094581_table_1,PMC6094581_table_1.xml,False,medium,40,25,18,18,16.975722,18,0,40,0,18
merged,PMC4866963_table_0,PMC4866963_table_0.xml,True,small,32,21,18,15,14.966114,18,3,29,3,15
merged,PMC5015207_table_2,PMC5015207_table_2.xml,True,small,32,32,32,32,29.292935,32,3,29,3,29
merged,PMC4710970_table_1,PMC4710970_table_1.xml,True,large,62,59,58,58,52.43411,58,10,52,10,48
merged,PMC6003148_table_0,PMC6003148_table_0.xml,True,small,18,18,14,2,9.556609,14,1,17,1,13
merged,PMC4882771_table_2,PMC4882771_table_2.xml,False,large,92,92,92,92,83.250863,92,0,92,0,92
merged,PMC5100185_table_0,PMC5100185_table_0.xml,True,small,17,18,17,16,14.319582,17,1,16,1,16
merged,PMC3564795_table_0,PMC3564795_table_0.xml,True,large,202,231,199,136,152.462567,199,2,200,0,199
merged,PMC4449761_table_2,PMC4449761_table_2.xml,True,large,82,82,81,80,66.099212,81,4,78,3,78
merged,PMC5778064_table_3,PMC5778064_table_3.xml,True,small,21,21,21,21,17.73093,21,2,19,2,19
merged,PMC5085032_table_1,PMC5085032_table_1.xml,True,large,112,112,112,105,97.237702,112,36,76,36,76
merged,PMC3622410_table_2,PMC3622410_table_2.xml,True,large,90,102,70,53,55.956205,70,3,87,0,70
merged,PMC6158853_table_2,PMC6158853_table_2.xml,True,medium,40,47,37,32,30.884095,37,8,32,5,32
merged,PMC4405850_table_0,PMC4405850_table_0.xml,True,large,75,56,26,20,19.303494,26,5,70,4,22
merged,PMC3544731_table_1,PMC3544731_table_1.xml,True,large,84,80,72,72,61.397252,72,6,78,5,67
merged,PMC5737357_table_0,PMC5737357_table_0.xml,True,medium,55,43,43,0,25.776813,43,2,53,1,42
merged,PMC5040809_table_0,PMC5040809_table_0.xml,True,small,11,10,7,3,5.201733,7,3,8,2,5
merged,PMC4491485_table_2,PMC4491485_table_2.xml,False,medium,42,42,42,7,29.244097,42,0,42,0,42
merged,PMC3646807_table_1,PMC3646807_table_1.xml,True,small,21,21,21,19,16.763918,21,2,19,2,19
merged,PMC3288075_table_1,PMC3288075_table_1.xml,False,medium,72,72,72,72,57.280459,72,0,72,0,72
merged,PMC5968057_table_0,PMC5968057_table_0.xml,False,large,120,120,120,120,102.366301,120,0,120,0,120
merged,PMC5012025_table_0,PMC5012025_table_0.xml,False,large,88,83,75,73,68.509522,75,0,88,0,75
merged,PMC4632776_table_2,PMC4632776_table_2.xml,False,small,20,20,20,20,18.003861,20,0,20,0,20
merged,PMC3068931_table_2,PMC3068931_table_2.xml,True,small,21,21,21,21,19.132911,21,2,19,2,19
merged,PMC4642691_table_2,PMC4642691_table_2.xml,True,medium,56,49,30,17,22.826676,30,9,47,0,30
merged,PMC4526162_table_0,PMC4526162_table_0.xml,False,medium,40,40,40,40,37.205294,40,0,40,0,40
merged,PMC2983785_table_1,PMC2983785_table_1.xml,False,small,8,8,8,1,5.710765,8,0,8,0,8
merged,PMC4825469_table_0,PMC4825469_table_0.xml,True,large,136,136,135,134,118.465183,135,12,124,11,124
merged,PMC3009348_table_1,PMC3009348_table_1.xml,False,small,16,16,15,14,11.705088,15,0,16,0,15
merged,PMC6070289_table_2,PMC6070289_table_2.xml,True,large,102,102,102,90,84.825599,102,6,96,6,96
merged,PMC2915656_table_0,PMC2915656_table_0.xml,True,large,136,129,129,123,101.415438,129,8,128,3,126
merged,PMC3414449_table_2,PMC3414449_table_2.xml,True,medium,54,60,52,49,41.839717,52,2,52,0,52
merged,PMC5810047_table_1,PMC5810047_table_1.xml,False,small,32,32,32,32,27.222155,32,0,32,0,32
merged,PMC3213624_table_3,PMC3213624_table_3.xml,False,large,147,147,147,147,127.37233,147,0,147,0,147
merged,PMC4876448_table_1,PMC4876448_table_1.xml,False,small,20,20,20,5,14.316441,20,0,20,0,20
merged,PMC6150164_table_0,PMC6150164_table_0.xml,True,medium,44,44,44,44,40.980948,44,2,42,2,42
merged,PMC4994996_table_0,PMC4994996_table_0.xml,False,small,24,24,24,16,19.808171,24,0,24,0,24
merged,PMC4791377_table_0,PMC4791377_table_0.xml,False,small,30,30,30,30,28.835724,30,0,30,0,30
merged,PMC4970739_table_0,PMC4970739_table_0.xml,True,large,129,132,128,32,85.000314,128,1,128,0,128
merged,PMC5051029_table_2,PMC5051029_table_2.xml,True,medium,73,76,72,72,65.72817,72,1,72,0,72
merged,PMC3552855_table_1,PMC3552855_table_1.xml,False,small,20,20,20,16,15.838887,20,0,20,0,20
merged,PMC6071983_table_0,PMC6071983_table_0.xml,False,small,35,30,8,0,4.912465,8,0,35,0,8
merged,PMC4407475_table_4,PMC4407475_table_4.xml,True,medium,46,45,44,44,37.379319,44,4,42,4,40
merged,PMC3514307_table_3,PMC3514307_table_3.xml,True,medium,42,47,40,37,31.961131,40,7,35,5,35
merged,PMC4849749_table_3,PMC4849749_table_3.xml,True,large,187,217,182,182,153.964411,182,5,182,0,182
merged,PMC3215749_table_0,PMC3215749_table_0.xml,True,large,73,80,70,70,56.229768,70,3,70,0,70
merged,PMC3538775_table_0,PMC3538775_table_0.xml,False,small,6,5,5,5,4.371543,5,0,6,0,5
merged,PMC6166939_table_3,PMC6166939_table_3.xml,False,small,30,30,30,28,24.138887,30,0,30,0,30
merged,PMC4488050_table_3,PMC4488050_table_3.xml,True,medium,41,53,36,30,29.867796,36,8,33,3,33
merged,PMC6091258_table_2,PMC6091258_table_2.xml,True,medium,38,32,16,0,9.920426,16,5,33,5,11
merged,PMC4791772_table_1,PMC4791772_table_1.xml,False,medium,50,50,50,50,44.682114,50,0,50,0,50
merged,PMC3209469_table_3,PMC3209469_table_3.xml,False,medium,42,42,42,42,39.069659,42,0,42,0,42
merged,PMC4460773_table_2,PMC4460773_table_2.xml,True,large,135,125,76,0,40.705871,76,7,128,0,76
merged,PMC2222605_table_2,PMC2222605_table_2.xml,True,small,17,20,13,5,9.835998,13,1,16,0,13
merged,PMC3128012_table_3,PMC3128012_table_3.xml,True,large,157,196,144,140,119.766437,144,13,144,1,143
merged,PMC2959996_table_1,PMC2959996_table_1.xml,False,small,16,16,16,16,13.003999,16,0,16,0,16
merged,PMC3306998_table_0,PMC3306998_table_0.xml,True,small,13,3,0,0,0,0,2,11,0,0
merged,PMC6065330_table_0,PMC6065330_table_0.xml,True,medium,51,54,44,44,40.326291,44,3,48,0,44
merged,PMC6023428_table_0,PMC6023428_table_0.xml,False,medium,39,39,39,39,34.230539,39,0,39,0,39
merged,PMC3534341_table_1,PMC3534341_table_1.xml,True,medium,51,51,51,51,46.501137,51,3,48,3,48
merged,PMC6075757_table_2,PMC6075757_table_2.xml,True,medium,42,42,41,41,37.442787,41,3,39,2,39
merged,PMC5828227_table_0,PMC5828227_table_0.xml,False,large,154,154,154,154,135.238353,154,0,154,0,154
merged,PMC3339393_table_6,PMC3339393_table_6.xml,False,small,15,12,12,9,10.170996,12,0,15,0,12
merged,PMC1971068_table_3,PMC1971068_table_3.xml,True,large,123,148,118,101,92.183897,118,9,114,6,112
merged,PMC5825157_table_1,PMC5825157_table_1.xml,False,small,32,32,32,32,26.307634,32,0,32,0,32
merged,PMC4831174_table_0,PMC4831174_table_0.xml,False,small,9,4,4,1,2.571106,4,0,9,0,4
merged,PMC5021972_table_0,PMC5021972_table_0.xml,False,medium,70,70,70,70,58.29296,70,0,70,0,70
merged,PMC3079670_table_2,PMC3079670_table_2.xml,True,large,150,148,148,145,121.913913,148,9,141,8,140
merged,PMC5037679_table_2,PMC5037679_table_2.xml,True,large,70,81,67,65,57.858377,67,5,65,2,65
merged,PMC3014882_table_1,PMC3014882_table_1.xml,True,large,74,74,73,73,60.360857,73,4,70,3,70
merged,PMC6157292_table_11,PMC6157292_table_11.xml,False,small,12,5,0,0,0,0,0,12,0,0
merged,PMC5137007_table_1,PMC5137007_table_1.xml,False,medium,65,65,65,65,55.480652,65,0,65,0,65
merged,PMC3309941_table_1,PMC3309941_table_1.xml,True,large,168,199,164,156,137.685279,164,7,161,3,161
merged,PMC4936315_table_2,PMC4936315_table_2.xml,True,medium,44,44,44,43,38.583889,44,2,42,2,42
merged,PMC6114971_table_1,PMC6114971_table_1.xml,False,small,25,20,5,0,2.814087,5,0,25,0,5
merged,PMC2740668_table_1,PMC2740668_table_1.xml,True,small,25,28,23,22,21.775061,23,1,24,1,22
merged,PMC5709823_table_0,PMC5709823_table_0.xml,True,large,76,85,70,23,50.433241,70,5,71,2,68
merged,PMC3207832_table_1,PMC3207832_table_1.xml,True,large,235,252,233,130,172.95085,233,17,218,15,218
merged,PMC3164726_table_4,PMC3164726_table_4.xml,False,large,224,224,224,168,175.831557,224,0,224,0,224
merged,PMC1794454_table_0,PMC1794454_table_0.xml,True,small,23,24,23,22,20.764281,23,1,22,1,22
merged,PMC3702364_table_0,PMC3702364_table_0.xml,True,small,24,24,24,23,20.553817,24,4,20,4,20
merged,PMC6141544_table_1,PMC6141544_table_1.xml,True,large,129,125,124,121,107.447228,124,4,125,4,120
merged,PMC5707350_table_1,PMC5707350_table_1.xml,False,small,20,20,20,16,16.10997,20,0,20,0,20
merged,PMC2958834_table_0,PMC2958834_table_0.xml,True,large,87,88,87,85,72.176529,87,5,82,5,82
merged,PMC2794372_table_2,PMC2794372_table_2.xml,True,large,108,128,103,103,85.395074,103,7,101,2,101
merged,PMC6020339_table_1,PMC6020339_table_1.xml,True,medium,26,39,2,0,1.101929,2,4,22,0,2
merged,PMC3683149_table_2,PMC3683149_table_2.xml,False,small,25,25,25,25,21.903626,25,0,25,0,25
merged,PMC2960665_table_2,PMC2960665_table_2.xml,False,small,18,19,17,16,15.310679,17,0,18,0,17
merged,PMC2983291_table_0,PMC2983291_table_0.xml,False,small,20,20,20,0,12.301024,20,0,20,0,20
merged,PMC2904282_table_4,PMC2904282_table_4.xml,True,large,80,112,68,68,62.80669,68,12,68,0,68
merged,PMC2853082_table_0,PMC2853082_table_0.xml,True,medium,41,53,28,24,22.491116,28,7,34,0,28
merged,PMC3283499_table_0,PMC3283499_table_0.xml,True,large,169,205,165,165,132.918964,165,4,165,0,165
merged,PMC4930560_table_0,PMC4930560_table_0.xml,True,medium,46,46,46,46,42.530544,46,3,43,3,43
merged,PMC5833385_table_2,PMC5833385_table_2.xml,False,small,35,35,35,35,29.00031,35,0,35,0,35
merged,PMC2572618_table_2,PMC2572618_table_2.xml,False,small,30,30,30,30,27.533047,30,0,30,0,30
merged,PMC4957803_table_0,PMC4957803_table_0.xml,True,large,195,195,195,195,183.463663,195,5,190,5,190
merged,PMC5137107_table_0,PMC5137107_table_0.xml,True,medium,49,51,46,44,38.588847,46,3,46,2,44
merged,PMC1199598_table_0,PMC1199598_table_0.xml,True,small,26,26,26,25,24.4562,26,4,22,4,22
merged,PMC4981347_table_2,PMC4981347_table_2.xml,True,medium,68,72,65,21,46.942087,65,3,65,0,65
merged,PMC3052110_table_2,PMC3052110_table_2.xml,False,small,18,18,16,3,11.48979,16,0,18,0,16
merged,PMC4831767_table_1,PMC4831767_table_1.xml,True,large,243,243,243,243,210.269394,243,3,240,3,240
merged,PMC3247230_table_0,PMC3247230_table_0.xml,False,medium,42,42,42,42,33.932968,42,0,42,0,42
merged,PMC4934257_table_5,PMC4934257_table_5.xml,False,medium,42,42,42,42,35.483284,42,0,42,0,42
merged,PMC3001739_table_0,PMC3001739_table_0.xml,False,small,21,21,21,21,19.342368,21,0,21,0,21
merged,PMC5663491_table_0,PMC5663491_table_0.xml,True,medium,34,40,31,19,23.753285,31,3,31,0,31
merged,PMC4577082_table_0,PMC4577082_table_0.xml,True,large,177,175,175,173,152.699428,175,10,167,9,166
merged,PMC3320545_table_2,PMC3320545_table_2.xml,False,large,88,78,77,66,60.986637,77,0,88,0,77
merged,PMC2961393_table_4,PMC2961393_table_4.xml,False,small,25,20,10,0,5.917611,10,0,25,0,10
merged,PMC4608111_table_2,PMC4608111_table_2.xml,True,small,20,20,19,19,17.802468,19,6,14,5,14
merged,PMC5936689_table_1,PMC5936689_table_1.xml,False,small,21,21,21,0,12.073461,21,0,21,0,21
merged,PMC3473024_table_5,PMC3473024_table_5.xml,True,medium,33,47,30,18,22.375277,30,8,25,5,25
merged,PMC2561000_table_0,PMC2561000_table_0.xml,True,large,134,164,122,114,101.612146,122,14,120,2,120
merged,PMC2877682_table_1,PMC2877682_table_1.xml,True,large,66,84,60,60,56.151408,60,6,60,0,60
merged,PMC2997016_table_1,PMC2997016_table_1.xml,True,medium,45,45,44,43,36.685347,44,4,41,3,41
merged,PMC2486490_table_2,PMC2486490_table_2.xml,False,large,105,105,105,94,85.666565,105,0,105,0,105
merged,PMC5960211_table_2,PMC5960211_table_2.xml,True,large,135,141,134,130,115.597885,134,6,129,5,129
merged,PMC4541937_table_4,PMC4541937_table_4.xml,True,small,17,17,17,17,14.681353,17,3,14,3,14
merged,PMC6011944_table_1,PMC6011944_table_1.xml,True,small,14,14,12,7,9.221196,12,4,10,2,10
merged,PMC1079832_table_3,PMC1079832_table_3.xml,False,medium,49,49,49,49,42.288953,49,0,49,0,49
merged,PMC3637472_table_2,PMC3637472_table_2.xml,True,small,16,14,13,8,10.400726,13,4,12,3,10
merged,PMC4721698_table_0,PMC4721698_table_0.xml,True,large,82,82,82,82,66.700628,82,2,80,2,80
merged,PMC5681633_table_0,PMC5681633_table_0.xml,False,small,16,16,16,16,13.620848,16,0,16,0,16
merged,PMC4613910_table_4,PMC4613910_table_4.xml,True,large,107,107,107,107,91.01871,107,4,103,4,103
merged,PMC6128371_table_0,PMC6128371_table_0.xml,False,large,90,90,90,90,81.411649,90,0,90,0,90
merged,PMC6058288_table_0,PMC6058288_table_0.xml,False,medium,42,42,42,42,35.643065,42,0,42,0,42
merged,PMC5746254_table_1,PMC5746254_table_1.xml,False,small,8,8,8,8,6.585881,8,0,8,0,8
merged,PMC6017299_table_0,PMC6017299_table_0.xml,True,large,173,163,159,117,122.454377,159,16,157,15,144
merged,PMC5004196_table_1,PMC5004196_table_1.xml,True,medium,41,40,40,40,36.486034,40,24,17,24,16
merged,PMC3256124_table_4,PMC3256124_table_4.xml,True,small,16,11,11,6,8.179936,11,1,15,1,10
merged,PMC5788621_table_0,PMC5788621_table_0.xml,False,medium,45,45,45,45,40.115143,45,0,45,0,45
merged,PMC1871601_table_0,PMC1871601_table_0.xml,True,medium,73,73,73,73,61.111611,73,4,69,4,69
merged,PMC3201265_table_3,PMC3201265_table_3.xml,False,small,15,15,15,9,11.972287,15,0,15,0,15
merged,PMC3200926_table_0,PMC3200926_table_0.xml,False,small,18,18,18,0,11.695591,18,0,18,0,18
merged,PMC2315656_table_3,PMC2315656_table_3.xml,False,small,33,33,33,33,29.524518,33,0,33,0,33
merged,PMC2374783_table_8,PMC2374783_table_8.xml,False,small,24,24,24,21,21.027839,24,0,24,0,24
merged,PMC5669499_table_1,PMC5669499_table_1.xml,True,large,140,142,138,3,89.763921,138,2,138,1,137
merged,PMC3231711_table_1,PMC3231711_table_1.xml,False,small,8,8,8,7,6.230002,8,0,8,0,8
merged,PMC4915688_table_4,PMC4915688_table_4.xml,False,medium,42,42,42,42,34.584264,42,0,42,0,42
merged,PMC2647899_table_0,PMC2647899_table_0.xml,False,small,12,12,12,12,10.977755,12,0,12,0,12
merged,PMC4982323_table_4,PMC4982323_table_4.xml,True,large,112,120,111,102,90.12511,111,2,110,1,110
merged,PMC6134588_table_1,PMC6134588_table_1.xml,False,medium,42,39,39,37,35.542778,39,0,42,0,39
merged,PMC3462151_table_2,PMC3462151_table_2.xml,True,large,137,149,132,129,106.034914,132,7,130,2,130
merged,PMC4419456_table_0,PMC4419456_table_0.xml,True,large,108,114,103,103,87.219343,103,8,100,3,100
merged,PMC4976473_table_0,PMC4976473_table_0.xml,True,large,151,167,136,134,121.034048,136,6,145,0,136
merged,PMC5135818_table_0,PMC5135818_table_0.xml,False,small,15,15,15,15,13.316739,15,0,15,0,15
merged,PMC3016296_table_4,PMC3016296_table_4.xml,False,medium,75,75,75,75,63.250859,75,0,75,0,75
merged,PMC4625876_table_4,PMC4625876_table_4.xml,False,medium,42,42,42,42,34.80824,42,0,42,0,42
merged,PMC5926532_table_1,PMC5926532_table_1.xml,True,small,30,30,30,30,25.531946,30,3,27,3,27
merged,PMC5988440_table_3,PMC5988440_table_3.xml,False,medium,49,43,43,43,38.331376,43,0,49,0,43
merged,PMC3339393_table_18,PMC3339393_table_18.xml,True,small,17,18,17,12,13.696626,17,2,15,2,15
merged,PMC5859152_table_2,PMC5859152_table_2.xml,False,large,84,84,84,84,70.936579,84,0,84,0,84
merged,PMC6211744_table_6,PMC6211744_table_6.xml,True,medium,61,64,61,58,52.754993,61,3,58,3,58
merged,PMC3630110_table_2,PMC3630110_table_2.xml,False,medium,45,45,45,45,37.407865,45,0,45,0,45
merged,PMC5006397_table_1,PMC5006397_table_1.xml,False,small,24,15,15,13,13.375457,15,0,24,0,15
merged,PMC3201421_table_3,PMC3201421_table_3.xml,False,small,10,8,7,4,5.423491,7,0,10,0,7
merged,PMC6154935_table_0,PMC6154935_table_0.xml,True,medium,38,35,29,4,18.487831,29,4,34,0,29
merged,PMC6024939_table_3,PMC6024939_table_3.xml,True,large,91,94,88,88,77.153515,88,6,85,3,85
merged,PMC6193701_table_1,PMC6193701_table_1.xml,False,small,28,28,28,28,23.899171,28,0,28,0,28
merged,PMC2893103_table_0,PMC2893103_table_0.xml,True,large,65,90,59,52,49.222829,59,5,60,0,59
merged,PMC3050270_table_4,PMC3050270_table_4.xml,False,small,20,16,12,0,7.049394,12,0,20,0,12
merged,PMC3526519_table_1,PMC3526519_table_1.xml,True,medium,44,44,44,44,38.925248,44,1,43,1,43
merged,PMC4722622_table_2,PMC4722622_table_2.xml,True,large,247,247,245,243,199.912145,245,3,244,2,243
merged,PMC5784573_table_0,PMC5784573_table_0.xml,False,medium,36,36,36,36,32.892875,36,0,36,0,36
merged,PMC3504408_table_1,PMC3504408_table_1.xml,True,large,136,124,124,69,94.273112,124,4,132,4,120
merged,PMC4822240_table_2,PMC4822240_table_2.xml,True,medium,65,35,30,0,21.04309,30,5,60,2,28
merged,PMC5771167_table_0,PMC5771167_table_0.xml,True,medium,70,38,28,23,24.503251,28,2,68,0,28
merged,PMC5947495_table_4,PMC5947495_table_4.xml,False,small,35,35,35,35,29.310095,35,0,35,0,35
merged,PMC6086859_table_3,PMC6086859_table_3.xml,True,large,167,166,166,49,118.439963,166,3,164,3,163
merged,PMC3537687_table_1,PMC3537687_table_1.xml,False,medium,48,48,48,48,44.410692,48,0,48,0,48
merged,PMC4962473_table_0,PMC4962473_table_0.xml,True,medium,34,21,20,20,18.029601,20,15,19,7,13
merged,PMC3680093_table_1,PMC3680093_table_1.xml,False,small,33,33,33,33,30.046825,33,0,33,0,33
merged,PMC5794786_table_1,PMC5794786_table_1.xml,True,large,234,234,234,234,196.806105,234,6,228,6,228
merged,PMC6094875_table_0,PMC6094875_table_0.xml,True,medium,52,65,46,5,29.72401,46,3,49,0,46
merged,PMC5750934_table_4,PMC5750934_table_4.xml,True,large,116,113,113,112,95.487246,113,4,112,4,109
merged,PMC6238314_table_2,PMC6238314_table_2.xml,True,medium,46,27,25,3,17.936102,25,8,38,6,19
merged,PMC5149027_table_0,PMC5149027_table_0.xml,False,medium,77,77,77,77,68.063922,77,0,77,0,77
merged,PMC4549267_table_8,PMC4549267_table_8.xml,True,medium,42,42,42,42,37.781434,42,7,35,7,35
merged,PMC3117836_table_0,PMC3117836_table_0.xml,True,large,189,185,166,143,127.475701,166,6,183,2,164
merged,PMC3164687_table_1,PMC3164687_table_1.xml,True,small,22,2,0,0,0,0,1,21,0,0
merged,PMC4831805_table_3,PMC4831805_table_3.xml,True,medium,46,46,46,46,37.91537,46,2,44,2,44
merged,PMC5687746_table_2,PMC5687746_table_2.xml,False,small,8,6,6,6,5.526707,6,0,8,0,6
merged,PMC3296578_table_1,PMC3296578_table_1.xml,False,medium,36,36,36,35,31.076569,36,0,36,0,36
merged,PMC5119737_table_0,PMC5119737_table_0.xml,False,medium,62,62,62,0,37.874577,62,0,62,0,62
merged,PMC2968103_table_2,PMC2968103_table_2.xml,False,large,133,133,133,133,113.71415,133,0,133,0,133
merged,PMC6082067_table_0,PMC6082067_table_0.xml,False,small,18,20,18,15,15.781684,18,0,18,0,18
merged,PMC3256151_table_0,PMC3256151_table_0.xml,True,medium,47,48,47,46,39.951083,47,3,44,3,44
merged,PMC1444915_table_0,PMC1444915_table_0.xml,True,medium,27,11,9,4,6.555195,9,9,18,0,9
merged,PMC5096289_table_0,PMC5096289_table_0.xml,True,large,86,88,75,37,54.769238,75,11,75,11,64
merged,PMC4392560_table_0,PMC4392560_table_0.xml,False,small,21,21,21,21,18.968614,21,0,21,0,21
merged,PMC2855072_table_0,PMC2855072_table_0.xml,False,medium,49,49,49,49,40.184164,49,0,49,0,49
merged,PMC4436293_table_0,PMC4436293_table_0.xml,False,small,30,30,30,30,27.025644,30,0,30,0,30
merged,PMC3363418_table_0,PMC3363418_table_0.xml,True,large,124,124,124,112,98.563314,124,3,121,3,121
merged,PMC2453114_table_2,PMC2453114_table_2.xml,False,small,16,16,16,16,14.846789,16,0,16,0,16
merged,PMC3660393_table_0,PMC3660393_table_0.xml,False,small,18,18,18,18,16.092397,18,0,18,0,18
merged,PMC3042918_table_0,PMC3042918_table_0.xml,True,small,23,26,16,15,14.004233,16,1,22,0,16
merged,PMC5948639_table_0,PMC5948639_table_0.xml,False,small,8,8,8,8,7.433085,8,0,8,0,8
merged,PMC2611967_table_3,PMC2611967_table_3.xml,False,small,21,21,21,20,18.858399,21,0,21,0,21
merged,PMC5790503_table_0,PMC5790503_table_0.xml,True,large,72,96,66,63,60.081427,66,10,62,4,62
merged,PMC5091883_table_5,PMC5091883_table_5.xml,False,medium,44,44,44,44,36.827585,44,0,44,0,44
merged,PMC2983382_table_3,PMC2983382_table_3.xml,False,large,165,165,165,165,138.083607,165,0,165,0,165
merged,PMC3688626_table_2,PMC3688626_table_2.xml,True,medium,29,39,24,24,20.111712,24,5,24,0,24
merged,PMC5696248_table_2,PMC5696248_table_2.xml,True,large,106,105,104,104,97.061427,104,8,98,8,96
merged,PMC1562360_table_1,PMC1562360_table_1.xml,True,large,80,90,76,76,64.194291,76,4,76,0,76
merged,PMC4889661_table_0,PMC4889661_table_0.xml,False,small,12,10,8,4,5.828054,8,0,12,0,8
merged,PMC4376772_table_4,PMC4376772_table_4.xml,False,small,12,12,12,10,9.72545,12,0,12,0,12
merged,PMC2676320_table_0,PMC2676320_table_0.xml,True,large,159,155,155,47,115.229509,155,7,152,6,149
merged,PMC4806293_table_3,PMC4806293_table_3.xml,True,large,143,143,143,137,117.134535,143,14,129,14,129
merged,PMC5955572_table_6,PMC5955572_table_6.xml,False,small,16,16,16,1,9.791182,16,0,16,0,16
merged,PMC5826966_table_2,PMC5826966_table_2.xml,True,medium,40,50,37,36,31.660477,37,6,34,3,34
merged,PMC4806486_table_2,PMC4806486_table_2.xml,False,large,80,64,64,60,51.384833,64,0,80,0,64
merged,PMC5712124_table_0,PMC5712124_table_0.xml,True,medium,38,37,37,37,32.430201,37,2,36,1,36
merged,PMC4585998_table_1,PMC4585998_table_1.xml,False,small,16,3,0,0,0,0,0,16,0,0
merged,PMC5025662_table_0,PMC5025662_table_0.xml,True,small,26,26,26,26,22.139463,26,3,23,3,23
merged,PMC4349776_table_3,PMC4349776_table_3.xml,False,small,20,16,16,16,14.601354,16,0,20,0,16
merged,PMC4810510_table_5,PMC4810510_table_5.xml,True,large,158,161,106,3,72.191712,106,20,138,4,102
merged,PMC3510242_table_1,PMC3510242_table_1.xml,True,medium,62,63,60,59,52.41486,60,3,59,1,59
merged,PMC2971855_table_2,PMC2971855_table_2.xml,False,small,15,15,15,5,10.72763,15,0,15,0,15
merged,PMC3403942_table_0,PMC3403942_table_0.xml,True,medium,59,74,54,43,46.055927,54,16,43,11,43
merged,PMC4893485_table_1,PMC4893485_table_1.xml,True,small,13,6,0,0,0,0,5,8,0,0
merged,PMC4471362_table_0,PMC4471362_table_0.xml,False,small,35,35,35,35,30.145156,35,0,35,0,35
merged,PMC2979536_table_1,PMC2979536_table_1.xml,False,small,16,17,15,5,10.824222,15,0,16,0,15
merged,PMC4742874_table_0,PMC4742874_table_0.xml,True,large,54,53,53,53,44.774444,53,10,44,9,44
merged,PMC4652281_table_3,PMC4652281_table_3.xml,True,medium,68,68,68,68,60.410517,68,2,66,2,66
merged,PMC4849662_table_2,PMC4849662_table_2.xml,True,small,17,12,12,7,9.635972,12,1,16,1,11
merged,PMC3413424_table_0,PMC3413424_table_0.xml,True,small,17,22,12,12,10.814562,12,5,12,0,12
merged,PMC4598679_table_0,PMC4598679_table_0.xml,False,small,32,32,32,32,29.179292,32,0,32,0,32
merged,PMC4359522_table_0,PMC4359522_table_0.xml,False,large,154,150,150,150,133.098362,150,0,154,0,150
merged,PMC3364148_table_0,PMC3364148_table_0.xml,False,large,123,123,123,120,102.167055,123,0,123,0,123
merged,PMC5814010_table_2,PMC5814010_table_2.xml,True,small,21,24,21,18,18.670778,21,3,18,3,18
merged,PMC6235971_table_0,PMC6235971_table_0.xml,True,small,19,19,19,19,16.265826,19,2,17,2,17
merged,PMC6373102_table_1,PMC6373102_table_1.xml,True,large,93,86,81,70,68.44606,81,13,80,11,70
merged,PMC4636288_table_5,PMC4636288_table_5.xml,True,medium,37,37,37,37,31.861693,37,3,34,3,34
merged,PMC4995788_table_1,PMC4995788_table_1.xml,True,large,132,158,120,116,96.064041,120,18,114,6,114
merged,PMC6102410_table_2,PMC6102410_table_2.xml,False,medium,50,50,50,50,39.952797,50,0,50,0,50
merged,PMC4574781_table_0,PMC4574781_table_0.xml,True,medium,49,49,49,49,43.977224,49,4,45,4,45
merged,PMC2923087_table_1,PMC2923087_table_1.xml,True,large,413,300,280,186,218.372538,280,11,402,2,278
merged,PMC4897708_table_0,PMC4897708_table_0.xml,False,small,15,15,15,15,12.958224,15,0,15,0,15
merged,PMC4739096_table_1,PMC4739096_table_1.xml,True,large,65,85,60,60,54.117397,60,5,60,0,60
merged,PMC5707922_table_0,PMC5707922_table_0.xml,True,small,17,22,14,12,11.286124,14,1,16,1,13
merged,PMC5702311_table_1,PMC5702311_table_1.xml,True,large,142,144,133,131,110.81663,133,9,133,2,131
merged,PMC6091767_table_1,PMC6091767_table_1.xml,False,medium,54,54,36,4,24.406987,36,0,54,0,36
merged,PMC3240627_table_0,PMC3240627_table_0.xml,False,small,16,18,14,14,11.834267,14,0,16,0,14
merged,PMC3108124_table_1,PMC3108124_table_1.xml,True,large,74,74,74,74,62.957536,74,3,71,3,71
merged,PMC5934879_table_2,PMC5934879_table_2.xml,False,medium,36,36,36,36,33.169159,36,0,36,0,36
merged,PMC4519131_table_1,PMC4519131_table_1.xml,False,small,25,24,22,5,14.240889,22,0,25,0,22
merged,PMC5940366_table_0,PMC5940366_table_0.xml,True,large,121,95,90,56,66.93557,90,3,118,3,87
merged,PMC6065341_table_0,PMC6065341_table_0.xml,False,medium,54,54,54,54,48.114184,54,0,54,0,54
merged,PMC4940880_table_0,PMC4940880_table_0.xml,True,large,172,160,140,114,117.092911,140,4,168,0,140
merged,PMC4654900_table_0,PMC4654900_table_0.xml,False,medium,42,42,42,42,35.620017,42,0,42,0,42
merged,PMC6039019_table_0,PMC6039019_table_0.xml,False,medium,56,56,56,56,49.6653,56,0,56,0,56
merged,PMC5894967_table_1,PMC5894967_table_1.xml,True,large,76,86,61,12,37.91962,61,6,70,4,57
merged,PMC2858665_table_0,PMC2858665_table_0.xml,True,small,20,21,13,0,7.980466,13,5,15,0,13
merged,PMC4504487_table_1,PMC4504487_table_1.xml,False,medium,42,42,42,42,37.292054,42,0,42,0,42
merged,PMC4624369_table_2,PMC4624369_table_2.xml,True,small,9,4,4,4,3.715415,4,1,8,1,3
merged,PMC2970321_table_0,PMC2970321_table_0.xml,False,small,20,20,20,0,12.494159,20,0,20,0,20
merged,PMC6148783_table_0,PMC6148783_table_0.xml,False,medium,55,55,55,55,47.123864,55,0,55,0,55
merged,PMC4388571_table_1,PMC4388571_table_1.xml,True,small,18,18,18,18,15.211557,18,6,12,6,12
merged,PMC5765189_table_0,PMC5765189_table_0.xml,False,medium,36,36,36,36,31.068587,36,0,36,0,36
merged,PMC3179728_table_1,PMC3179728_table_1.xml,False,medium,50,50,50,50,45.689291,50,0,50,0,50
merged,PMC5920397_table_1,PMC5920397_table_1.xml,False,medium,48,48,48,48,42.893805,48,0,48,0,48
merged,PMC3562170_table_1,PMC3562170_table_1.xml,False,medium,36,36,36,36,31.347032,36,0,36,0,36
merged,PMC5789680_table_2,PMC5789680_table_2.xml,False,medium,56,49,49,49,42.902046,49,0,56,0,49
merged,PMC1766366_table_0,PMC1766366_table_0.xml,False,medium,60,63,57,57,53.013353,57,0,60,0,57
merged,PMC3506419_table_0,PMC3506419_table_0.xml,False,medium,49,56,47,42,40.114667,47,0,49,0,47
merged,PMC6026135_table_1,PMC6026135_table_1.xml,True,large,245,241,241,240,202.832125,241,3,242,3,238
merged,PMC5010703_table_0,PMC5010703_table_0.xml,True,small,20,15,13,13,11.328389,13,3,17,0,13
merged,PMC5975710_table_2,PMC5975710_table_2.xml,False,medium,36,36,36,36,33.81255,36,0,36,0,36
merged,PMC4354281_table_0,PMC4354281_table_0.xml,False,large,85,85,85,73,70.9076,85,0,85,0,85
merged,PMC4445691_table_0,PMC4445691_table_0.xml,False,small,25,25,25,25,23.825776,25,0,25,0,25
merged,PMC3618200_table_3,PMC3618200_table_3.xml,False,small,16,16,16,16,14.586904,16,0,16,0,16
merged,PMC2980137_table_1,PMC2980137_table_1.xml,False,small,16,17,15,5,10.863983,15,0,16,0,15
merged,PMC3543339_table_0,PMC3543339_table_0.xml,True,medium,47,25,25,25,20.658194,25,3,44,3,22
merged,PMC4930211_table_1,PMC4930211_table_1.xml,True,medium,65,69,63,63,60.54886,63,2,63,0,63
merged,PMC5703480_table_0,PMC5703480_table_0.xml,False,small,22,22,16,11,11.690837,16,0,22,0,16
merged,PMC4390841_table_0,PMC4390841_table_0.xml,False,medium,48,48,48,48,41.765586,48,0,48,0,48
merged,PMC4378924_table_0,PMC4378924_table_0.xml,True,medium,32,42,22,22,18.684043,22,10,22,0,22
merged,PMC4594897_table_2,PMC4594897_table_2.xml,True,large,105,105,105,104,91.160526,105,5,100,5,100
merged,PMC2970104_table_0,PMC2970104_table_0.xml,False,small,20,20,20,0,13.926189,20,0,20,0,20
merged,PMC6145308_table_1,PMC6145308_table_1.xml,False,small,16,16,16,16,14.277208,16,0,16,0,16
merged,PMC4994378_table_0,PMC4994378_table_0.xml,True,large,95,109,88,46,66.322687,88,8,87,1,87
merged,PMC4407714_table_1,PMC4407714_table_1.xml,True,large,80,92,76,76,70.193977,76,4,76,0,76
merged,PMC4453019_table_2,PMC4453019_table_2.xml,True,large,91,89,89,89,74.746243,89,6,85,4,85
merged,PMC3349333_table_2,PMC3349333_table_2.xml,True,small,13,11,10,9,8.19164,10,2,11,1,9
merged,PMC3522606_table_0,PMC3522606_table_0.xml,True,large,86,90,86,82,68.414544,86,4,82,4,82
merged,PMC3573996_table_0,PMC3573996_table_0.xml,False,large,120,120,120,120,108.481158,120,0,120,0,120
merged,PMC4841563_table_3,PMC4841563_table_3.xml,False,small,24,24,24,24,20.289313,24,0,24,0,24
merged,PMC4829176_table_14,PMC4829176_table_14.xml,False,large,138,138,138,138,124.332246,138,0,138,0,138
merged,PMC3306553_table_0,PMC3306553_table_0.xml,True,large,88,87,73,26,54.948902,73,3,85,0,73
merged,PMC4865127_table_2,PMC4865127_table_2.xml,True,large,72,80,53,12,37.40319,53,9,63,3,50
merged,PMC6195500_table_3,PMC6195500_table_3.xml,False,small,15,15,15,15,14.595859,15,0,15,0,15
merged,PMC2975659_table_4,PMC2975659_table_4.xml,True,medium,55,60,54,54,46.903424,54,1,54,0,54
merged,PMC4562344_table_1,PMC4562344_table_1.xml,True,medium,32,30,26,26,22.796388,26,2,30,0,26
merged,PMC4499438_table_2,PMC4499438_table_2.xml,True,medium,66,66,66,66,57.286196,66,2,64,2,64
merged,PMC4967509_table_2,PMC4967509_table_2.xml,True,medium,42,47,39,39,37.140276,39,2,40,0,39
merged,PMC1621074_table_1,PMC1621074_table_1.xml,False,medium,55,55,55,55,49.674358,55,0,55,0,55
merged,PMC1524967_table_6,PMC1524967_table_6.xml,False,small,34,34,34,34,29.811004,34,0,34,0,34
merged,PMC3019011_table_0,PMC3019011_table_0.xml,False,small,18,22,16,14,13.111822,16,0,18,0,16
merged,PMC1513572_table_2,PMC1513572_table_2.xml,False,small,18,15,15,14,13.620739,15,0,18,0,15
merged,PMC3254532_table_3,PMC3254532_table_3.xml,False,small,35,28,16,0,9.488814,16,0,35,0,16
merged,PMC4604614_table_0,PMC4604614_table_0.xml,True,medium,53,72,43,18,31.692195,43,4,49,0,43
merged,PMC4501400_table_1,PMC4501400_table_1.xml,False,small,21,21,21,21,18.160337,21,0,21,0,21
merged,PMC2427197_table_4,PMC2427197_table_4.xml,False,small,15,18,14,12,11.570319,14,0,15,0,14
merged,PMC4504402_table_0,PMC4504402_table_0.xml,True,medium,51,54,47,26,33.621151,47,6,45,3,44
merged,PMC4404307_table_4,PMC4404307_table_4.xml,True,medium,36,36,36,36,31.363213,36,2,34,2,34
merged,PMC4991119_table_0,PMC4991119_table_0.xml,True,large,115,133,112,112,100.983349,112,3,112,0,112
merged,PMC3005913_table_1,PMC3005913_table_1.xml,False,medium,45,45,45,45,38.296503,45,0,45,0,45
merged,PMC5110593_table_2,PMC5110593_table_2.xml,False,small,12,12,12,12,10.605593,12,0,12,0,12
merged,PMC4434122_table_1,PMC4434122_table_1.xml,False,small,24,24,24,24,21.489217,24,0,24,0,24
merged,PMC5178086_table_3,PMC5178086_table_3.xml,True,large,180,200,140,75,104.90439,140,12,168,0,140
merged,PMC2979109_table_0,PMC2979109_table_0.xml,False,small,20,20,20,0,12.948399,20,0,20,0,20
merged,PMC5818526_table_0,PMC5818526_table_0.xml,True,small,31,31,31,2,20.211226,31,2,29,2,29
merged,PMC6089990_table_2,PMC6089990_table_2.xml,False,medium,52,52,52,43,41.155683,52,0,52,0,52
merged,PMC2579308_table_1,PMC2579308_table_1.xml,False,small,16,13,12,10,10.465099,12,0,16,0,12
merged,PMC5145878_table_1,PMC5145878_table_1.xml,True,medium,54,52,52,52,44.163322,52,3,51,3,49
merged,PMC5101760_table_3,PMC5101760_table_3.xml,True,large,66,94,51,51,47.226522,51,22,44,7,44
merged,PMC4360558_table_0,PMC4360558_table_0.xml,True,medium,56,59,55,52,50.28784,55,4,52,3,52
merged,PMC5874052_table_2,PMC5874052_table_2.xml,True,small,22,22,22,22,18.94377,22,2,20,2,20
merged,PMC4929678_table_0,PMC4929678_table_0.xml,True,medium,47,47,47,47,40.688624,47,3,44,3,44
merged,PMC3602305_table_5,PMC3602305_table_5.xml,False,medium,36,36,36,30,28.992691,36,0,36,0,36
merged,PMC2783018_table_0,PMC2783018_table_0.xml,True,small,22,6,6,3,4.649093,6,1,21,0,6
merged,PMC4465022_table_0,PMC4465022_table_0.xml,False,small,24,24,24,24,20.55076,24,0,24,0,24
merged,PMC5014415_table_0,PMC5014415_table_0.xml,False,large,208,208,208,208,183.992477,208,0,208,0,208
merged,PMC4437681_table_2,PMC4437681_table_2.xml,True,medium,50,50,50,50,42.433423,50,4,46,4,46
merged,PMC2688010_table_2,PMC2688010_table_2.xml,True,small,21,25,20,17,17.4437,20,1,20,0,20
merged,PMC5849718_table_0,PMC5849718_table_0.xml,True,medium,59,60,58,58,47.49971,58,1,58,0,58
merged,PMC5095827_table_2,PMC5095827_table_2.xml,False,small,15,15,15,13,12.06846,15,0,15,0,15
merged,PMC3251541_table_0,PMC3251541_table_0.xml,False,small,30,30,30,30,28.079121,30,0,30,0,30
merged,PMC4624795_table_1,PMC4624795_table_1.xml,True,medium,39,39,39,39,33.055997,39,6,33,6,33
merged,PMC5968892_table_1,PMC5968892_table_1.xml,False,medium,39,39,39,39,35.996554,39,0,39,0,39
merged,PMC6218030_table_1,PMC6218030_table_1.xml,False,medium,68,68,68,47,52.19526,68,0,68,0,68
merged,PMC3670993_table_2,PMC3670993_table_2.xml,False,small,27,27,27,27,25.153507,27,0,27,0,27
merged,PMC1590010_table_2,PMC1590010_table_2.xml,True,medium,36,35,35,33,31.158246,35,3,33,3,32
merged,PMC3123832_table_2,PMC3123832_table_2.xml,True,small,10,4,2,2,1.949815,2,2,8,2,0
merged,PMC5976929_table_2,PMC5976929_table_2.xml,True,large,90,110,84,84,76.265075,84,6,84,0,84
merged,PMC5962747_table_1,PMC5962747_table_1.xml,True,large,104,104,104,77,80.314169,104,7,97,7,97
merged,PMC5955586_table_0,PMC5955586_table_0.xml,False,small,18,17,17,0,9.699375,17,0,18,0,17
merged,PMC4816578_table_0,PMC4816578_table_0.xml,False,small,35,35,35,35,30.478558,35,0,35,0,35
merged,PMC2864265_table_0,PMC2864265_table_0.xml,False,small,8,8,8,8,6.973307,8,0,8,0,8
merged,PMC5751830_table_3,PMC5751830_table_3.xml,True,medium,40,48,36,36,30.503838,36,4,36,0,36
merged,PMC3349315_table_2,PMC3349315_table_2.xml,True,small,27,23,13,6,9.664412,13,4,23,0,13
merged,PMC5815616_table_1,PMC5815616_table_1.xml,False,small,25,25,25,25,21.598329,25,0,25,0,25
merged,PMC2968377_table_0,PMC2968377_table_0.xml,False,small,20,20,20,0,13.441935,20,0,20,0,20
merged,PMC5842864_table_1,PMC5842864_table_1.xml,False,small,18,18,18,17,15.522132,18,0,18,0,18
merged,PMC3274923_table_0,PMC3274923_table_0.xml,False,small,18,18,18,18,14.768564,18,0,18,0,18
merged,PMC4965257_table_0,PMC4965257_table_0.xml,False,small,30,30,30,30,27.671836,30,0,30,0,30
merged,PMC3078546_table_1,PMC3078546_table_1.xml,False,medium,54,54,54,54,49.102094,54,0,54,0,54
merged,PMC3161853_table_3,PMC3161853_table_3.xml,False,medium,72,69,69,68,57.139858,69,0,72,0,69
merged,PMC3537189_table_1,PMC3537189_table_1.xml,False,large,98,56,46,32,37.585966,46,0,98,0,46
merged,PMC2518110_table_0,PMC2518110_table_0.xml,False,medium,45,45,45,45,41.719018,45,0,45,0,45
merged,PMC5960004_table_1,PMC5960004_table_1.xml,True,medium,38,41,14,0,8.290431,14,2,36,0,14
merged,PMC4606834_table_2,PMC4606834_table_2.xml,False,small,10,10,10,10,9.160073,10,0,10,0,10
merged,PMC4898401_table_0,PMC4898401_table_0.xml,False,large,266,266,266,168,202.985166,266,0,266,0,266
merged,PMC5956844_table_0,PMC5956844_table_0.xml,True,medium,70,76,70,64,55.316008,70,6,64,6,64
merged,PMC3052123_table_0,PMC3052123_table_0.xml,False,small,16,17,15,2,10.676857,15,0,16,0,15
merged,PMC4632822_table_0,PMC4632822_table_0.xml,True,medium,36,34,33,32,28.247366,33,2,34,2,31
merged,PMC2596126_table_5,PMC2596126_table_5.xml,True,small,21,22,21,20,19.099495,21,2,19,2,19
merged,PMC5995376_table_0,PMC5995376_table_0.xml,True,large,86,78,60,0,35.952115,60,6,80,0,60
merged,PMC5701498_table_1,PMC5701498_table_1.xml,True,large,95,125,68,3,41.677247,68,28,67,1,67
merged,PMC3540763_table_1,PMC3540763_table_1.xml,True,small,32,31,31,31,29.118297,31,3,29,3,28
merged,PMC4866031_table_3,PMC4866031_table_3.xml,True,large,57,103,24,6,16.285297,24,12,45,0,24
merged,PMC6192302_table_2,PMC6192302_table_2.xml,True,medium,32,31,21,1,12.619258,21,2,30,0,21
merged,PMC6157696_table_0,PMC6157696_table_0.xml,False,small,20,25,20,15,17.030035,20,0,20,0,20
merged,PMC2375871_table_2,PMC2375871_table_2.xml,True,small,18,14,14,14,12.380163,14,2,16,2,12
merged,PMC3483647_table_1,PMC3483647_table_1.xml,True,medium,56,57,55,55,46.072795,55,2,54,1,54
merged,PMC4941281_table_5,PMC4941281_table_5.xml,True,medium,47,47,47,47,42.321699,47,3,44,3,44
merged,PMC4449761_table_1,PMC4449761_table_1.xml,False,medium,45,37,36,33,30.802411,36,0,45,0,36
merged,PMC2648779_table_1,PMC2648779_table_1.xml,True,medium,38,38,38,36,34.583011,38,2,36,2,36
merged,PMC4624169_table_0,PMC4624169_table_0.xml,True,large,72,97,44,41,37.30353,44,17,55,4,40
merged,PMC1906757_table_3,PMC1906757_table_3.xml,True,medium,33,32,32,32,28.951815,32,3,30,3,29
merged,PMC4674919_table_0,PMC4674919_table_0.xml,False,medium,44,44,44,44,36.320534,44,0,44,0,44
merged,PMC4871862_table_0,PMC4871862_table_0.xml,False,small,28,28,26,25,24.373889,26,0,28,0,26
merged,PMC6234669_table_2,PMC6234669_table_2.xml,True,large,102,123,63,61,54.439458,63,20,82,1,62
merged,PMC4719686_table_0,PMC4719686_table_0.xml,False,small,21,19,19,19,17.070067,19,0,21,0,19
merged,PMC5058751_table_0,PMC5058751_table_0.xml,True,large,153,175,140,137,130.164214,140,15,138,4,136
merged,PMC3042918_table_2,PMC3042918_table_2.xml,True,large,212,85,73,56,58.194194,73,7,205,2,71
merged,PMC2438326_table_1,PMC2438326_table_1.xml,False,medium,55,55,55,55,47.620091,55,0,55,0,55
merged,PMC2488328_table_1,PMC2488328_table_1.xml,True,large,92,94,90,85,73.276653,90,5,87,4,86
merged,PMC3639264_table_0,PMC3639264_table_0.xml,False,medium,42,42,42,42,36.539504,42,0,42,0,42
merged,PMC2585588_table_0,PMC2585588_table_0.xml,False,medium,45,45,45,45,38.620774,45,0,45,0,45
merged,PMC5918569_table_2,PMC5918569_table_2.xml,False,small,35,35,35,35,31.369694,35,0,35,0,35
merged,PMC3123847_table_1,PMC3123847_table_1.xml,True,medium,67,67,67,65,57.29387,67,3,64,3,64
merged,PMC5667804_table_0,PMC5667804_table_0.xml,False,small,24,24,24,24,22.096244,24,0,24,0,24
merged,PMC3176760_table_0,PMC3176760_table_0.xml,False,medium,36,36,36,28,28.66313,36,0,36,0,36
merged,PMC3009027_table_2,PMC3009027_table_2.xml,False,small,25,23,18,4,12.393996,18,0,25,0,18
merged,PMC4886160_table_0,PMC4886160_table_0.xml,False,large,90,90,90,10,62.85375,90,0,90,0,90
merged,PMC4439031_table_1,PMC4439031_table_1.xml,True,large,83,95,80,80,66.659082,80,3,80,0,80
merged,PMC3684745_table_3,PMC3684745_table_3.xml,True,large,141,158,136,36,101.191826,136,5,136,3,133
merged,PMC5700096_table_2,PMC5700096_table_2.xml,False,small,18,18,18,12,14.048753,18,0,18,0,18
merged,PMC3557148_table_1,PMC3557148_table_1.xml,False,large,96,96,96,90,75.302361,96,0,96,0,96
merged,PMC3237410_table_0,PMC3237410_table_0.xml,True,large,156,192,150,129,115.529393,150,12,144,6,144
merged,PMC3063837_table_1,PMC3063837_table_1.xml,False,large,92,92,92,92,85.906581,92,0,92,0,92
merged,PMC4431502_table_1,PMC4431502_table_1.xml,True,large,140,141,134,133,113.231078,134,15,125,10,124
merged,PMC1192817_table_3,PMC1192817_table_3.xml,False,medium,54,54,54,54,50.217532,54,0,54,0,54
merged,PMC3118713_table_3,PMC3118713_table_3.xml,False,large,341,300,300,284,249.035052,300,0,341,0,300
merged,PMC4414453_table_0,PMC4414453_table_0.xml,False,small,8,7,7,6,5.879795,7,0,8,0,7
merged,PMC6091292_table_0,PMC6091292_table_0.xml,False,small,18,18,18,18,15.513495,18,0,18,0,18
merged,PMC6142186_table_0,PMC6142186_table_0.xml,True,large,90,108,84,84,74.411136,84,6,84,0,84
merged,PMC2780999_table_3,PMC2780999_table_3.xml,False,large,114,114,114,114,95.268838,114,0,114,0,114
merged,PMC3414449_table_0,PMC3414449_table_0.xml,True,large,99,92,80,40,57.290653,80,8,91,2,78
merged,PMC4892679_table_1,PMC4892679_table_1.xml,True,medium,32,38,27,22,22.358891,27,2,30,0,27
merged,PMC5727003_table_2,PMC5727003_table_2.xml,True,medium,37,37,36,36,32.741095,36,2,35,1,35
merged,PMC1065107_table_1,PMC1065107_table_1.xml,True,large,55,73,52,50,41.381809,52,6,49,3,49
merged,PMC4619589_table_3,PMC4619589_table_3.xml,True,large,73,78,70,70,58.741912,70,5,68,2,68
merged,PMC4999370_table_0,PMC4999370_table_0.xml,False,large,92,92,92,92,79.372843,92,0,92,0,92
merged,PMC5725584_table_2,PMC5725584_table_2.xml,True,small,21,21,21,21,19.262183,21,1,20,1,20
merged,PMC5953442_table_1,PMC5953442_table_1.xml,False,medium,48,48,48,47,42.066284,48,0,48,0,48
merged,PMC4816552_table_2,PMC4816552_table_2.xml,True,medium,29,33,28,21,22.849419,28,7,22,7,21
merged,PMC4425098_table_0,PMC4425098_table_0.xml,True,large,107,111,103,103,90.136053,103,12,95,8,95
merged,PMC3599226_table_0,PMC3599226_table_0.xml,True,medium,30,33,29,29,26.829511,29,4,26,3,26
merged,PMC4433905_table_2,PMC4433905_table_2.xml,True,medium,44,44,44,28,33.81939,44,3,41,3,41
merged,PMC3380946_table_3,PMC3380946_table_3.xml,False,large,98,98,98,98,79.118629,98,0,98,0,98
merged,PMC5048623_table_2,PMC5048623_table_2.xml,True,medium,33,39,30,25,25.728674,30,3,30,2,28
merged,PMC3006929_table_1,PMC3006929_table_1.xml,False,small,16,17,15,6,10.97039,15,0,16,0,15
merged,PMC6142379_table_1,PMC6142379_table_1.xml,False,medium,36,36,36,36,32.016049,36,0,36,0,36
merged,PMC6060796_table_0,PMC6060796_table_0.xml,False,small,10,17,8,5,6.675804,8,0,10,0,8
merged,PMC6223088_table_4,PMC6223088_table_4.xml,False,small,35,35,35,35,32.659155,35,0,35,0,35
merged,PMC4423522_table_1,PMC4423522_table_1.xml,True,medium,48,60,42,40,36.126105,42,6,42,0,42
merged,PMC4552273_table_0,PMC4552273_table_0.xml,False,medium,45,45,45,45,38.669284,45,0,45,0,45
merged,PMC3608149_table_2,PMC3608149_table_2.xml,True,small,26,25,25,25,20.83729,25,1,25,1,24
merged,PMC2957681_table_2,PMC2957681_table_2.xml,False,large,84,84,84,84,71.347673,84,0,84,0,84
merged,PMC3154280_table_2,PMC3154280_table_2.xml,True,large,88,96,84,73,64.646828,84,4,84,0,84
merged,PMC6235215_table_0,PMC6235215_table_0.xml,True,large,83,69,60,40,50.510734,60,3,80,0,60
merged,PMC1550399_table_3,PMC1550399_table_3.xml,True,large,114,113,112,102,89.187445,112,11,103,10,102
merged,PMC5743479_table_2,PMC5743479_table_2.xml,True,medium,44,44,44,44,41.326695,44,3,41,3,41
merged,PMC5722813_table_2,PMC5722813_table_2.xml,False,large,110,110,110,91,89.899615,110,0,110,0,110
merged,PMC1261260_table_3,PMC1261260_table_3.xml,False,medium,45,45,45,45,38.897849,45,0,45,0,45
merged,PMC4923075_table_0,PMC4923075_table_0.xml,False,small,30,30,30,30,27.201702,30,0,30,0,30
merged,PMC6028376_table_3,PMC6028376_table_3.xml,True,large,112,112,112,111,93.093437,112,3,109,3,109
merged,PMC3007292_table_2,PMC3007292_table_2.xml,False,large,119,119,119,119,103.088968,119,0,119,0,119
merged,PMC2981526_table_1,PMC2981526_table_1.xml,False,large,208,208,208,161,162.787501,208,0,208,0,208
merged,PMC3344586_table_1,PMC3344586_table_1.xml,False,medium,50,50,50,50,41.035962,50,0,50,0,50
merged,PMC3558449_table_2,PMC3558449_table_2.xml,True,large,131,135,127,127,103.139161,127,8,123,4,123
merged,PMC3130384_table_0,PMC3130384_table_0.xml,False,small,16,2,0,0,0,0,0,16,0,0
merged,PMC3050259_table_0,PMC3050259_table_0.xml,False,small,18,18,18,0,12.039906,18,0,18,0,18
merged,PMC4906974_table_2,PMC4906974_table_2.xml,True,large,190,175,155,0,98.513194,155,4,186,0,155
merged,PMC2362127_table_1,PMC2362127_table_1.xml,False,large,222,222,222,216,174.49413,222,0,222,0,222
merged,PMC4885004_table_2,PMC4885004_table_2.xml,True,large,103,112,100,97,87.062526,100,3,100,0,100
merged,PMC3364269_table_1,PMC3364269_table_1.xml,True,medium,53,51,35,35,32.311627,35,1,52,0,35
merged,PMC3224112_table_0,PMC3224112_table_0.xml,False,small,25,20,20,0,13.351965,20,0,25,0,20
merged,PMC4590700_table_2,PMC4590700_table_2.xml,True,large,148,177,138,133,121.715654,138,8,140,0,138
merged,PMC6051080_table_0,PMC6051080_table_0.xml,False,small,24,24,24,24,21.895422,24,0,24,0,24
merged,PMC6077620_table_0,PMC6077620_table_0.xml,False,small,26,26,26,26,23.3881,26,0,26,0,26
merged,PMC3599226_table_1,PMC3599226_table_1.xml,True,large,87,92,84,83,74.141568,84,10,77,9,75
merged,PMC2646303_table_1,PMC2646303_table_1.xml,False,large,100,100,100,100,91.951132,100,0,100,0,100
merged,PMC5051338_table_0,PMC5051338_table_0.xml,True,small,26,11,8,7,7.21031,8,1,25,0,8
merged,PMC3515476_table_0,PMC3515476_table_0.xml,False,small,15,15,15,15,12.827602,15,0,15,0,15
merged,PMC5008639_table_2,PMC5008639_table_2.xml,False,small,12,12,8,0,4.574147,8,0,12,0,8
merged,PMC3110108_table_3,PMC3110108_table_3.xml,False,small,24,24,24,9,19.023533,24,0,24,0,24
merged,PMC4552859_table_2,PMC4552859_table_2.xml,False,medium,63,63,63,57,50.5152,63,0,63,0,63
merged,PMC3358350_table_0,PMC3358350_table_0.xml,True,large,139,149,137,89,104.67159,137,7,132,5,132
merged,PMC2969653_table_1,PMC2969653_table_1.xml,False,large,175,169,169,169,143.311005,169,0,175,0,169
merged,PMC3051715_table_2,PMC3051715_table_2.xml,False,large,133,133,133,133,112.406686,133,0,133,0,133
merged,PMC3519644_table_1,PMC3519644_table_1.xml,True,medium,74,73,73,73,66.485854,73,3,71,3,70
merged,PMC2961772_table_0,PMC2961772_table_0.xml,False,small,20,21,19,0,13.241344,19,0,20,0,19
merged,PMC5085210_table_2,PMC5085210_table_2.xml,True,large,116,129,114,113,97.126092,114,5,111,3,111
merged,PMC3419246_table_3,PMC3419246_table_3.xml,True,large,148,172,144,65,107.907656,144,5,143,1,143
merged,PMC4575020_table_2,PMC4575020_table_2.xml,False,small,18,12,6,0,3.871012,6,0,18,0,6
merged,PMC3503690_table_0,PMC3503690_table_0.xml,True,large,75,75,74,74,61.28879,74,5,70,4,70
merged,PMC6080075_table_0,PMC6080075_table_0.xml,False,small,15,15,15,15,13.517527,15,0,15,0,15
merged,PMC5751392_table_0,PMC5751392_table_0.xml,False,small,8,4,1,0,0.50964,1,0,8,0,1
merged,PMC4815677_table_0,PMC4815677_table_0.xml,False,medium,64,64,64,64,52.952215,64,0,64,0,64
merged,PMC5939194_table_1,PMC5939194_table_1.xml,False,medium,40,40,40,40,36.566776,40,0,40,0,40
merged,PMC2773778_table_0,PMC2773778_table_0.xml,True,large,306,296,240,58,162.34481,240,6,300,3,237
merged,PMC2245971_table_1,PMC2245971_table_1.xml,True,medium,39,25,23,23,20.777727,23,5,34,3,20
merged,PMC2277399_table_6,PMC2277399_table_6.xml,False,large,84,84,84,84,75.614438,84,0,84,0,84
merged,PMC4429473_table_1,PMC4429473_table_1.xml,True,medium,46,45,44,44,41.435098,44,3,43,2,42
merged,PMC2740668_table_0,PMC2740668_table_0.xml,True,medium,67,82,60,55,50.823464,60,7,60,3,57
merged,PMC3236038_table_2,PMC3236038_table_2.xml,False,medium,54,54,54,54,50.268329,54,0,54,0,54
merged,PMC5981094_table_1,PMC5981094_table_1.xml,True,small,14,12,12,5,9.281442,12,1,13,1,11
merged,PMC2989309_table_0,PMC2989309_table_0.xml,False,small,32,26,26,26,23.422265,26,0,32,0,26
merged,PMC3219586_table_1,PMC3219586_table_1.xml,False,small,18,18,18,18,16.53996,18,0,18,0,18
merged,PMC4448311_table_14,PMC4448311_table_14.xml,False,large,165,165,165,77,123.36528,165,0,165,0,165
merged,PMC4928746_table_0,PMC4928746_table_0.xml,False,small,6,7,6,5,5.474327,6,0,6,0,6
merged,PMC4344795_table_1,PMC4344795_table_1.xml,True,medium,41,41,40,38,35.615383,40,4,37,4,36
merged,PMC5745993_table_3,PMC5745993_table_3.xml,True,large,73,85,70,64,60.51725,70,3,70,0,70
merged,PMC5910587_table_1,PMC5910587_table_1.xml,False,large,100,100,100,66,79.760273,100,0,100,0,100
merged,PMC5063825_table_0,PMC5063825_table_0.xml,True,large,128,130,127,120,105.422156,127,1,127,0,127
merged,PMC6193427_table_0,PMC6193427_table_0.xml,False,large,90,90,90,90,77.970173,90,0,90,0,90
merged,PMC3152521_table_2,PMC3152521_table_2.xml,False,medium,40,40,40,40,34.151752,40,0,40,0,40
merged,PMC4895167_table_0,PMC4895167_table_0.xml,True,large,81,81,81,81,75.915299,81,3,78,3,78
merged,PMC3218902_table_1,PMC3218902_table_1.xml,True,large,133,135,132,130,109.351037,132,4,129,3,129
merged,PMC3317115_table_0,PMC3317115_table_0.xml,False,small,20,16,16,16,15.157427,16,0,20,0,16
merged,PMC3033808_table_1,PMC3033808_table_1.xml,False,small,24,24,24,24,21.031885,24,0,24,0,24
merged,PMC5857072_table_3,PMC5857072_table_3.xml,True,medium,58,51,50,42,41.165002,50,7,51,6,44
merged,PMC3209419_table_1,PMC3209419_table_1.xml,False,large,210,216,208,159,159.11695,208,0,210,0,208
merged,PMC4493450_table_0,PMC4493450_table_0.xml,True,medium,65,77,59,59,55.304457,59,7,58,1,58
merged,PMC3256097_table_0,PMC3256097_table_0.xml,False,small,18,18,18,18,16.376155,18,0,18,0,18
merged,PMC2311300_table_2,PMC2311300_table_2.xml,True,medium,44,48,42,36,34.685728,42,2,42,0,42
merged,PMC5823866_table_1,PMC5823866_table_1.xml,True,medium,62,61,60,46,49.766371,60,2,60,0,60
merged,PMC4524703_table_1,PMC4524703_table_1.xml,True,large,74,74,74,74,62.833401,74,3,71,3,71
merged,PMC4528708_table_0,PMC4528708_table_0.xml,True,medium,37,28,28,0,17.500237,28,3,34,2,26
merged,PMC4751176_table_0,PMC4751176_table_0.xml,True,medium,40,24,24,1,15.931736,24,7,33,2,22
merged,PMC3626802_table_2,PMC3626802_table_2.xml,False,small,12,12,12,12,11.021165,12,0,12,0,12
merged,PMC4727886_table_3,PMC4727886_table_3.xml,False,small,28,28,28,28,24.202243,28,0,28,0,28
merged,PMC3673139_table_2,PMC3673139_table_2.xml,False,medium,64,64,64,64,58.36617,64,0,64,0,64
merged,PMC4507693_table_3,PMC4507693_table_3.xml,False,small,18,18,18,18,16.431874,18,0,18,0,18
merged,PMC5097412_table_1,PMC5097412_table_1.xml,True,medium,37,37,37,36,32.199897,37,2,35,2,35
merged,PMC4454579_table_0,PMC4454579_table_0.xml,True,medium,69,61,59,57,52.179709,59,3,66,2,57
merged,PMC6196262_table_2,PMC6196262_table_2.xml,False,medium,60,69,56,52,48.668123,56,0,60,0,56
merged,PMC5055238_table_0,PMC5055238_table_0.xml,False,small,15,8,7,7,6.501819,7,0,15,0,7
merged,PMC6191440_table_0,PMC6191440_table_0.xml,False,large,112,112,112,91,86.750807,112,0,112,0,112
merged,PMC3440401_table_0,PMC3440401_table_0.xml,True,large,201,214,199,150,158.569739,199,5,196,3,196
merged,PMC4430806_table_0,PMC4430806_table_0.xml,True,large,97,84,69,27,50.592265,69,5,92,0,69
merged,PMC5855635_table_1,PMC5855635_table_1.xml,True,medium,61,61,61,61,59.076046,61,2,59,2,59
merged,PMC6060133_table_0,PMC6060133_table_0.xml,True,medium,64,64,64,19,44.722817,64,4,60,4,60
merged,PMC2405773_table_0,PMC2405773_table_0.xml,True,large,121,117,100,99,83.452721,100,6,115,1,99
merged,PMC3151838_table_3,PMC3151838_table_3.xml,False,small,15,12,9,0,5.153041,9,0,15,0,9
merged,PMC6035464_table_0,PMC6035464_table_0.xml,False,small,12,12,8,0,4.539275,8,0,12,0,8
merged,PMC3011718_table_3,PMC3011718_table_3.xml,False,small,15,15,15,12,11.933391,15,0,15,0,15
merged,PMC3621759_table_3,PMC3621759_table_3.xml,True,small,16,20,13,7,9.530386,13,4,12,1,12
merged,PMC5770061_table_0,PMC5770061_table_0.xml,True,large,114,109,102,101,83.071628,102,3,111,3,99
merged,PMC4538909_table_0,PMC4538909_table_0.xml,False,small,14,1,0,0,0,0,0,14,0,0
merged,PMC6002294_table_0,PMC6002294_table_0.xml,True,medium,51,64,46,42,39.258646,46,3,48,0,46
merged,PMC6207690_table_0,PMC6207690_table_0.xml,False,large,238,238,238,101,178.568728,238,0,238,0,238
merged,PMC2994823_table_5,PMC2994823_table_5.xml,True,small,10,5,5,2,3.761546,5,4,6,2,3
merged,PMC2960995_table_1,PMC2960995_table_1.xml,False,small,16,16,16,12,12.368925,16,0,16,0,16
merged,PMC4951257_table_2,PMC4951257_table_2.xml,True,medium,35,35,35,32,30.147014,35,5,30,5,30
merged,PMC5863327_table_0,PMC5863327_table_0.xml,False,small,20,20,20,20,17.322346,20,0,20,0,20
merged,PMC6037719_table_0,PMC6037719_table_0.xml,True,large,113,115,110,81,84.531132,110,4,109,2,108
merged,PMC1868737_table_0,PMC1868737_table_0.xml,False,small,18,6,5,0,2.624083,5,0,18,0,5
merged,PMC3152872_table_3,PMC3152872_table_3.xml,False,small,25,25,25,25,22.246795,25,0,25,0,25
merged,PMC2414658_table_0,PMC2414658_table_0.xml,True,medium,57,54,31,20,22.959097,31,6,51,5,26
merged,PMC4726178_table_0,PMC4726178_table_0.xml,True,medium,45,46,44,44,37.786099,44,9,36,8,36
merged,PMC4684830_table_0,PMC4684830_table_0.xml,True,small,11,11,11,11,8.982429,11,1,10,1,10
merged,PMC4451964_table_0,PMC4451964_table_0.xml,True,large,171,170,170,165,145.986425,170,5,166,5,165
merged,PMC2881888_table_2,PMC2881888_table_2.xml,True,medium,44,44,44,37,37.952224,44,3,41,3,41
merged,PMC4476686_table_0,PMC4476686_table_0.xml,False,medium,54,54,54,49,43.885872,54,0,54,0,54
merged,PMC2977676_table_2,PMC2977676_table_2.xml,False,large,160,160,160,160,132.157863,160,0,160,0,160
merged,PMC4733276_table_1,PMC4733276_table_1.xml,True,large,88,100,85,51,66.936618,85,3,85,0,85
merged,PMC4753857_table_4,PMC4753857_table_4.xml,True,large,330,300,287,238,225.31196,287,11,319,11,276
merged,PMC3577688_table_2,PMC3577688_table_2.xml,True,large,70,94,55,51,45.891078,55,10,60,0,55
merged,PMC3229532_table_5,PMC3229532_table_5.xml,False,small,21,21,21,21,18.87054,21,0,21,0,21
merged,PMC5091883_table_4,PMC5091883_table_4.xml,True,large,114,114,114,113,99.119746,114,6,108,6,108
merged,PMC5842561_table_3,PMC5842561_table_3.xml,False,small,20,20,20,20,17.929769,20,0,20,0,20
merged,PMC3438128_table_0,PMC3438128_table_0.xml,True,medium,53,65,50,50,46.042144,50,3,50,0,50
merged,PMC6031195_table_1,PMC6031195_table_1.xml,True,large,142,129,129,124,111.919348,129,5,137,5,124
merged,PMC5855029_table_0,PMC5855029_table_0.xml,False,small,18,18,18,18,16.101907,18,0,18,0,18
merged,PMC2827475_table_4,PMC2827475_table_4.xml,False,small,8,1,0,0,0,0,0,8,0,0
merged,PMC4910197_table_1,PMC4910197_table_1.xml,True,large,157,175,154,146,131.852932,154,3,154,0,154
merged,PMC3558497_table_2,PMC3558497_table_2.xml,True,large,127,144,78,8,51.074658,78,9,118,3,75
merged,PMC6163272_table_1,PMC6163272_table_1.xml,True,medium,38,48,38,33,33.519481,38,5,33,5,33
merged,PMC3209421_table_1,PMC3209421_table_1.xml,True,large,94,99,92,67,73.231893,92,2,92,0,92
merged,PMC1173115_table_0,PMC1173115_table_0.xml,True,medium,31,24,22,20,18.922042,22,5,26,2,20
merged,PMC4620401_table_0,PMC4620401_table_0.xml,False,small,35,35,35,35,30.373238,35,0,35,0,35
merged,PMC3354746_table_1,PMC3354746_table_1.xml,False,medium,40,40,40,40,33.06645,40,0,40,0,40
merged,PMC4584024_table_0,PMC4584024_table_0.xml,True,small,19,2,0,0,0,0,1,18,0,0
merged,PMC2936311_table_0,PMC2936311_table_0.xml,True,small,29,32,29,29,24.740253,29,3,26,3,26
merged,PMC4569327_table_0,PMC4569327_table_0.xml,False,small,30,30,30,30,26.08798,30,0,30,0,30
merged,PMC2774164_table_0,PMC2774164_table_0.xml,False,small,30,30,30,30,25.831478,30,0,30,0,30
merged,PMC6150896_table_1,PMC6150896_table_1.xml,True,medium,47,47,47,47,43.910792,47,3,44,3,44
merged,PMC2674067_table_0,PMC2674067_table_0.xml,False,large,120,120,120,120,95.807926,120,0,120,0,120
merged,PMC5957403_table_0,PMC5957403_table_0.xml,True,medium,50,49,48,36,38.11363,48,2,48,2,46
merged,PMC3515431_table_3,PMC3515431_table_3.xml,False,small,18,18,18,18,16.256652,18,0,18,0,18
merged,PMC4743976_table_1,PMC4743976_table_1.xml,True,medium,56,31,26,19,21.371552,26,2,54,2,24
merged,PMC2689272_table_0,PMC2689272_table_0.xml,True,medium,34,34,34,34,29.375677,34,5,29,5,29
merged,PMC2904389_table_2,PMC2904389_table_2.xml,True,large,186,188,184,175,143.408387,184,4,182,2,182
merged,PMC3601255_table_0,PMC3601255_table_0.xml,False,small,20,20,20,20,17.601185,20,0,20,0,20
merged,PMC3091871_table_0,PMC3091871_table_0.xml,True,large,378,300,292,95,213.402941,292,11,367,0,292
merged,PMC3565310_table_2,PMC3565310_table_2.xml,False,medium,72,72,72,72,64.815287,72,0,72,0,72
merged,PMC6224011_table_0,PMC6224011_table_0.xml,True,medium,59,69,54,52,48.614385,54,3,56,0,54
merged,PMC2585071_table_2,PMC2585071_table_2.xml,True,small,13,15,12,12,11.128113,12,1,12,0,12
merged,PMC1794239_table_0,PMC1794239_table_0.xml,True,medium,40,52,38,38,33.079024,38,4,36,2,36
merged,PMC2844391_table_6,PMC2844391_table_6.xml,True,small,25,22,22,19,18.116157,22,2,23,2,20
merged,PMC3413694_table_2,PMC3413694_table_2.xml,True,large,77,91,75,69,60.013292,75,4,73,2,73
merged,PMC4820474_table_1,PMC4820474_table_1.xml,False,small,28,28,28,28,24.202778,28,0,28,0,28
merged,PMC3059479_table_0,PMC3059479_table_0.xml,True,medium,56,26,10,7,7.68096,10,4,52,0,10
merged,PMC4510441_table_1,PMC4510441_table_1.xml,True,large,92,97,92,87,76.381784,92,6,86,6,86
merged,PMC2841197_table_0,PMC2841197_table_0.xml,False,small,28,28,28,28,25.576904,28,0,28,0,28
merged,PMC4610448_table_1,PMC4610448_table_1.xml,False,small,20,20,20,20,17.887659,20,0,20,0,20
merged,PMC1783850_table_0,PMC1783850_table_0.xml,False,medium,52,52,52,52,46.056384,52,0,52,0,52
merged,PMC1182365_table_3,PMC1182365_table_3.xml,False,large,112,120,104,104,87.094307,104,0,112,0,104
merged,PMC4973110_table_1,PMC4973110_table_1.xml,True,large,127,127,127,92,100.673551,127,14,113,14,113
merged,PMC3011614_table_1,PMC3011614_table_1.xml,False,small,14,14,14,12,11.097412,14,0,14,0,14
merged,PMC4539059_table_0,PMC4539059_table_0.xml,True,medium,34,35,32,32,29.105405,32,2,32,0,32
merged,PMC2613904_table_4,PMC2613904_table_4.xml,False,small,10,10,10,0,6.40506,10,0,10,0,10
merged,PMC4828718_table_0,PMC4828718_table_0.xml,True,medium,49,49,49,49,41.883116,49,5,44,5,44
merged,PMC2148039_table_2,PMC2148039_table_2.xml,False,small,12,12,12,12,11.582411,12,0,12,0,12
merged,PMC2959437_table_1,PMC2959437_table_1.xml,False,small,15,15,13,3,9.242313,13,0,15,0,13
merged,PMC2958658_table_0,PMC2958658_table_0.xml,False,small,32,32,32,32,27.849002,32,0,32,0,32
merged,PMC3201504_table_3,PMC3201504_table_3.xml,False,small,20,16,12,0,7.428228,12,0,20,0,12
merged,PMC1564139_table_4,PMC1564139_table_4.xml,True,medium,73,74,73,72,65.48835,73,4,69,4,69
merged,PMC5932354_table_0,PMC5932354_table_0.xml,False,small,35,35,35,35,29.237098,35,0,35,0,35
merged,PMC1894963_table_0,PMC1894963_table_0.xml,True,medium,42,50,40,40,37.333899,40,2,40,0,40
merged,PMC4623515_table_1,PMC4623515_table_1.xml,False,small,20,20,20,20,17.968566,20,0,20,0,20
merged,PMC3280193_table_2,PMC3280193_table_2.xml,True,medium,43,45,42,42,36.508928,42,4,39,3,39
merged,PMC1526426_table_1,PMC1526426_table_1.xml,True,large,85,57,55,31,41.835952,55,8,77,5,50
merged,PMC5909278_table_2,PMC5909278_table_2.xml,False,small,20,15,15,15,13.67457,15,0,20,0,15
merged,PMC4610448_table_2,PMC4610448_table_2.xml,False,small,15,11,11,11,10.3068,11,0,15,0,11
merged,PMC4373726_table_1,PMC4373726_table_1.xml,True,medium,59,69,54,54,47.740848,54,5,54,0,54
merged,PMC2639378_table_2,PMC2639378_table_2.xml,True,small,28,30,27,27,24.705078,27,1,27,0,27
merged,PMC4580662_table_0,PMC4580662_table_0.xml,True,medium,34,25,20,19,17.928796,20,3,31,3,17
merged,PMC3506490_table_2,PMC3506490_table_2.xml,True,large,139,192,82,65,67.780703,82,8,131,6,76
merged,PMC4910197_table_0,PMC4910197_table_0.xml,False,small,9,7,7,7,6.663918,7,0,9,0,7
merged,PMC5011784_table_0,PMC5011784_table_0.xml,True,large,85,98,84,53,65.90143,84,8,77,7,77
merged,PMC5055558_table_0,PMC5055558_table_0.xml,True,medium,61,61,61,61,57.883318,61,3,58,3,58
merged,PMC4521140_table_8,PMC4521140_table_8.xml,True,medium,67,74,63,56,50.026583,63,3,64,0,63
merged,PMC6203360_table_0,PMC6203360_table_0.xml,True,large,102,120,99,90,80.489469,99,3,99,0,99
merged,PMC2245909_table_2,PMC2245909_table_2.xml,True,large,83,83,80,78,67.435223,80,5,78,2,78
merged,PMC3118248_table_2,PMC3118248_table_2.xml,True,large,305,294,248,202,201.293166,248,18,287,4,244
merged,PMC6019745_table_1,PMC6019745_table_1.xml,True,medium,27,42,24,9,17.224974,24,3,24,0,24
merged,PMC2893110_table_0,PMC2893110_table_0.xml,True,medium,37,39,36,36,34.428977,36,4,33,3,33
merged,PMC3040163_table_3,PMC3040163_table_3.xml,True,small,21,23,21,19,18.863104,21,3,18,3,18
merged,PMC5753525_table_0,PMC5753525_table_0.xml,True,medium,44,54,39,39,35.600216,39,5,39,0,39
merged,PMC5687717_table_1,PMC5687717_table_1.xml,False,medium,39,39,39,1,25.97547,39,0,39,0,39
merged,PMC5799165_table_2,PMC5799165_table_2.xml,True,small,17,18,17,16,15.084999,17,1,16,1,16
merged,PMC3120612_table_1,PMC3120612_table_1.xml,False,small,14,15,13,13,11.914084,13,0,14,0,13
merged,PMC5883545_table_0,PMC5883545_table_0.xml,False,small,18,18,9,0,5.780105,9,0,18,0,9
merged,PMC4409716_table_0,PMC4409716_table_0.xml,True,large,101,101,98,97,82.376091,98,4,97,1,97
merged,PMC3280315_table_1,PMC3280315_table_1.xml,False,small,24,23,23,23,18.510176,23,0,24,0,23
merged,PMC3350409_table_0,PMC3350409_table_0.xml,False,small,18,18,18,18,15.646756,18,0,18,0,18
merged,PMC2495075_table_0,PMC2495075_table_0.xml,True,small,13,10,9,7,7.336353,9,3,10,3,6
merged,PMC4883731_table_2,PMC4883731_table_2.xml,True,large,285,265,169,30,102.908638,169,12,273,5,164
merged,PMC3599521_table_0,PMC3599521_table_0.xml,True,large,115,115,115,114,96.93525,115,2,113,2,113
merged,PMC3028541_table_1,PMC3028541_table_1.xml,True,small,22,10,7,4,5.462705,7,2,20,0,7
merged,PMC3177816_table_0,PMC3177816_table_0.xml,True,large,67,50,43,42,37.074793,43,6,61,6,37
merged,PMC4405690_table_0,PMC4405690_table_0.xml,False,small,15,13,13,13,11.825917,13,0,15,0,13
merged,PMC5994070_table_3,PMC5994070_table_3.xml,True,large,82,82,82,82,71.945295,82,4,78,4,78
merged,PMC3275002_table_1,PMC3275002_table_1.xml,False,small,16,16,14,1,9.905536,14,0,16,0,14
merged,PMC4833949_table_0,PMC4833949_table_0.xml,False,large,91,91,91,91,76.685015,91,0,91,0,91
merged,PMC3527384_table_0,PMC3527384_table_0.xml,False,small,28,28,28,14,20.622518,28,0,28,0,28
merged,PMC1796893_table_1,PMC1796893_table_1.xml,True,medium,51,51,51,48,45.987243,51,3,48,3,48
merged,PMC4800152_table_0,PMC4800152_table_0.xml,True,medium,43,30,23,15,18.173622,23,6,37,6,17
merged,PMC2962150_table_3,PMC2962150_table_3.xml,False,large,140,140,140,140,118.246697,140,0,140,0,140
merged,PMC3011781_table_1,PMC3011781_table_1.xml,False,small,14,14,14,14,11.430597,14,0,14,0,14
merged,PMC5796484_table_0,PMC5796484_table_0.xml,False,small,20,20,20,20,18.86855,20,0,20,0,20
merged,PMC4872454_table_0,PMC4872454_table_0.xml,False,small,16,16,16,16,14.352053,16,0,16,0,16
merged,PMC4861294_table_1,PMC4861294_table_1.xml,False,medium,42,42,42,42,36.18774,42,0,42,0,42
merged,PMC2827563_table_2,PMC2827563_table_2.xml,True,medium,56,66,54,53,43.76209,54,2,54,0,54
merged,PMC4446346_table_0,PMC4446346_table_0.xml,True,large,95,95,94,93,78.367279,94,10,85,9,85
merged,PMC6023638_table_3,PMC6023638_table_3.xml,False,small,8,7,7,7,6.349286,7,0,8,0,7
merged,PMC5813102_table_1,PMC5813102_table_1.xml,False,small,10,10,10,5,7.772085,10,0,10,0,10
merged,PMC5797180_table_2,PMC5797180_table_2.xml,True,large,232,232,232,213,188.476847,232,7,225,7,225
merged,PMC3536690_table_0,PMC3536690_table_0.xml,False,medium,54,43,7,1,4.475583,7,0,54,0,7
merged,PMC6059413_table_4,PMC6059413_table_4.xml,True,small,17,24,13,1,9.499662,13,4,13,0,13
merged,PMC4514965_table_1,PMC4514965_table_1.xml,True,large,149,158,127,122,110.761647,127,11,138,5,122
merged,PMC4641943_table_3,PMC4641943_table_3.xml,False,small,35,35,35,35,29.316791,35,0,35,0,35
merged,PMC5063400_table_0,PMC5063400_table_0.xml,False,small,10,10,10,0,6.445228,10,0,10,0,10
merged,PMC3344427_table_1,PMC3344427_table_1.xml,False,small,10,10,10,6,7.564676,10,0,10,0,10
merged,PMC3671187_table_1,PMC3671187_table_1.xml,False,small,35,35,35,35,31.125342,35,0,35,0,35
merged,PMC3331850_table_2,PMC3331850_table_2.xml,True,medium,35,40,34,33,29.388194,34,2,33,1,33
merged,PMC4956717_table_4,PMC4956717_table_4.xml,True,medium,63,66,60,60,49.892539,60,3,60,0,60
merged,PMC5813385_table_0,PMC5813385_table_0.xml,False,medium,76,57,57,56,46.534629,57,0,76,0,57
merged,PMC6016135_table_0,PMC6016135_table_0.xml,False,medium,54,54,54,46,46.014534,54,0,54,0,54
merged,PMC3424200_table_1,PMC3424200_table_1.xml,True,large,83,104,79,61,61.310266,79,4,79,0,79
merged,PMC5713472_table_2,PMC5713472_table_2.xml,False,small,16,12,12,12,10.382295,12,0,16,0,12
merged,PMC5086957_table_0,PMC5086957_table_0.xml,False,medium,72,72,72,70,59.990669,72,0,72,0,72
merged,PMC6172842_table_2,PMC6172842_table_2.xml,False,medium,36,36,29,0,16.145384,29,0,36,0,29
merged,PMC5011800_table_1,PMC5011800_table_1.xml,False,small,10,5,5,0,3.150339,5,0,10,0,5
merged,PMC3404088_table_0,PMC3404088_table_0.xml,True,small,17,20,16,16,13.305956,16,1,16,0,16
merged,PMC5025551_table_4,PMC5025551_table_4.xml,False,small,21,21,21,21,18.759711,21,0,21,0,21
merged,PMC5955121_table_1,PMC5955121_table_1.xml,True,large,79,79,79,79,68.960103,79,3,76,3,76
merged,PMC4892614_table_7,PMC4892614_table_7.xml,True,small,25,28,22,22,20.438463,22,5,20,2,20
merged,PMC4930168_table_1,PMC4930168_table_1.xml,False,small,30,27,22,1,12.39504,22,0,30,0,22
merged,PMC5911284_table_0,PMC5911284_table_0.xml,True,small,14,14,14,12,11.933137,14,1,13,1,13
merged,PMC4682764_table_1,PMC4682764_table_1.xml,False,large,100,100,100,79,79.519002,100,0,100,0,100
merged,PMC4911094_table_0,PMC4911094_table_0.xml,True,large,90,104,88,88,75.73085,88,6,84,4,84
merged,PMC4391123_table_1,PMC4391123_table_1.xml,True,large,68,75,65,65,58.151818,65,6,62,3,62
merged,PMC3019001_table_0,PMC3019001_table_0.xml,False,small,16,16,16,16,14.444591,16,0,16,0,16
merged,PMC4753246_table_0,PMC4753246_table_0.xml,False,large,126,126,126,125,104.614424,126,0,126,0,126
merged,PMC3219371_table_6,PMC3219371_table_6.xml,False,small,16,16,16,16,14.336538,16,0,16,0,16
merged,PMC5758941_table_0,PMC5758941_table_0.xml,True,large,90,92,89,86,74.506442,89,4,86,3,86
merged,PMC2519069_table_4,PMC2519069_table_4.xml,True,large,123,66,50,17,34.826306,50,9,114,6,44
merged,PMC4971506_table_0,PMC4971506_table_0.xml,True,small,26,26,26,19,21.196725,26,3,23,3,23
merged,PMC4343020_table_1,PMC4343020_table_1.xml,False,small,24,24,24,24,22.901837,24,0,24,0,24
merged,PMC3392268_table_2,PMC3392268_table_2.xml,False,medium,64,64,64,64,53.65178,64,0,64,0,64
merged,PMC3395559_table_0,PMC3395559_table_0.xml,True,large,73,37,27,24,23.584863,27,25,48,18,9
merged,PMC4890862_table_0,PMC4890862_table_0.xml,False,medium,56,56,50,50,42.332602,50,0,56,0,50
merged,PMC4658091_table_2,PMC4658091_table_2.xml,True,medium,51,55,49,49,42.094972,49,2,49,0,49
merged,PMC3614707_table_0,PMC3614707_table_0.xml,True,medium,45,48,45,44,39.636812,45,1,44,1,44
merged,PMC4395112_table_0,PMC4395112_table_0.xml,True,medium,32,32,32,32,29.898624,32,4,28,4,28
merged,PMC2704954_table_0,PMC2704954_table_0.xml,False,small,24,16,16,16,14.627029,16,0,24,0,16
merged,PMC3543428_table_0,PMC3543428_table_0.xml,False,small,20,20,20,20,17.952766,20,0,20,0,20
merged,PMC2988727_table_6,PMC2988727_table_6.xml,False,small,15,13,11,11,10.206616,11,0,15,0,11
merged,PMC2674935_table_0,PMC2674935_table_0.xml,True,medium,45,52,39,2,23.00054,39,7,38,2,37
merged,PMC5154677_table_1,PMC5154677_table_1.xml,False,small,35,28,28,28,26.206808,28,0,35,0,28
merged,PMC5835056_table_0,PMC5835056_table_0.xml,False,medium,36,39,34,32,31.75353,34,0,36,0,34
merged,PMC3156399_table_4,PMC3156399_table_4.xml,True,medium,61,62,60,57,50.549542,60,2,59,2,58
merged,PMC2442598_table_0,PMC2442598_table_0.xml,False,medium,64,64,64,64,55.375534,64,0,64,0,64
merged,PMC2089079_table_0,PMC2089079_table_0.xml,True,medium,61,68,51,32,39.560674,51,4,57,3,48
merged,PMC5983633_table_1,PMC5983633_table_1.xml,False,small,20,20,20,20,17.56861,20,0,20,0,20
merged,PMC5690135_table_0,PMC5690135_table_0.xml,True,medium,48,30,18,12,13.784534,18,6,42,6,12
merged,PMC3083343_table_0,PMC3083343_table_0.xml,False,medium,77,77,77,77,69.48803,77,0,77,0,77
merged,PMC4798437_table_0,PMC4798437_table_0.xml,False,small,21,21,21,21,18.946478,21,0,21,0,21
merged,PMC3342088_table_1,PMC3342088_table_1.xml,False,small,24,24,24,24,22.187558,24,0,24,0,24
merged,PMC4503642_table_0,PMC4503642_table_0.xml,True,large,112,132,102,102,82.64056,102,10,102,0,102
merged,PMC2835640_table_0,PMC2835640_table_0.xml,False,small,12,6,3,3,2.760659,3,0,12,0,3
merged,PMC4982135_table_2,PMC4982135_table_2.xml,False,large,140,140,140,140,120.100178,140,0,140,0,140
merged,PMC4948083_table_1,PMC4948083_table_1.xml,False,small,18,18,18,18,16.906148,18,0,18,0,18
merged,PMC3261835_table_0,PMC3261835_table_0.xml,True,medium,43,43,43,42,36.473695,43,4,39,4,39
merged,PMC3679102_table_0,PMC3679102_table_0.xml,True,medium,67,75,63,63,51.349495,63,3,64,0,63
merged,PMC2979697_table_2,PMC2979697_table_2.xml,False,large,259,190,187,183,154.609921,187,0,259,0,187
merged,PMC5988755_table_0,PMC5988755_table_0.xml,False,small,30,30,30,8,21.797788,30,0,30,0,30
merged,PMC2961650_table_4,PMC2961650_table_4.xml,False,large,136,136,136,136,114.465058,136,0,136,0,136
merged,PMC3334604_table_1,PMC3334604_table_1.xml,False,small,14,14,14,14,13.275272,14,0,14,0,14
merged,PMC4491560_table_0,PMC4491560_table_0.xml,False,small,8,2,2,0,1.217185,2,0,8,0,2
merged,PMC5795849_table_0,PMC5795849_table_0.xml,False,small,15,0,0,0,0,0,0,15,0,0
merged,PMC3189390_table_1,PMC3189390_table_1.xml,False,medium,60,59,59,59,51.045727,59,0,60,0,59
merged,PMC5874052_table_1,PMC5874052_table_1.xml,False,small,25,25,25,25,21.105549,25,0,25,0,25
merged,PMC3501521_table_2,PMC3501521_table_2.xml,False,small,28,21,21,21,19.216009,21,0,28,0,21
merged,PMC5686942_table_0,PMC5686942_table_0.xml,True,large,75,92,68,34,53.757213,68,9,66,3,65
merged,PMC4709795_table_0,PMC4709795_table_0.xml,False,small,24,24,24,24,21.491771,24,0,24,0,24
merged,PMC6128240_table_1,PMC6128240_table_1.xml,False,medium,50,49,49,48,39.015138,49,0,50,0,49
merged,PMC3477031_table_1,PMC3477031_table_1.xml,False,small,12,12,12,12,10.838947,12,0,12,0,12
merged,PMC4837634_table_0,PMC4837634_table_0.xml,False,medium,46,69,44,23,32.1828,44,0,46,0,44
merged,PMC1866444_table_1,PMC1866444_table_1.xml,False,medium,36,36,36,36,31.013409,36,0,36,0,36
merged,PMC4663754_table_1,PMC4663754_table_1.xml,False,large,90,90,90,90,78.999127,90,0,90,0,90
merged,PMC6151216_table_0,PMC6151216_table_0.xml,False,small,26,26,26,26,22.235981,26,0,26,0,26
merged,PMC4573741_table_0,PMC4573741_table_0.xml,True,medium,35,41,32,30,27.741653,32,2,33,0,32
merged,PMC4585213_table_0,PMC4585213_table_0.xml,False,medium,36,36,36,36,32.990637,36,0,36,0,36
merged,PMC4916081_table_2,PMC4916081_table_2.xml,False,small,33,33,33,32,27.644166,33,0,33,0,33
merged,PMC1479820_table_2,PMC1479820_table_2.xml,True,medium,65,68,64,64,57.76124,64,1,64,0,64
merged,PMC2843627_table_2,PMC2843627_table_2.xml,False,medium,49,49,49,49,40.215132,49,0,49,0,49
merged,PMC2656909_table_0,PMC2656909_table_0.xml,True,large,65,81,57,57,53.046911,57,8,57,0,57
merged,PMC2983940_table_1,PMC2983940_table_1.xml,False,small,14,14,14,14,11.671809,14,0,14,0,14
merged,PMC4956214_table_0,PMC4956214_table_0.xml,True,medium,54,56,53,52,48.496221,53,8,46,7,46
merged,PMC3446914_table_1,PMC3446914_table_1.xml,True,medium,62,62,61,57,49.355411,61,4,58,3,58
merged,PMC4785152_table_0,PMC4785152_table_0.xml,False,large,96,96,96,96,83.682423,96,0,96,0,96
merged,PMC6202724_table_0,PMC6202724_table_0.xml,True,medium,30,34,26,26,22.906951,26,2,28,0,26
merged,PMC5745595_table_0,PMC5745595_table_0.xml,True,medium,51,53,51,50,44.038986,51,6,45,6,45
merged,PMC6134759_table_1,PMC6134759_table_1.xml,True,medium,27,36,24,24,21.78979,24,3,24,0,24
merged,PMC2970123_table_0,PMC2970123_table_0.xml,False,small,20,20,20,0,12.494918,20,0,20,0,20
merged,PMC4374685_table_2,PMC4374685_table_2.xml,True,large,176,224,168,168,141.992982,168,15,161,7,161
merged,PMC517501_table_3,PMC517501_table_3.xml,False,large,112,112,112,112,98.4778,112,0,112,0,112
merged,PMC1266376_table_1,PMC1266376_table_1.xml,True,large,83,95,80,80,69.067138,80,3,80,0,80
merged,PMC6175121_table_1,PMC6175121_table_1.xml,True,large,74,80,72,72,63.393691,72,2,72,0,72
merged,PMC3149562_table_0,PMC3149562_table_0.xml,True,large,137,146,96,67,76.509455,96,15,122,1,95
merged,PMC3601255_table_3,PMC3601255_table_3.xml,True,medium,37,37,37,37,35.208685,37,3,34,3,34
merged,PMC3021722_table_0,PMC3021722_table_0.xml,False,small,16,16,16,16,13.883507,16,0,16,0,16
merged,PMC4880288_table_1,PMC4880288_table_1.xml,True,medium,61,63,59,57,48.688946,59,8,53,6,53
merged,PMC3329485_table_0,PMC3329485_table_0.xml,False,medium,40,32,32,32,29.370198,32,0,40,0,32
merged,PMC3203887_table_2,PMC3203887_table_2.xml,True,large,152,153,151,129,120.312327,151,1,151,0,151
merged,PMC6173449_table_0,PMC6173449_table_0.xml,True,medium,26,29,26,23,20.777146,26,8,18,8,18
merged,PMC4403523_table_0,PMC4403523_table_0.xml,False,small,30,30,27,8,18.268524,27,0,30,0,27
merged,PMC5667839_table_0,PMC5667839_table_0.xml,True,large,244,244,244,244,219.94604,244,3,241,3,241
merged,PMC4619659_table_1,PMC4619659_table_1.xml,False,medium,36,36,36,36,29.630153,36,0,36,0,36
merged,PMC3311083_table_0,PMC3311083_table_0.xml,True,medium,28,36,24,22,20.66872,24,6,22,2,22
merged,PMC4378384_table_1,PMC4378384_table_1.xml,False,medium,55,51,51,51,46.441561,51,0,55,0,51
merged,PMC2974681_table_0,PMC2974681_table_0.xml,True,small,21,16,16,16,14.793623,16,1,20,0,16
merged,PMC3572059_table_1,PMC3572059_table_1.xml,False,large,84,84,84,84,72.389946,84,0,84,0,84
merged,PMC5107631_table_3,PMC5107631_table_3.xml,True,large,116,116,116,70,89.456223,116,3,113,3,113
merged,PMC4719818_table_1,PMC4719818_table_1.xml,False,large,175,175,175,175,139.34539,175,0,175,0,175
merged,PMC2018728_table_1,PMC2018728_table_1.xml,False,large,192,192,192,191,150.45845,192,0,192,0,192
merged,PMC3051715_table_0,PMC3051715_table_0.xml,False,small,16,16,16,16,12.843621,16,0,16,0,16
merged,PMC5171915_table_0,PMC5171915_table_0.xml,False,large,198,198,198,198,175.594854,198,0,198,0,198
merged,PMC2443793_table_0,PMC2443793_table_0.xml,True,small,23,10,6,5,5.414124,6,1,22,1,5
merged,PMC3545841_table_0,PMC3545841_table_0.xml,True,medium,57,63,57,50,47.203857,57,5,52,5,52
merged,PMC4950165_table_3,PMC4950165_table_3.xml,False,medium,45,45,45,44,37.488217,45,0,45,0,45
merged,PMC4643926_table_0,PMC4643926_table_0.xml,False,small,21,21,21,21,18.73936,21,0,21,0,21
merged,PMC3002956_table_1,PMC3002956_table_1.xml,False,small,16,16,16,16,13.921176,16,0,16,0,16
merged,PMC4738267_table_1,PMC4738267_table_1.xml,False,small,16,16,16,13,13.086848,16,0,16,0,16
merged,PMC3033815_table_4,PMC3033815_table_4.xml,False,small,20,20,20,20,18.332241,20,0,20,0,20
merged,PMC5893648_table_1,PMC5893648_table_1.xml,False,medium,55,55,55,47,43.83051,55,0,55,0,55
merged,PMC2752455_table_1,PMC2752455_table_1.xml,True,medium,32,30,30,28,27.424743,30,5,27,3,27
merged,PMC4500450_table_1,PMC4500450_table_1.xml,True,medium,66,66,66,66,55.889354,66,3,63,3,63
merged,PMC3591365_table_0,PMC3591365_table_0.xml,True,medium,37,40,36,36,29.242324,36,1,36,0,36
merged,PMC4728159_table_2,PMC4728159_table_2.xml,True,medium,32,23,15,3,8.903373,15,3,29,2,13
merged,PMC6170247_table_1,PMC6170247_table_1.xml,False,small,30,30,30,30,27.109308,30,0,30,0,30
merged,PMC5041273_table_7,PMC5041273_table_7.xml,True,medium,44,54,42,42,35.79733,42,2,42,0,42
merged,PMC1276798_table_2,PMC1276798_table_2.xml,False,small,24,24,24,24,22.450589,24,0,24,0,24
merged,PMC4363359_table_1,PMC4363359_table_1.xml,True,large,85,85,85,85,74.853483,85,4,81,4,81
merged,PMC3349575_table_0,PMC3349575_table_0.xml,True,small,16,12,11,8,9.119649,11,2,14,2,9
merged,PMC4438576_table_2,PMC4438576_table_2.xml,False,large,120,120,120,120,111.877551,120,0,120,0,120
merged,PMC3482696_table_0,PMC3482696_table_0.xml,True,large,145,164,136,103,106.577333,136,9,136,0,136
merged,PMC4425916_table_0,PMC4425916_table_0.xml,False,small,16,7,7,0,4.815136,7,0,16,0,7
merged,PMC4727960_table_0,PMC4727960_table_0.xml,False,small,20,20,20,20,18.162628,20,0,20,0,20
merged,PMC4654893_table_3,PMC4654893_table_3.xml,True,medium,37,44,28,23,23.779624,28,6,31,5,23
merged,PMC4700086_table_0,PMC4700086_table_0.xml,True,medium,47,46,46,42,40.677327,46,1,46,1,45
merged,PMC4835720_table_0,PMC4835720_table_0.xml,True,large,198,204,196,196,169.659162,196,2,196,0,196
merged,PMC3658550_table_2,PMC3658550_table_2.xml,True,large,85,85,85,41,64.122644,85,4,81,4,81
merged,PMC3689081_table_2,PMC3689081_table_2.xml,False,small,16,16,16,16,14.635984,16,0,16,0,16
merged,PMC2930863_table_3,PMC2930863_table_3.xml,True,large,115,116,115,101,91.483486,115,6,109,6,109
merged,PMC5901878_table_1,PMC5901878_table_1.xml,True,medium,58,69,38,14,27.77324,38,5,53,1,37
merged,PMC2689281_table_2,PMC2689281_table_2.xml,True,large,81,58,41,39,34.03556,41,17,64,14,27
merged,PMC4794765_table_0,PMC4794765_table_0.xml,True,large,61,61,61,61,56.354832,61,7,54,7,54
merged,PMC4816563_table_1,PMC4816563_table_1.xml,True,large,103,103,103,103,87.614823,103,2,101,2,101
merged,PMC6151038_table_7,PMC6151038_table_7.xml,True,medium,68,79,57,56,47.024043,57,3,65,2,55
merged,PMC5799322_table_1,PMC5799322_table_1.xml,True,medium,50,58,48,48,42.95713,48,2,48,0,48
merged,PMC2841152_table_0,PMC2841152_table_0.xml,True,large,160,160,160,29,113.147005,160,9,151,9,151
merged,PMC3590167_table_2,PMC3590167_table_2.xml,False,small,24,24,24,24,20.357204,24,0,24,0,24
merged,PMC4494398_table_2,PMC4494398_table_2.xml,False,small,6,6,6,6,5.672027,6,0,6,0,6
merged,PMC5802453_table_2,PMC5802453_table_2.xml,False,small,27,18,18,9,12.765193,18,0,27,0,18
merged,PMC2148101_table_0,PMC2148101_table_0.xml,False,small,15,15,15,15,13.509634,15,0,15,0,15
merged,PMC4898373_table_2,PMC4898373_table_2.xml,True,medium,61,61,61,61,53.096954,61,4,57,4,57
merged,PMC5695845_table_1,PMC5695845_table_1.xml,True,large,101,125,95,4,59.451378,95,6,95,0,95
merged,PMC3057987_table_0,PMC3057987_table_0.xml,False,medium,44,44,44,44,36.747179,44,0,44,0,44
merged,PMC1828152_table_2,PMC1828152_table_2.xml,True,medium,58,49,43,40,35.578111,43,3,55,1,42
merged,PMC5872599_table_4,PMC5872599_table_4.xml,True,medium,65,69,63,63,53.905025,63,2,63,0,63
merged,PMC2275263_table_3,PMC2275263_table_3.xml,False,medium,42,43,40,38,35.801114,40,0,42,0,40
merged,PMC4423853_table_0,PMC4423853_table_0.xml,True,medium,55,56,49,47,42.007429,49,3,52,0,49
merged,PMC4844259_table_0,PMC4844259_table_0.xml,True,large,89,90,88,88,79.043645,88,7,82,6,82
merged,PMC5050581_table_5,PMC5050581_table_5.xml,True,medium,65,72,60,60,54.199176,60,5,60,0,60
merged,PMC6154020_table_0,PMC6154020_table_0.xml,False,small,8,8,8,8,7.343899,8,0,8,0,8
merged,PMC6143711_table_0,PMC6143711_table_0.xml,True,large,168,206,160,159,145.66924,160,11,157,3,157
merged,PMC3575346_table_2,PMC3575346_table_2.xml,True,small,26,21,21,9,16.562964,21,3,23,2,19
merged,PMC1180465_table_0,PMC1180465_table_0.xml,True,large,198,198,198,198,156.495616,198,5,193,5,193
merged,PMC4954666_table_2,PMC4954666_table_2.xml,True,medium,44,54,41,19,31.072987,41,5,39,2,39
merged,PMC2430964_table_0,PMC2430964_table_0.xml,True,small,26,26,26,25,23.526735,26,2,24,2,24
merged,PMC4991119_table_1,PMC4991119_table_1.xml,True,large,234,260,218,175,171.436758,218,11,223,4,214
merged,PMC4694981_table_1,PMC4694981_table_1.xml,True,large,87,87,87,87,81.646311,87,4,83,4,83
merged,PMC4424894_table_3,PMC4424894_table_3.xml,True,large,344,300,292,181,220.417681,292,10,334,5,287
merged,PMC5890288_table_0,PMC5890288_table_0.xml,False,medium,42,28,28,27,22.326014,28,0,42,0,28
merged,PMC5825898_table_0,PMC5825898_table_0.xml,False,medium,60,60,60,60,51.481938,60,0,60,0,60
merged,PMC4397088_table_3,PMC4397088_table_3.xml,True,large,138,138,138,133,115.041024,138,10,128,10,128
merged,PMC4504501_table_2,PMC4504501_table_2.xml,False,small,30,30,30,30,25.937015,30,0,30,0,30
merged,PMC4434534_table_0,PMC4434534_table_0.xml,True,large,72,60,48,23,36.222854,48,6,66,6,42
merged,PMC2687438_table_1,PMC2687438_table_1.xml,True,small,25,24,24,20,19.412072,24,5,20,4,20
merged,PMC2373876_table_2,PMC2373876_table_2.xml,False,small,30,13,11,9,8.823644,11,0,30,0,11
merged,PMC2753363_table_4,PMC2753363_table_4.xml,True,medium,51,53,50,34,37.981186,50,3,48,2,48
merged,PMC3533458_table_0,PMC3533458_table_0.xml,False,small,26,26,26,26,24.051256,26,0,26,0,26
merged,PMC4384104_table_3,PMC4384104_table_3.xml,False,medium,36,36,36,36,34.214053,36,0,36,0,36
merged,PMC5020445_table_0,PMC5020445_table_0.xml,True,large,111,108,84,5,48.38265,84,6,105,0,84
merged,PMC3653734_table_0,PMC3653734_table_0.xml,True,large,102,120,99,74,82.790362,99,2,100,0,99
merged,PMC3408461_table_3,PMC3408461_table_3.xml,True,small,25,30,24,20,19.189645,24,5,20,4,20
merged,PMC509426_table_1,PMC509426_table_1.xml,True,large,93,102,77,65,63.50437,77,6,87,3,74
merged,PMC4657621_table_1,PMC4657621_table_1.xml,False,small,20,20,20,20,17.282886,20,0,20,0,20
merged,PMC1665449_table_0,PMC1665449_table_0.xml,False,medium,56,56,56,56,47.871852,56,0,56,0,56
merged,PMC3662595_table_2,PMC3662595_table_2.xml,False,medium,42,42,42,42,37.35724,42,0,42,0,42
merged,PMC4449594_table_2,PMC4449594_table_2.xml,False,small,30,30,30,30,27.683412,30,0,30,0,30
merged,PMC4882360_table_1,PMC4882360_table_1.xml,True,large,123,135,121,121,109.321818,121,3,120,1,120
merged,PMC2714505_table_0,PMC2714505_table_0.xml,True,large,243,273,238,233,198.833361,238,5,238,0,238
merged,PMC5989381_table_0,PMC5989381_table_0.xml,True,small,27,27,23,23,21.034502,23,3,24,1,22
merged,PMC2968020_table_1,PMC2968020_table_1.xml,False,large,155,155,155,155,128.714788,155,0,155,0,155
merged,PMC4700179_table_1,PMC4700179_table_1.xml,True,small,26,26,26,25,22.538737,26,2,24,2,24
merged,PMC3168871_table_0,PMC3168871_table_0.xml,False,small,14,14,14,14,12.679992,14,0,14,0,14
merged,PMC6122613_table_1,PMC6122613_table_1.xml,False,small,24,24,24,24,20.468299,24,0,24,0,24
merged,PMC2588622_table_2,PMC2588622_table_2.xml,True,large,267,240,227,218,199.099711,227,13,254,5,222
merged,PMC6208105_table_2,PMC6208105_table_2.xml,False,small,28,28,28,25,25.272328,28,0,28,0,28
merged,PMC4643322_table_0,PMC4643322_table_0.xml,False,small,20,20,20,20,17.685433,20,0,20,0,20
merged,PMC3240945_table_0,PMC3240945_table_0.xml,True,medium,41,41,41,41,37.25751,41,2,39,2,39
merged,PMC5957338_table_0,PMC5957338_table_0.xml,False,medium,40,40,40,18,29.969317,40,0,40,0,40
merged,PMC3006878_table_0,PMC3006878_table_0.xml,False,small,20,20,20,0,12.689414,20,0,20,0,20
merged,PMC5767312_table_0,PMC5767312_table_0.xml,True,large,112,105,80,66,63.67386,80,7,105,0,80
merged,PMC5127548_table_8,PMC5127548_table_8.xml,True,medium,44,45,44,43,38.951535,44,3,41,3,41
merged,PMC5904424_table_0,PMC5904424_table_0.xml,True,small,30,30,30,30,26.042668,30,3,27,3,27
merged,PMC4709492_table_1,PMC4709492_table_1.xml,False,medium,60,48,48,0,31.483811,48,0,60,0,48
merged,PMC5664348_table_0,PMC5664348_table_0.xml,True,medium,35,41,29,29,23.31408,29,7,28,1,28
merged,PMC4524373_table_3,PMC4524373_table_3.xml,True,medium,44,50,44,22,32.827182,44,6,38,6,38
merged,PMC3527132_table_2,PMC3527132_table_2.xml,True,large,75,85,71,52,62.257809,71,4,71,2,69
merged,PMC4872722_table_0,PMC4872722_table_0.xml,True,small,23,23,23,23,20.60818,23,4,19,4,19
merged,PMC4397088_table_0,PMC4397088_table_0.xml,False,large,120,120,120,120,101.378865,120,0,120,0,120
merged,PMC2848519_table_0,PMC2848519_table_0.xml,False,small,14,2,0,0,0,0,0,14,0,0
merged,PMC3342167_table_2,PMC3342167_table_2.xml,True,medium,42,40,39,32,31.76255,39,8,34,6,33
merged,PMC3554515_table_0,PMC3554515_table_0.xml,False,medium,64,48,48,48,43.711282,48,0,64,0,48
merged,PMC6143260_table_0,PMC6143260_table_0.xml,False,large,132,132,132,60,91.025808,132,0,132,0,132
merged,PMC3359190_table_2,PMC3359190_table_2.xml,True,medium,65,66,64,61,54.318449,64,5,60,4,60
merged,PMC5858604_table_1,PMC5858604_table_1.xml,False,medium,72,72,72,72,67.133468,72,0,72,0,72
merged,PMC5018192_table_0,PMC5018192_table_0.xml,True,large,82,90,80,80,71.004799,80,2,80,0,80
merged,PMC3166745_table_0,PMC3166745_table_0.xml,False,medium,42,42,42,42,37.124296,42,0,42,0,42
merged,PMC5021727_table_1,PMC5021727_table_1.xml,False,small,18,18,18,18,16.8953,18,0,18,0,18
merged,PMC6233180_table_2,PMC6233180_table_2.xml,True,medium,62,60,59,34,44.49513,59,6,56,6,53
merged,PMC4730682_table_3,PMC4730682_table_3.xml,True,medium,64,64,64,61,54.090372,64,1,63,1,63
merged,PMC4575444_table_0,PMC4575444_table_0.xml,True,large,235,297,215,142,166.501128,215,24,211,14,201
merged,PMC4825232_table_0,PMC4825232_table_0.xml,True,medium,47,56,47,0,29.944443,47,9,38,9,38
merged,PMC6018626_table_1,PMC6018626_table_1.xml,False,medium,40,30,30,27,23.847758,30,0,40,0,30
merged,PMC6013108_table_1,PMC6013108_table_1.xml,True,medium,39,38,38,36,32.960655,38,4,35,4,34
merged,PMC2204065_table_0,PMC2204065_table_0.xml,True,medium,32,38,26,26,21.998778,26,6,26,0,26
merged,PMC5095599_table_0,PMC5095599_table_0.xml,True,small,25,19,19,19,16.379474,19,1,24,1,18
merged,PMC5821441_table_0,PMC5821441_table_0.xml,True,medium,55,55,49,0,29.831203,49,1,54,1,48
merged,PMC6186056_table_1,PMC6186056_table_1.xml,True,large,244,232,227,200,186.754163,227,1,243,0,227
merged,PMC5722571_table_1,PMC5722571_table_1.xml,True,medium,51,61,48,41,42.738585,48,7,44,4,44
merged,PMC4897819_table_0,PMC4897819_table_0.xml,False,medium,36,36,36,36,30.622662,36,0,36,0,36
merged,PMC3419246_table_1,PMC3419246_table_1.xml,True,large,164,190,161,103,123.962694,161,9,155,6,155
merged,PMC6038359_table_0,PMC6038359_table_0.xml,False,medium,66,54,54,54,43.531614,54,0,66,0,54
merged,PMC2968314_table_0,PMC2968314_table_0.xml,False,small,20,21,19,0,12.267638,19,0,20,0,19
merged,PMC4464579_table_1,PMC4464579_table_1.xml,False,medium,36,36,36,36,31.607741,36,0,36,0,36
merged,PMC4945912_table_0,PMC4945912_table_0.xml,True,large,258,250,250,249,218.64652,250,6,252,3,247
merged,PMC6052539_table_1,PMC6052539_table_1.xml,True,medium,39,55,35,35,31.484669,35,4,35,0,35
merged,PMC2635959_table_0,PMC2635959_table_0.xml,False,small,30,30,30,30,26.364328,30,0,30,0,30
merged,PMC3050184_table_0,PMC3050184_table_0.xml,False,small,18,18,18,0,11.342518,18,0,18,0,18
merged,PMC5845866_table_1,PMC5845866_table_1.xml,False,small,30,32,23,22,20.154105,23,0,30,0,23
merged,PMC3438178_table_0,PMC3438178_table_0.xml,True,medium,47,55,45,43,36.436538,45,2,45,0,45
merged,PMC5909255_table_3,PMC5909255_table_3.xml,True,large,162,153,29,0,14.787335,29,6,156,0,29
merged,PMC3180067_table_0,PMC3180067_table_0.xml,True,medium,72,75,71,67,59.023756,71,4,68,4,67
merged,PMC3524598_table_2,PMC3524598_table_2.xml,True,large,67,81,65,65,56.016795,65,3,64,1,64
merged,PMC4932006_table_0,PMC4932006_table_0.xml,True,large,89,89,89,89,75.210205,89,4,85,4,85
merged,PMC2093938_table_4,PMC2093938_table_4.xml,False,small,12,8,8,7,6.772086,8,0,12,0,8
merged,PMC3428669_table_2,PMC3428669_table_2.xml,False,medium,54,54,54,48,44.783691,54,0,54,0,54
merged,PMC4786572_table_3,PMC4786572_table_3.xml,True,large,72,72,59,22,40.292522,59,3,69,2,57
merged,PMC6222733_table_1,PMC6222733_table_1.xml,False,large,110,110,110,39,81.692046,110,0,110,0,110
merged,PMC3602373_table_1,PMC3602373_table_1.xml,True,large,140,119,114,81,84.762257,114,3,137,1,113
merged,PMC4841544_table_1,PMC4841544_table_1.xml,True,large,92,102,87,87,74.087704,87,5,87,0,87
merged,PMC3652198_table_1,PMC3652198_table_1.xml,False,small,14,14,14,14,13.156322,14,0,14,0,14
merged,PMC5738112_table_0,PMC5738112_table_0.xml,False,small,18,20,18,16,16.170359,18,0,18,0,18
merged,PMC2995781_table_1,PMC2995781_table_1.xml,True,medium,37,36,36,34,30.798408,36,3,34,2,34
merged,PMC4458325_table_1,PMC4458325_table_1.xml,False,medium,55,50,49,26,37.054596,49,0,55,0,49
merged,PMC6049910_table_0,PMC6049910_table_0.xml,True,medium,49,57,45,26,34.628193,45,4,45,0,45
merged,PMC5084147_table_5,PMC5084147_table_5.xml,False,large,98,98,98,98,80.863023,98,0,98,0,98
merged,PMC3503841_table_1,PMC3503841_table_1.xml,True,small,22,22,22,22,20.974337,22,1,21,1,21
merged,PMC4549082_table_3,PMC4549082_table_3.xml,True,large,161,168,155,120,120.428806,155,12,149,6,149
merged,PMC3644232_table_0,PMC3644232_table_0.xml,False,small,10,5,5,0,3.297212,5,0,10,0,5
merged,PMC3689638_table_0,PMC3689638_table_0.xml,True,large,212,209,208,199,170.983789,208,4,208,4,204
merged,PMC2873247_table_2,PMC2873247_table_2.xml,True,medium,50,60,48,48,44.205161,48,2,48,0,48
merged,PMC1266024_table_4,PMC1266024_table_4.xml,True,medium,50,25,25,21,20.021651,25,2,48,1,24
merged,PMC5983274_table_3,PMC5983274_table_3.xml,False,large,90,90,90,90,79.433292,90,0,90,0,90
merged,PMC4377374_table_3,PMC4377374_table_3.xml,False,small,18,18,18,18,16.742816,18,0,18,0,18
merged,PMC5712192_table_3,PMC5712192_table_3.xml,True,large,373,300,300,300,249.205971,300,10,363,3,297
merged,PMC5837103_table_0,PMC5837103_table_0.xml,True,large,287,297,282,282,237.045912,282,15,272,10,272
merged,PMC4979187_table_2,PMC4979187_table_2.xml,True,small,32,11,7,2,4.968301,7,1,31,1,6
merged,PMC3428172_table_2,PMC3428172_table_2.xml,True,medium,32,40,30,6,22.013857,30,2,30,0,30
merged,PMC4570816_table_0,PMC4570816_table_0.xml,True,medium,40,43,30,18,22.921485,30,6,34,3,27
merged,PMC4860217_table_0,PMC4860217_table_0.xml,False,small,16,16,16,16,14.061586,16,0,16,0,16
merged,PMC4883731_table_0,PMC4883731_table_0.xml,False,large,169,168,168,164,147.994013,168,0,169,0,168
merged,PMC3566797_table_1,PMC3566797_table_1.xml,False,small,35,35,35,33,28.603148,35,0,35,0,35
merged,PMC5966889_table_4,PMC5966889_table_4.xml,True,large,80,90,78,78,70.311861,78,2,78,0,78
merged,PMC4875747_table_2,PMC4875747_table_2.xml,True,medium,45,45,44,43,36.529584,44,4,41,3,41
merged,PMC4625876_table_5,PMC4625876_table_5.xml,True,medium,43,43,43,43,36.272661,43,4,39,4,39
merged,PMC2834584_table_2,PMC2834584_table_2.xml,True,medium,56,48,47,46,40.69071,47,4,52,3,44
merged,PMC3458233_table_0,PMC3458233_table_0.xml,True,medium,48,52,24,2,14.227101,24,4,44,3,21
merged,PMC2960665_table_1,PMC2960665_table_1.xml,False,small,16,16,16,14,12.816725,16,0,16,0,16
merged,PMC4532480_table_0,PMC4532480_table_0.xml,True,large,164,159,139,127,111.064975,139,5,159,5,134
merged,PMC4493016_table_0,PMC4493016_table_0.xml,False,small,18,18,18,18,15.435236,18,0,18,0,18
merged,PMC6157679_table_1,PMC6157679_table_1.xml,True,medium,55,60,54,54,48.237685,54,1,54,0,54
merged,PMC5691681_table_2,PMC5691681_table_2.xml,True,large,168,134,92,61,71.493939,92,39,129,36,56
merged,PMC4927609_table_3,PMC4927609_table_3.xml,True,large,203,246,179,144,138.207617,179,13,190,2,177
merged,PMC6123690_table_2,PMC6123690_table_2.xml,False,medium,40,40,40,40,35.335423,40,0,40,0,40
merged,PMC6014042_table_1,PMC6014042_table_1.xml,False,small,24,24,24,24,21.174709,24,0,24,0,24
merged,PMC3561275_table_1,PMC3561275_table_1.xml,True,large,93,105,91,61,68.783711,91,7,86,5,86
merged,PMC3068096_table_1,PMC3068096_table_1.xml,True,large,126,144,124,122,99.814299,124,5,121,3,121
merged,PMC4977724_table_0,PMC4977724_table_0.xml,False,medium,48,48,48,48,42.26357,48,0,48,0,48
merged,PMC3006930_table_2,PMC3006930_table_2.xml,False,large,182,174,174,174,149.756562,174,0,182,0,174
merged,PMC5687736_table_1,PMC5687736_table_1.xml,False,large,128,128,128,128,108.848344,128,0,128,0,128
merged,PMC4859819_table_0,PMC4859819_table_0.xml,False,medium,72,59,42,6,26.40609,42,0,72,0,42
merged,PMC4994281_table_1,PMC4994281_table_1.xml,True,large,220,263,203,153,155.328025,203,22,198,5,198
merged,PMC3118226_table_0,PMC3118226_table_0.xml,False,small,6,6,6,6,5.257686,6,0,6,0,6
merged,PMC4792838_table_1,PMC4792838_table_1.xml,False,small,21,21,21,21,19.65242,21,0,21,0,21
merged,PMC6102227_table_1,PMC6102227_table_1.xml,False,medium,39,39,39,39,32.765179,39,0,39,0,39
merged,PMC4395286_table_0,PMC4395286_table_0.xml,True,large,115,115,115,115,105.163925,115,5,110,5,110
merged,PMC3472980_table_1,PMC3472980_table_1.xml,True,medium,50,55,47,39,37.367777,47,3,47,0,47
merged,PMC2657164_table_3,PMC2657164_table_3.xml,True,medium,52,55,51,50,41.861364,51,2,50,1,50
merged,PMC2657164_table_1,PMC2657164_table_1.xml,False,small,12,10,10,10,9.215203,10,0,12,0,10
merged,PMC5794930_table_3,PMC5794930_table_3.xml,True,medium,31,30,30,8,20.68758,30,5,26,5,25
merged,PMC5736711_table_0,PMC5736711_table_0.xml,True,large,75,75,75,31,55.651936,75,5,70,5,70
merged,PMC3410850_table_0,PMC3410850_table_0.xml,True,medium,39,42,36,36,29.576052,36,3,36,0,36
merged,PMC4545860_table_2,PMC4545860_table_2.xml,True,medium,45,46,43,30,33.648846,43,5,40,3,40
merged,PMC3161945_table_0,PMC3161945_table_0.xml,False,large,95,95,95,95,85.993682,95,0,95,0,95
merged,PMC2902016_table_2,PMC2902016_table_2.xml,True,small,22,21,18,18,15.085402,18,1,21,0,18
merged,PMC2913847_table_0,PMC2913847_table_0.xml,True,small,18,15,12,9,10.466266,12,6,12,4,8
merged,PMC2841116_table_3,PMC2841116_table_3.xml,False,medium,42,28,28,28,24.722492,28,0,42,0,28
merged,PMC6031750_table_0,PMC6031750_table_0.xml,True,large,87,90,86,81,73.460602,86,3,84,2,84
merged,PMC5821324_table_5,PMC5821324_table_5.xml,True,large,90,88,87,86,73.965381,87,10,80,8,79
merged,PMC2438356_table_0,PMC2438356_table_0.xml,False,small,35,35,35,35,31.104218,35,0,35,0,35
merged,PMC3660345_table_2,PMC3660345_table_2.xml,True,large,76,78,74,57,57.972785,74,4,72,3,71
merged,PMC5714431_table_3,PMC5714431_table_3.xml,True,small,9,2,1,0,0.699475,1,5,4,0,1
merged,PMC4785635_table_1,PMC4785635_table_1.xml,True,large,69,83,64,46,49.896643,64,9,60,5,59
merged,PMC4862230_table_0,PMC4862230_table_0.xml,True,large,72,51,24,1,16.834877,24,5,67,1,23
merged,PMC4460269_table_1,PMC4460269_table_1.xml,True,large,83,56,56,54,49.642154,56,1,82,1,55
merged,PMC6005562_table_1,PMC6005562_table_1.xml,False,small,21,21,21,20,16.726732,21,0,21,0,21
merged,PMC6106174_table_2,PMC6106174_table_2.xml,False,small,9,9,9,9,8.208029,9,0,9,0,9
merged,PMC3475661_table_1,PMC3475661_table_1.xml,True,medium,30,32,27,25,22.405037,27,6,24,3,24
merged,PMC1483835_table_2,PMC1483835_table_2.xml,True,large,207,172,166,162,136.070085,166,2,205,2,164
merged,PMC5679774_table_0,PMC5679774_table_0.xml,False,medium,40,39,16,0,9.475266,16,0,40,0,16
merged,PMC6214199_table_5,PMC6214199_table_5.xml,True,medium,71,70,68,68,57.463475,68,4,67,3,65
merged,PMC3640038_table_0,PMC3640038_table_0.xml,False,small,22,22,22,22,19.030299,22,0,22,0,22
merged,PMC2636893_table_0,PMC2636893_table_0.xml,True,large,108,105,85,64,64.226606,85,2,106,0,85
merged,PMC2687455_table_3,PMC2687455_table_3.xml,False,small,16,28,8,4,5.809139,8,0,16,0,8
merged,PMC6154954_table_2,PMC6154954_table_2.xml,False,medium,52,52,52,52,47.808682,52,0,52,0,52
merged,PMC2960152_table_0,PMC2960152_table_0.xml,False,small,20,21,19,0,12.381243,19,0,20,0,19
merged,PMC4937426_table_0,PMC4937426_table_0.xml,True,large,103,104,102,102,88.60315,102,7,96,6,96
merged,PMC3284429_table_0,PMC3284429_table_0.xml,False,medium,45,45,45,45,39.672882,45,0,45,0,45
merged,PMC3566098_table_3,PMC3566098_table_3.xml,False,small,35,35,35,35,29.009032,35,0,35,0,35
merged,PMC4751569_table_0,PMC4751569_table_0.xml,False,small,18,18,18,13,14.237884,18,0,18,0,18
merged,PMC3473241_table_6,PMC3473241_table_6.xml,True,medium,35,35,35,35,31.858884,35,2,33,2,33
merged,PMC4596371_table_0,PMC4596371_table_0.xml,True,medium,30,26,25,23,20.170803,25,2,28,2,23
merged,PMC3665576_table_0,PMC3665576_table_0.xml,True,large,142,141,139,134,113.60341,139,10,132,10,129
merged,PMC3614829_table_1,PMC3614829_table_1.xml,False,medium,60,60,60,60,56.709781,60,0,60,0,60
merged,PMC3530428_table_3,PMC3530428_table_3.xml,True,medium,54,60,54,48,46.750963,54,6,48,6,48
merged,PMC4607371_table_0,PMC4607371_table_0.xml,False,large,192,192,192,192,158.692831,192,0,192,0,192
merged,PMC2872307_table_0,PMC2872307_table_0.xml,False,small,12,4,2,2,1.963201,2,0,12,0,2
merged,PMC4529114_table_2,PMC4529114_table_2.xml,False,small,30,30,30,30,27.204247,30,0,30,0,30
merged,PMC3184264_table_5,PMC3184264_table_5.xml,False,small,12,8,2,2,1.861857,2,0,12,0,2
merged,PMC6234267_table_5,PMC6234267_table_5.xml,True,small,17,18,17,7,11.68835,17,2,15,2,15
merged,PMC5019196_table_0,PMC5019196_table_0.xml,False,small,34,34,34,32,27.655178,34,0,34,0,34
merged,PMC5061843_table_0,PMC5061843_table_0.xml,False,medium,48,47,47,46,39.472131,47,0,48,0,47
merged,PMC3689045_table_0,PMC3689045_table_0.xml,True,small,25,28,24,24,22.945874,24,1,24,0,24
merged,PMC6070681_table_0,PMC6070681_table_0.xml,True,medium,44,44,37,4,21.452634,37,6,38,3,34
merged,PMC2674447_table_2,PMC2674447_table_2.xml,True,large,104,114,102,102,91.56968,102,2,102,0,102
merged,PMC4902088_table_0,PMC4902088_table_0.xml,False,medium,49,49,49,49,45.183275,49,0,49,0,49
merged,PMC4807184_table_0,PMC4807184_table_0.xml,False,medium,45,50,43,40,38.31078,43,0,45,0,43
merged,PMC4832563_table_4,PMC4832563_table_4.xml,True,large,140,174,134,80,101.796165,134,19,121,16,118
merged,PMC2886951_table_0,PMC2886951_table_0.xml,True,small,17,17,17,11,13.220082,17,2,15,2,15
merged,PMC3334773_table_2,PMC3334773_table_2.xml,True,medium,61,51,45,42,40.236561,45,1,60,0,45
merged,PMC6201959_table_1,PMC6201959_table_1.xml,True,large,208,207,207,207,173.354289,207,4,204,3,204
merged,PMC3393902_table_0,PMC3393902_table_0.xml,False,large,110,110,110,110,90.916338,110,0,110,0,110
merged,PMC3504360_table_0,PMC3504360_table_0.xml,False,small,30,30,30,30,27.979027,30,0,30,0,30
merged,PMC4517507_table_3,PMC4517507_table_3.xml,True,large,98,97,97,96,86.792823,97,3,95,3,94
merged,PMC5138191_table_1,PMC5138191_table_1.xml,True,medium,45,45,45,45,38.951383,45,6,39,6,39
merged,PMC2727484_table_2,PMC2727484_table_2.xml,False,medium,36,36,36,36,30.865057,36,0,36,0,36
merged,PMC3263730_table_1,PMC3263730_table_1.xml,False,medium,40,40,40,40,33.644106,40,0,40,0,40
merged,PMC5873778_table_2,PMC5873778_table_2.xml,False,medium,44,44,44,44,35.495466,44,0,44,0,44
merged,PMC4454883_table_3,PMC4454883_table_3.xml,True,large,84,104,81,81,70.568968,81,3,81,0,81
merged,PMC4468092_table_4,PMC4468092_table_4.xml,False,small,24,24,24,22,20.655698,24,0,24,0,24
merged,PMC5988018_table_1,PMC5988018_table_1.xml,True,large,122,127,119,117,98.778615,119,2,120,0,119
merged,PMC2519138_table_0,PMC2519138_table_0.xml,False,small,20,20,20,15,16.903732,20,0,20,0,20
merged,PMC6016946_table_1,PMC6016946_table_1.xml,True,large,147,168,144,144,118.368583,144,3,144,0,144
merged,PMC2699215_table_4,PMC2699215_table_4.xml,False,large,204,204,204,12,136.667696,204,0,204,0,204
merged,PMC3410290_table_4,PMC3410290_table_4.xml,True,small,28,15,15,3,10.968193,15,2,26,2,13
merged,PMC2375120_table_2,PMC2375120_table_2.xml,True,medium,37,37,37,37,34.181784,37,3,34,3,34
merged,PMC3338385_table_1,PMC3338385_table_1.xml,False,small,24,24,24,24,20.348261,24,0,24,0,24
merged,PMC3050351_table_1,PMC3050351_table_1.xml,False,large,168,163,163,163,138.650947,163,0,168,0,163
merged,PMC4519871_table_0,PMC4519871_table_0.xml,True,medium,48,52,36,29,29.486238,36,3,45,0,36
merged,PMC3281019_table_1,PMC3281019_table_1.xml,True,large,71,80,68,68,56.321018,68,3,68,0,68
merged,PMC6145148_table_0,PMC6145148_table_0.xml,False,small,20,20,19,19,16.463568,19,0,20,0,19
merged,PMC2977678_table_0,PMC2977678_table_0.xml,False,small,22,23,21,0,12.831842,21,0,22,0,21
merged,PMC4954877_table_0,PMC4954877_table_0.xml,True,small,27,26,26,26,24.107125,26,1,26,1,25
merged,PMC2289812_table_1,PMC2289812_table_1.xml,True,small,30,30,30,30,27.369691,30,3,27,3,27
merged,PMC3665813_table_0,PMC3665813_table_0.xml,False,small,32,32,32,32,29.75128,32,0,32,0,32
merged,PMC5751690_table_0,PMC5751690_table_0.xml,False,small,20,15,15,4,9.91735,15,0,20,0,15
merged,PMC3050935_table_0,PMC3050935_table_0.xml,False,large,198,198,198,193,159.036584,198,0,198,0,198
merged,PMC4936287_table_3,PMC4936287_table_3.xml,True,large,186,98,63,53,51.473428,63,5,181,3,60
merged,PMC3519782_table_3,PMC3519782_table_3.xml,True,medium,36,42,34,33,27.141341,34,4,32,2,32
merged,PMC2579308_table_6,PMC2579308_table_6.xml,True,large,144,165,129,116,108.327484,129,16,128,2,127
merged,PMC4933999_table_6,PMC4933999_table_6.xml,True,large,199,213,198,148,153.675168,198,13,186,12,186
merged,PMC6013434_table_1,PMC6013434_table_1.xml,True,medium,63,62,62,16,45.210508,62,6,57,5,57
merged,PMC2483440_table_2,PMC2483440_table_2.xml,False,medium,44,44,44,44,39.709764,44,0,44,0,44
merged,PMC2921397_table_0,PMC2921397_table_0.xml,False,small,15,14,14,14,12.785705,14,0,15,0,14
merged,PMC4579500_table_1,PMC4579500_table_1.xml,True,large,105,90,75,75,69.133737,75,5,100,0,75
merged,PMC5084147_table_6,PMC5084147_table_6.xml,False,medium,66,60,60,54,50.366598,60,0,66,0,60
merged,PMC4929101_table_2,PMC4929101_table_2.xml,True,large,79,71,40,3,24.610305,40,7,72,2,38
merged,PMC6086995_table_0,PMC6086995_table_0.xml,False,small,12,12,12,12,10.969189,12,0,12,0,12
merged,PMC3001694_table_2,PMC3001694_table_2.xml,True,medium,38,38,38,38,34.653225,38,2,36,2,36
merged,PMC5669531_table_7,PMC5669531_table_7.xml,True,small,25,24,24,24,21.173479,24,5,20,4,20
merged,PMC3196713_table_0,PMC3196713_table_0.xml,True,large,126,146,123,62,90.893785,123,6,120,4,119
merged,PMC4954645_table_0,PMC4954645_table_0.xml,True,small,21,18,17,15,14.360055,17,3,18,2,15
merged,PMC3481435_table_7,PMC3481435_table_7.xml,False,small,8,8,7,7,6.681601,7,0,8,0,7
merged,PMC2906434_table_0,PMC2906434_table_0.xml,False,small,30,30,30,22,22.87783,30,0,30,0,30
merged,PMC3393323_table_0,PMC3393323_table_0.xml,False,small,20,20,20,19,16.00737,20,0,20,0,20
merged,PMC5159879_table_0,PMC5159879_table_0.xml,True,large,260,242,223,222,188.476485,223,16,244,4,219
merged,PMC4855820_table_1,PMC4855820_table_1.xml,True,small,16,18,15,0,9.074882,15,1,15,0,15
merged,PMC4449161_table_0,PMC4449161_table_0.xml,True,large,105,112,103,98,88.43912,103,2,103,0,103
merged,PMC5708049_table_0,PMC5708049_table_0.xml,False,medium,36,36,36,36,32.787866,36,0,36,0,36
merged,PMC1410752_table_3,PMC1410752_table_3.xml,True,large,90,115,82,60,67.047473,82,12,78,4,78
merged,PMC6155541_table_1,PMC6155541_table_1.xml,True,large,84,114,78,71,65.307301,78,6,78,0,78
merged,PMC5118951_table_0,PMC5118951_table_0.xml,True,large,77,85,76,76,66.992921,76,6,71,5,71
merged,PMC4383577_table_8,PMC4383577_table_8.xml,True,small,32,28,26,23,21.894933,26,3,29,3,23
merged,PMC4619505_table_3,PMC4619505_table_3.xml,True,large,232,267,178,64,128.897607,178,4,228,0,178
merged,PMC3564629_table_1,PMC3564629_table_1.xml,False,medium,45,45,45,45,37.45207,45,0,45,0,45
merged,PMC3203352_table_2,PMC3203352_table_2.xml,False,large,110,175,0,0,0,0,0,110,0,0
merged,PMC4449525_table_0,PMC4449525_table_0.xml,True,medium,38,37,37,37,33.321328,37,2,36,2,35
merged,PMC5706603_table_0,PMC5706603_table_0.xml,False,medium,48,48,48,48,43.400326,48,0,48,0,48
merged,PMC4891946_table_0,PMC4891946_table_0.xml,True,medium,67,67,67,51,56.663888,67,3,64,3,64
merged,PMC4942061_table_1,PMC4942061_table_1.xml,True,large,169,139,133,34,89.13607,133,4,165,1,132
merged,PMC2268657_table_0,PMC2268657_table_0.xml,False,small,4,4,4,4,3.64397,4,0,4,0,4
merged,PMC2648792_table_0,PMC2648792_table_0.xml,True,medium,31,26,24,20,20.711407,24,4,27,3,21
merged,PMC2970127_table_0,PMC2970127_table_0.xml,False,large,165,165,165,7,103.481135,165,0,165,0,165
merged,PMC2977268_table_0,PMC2977268_table_0.xml,False,small,15,15,14,12,11.15633,14,0,15,0,14
merged,PMC5041273_table_10,PMC5041273_table_10.xml,False,small,18,18,18,18,16.203571,18,0,18,0,18
merged,PMC4605644_table_1,PMC4605644_table_1.xml,True,large,117,132,114,114,90.74069,114,3,114,0,114
merged,PMC3553054_table_0,PMC3553054_table_0.xml,True,small,26,25,23,15,17.087738,23,4,22,4,19
merged,PMC4862985_table_0,PMC4862985_table_0.xml,True,medium,45,48,44,44,39.604797,44,1,44,0,44
merged,PMC2979585_table_2,PMC2979585_table_2.xml,False,large,140,140,140,140,119.551142,140,0,140,0,140
merged,PMC2335306_table_1,PMC2335306_table_1.xml,True,medium,43,50,41,39,36.016679,41,4,39,2,39
merged,PMC2930843_table_5,PMC2930843_table_5.xml,True,large,167,192,162,162,131.92678,162,5,162,0,162
merged,PMC4366389_table_1,PMC4366389_table_1.xml,True,medium,51,60,45,45,38.891393,45,8,43,4,41
merged,PMC4904362_table_3,PMC4904362_table_3.xml,False,small,14,14,14,14,13.489218,14,0,14,0,14
merged,PMC3354558_table_0,PMC3354558_table_0.xml,False,small,14,14,14,7,10.726493,14,0,14,0,14
merged,PMC5713137_table_1,PMC5713137_table_1.xml,False,medium,64,64,64,64,60.25714,64,0,64,0,64
merged,PMC5663065_table_0,PMC5663065_table_0.xml,True,medium,38,37,11,4,8.123829,11,8,30,0,11
merged,PMC5719293_table_1,PMC5719293_table_1.xml,True,large,96,126,87,87,73.064312,87,9,87,0,87
merged,PMC4971541_table_1,PMC4971541_table_1.xml,True,large,116,100,87,38,63.452051,87,1,115,0,87
merged,PMC6185718_table_1,PMC6185718_table_1.xml,True,medium,51,57,51,48,45.080698,51,3,48,3,48
merged,PMC5000650_table_0,PMC5000650_table_0.xml,False,small,33,33,33,33,30.728881,33,0,33,0,33
merged,PMC2918559_table_0,PMC2918559_table_0.xml,True,large,339,293,275,131,200.215815,275,40,299,33,242
merged,PMC3050235_table_2,PMC3050235_table_2.xml,False,small,15,15,15,8,10.95946,15,0,15,0,15
merged,PMC2973956_table_3,PMC2973956_table_3.xml,True,large,127,154,124,118,99.171626,124,6,121,3,121
merged,PMC3544610_table_2,PMC3544610_table_2.xml,True,large,292,290,289,210,223.639019,289,7,285,7,282
merged,PMC5756247_table_0,PMC5756247_table_0.xml,False,small,15,15,15,15,14.267204,15,0,15,0,15
merged,PMC5789837_table_1,PMC5789837_table_1.xml,True,small,23,23,23,9,16.771389,23,3,20,3,20
merged,PMC6201453_table_0,PMC6201453_table_0.xml,True,large,119,115,109,105,88.439906,109,10,109,2,107
merged,PMC6407848_table_0,PMC6407848_table_0.xml,False,medium,63,63,63,63,51.116701,63,0,63,0,63
merged,PMC4620384_table_4,PMC4620384_table_4.xml,True,large,72,72,70,70,61.314212,70,11,61,9,61
merged,PMC3580279_table_1,PMC3580279_table_1.xml,True,medium,40,52,32,27,28.170874,32,4,36,0,32
merged,PMC4890739_table_0,PMC4890739_table_0.xml,True,medium,43,46,43,40,38.907615,43,3,40,3,40
merged,PMC4394126_table_0,PMC4394126_table_0.xml,True,large,79,32,10,7,7.873769,10,7,72,4,6
merged,PMC5953945_table_1,PMC5953945_table_1.xml,False,medium,36,36,36,18,27.64597,36,0,36,0,36
merged,PMC3196731_table_0,PMC3196731_table_0.xml,False,medium,36,36,36,36,33.538747,36,0,36,0,36
merged,PMC2808329_table_3,PMC2808329_table_3.xml,True,large,201,201,201,167,156.613292,201,3,198,3,198
merged,PMC4613226_table_3,PMC4613226_table_3.xml,True,medium,53,53,53,53,45.544687,53,4,49,4,49
merged,PMC4937061_table_0,PMC4937061_table_0.xml,False,small,25,25,25,25,22.269416,25,0,25,0,25
merged,PMC5706411_table_1,PMC5706411_table_1.xml,True,small,15,9,8,7,6.975178,8,1,14,1,7
merged,PMC3270112_table_0,PMC3270112_table_0.xml,True,large,76,84,72,72,61.027989,72,4,72,0,72
merged,PMC5966247_table_0,PMC5966247_table_0.xml,True,small,18,21,16,15,13.871013,16,3,15,1,15
merged,PMC1079941_table_1,PMC1079941_table_1.xml,False,small,12,10,10,10,9.404796,10,0,12,0,10
merged,PMC5783415_table_0,PMC5783415_table_0.xml,False,small,18,18,18,18,15.731489,18,0,18,0,18
merged,PMC4943500_table_2,PMC4943500_table_2.xml,True,medium,43,43,43,43,36.794767,43,3,40,3,40
merged,PMC6048769_table_3,PMC6048769_table_3.xml,True,large,64,77,50,48,43.726176,50,8,56,3,47
merged,PMC4845358_table_0,PMC4845358_table_0.xml,True,large,86,110,83,83,72.061919,83,3,83,0,83
merged,PMC4594643_table_2,PMC4594643_table_2.xml,False,large,93,93,93,55,69.517698,93,0,93,0,93
merged,PMC5956831_table_0,PMC5956831_table_0.xml,True,large,118,198,97,96,81.369577,97,24,94,3,94
merged,PMC6036804_table_0,PMC6036804_table_0.xml,True,small,22,22,22,22,20.726239,22,3,19,3,19
merged,PMC3362811_table_1,PMC3362811_table_1.xml,False,medium,42,42,42,42,35.465199,42,0,42,0,42
merged,PMC5823412_table_4,PMC5823412_table_4.xml,False,medium,63,45,45,43,40.168573,45,0,63,0,45
merged,PMC5850630_table_0,PMC5850630_table_0.xml,True,medium,64,32,31,6,22.776465,31,6,58,5,26
merged,PMC2700793_table_0,PMC2700793_table_0.xml,True,medium,61,63,58,58,48.88284,58,1,60,0,58
merged,PMC4819911_table_0,PMC4819911_table_0.xml,False,medium,68,68,68,68,59.490745,68,0,68,0,68
merged,PMC5862453_table_0,PMC5862453_table_0.xml,False,large,132,130,130,130,107.735882,130,0,132,0,130
merged,PMC4521701_table_3,PMC4521701_table_3.xml,False,large,110,110,110,94,87.677136,110,0,110,0,110
merged,PMC6127189_table_0,PMC6127189_table_0.xml,False,large,105,105,105,41,77.534844,105,0,105,0,105
merged,PMC4751540_table_1,PMC4751540_table_1.xml,True,large,127,127,127,127,110.43046,127,5,122,5,122
merged,PMC3145568_table_0,PMC3145568_table_0.xml,False,small,18,18,18,18,16.862321,18,0,18,0,18
merged,PMC3091650_table_2,PMC3091650_table_2.xml,False,large,132,129,102,62,79.108035,102,0,132,0,102
merged,PMC3413447_table_1,PMC3413447_table_1.xml,False,large,212,164,134,115,104.664061,134,0,212,0,134
merged,PMC4976786_table_0,PMC4976786_table_0.xml,False,medium,40,31,31,31,28.710311,31,0,40,0,31
merged,PMC4596811_table_0,PMC4596811_table_0.xml,False,small,20,20,20,20,18.055511,20,0,20,0,20
merged,PMC5861386_table_3,PMC5861386_table_3.xml,True,large,87,95,85,85,71.453724,85,2,85,0,85
merged,PMC3475240_table_0,PMC3475240_table_0.xml,True,small,25,25,25,25,22.773954,25,2,23,2,23
merged,PMC4556713_table_1,PMC4556713_table_1.xml,False,large,84,84,84,84,70.776491,84,0,84,0,84
merged,PMC6166923_table_0,PMC6166923_table_0.xml,True,medium,49,57,46,0,29.638215,46,3,46,0,46
merged,PMC3022877_table_0,PMC3022877_table_0.xml,False,small,27,27,27,27,25.161185,27,0,27,0,27
merged,PMC5073877_table_1,PMC5073877_table_1.xml,True,small,18,12,12,12,11.606899,12,2,16,0,12
merged,PMC5797103_table_1,PMC5797103_table_1.xml,True,medium,53,53,53,28,38.82042,53,3,50,3,50
merged,PMC4373880_table_6,PMC4373880_table_6.xml,True,large,111,119,105,105,88.457494,105,7,104,3,102
merged,PMC5966432_table_1,PMC5966432_table_1.xml,False,medium,60,60,60,53,48.963724,60,0,60,0,60
merged,PMC4395329_table_3,PMC4395329_table_3.xml,True,medium,34,34,34,34,27.922592,34,3,31,3,31
merged,PMC6206003_table_0,PMC6206003_table_0.xml,True,large,97,97,97,31,70.158205,97,1,96,1,96
merged,PMC4618517_table_0,PMC4618517_table_0.xml,True,large,140,79,49,15,33.233799,49,14,126,13,36
merged,PMC6225686_table_3,PMC6225686_table_3.xml,True,large,148,144,102,21,70.368692,102,13,135,5,97
merged,PMC4412091_table_0,PMC4412091_table_0.xml,False,small,15,15,15,15,11.999257,15,0,15,0,15
merged,PMC5745705_table_1,PMC5745705_table_1.xml,False,small,32,32,32,32,26.798327,32,0,32,0,32
merged,PMC4942899_table_1,PMC4942899_table_1.xml,True,large,107,149,86,76,68.163094,86,5,102,5,81
merged,PMC2547107_table_1,PMC2547107_table_1.xml,False,small,21,21,21,21,20.02627,21,0,21,0,21
merged,PMC3542813_table_1,PMC3542813_table_1.xml,False,small,12,10,10,10,8.895795,10,0,12,0,10
merged,PMC3212515_table_1,PMC3212515_table_1.xml,True,small,24,28,24,20,20.018501,24,4,20,4,20
merged,PMC5879732_table_1,PMC5879732_table_1.xml,False,small,16,16,16,16,14.395202,16,0,16,0,16
merged,PMC2917353_table_0,PMC2917353_table_0.xml,True,medium,43,44,43,42,37.082571,43,1,42,1,42
merged,PMC5807332_table_2,PMC5807332_table_2.xml,False,small,24,24,24,8,17.899878,24,0,24,0,24
merged,PMC3508804_table_1,PMC3508804_table_1.xml,False,small,16,13,13,13,11.896506,13,0,16,0,13
merged,PMC4503601_table_0,PMC4503601_table_0.xml,False,large,168,168,168,168,140.437627,168,0,168,0,168
merged,PMC3103460_table_2,PMC3103460_table_2.xml,True,large,135,171,120,113,100.000607,120,16,119,3,117
merged,PMC3053211_table_0,PMC3053211_table_0.xml,True,small,17,9,7,0,4.312633,7,1,16,0,7
merged,PMC2748088_table_1,PMC2748088_table_1.xml,True,small,25,25,24,22,20.507428,24,4,21,4,20
merged,PMC3022907_table_1,PMC3022907_table_1.xml,True,large,74,74,74,73,61.377722,74,4,70,4,70
merged,PMC3018458_table_1,PMC3018458_table_1.xml,False,large,132,132,132,132,106.77605,132,0,132,0,132
merged,PMC4415830_table_0,PMC4415830_table_0.xml,False,small,15,12,12,12,10.811009,12,0,15,0,12
merged,PMC1559685_table_6,PMC1559685_table_6.xml,True,medium,43,44,42,38,34.391919,42,5,38,5,37
merged,PMC3475064_table_3,PMC3475064_table_3.xml,False,small,28,28,28,28,23.849352,28,0,28,0,28
merged,PMC1382198_table_0,PMC1382198_table_0.xml,True,small,26,25,24,24,22.191228,24,2,24,1,23
merged,PMC3196697_table_1,PMC3196697_table_1.xml,True,medium,66,68,64,45,50.002388,64,4,62,2,62
merged,PMC2914705_table_0,PMC2914705_table_0.xml,False,medium,48,39,39,38,34.856187,39,0,48,0,39
merged,PMC4842766_table_0,PMC4842766_table_0.xml,False,small,12,12,12,12,10.844617,12,0,12,0,12
merged,PMC2577669_table_2,PMC2577669_table_2.xml,False,small,24,24,24,24,23.192963,24,0,24,0,24
merged,PMC6530250_table_0,PMC6530250_table_0.xml,False,medium,50,45,45,40,38.352532,45,0,50,0,45
merged,PMC4631460_table_0,PMC4631460_table_0.xml,True,small,28,30,26,26,22.458332,26,2,26,0,26
merged,PMC3308190_table_2,PMC3308190_table_2.xml,True,medium,49,88,10,6,7.127746,10,2,47,2,8
merged,PMC4445912_table_1,PMC4445912_table_1.xml,False,medium,48,46,46,45,40.647368,46,0,48,0,46
merged,PMC3238873_table_0,PMC3238873_table_0.xml,False,small,20,20,20,0,12.697654,20,0,20,0,20
merged,PMC3553130_table_1,PMC3553130_table_1.xml,True,large,77,23,6,3,4.735567,6,2,75,0,6
merged,PMC5836569_table_2,PMC5836569_table_2.xml,False,large,84,84,84,84,75.842945,84,0,84,0,84
merged,PMC3671805_table_0,PMC3671805_table_0.xml,False,large,99,108,90,24,65.551472,90,0,99,0,90
merged,PMC4446329_table_7,PMC4446329_table_7.xml,False,small,21,21,21,21,19.050546,21,0,21,0,21
merged,PMC3441624_table_0,PMC3441624_table_0.xml,True,medium,50,50,50,50,40.447726,50,2,48,2,48
merged,PMC4412628_table_0,PMC4412628_table_0.xml,True,large,164,163,163,52,118.013436,163,2,162,1,162
merged,PMC5756554_table_0,PMC5756554_table_0.xml,False,medium,52,52,52,52,47.510367,52,0,52,0,52
merged,PMC2961470_table_3,PMC2961470_table_3.xml,False,large,112,112,112,112,97.879552,112,0,112,0,112
merged,PMC4569344_table_3,PMC4569344_table_3.xml,True,large,98,122,96,96,79.709474,96,6,92,4,92
merged,PMC1182365_table_5,PMC1182365_table_5.xml,False,medium,65,65,65,65,58.363302,65,0,65,0,65
merged,PMC4676750_table_1,PMC4676750_table_1.xml,True,large,112,123,108,103,92.619347,108,7,105,3,105
merged,PMC2969532_table_0,PMC2969532_table_0.xml,False,small,20,21,19,0,11.905534,19,0,20,0,19
merged,PMC3639066_table_1,PMC3639066_table_1.xml,True,small,30,30,30,30,24.720483,30,3,27,3,27
merged,PMC4618529_table_2,PMC4618529_table_2.xml,False,medium,72,64,64,63,57.895604,64,0,72,0,64
merged,PMC5788579_table_0,PMC5788579_table_0.xml,True,large,98,99,92,88,80.998101,92,6,92,4,88
merged,PMC3362578_table_1,PMC3362578_table_1.xml,True,medium,39,42,38,37,35.290814,38,2,37,1,37
merged,PMC2979770_table_2,PMC2979770_table_2.xml,False,large,133,133,133,133,114.441996,133,0,133,0,133
merged,PMC6060226_table_0,PMC6060226_table_0.xml,False,small,15,10,10,10,9.590761,10,0,15,0,10
merged,PMC5681566_table_0,PMC5681566_table_0.xml,True,large,237,237,237,141,181.242951,237,6,231,6,231
merged,PMC6102900_table_3,PMC6102900_table_3.xml,True,medium,42,49,35,34,30.886062,35,3,39,0,35
merged,PMC3397488_table_0,PMC3397488_table_0.xml,False,large,143,142,142,142,118.526243,142,0,143,0,142
merged,PMC4376517_table_1,PMC4376517_table_1.xml,False,medium,66,66,66,46,51.559224,66,0,66,0,66
merged,PMC1458958_table_0,PMC1458958_table_0.xml,True,large,118,129,117,105,95.524742,117,2,116,2,115
merged,PMC3679988_table_0,PMC3679988_table_0.xml,True,large,100,89,74,58,59.342916,74,27,73,18,56
merged,PMC4648506_table_1,PMC4648506_table_1.xml,True,small,32,35,31,31,26.370184,31,1,31,0,31
merged,PMC4714838_table_0,PMC4714838_table_0.xml,True,medium,63,75,57,57,50.659477,57,6,57,0,57
merged,PMC2916003_table_1,PMC2916003_table_1.xml,True,large,175,195,168,102,125.325384,168,9,166,3,165
merged,PMC3009153_table_2,PMC3009153_table_2.xml,False,small,18,19,17,17,15.700507,17,0,18,0,17
merged,PMC5954896_table_0,PMC5954896_table_0.xml,False,large,90,90,90,90,80.82946,90,0,90,0,90
merged,PMC4965463_table_0,PMC4965463_table_0.xml,True,medium,31,31,31,31,28.934413,31,1,30,1,30
merged,PMC6099994_table_0,PMC6099994_table_0.xml,True,small,24,23,23,23,21.595877,23,5,19,4,19
merged,PMC2585574_table_0,PMC2585574_table_0.xml,True,medium,66,66,66,65,62.528387,66,4,62,4,62
merged,PMC5691082_table_0,PMC5691082_table_0.xml,True,large,105,84,84,3,53.598274,84,2,103,2,82
merged,PMC2979697_table_0,PMC2979697_table_0.xml,False,small,16,16,14,14,12.029867,14,0,16,0,14
unmerged,PMC4557484_table_1,PMC4557484_table_1.xml,False,small,24,24,24,23,19.578802,24,,,,
unmerged,PMC3220646_table_2,PMC3220646_table_2.xml,False,medium,49,45,42,39,36.784931,42,,,,
unmerged,PMC4830095_table_0,PMC4830095_table_0.xml,False,small,24,24,24,24,21.792317,24,,,,
unmerged,PMC4871359_table_2,PMC4871359_table_2.xml,True,medium,77,69,67,61,53.750509,67,,,,
unmerged,PMC3551747_table_3,PMC3551747_table_3.xml,True,large,238,226,224,150,170.228065,224,,,,
unmerged,PMC4603756_table_2,PMC4603756_table_2.xml,True,large,220,213,211,189,168.006204,211,,,,
unmerged,PMC4476686_table_3,PMC4476686_table_3.xml,True,medium,70,66,66,62,53.582856,66,,,,
unmerged,PMC3200184_table_1,PMC3200184_table_1.xml,False,small,28,28,28,28,23.940644,28,,,,
unmerged,PMC5801397_table_1,PMC5801397_table_1.xml,False,small,20,15,15,15,14.055532,15,,,,
unmerged,PMC2174452_table_0,PMC2174452_table_0.xml,True,large,123,57,56,56,49.075925,56,,,,
unmerged,PMC2979471_table_0,PMC2979471_table_0.xml,False,small,18,18,18,0,11.632123,18,,,,
unmerged,PMC4661520_table_0,PMC4661520_table_0.xml,False,large,246,250,243,95,183.595761,243,,,,
unmerged,PMC2585558_table_0,PMC2585558_table_0.xml,True,large,104,90,31,8,19.590657,31,,,,
unmerged,PMC4462139_table_1,PMC4462139_table_1.xml,False,medium,42,42,42,32,34.579468,42,,,,
unmerged,PMC3626709_table_3,PMC3626709_table_3.xml,True,large,88,85,85,77,70.195623,85,,,,
unmerged,PMC3353967_table_0,PMC3353967_table_0.xml,True,small,18,17,17,17,14.516157,17,,,,
unmerged,PMC3091531_table_0,PMC3091531_table_0.xml,False,large,114,114,114,114,95.921059,114,,,,
unmerged,PMC5859532_table_0,PMC5859532_table_0.xml,True,large,234,79,27,21,21.889831,27,,,,
unmerged,PMC4950718_table_3,PMC4950718_table_3.xml,True,large,126,75,57,55,51.687885,57,,,,
unmerged,PMC6069772_table_0,PMC6069772_table_0.xml,True,small,22,20,19,19,17.928363,19,,,,
unmerged,PMC1488876_table_0,PMC1488876_table_0.xml,False,medium,36,36,36,36,31.986853,36,,,,
unmerged,PMC6107733_table_3,PMC6107733_table_3.xml,False,small,6,3,3,3,2.529674,3,,,,
unmerged,PMC3391175_table_3,PMC3391175_table_3.xml,False,large,96,96,96,96,85.103663,96,,,,
unmerged,PMC2969096_table_2,PMC2969096_table_2.xml,False,small,16,17,15,6,10.92104,15,,,,
unmerged,PMC2954184_table_0,PMC2954184_table_0.xml,False,medium,36,36,36,36,29.785698,36,,,,
unmerged,PMC2577639_table_0,PMC2577639_table_0.xml,False,medium,72,72,72,72,59.460483,72,,,,
unmerged,PMC4748054_table_0,PMC4748054_table_0.xml,False,small,28,28,28,28,27.130487,28,,,,
unmerged,PMC5895719_table_0,PMC5895719_table_0.xml,False,small,22,15,15,15,13.814913,15,,,,
unmerged,PMC2886070_table_1,PMC2886070_table_1.xml,True,medium,60,33,25,15,18.759178,25,,,,
unmerged,PMC5098732_table_3,PMC5098732_table_3.xml,True,medium,39,39,27,0,16.180634,27,,,,
unmerged,PMC4650654_table_2,PMC4650654_table_2.xml,True,large,96,96,96,96,87.203907,96,,,,
unmerged,PMC4819383_table_0,PMC4819383_table_0.xml,True,medium,76,34,24,8,15.516062,24,,,,
unmerged,PMC3046132_table_2,PMC3046132_table_2.xml,True,large,224,223,222,189,171.72432,222,,,,
unmerged,PMC2711331_table_1,PMC2711331_table_1.xml,True,large,84,81,81,78,66.506941,81,,,,
unmerged,PMC4609873_table_0,PMC4609873_table_0.xml,False,large,116,116,116,112,95.031599,116,,,,
unmerged,PMC2623298_table_1,PMC2623298_table_1.xml,True,medium,52,52,52,52,46.558224,52,,,,
unmerged,PMC4641688_table_0,PMC4641688_table_0.xml,True,large,120,118,116,116,102.277324,116,,,,
unmerged,PMC2527552_table_1,PMC2527552_table_1.xml,False,medium,52,52,52,52,45.675589,52,,,,
unmerged,PMC4578763_table_2,PMC4578763_table_2.xml,False,medium,40,40,40,40,34.597599,40,,,,
unmerged,PMC1266024_table_0,PMC1266024_table_0.xml,True,large,169,137,104,24,72.554468,104,,,,
unmerged,PMC5906091_table_3,PMC5906091_table_3.xml,False,medium,55,55,55,26,41.345777,55,,,,
unmerged,PMC5075886_table_1,PMC5075886_table_1.xml,True,medium,50,42,40,40,32.924077,40,,,,
unmerged,PMC3346768_table_2,PMC3346768_table_2.xml,True,medium,39,38,37,13,27.393552,37,,,,
unmerged,PMC6460509_table_3,PMC6460509_table_3.xml,True,medium,56,47,38,38,32.029832,38,,,,
unmerged,PMC4933005_table_0,PMC4933005_table_0.xml,False,small,10,8,8,8,6.969475,8,,,,
unmerged,PMC5745737_table_2,PMC5745737_table_2.xml,True,large,98,94,90,90,74.398013,90,,,,
unmerged,PMC3009352_table_3,PMC3009352_table_3.xml,False,medium,56,56,56,40,44.542166,56,,,,
unmerged,PMC4830067_table_0,PMC4830067_table_0.xml,True,medium,63,57,54,53,47.180196,54,,,,
unmerged,PMC4957341_table_0,PMC4957341_table_0.xml,False,small,33,33,33,33,28.560619,33,,,,
unmerged,PMC2983561_table_0,PMC2983561_table_0.xml,False,small,16,14,14,5,10.464919,14,,,,
unmerged,PMC2904386_table_0,PMC2904386_table_0.xml,False,small,20,20,20,20,17.523825,20,,,,
unmerged,PMC6126004_table_3,PMC6126004_table_3.xml,False,large,112,112,112,112,96.124858,112,,,,
unmerged,PMC6037082_table_1,PMC6037082_table_1.xml,True,large,390,300,293,292,237.14258,293,,,,
unmerged,PMC5724365_table_1,PMC5724365_table_1.xml,True,large,81,81,54,0,32.667369,54,,,,
unmerged,PMC3583622_table_1,PMC3583622_table_1.xml,False,large,120,107,107,81,86.931793,107,,,,
unmerged,PMC2678101_table_0,PMC2678101_table_0.xml,False,small,30,30,30,30,27.027191,30,,,,
unmerged,PMC3507873_table_2,PMC3507873_table_2.xml,False,medium,72,63,63,63,52.280225,63,,,,
unmerged,PMC2821402_table_0,PMC2821402_table_0.xml,False,small,9,9,9,9,7.813719,9,,,,
unmerged,PMC5673718_table_3,PMC5673718_table_3.xml,True,medium,45,40,37,36,33.743614,37,,,,
unmerged,PMC4521151_table_0,PMC4521151_table_0.xml,False,medium,63,63,63,63,56.034519,63,,,,
unmerged,PMC4489625_table_0,PMC4489625_table_0.xml,True,medium,42,35,28,28,25.065012,28,,,,
unmerged,PMC3506454_table_0,PMC3506454_table_0.xml,False,small,14,10,10,10,9.466691,10,,,,
unmerged,PMC2352870_table_5,PMC2352870_table_5.xml,True,large,192,137,129,92,102.563738,129,,,,
unmerged,PMC6131896_table_1,PMC6131896_table_1.xml,True,large,110,83,82,6,56.411303,82,,,,
unmerged,PMC3004931_table_0,PMC3004931_table_0.xml,False,small,16,16,16,16,14.264221,16,,,,
unmerged,PMC4570425_table_0,PMC4570425_table_0.xml,False,medium,48,48,48,48,42.537922,48,,,,
unmerged,PMC1945034_table_3,PMC1945034_table_3.xml,True,medium,72,60,58,56,49.657133,58,,,,
unmerged,PMC2689505_table_0,PMC2689505_table_0.xml,False,medium,64,64,64,64,58.086611,64,,,,
unmerged,PMC5894967_table_0,PMC5894967_table_0.xml,True,large,102,96,92,16,57.318306,92,,,,
unmerged,PMC3296740_table_0,PMC3296740_table_0.xml,True,medium,77,73,72,45,56.875879,72,,,,
unmerged,PMC2640380_table_1,PMC2640380_table_1.xml,False,small,16,16,16,16,14.971954,16,,,,
unmerged,PMC6034749_table_0,PMC6034749_table_0.xml,True,medium,49,49,49,49,41.421118,49,,,,
unmerged,PMC2830220_table_0,PMC2830220_table_0.xml,False,medium,42,42,42,42,36.566723,42,,,,
unmerged,PMC4706714_table_0,PMC4706714_table_0.xml,False,medium,36,36,36,36,33.219264,36,,,,
unmerged,PMC3022830_table_0,PMC3022830_table_0.xml,True,large,136,128,127,119,107.033909,127,,,,
unmerged,PMC4472718_table_3,PMC4472718_table_3.xml,True,large,156,196,70,68,58.267875,70,,,,
unmerged,PMC4599890_table_3,PMC4599890_table_3.xml,False,small,12,12,12,12,11.032703,12,,,,
unmerged,PMC3184418_table_0,PMC3184418_table_0.xml,False,small,28,28,28,9,20.503304,28,,,,
unmerged,PMC2529317_table_1,PMC2529317_table_1.xml,True,large,81,73,67,61,55.59717,67,,,,
unmerged,PMC3151975_table_1,PMC3151975_table_1.xml,False,small,16,15,13,1,9.125267,13,,,,
unmerged,PMC4656969_table_0,PMC4656969_table_0.xml,False,medium,49,42,35,35,32.571526,35,,,,
unmerged,PMC5941763_table_1,PMC5941763_table_1.xml,True,large,90,89,89,89,76.802211,89,,,,
unmerged,PMC4347917_table_0,PMC4347917_table_0.xml,False,medium,36,29,29,24,23.119272,29,,,,
unmerged,PMC2718512_table_2,PMC2718512_table_2.xml,False,large,112,112,112,112,89.630472,112,,,,
unmerged,PMC3588267_table_1,PMC3588267_table_1.xml,False,large,84,84,84,83,68.463922,84,,,,
unmerged,PMC4895272_table_4,PMC4895272_table_4.xml,False,small,24,16,16,16,13.236113,16,,,,
unmerged,PMC4624135_table_2,PMC4624135_table_2.xml,True,large,111,74,74,74,63.661869,74,,,,
unmerged,PMC3501519_table_0,PMC3501519_table_0.xml,False,large,96,96,96,96,80.10703,96,,,,
unmerged,PMC2741440_table_2,PMC2741440_table_2.xml,True,large,112,88,76,76,61.767687,76,,,,
unmerged,PMC6226465_table_2,PMC6226465_table_2.xml,False,large,84,84,84,64,63.969363,84,,,,
unmerged,PMC2903598_table_1,PMC2903598_table_1.xml,False,small,18,16,16,14,13.229524,16,,,,
unmerged,PMC4882360_table_2,PMC4882360_table_2.xml,True,medium,51,42,42,42,38.094595,42,,,,
unmerged,PMC4419512_table_2,PMC4419512_table_2.xml,False,medium,36,36,36,36,31.154379,36,,,,
unmerged,PMC1851395_table_2,PMC1851395_table_2.xml,True,large,329,294,229,21,147.448212,229,,,,
unmerged,PMC3686801_table_0,PMC3686801_table_0.xml,True,medium,48,23,23,0,13.705473,23,,,,
unmerged,PMC3036605_table_0,PMC3036605_table_0.xml,True,large,130,129,129,127,114.333151,129,,,,
unmerged,PMC6032104_table_0,PMC6032104_table_0.xml,False,medium,70,70,70,65,56.73354,70,,,,
unmerged,PMC6173411_table_0,PMC6173411_table_0.xml,False,small,25,25,25,5,16.444409,25,,,,
unmerged,PMC2939516_table_0,PMC2939516_table_0.xml,False,small,33,33,33,33,30.732454,33,,,,
unmerged,PMC5791941_table_0,PMC5791941_table_0.xml,True,large,154,108,90,73,73.468924,90,,,,
unmerged,PMC3064576_table_2,PMC3064576_table_2.xml,True,small,28,23,21,21,18.776078,21,,,,
unmerged,PMC1622761_table_1,PMC1622761_table_1.xml,False,small,12,12,12,12,11.281291,12,,,,
unmerged,PMC4902286_table_2,PMC4902286_table_2.xml,True,small,35,33,32,31,26.832871,32,,,,
unmerged,PMC3238335_table_3,PMC3238335_table_3.xml,True,large,88,87,86,83,69.950402,86,,,,
unmerged,PMC3072946_table_0,PMC3072946_table_0.xml,False,medium,70,70,70,70,58.906716,70,,,,
unmerged,PMC5068742_table_4,PMC5068742_table_4.xml,True,small,15,13,13,11,11.170045,13,,,,
unmerged,PMC2983272_table_1,PMC2983272_table_1.xml,False,small,12,12,12,6,9.210904,12,,,,
unmerged,PMC3689524_table_2,PMC3689524_table_2.xml,True,small,16,9,8,4,5.804374,8,,,,
unmerged,PMC3541249_table_4,PMC3541249_table_4.xml,False,small,6,6,6,6,5.871401,6,,,,
unmerged,PMC4871359_table_3,PMC4871359_table_3.xml,True,medium,77,69,66,61,55.2835,66,,,,
unmerged,PMC5956962_table_1,PMC5956962_table_1.xml,False,medium,42,42,42,42,37.274192,42,,,,
unmerged,PMC4629756_table_0,PMC4629756_table_0.xml,False,small,27,17,15,11,12.11615,15,,,,
unmerged,PMC6010860_table_1,PMC6010860_table_1.xml,True,large,155,140,140,136,129.359445,140,,,,
unmerged,PMC5880062_table_1,PMC5880062_table_1.xml,True,large,198,160,149,44,101.978435,149,,,,
unmerged,PMC2955703_table_4,PMC2955703_table_4.xml,False,medium,55,55,55,55,45.641253,55,,,,
unmerged,PMC4641589_table_1,PMC4641589_table_1.xml,False,medium,60,60,60,60,51.045942,60,,,,
unmerged,PMC4490793_table_0,PMC4490793_table_0.xml,False,small,27,27,25,25,22.821281,25,,,,
unmerged,PMC5081668_table_2,PMC5081668_table_2.xml,True,large,144,130,113,85,88.557623,113,,,,
unmerged,PMC5997944_table_5,PMC5997944_table_5.xml,False,medium,48,48,48,48,41.901433,48,,,,
unmerged,PMC4658139_table_0,PMC4658139_table_0.xml,False,small,21,21,21,21,19.122391,21,,,,
unmerged,PMC5027767_table_0,PMC5027767_table_0.xml,False,small,15,15,11,0,6.108924,11,,,,
unmerged,PMC6154426_table_3,PMC6154426_table_3.xml,True,small,30,16,13,8,9.914532,13,,,,
unmerged,PMC6100046_table_0,PMC6100046_table_0.xml,False,medium,49,49,49,49,43.552114,49,,,,
unmerged,PMC3164601_table_2,PMC3164601_table_2.xml,True,large,80,49,43,34,33.453229,43,,,,
unmerged,PMC1929151_table_0,PMC1929151_table_0.xml,False,large,135,135,135,131,108.81428,135,,,,
unmerged,PMC2941694_table_1,PMC2941694_table_1.xml,False,medium,48,18,18,18,16.185025,18,,,,
unmerged,PMC2960599_table_0,PMC2960599_table_0.xml,False,small,20,21,19,2,13.580603,19,,,,
unmerged,PMC3673891_table_0,PMC3673891_table_0.xml,True,medium,50,39,39,24,29.329188,39,,,,
unmerged,PMC3629600_table_1,PMC3629600_table_1.xml,False,small,15,15,15,11,11.683919,15,,,,
unmerged,PMC4853443_table_3,PMC4853443_table_3.xml,False,small,20,15,15,15,13.042676,15,,,,
unmerged,PMC3615965_table_1,PMC3615965_table_1.xml,False,small,24,24,24,24,21.712154,24,,,,
unmerged,PMC4851769_table_0,PMC4851769_table_0.xml,True,large,100,100,100,100,86.798112,100,,,,
unmerged,PMC4987991_table_1,PMC4987991_table_1.xml,True,small,30,30,30,30,26.725122,30,,,,
unmerged,PMC2959565_table_1,PMC2959565_table_1.xml,False,large,168,168,168,168,140.591837,168,,,,
unmerged,PMC4873261_table_3,PMC4873261_table_3.xml,True,large,256,256,256,256,217.720484,256,,,,
unmerged,PMC2993656_table_11,PMC2993656_table_11.xml,True,medium,63,63,55,43,42.364632,55,,,,
unmerged,PMC6007071_table_0,PMC6007071_table_0.xml,False,small,21,14,14,0,7.467962,14,,,,
unmerged,PMC3200594_table_1,PMC3200594_table_1.xml,False,small,16,15,14,6,10.60057,14,,,,
unmerged,PMC3247576_table_1,PMC3247576_table_1.xml,False,small,16,15,15,13,11.754146,15,,,,
unmerged,PMC5989356_table_4,PMC5989356_table_4.xml,True,small,15,14,14,13,12.356844,14,,,,
unmerged,PMC5025155_table_3,PMC5025155_table_3.xml,True,large,108,79,71,55,55.071124,71,,,,
unmerged,PMC3232225_table_2,PMC3232225_table_2.xml,True,medium,70,67,55,15,36.987255,55,,,,
unmerged,PMC6071998_table_1,PMC6071998_table_1.xml,True,large,126,108,106,106,94.16048,106,,,,
unmerged,PMC3430984_table_0,PMC3430984_table_0.xml,False,large,96,96,96,96,76.652173,96,,,,
unmerged,PMC4936294_table_2,PMC4936294_table_2.xml,False,small,30,30,30,30,25.990284,30,,,,
unmerged,PMC4461065_table_0,PMC4461065_table_0.xml,False,small,24,24,24,24,22.502686,24,,,,
unmerged,PMC6225095_table_1,PMC6225095_table_1.xml,False,medium,44,44,44,34,36.50366,44,,,,
unmerged,PMC4457489_table_0,PMC4457489_table_0.xml,True,large,110,104,104,73,81.391334,104,,,,
unmerged,PMC5711908_table_3,PMC5711908_table_3.xml,False,medium,40,40,32,21,24.570789,32,,,,
unmerged,PMC4513019_table_0,PMC4513019_table_0.xml,True,large,198,190,185,182,151.027751,185,,,,
unmerged,PMC5086409_table_0,PMC5086409_table_0.xml,True,medium,44,73,13,5,9.374328,13,,,,
unmerged,PMC6025390_table_0,PMC6025390_table_0.xml,True,large,240,234,232,31,169.696271,232,,,,
unmerged,PMC3195289_table_0,PMC3195289_table_0.xml,False,large,96,96,96,72,75.694801,96,,,,
unmerged,PMC3132509_table_2,PMC3132509_table_2.xml,True,medium,72,54,51,39,40.525983,51,,,,
unmerged,PMC3700867_table_2,PMC3700867_table_2.xml,True,small,18,17,17,5,12.721767,17,,,,
unmerged,PMC4962254_table_0,PMC4962254_table_0.xml,False,small,27,27,27,27,25.431774,27,,,,
unmerged,PMC3688689_table_0,PMC3688689_table_0.xml,False,large,161,161,161,157,127.972984,161,,,,
unmerged,PMC4373873_table_5,PMC4373873_table_5.xml,False,medium,42,42,42,42,33.529138,42,,,,
unmerged,PMC5879993_table_0,PMC5879993_table_0.xml,True,medium,68,34,31,31,25.685188,31,,,,
unmerged,PMC3599909_table_0,PMC3599909_table_0.xml,True,large,84,76,72,72,62.887314,72,,,,
unmerged,PMC3671244_table_0,PMC3671244_table_0.xml,True,large,110,102,99,96,80.933597,99,,,,
unmerged,PMC6023632_table_1,PMC6023632_table_1.xml,True,large,105,101,98,98,84.574906,98,,,,
unmerged,PMC4493637_table_1,PMC4493637_table_1.xml,True,large,196,196,196,196,165.086685,196,,,,
unmerged,PMC3341574_table_3,PMC3341574_table_3.xml,True,medium,54,54,54,54,45.294602,54,,,,
unmerged,PMC4824530_table_1,PMC4824530_table_1.xml,False,medium,48,48,48,48,40.605623,48,,,,
unmerged,PMC4990542_table_0,PMC4990542_table_0.xml,True,large,154,139,136,42,99.731915,136,,,,
unmerged,PMC5739639_table_0,PMC5739639_table_0.xml,True,medium,72,72,72,72,63.130727,72,,,,
unmerged,PMC4526633_table_3,PMC4526633_table_3.xml,False,medium,48,48,48,48,42.370835,48,,,,
unmerged,PMC5048428_table_0,PMC5048428_table_0.xml,True,medium,40,33,31,31,27.514575,31,,,,
unmerged,PMC2967991_table_0,PMC2967991_table_0.xml,False,small,20,21,19,0,11.762789,19,,,,
unmerged,PMC3325992_table_2,PMC3325992_table_2.xml,False,medium,60,45,30,30,25.521692,30,,,,
unmerged,PMC5058761_table_1,PMC5058761_table_1.xml,True,small,32,29,29,26,25.423628,29,,,,
unmerged,PMC6205954_table_0,PMC6205954_table_0.xml,False,small,30,69,14,5,9.19142,14,,,,
unmerged,PMC5896998_table_0,PMC5896998_table_0.xml,False,small,15,10,5,0,3.409903,5,,,,
unmerged,PMC5688640_table_7,PMC5688640_table_7.xml,False,medium,65,65,65,65,60.486579,65,,,,
unmerged,PMC6092857_table_0,PMC6092857_table_0.xml,True,large,264,255,255,221,204.766013,255,,,,
unmerged,PMC4963123_table_0,PMC4963123_table_0.xml,False,small,12,12,12,12,10.917235,12,,,,
unmerged,PMC4485293_table_1,PMC4485293_table_1.xml,False,small,20,20,20,20,17.82766,20,,,,
unmerged,PMC4864823_table_0,PMC4864823_table_0.xml,False,small,6,17,3,3,2.748425,3,,,,
unmerged,PMC5102476_table_1,PMC5102476_table_1.xml,True,large,84,84,84,51,67.362226,84,,,,
unmerged,PMC4523781_table_1,PMC4523781_table_1.xml,False,small,25,25,25,25,21.09496,25,,,,
unmerged,PMC4955163_table_0,PMC4955163_table_0.xml,True,small,14,23,10,10,8.909695,10,,,,
unmerged,PMC4485614_table_0,PMC4485614_table_0.xml,True,medium,76,76,76,40,56.806894,76,,,,
unmerged,PMC4871438_table_1,PMC4871438_table_1.xml,False,large,186,186,186,183,153.623585,186,,,,
unmerged,PMC1939840_table_1,PMC1939840_table_1.xml,False,medium,52,52,52,52,46.011797,52,,,,
unmerged,PMC5120060_table_4,PMC5120060_table_4.xml,False,small,20,20,19,19,17.363828,19,,,,
unmerged,PMC6025384_table_1,PMC6025384_table_1.xml,True,medium,63,62,62,61,56.86101,62,,,,
unmerged,PMC4709483_table_1,PMC4709483_table_1.xml,True,medium,65,54,46,6,32.711328,46,,,,
unmerged,PMC3409068_table_1,PMC3409068_table_1.xml,False,large,92,69,65,23,40.666106,65,,,,
unmerged,PMC5093738_table_3,PMC5093738_table_3.xml,False,large,104,104,104,103,89.43519,104,,,,
unmerged,PMC4678211_table_1,PMC4678211_table_1.xml,True,large,93,96,89,76,70.074145,89,,,,
unmerged,PMC5017671_table_1,PMC5017671_table_1.xml,True,medium,44,43,42,42,37.605817,42,,,,
unmerged,PMC4940829_table_0,PMC4940829_table_0.xml,True,large,98,29,11,3,7.630852,11,,,,
unmerged,PMC5927400_table_0,PMC5927400_table_0.xml,False,large,253,253,253,157,192.017348,253,,,,
unmerged,PMC3072324_table_0,PMC3072324_table_0.xml,False,small,27,27,27,27,25.180425,27,,,,
unmerged,PMC2960525_table_3,PMC2960525_table_3.xml,False,small,10,2,1,0,0.519685,1,,,,
unmerged,PMC4355521_table_0,PMC4355521_table_0.xml,False,small,16,16,16,16,13.858647,16,,,,
unmerged,PMC4431603_table_2,PMC4431603_table_2.xml,True,medium,70,65,62,62,52.871077,62,,,,
unmerged,PMC5953918_table_0,PMC5953918_table_0.xml,True,large,207,195,192,84,139.850317,192,,,,
unmerged,PMC3129319_table_1,PMC3129319_table_1.xml,False,small,27,13,13,13,11.239811,13,,,,
unmerged,PMC3544827_table_2,PMC3544827_table_2.xml,True,medium,40,38,37,29,30.040729,37,,,,
unmerged,PMC4597800_table_0,PMC4597800_table_0.xml,True,small,28,13,8,7,7.099415,8,,,,
unmerged,PMC2944255_table_5,PMC2944255_table_5.xml,False,small,21,18,18,18,15.483419,18,,,,
unmerged,PMC5996883_table_0,PMC5996883_table_0.xml,True,medium,63,57,55,38,42.669853,55,,,,
unmerged,PMC3269416_table_0,PMC3269416_table_0.xml,False,small,9,9,9,9,8.230798,9,,,,
unmerged,PMC5829779_table_3,PMC5829779_table_3.xml,False,medium,52,52,52,52,46.183856,52,,,,
unmerged,PMC6019505_table_2,PMC6019505_table_2.xml,False,medium,36,36,36,36,31.020283,36,,,,
unmerged,PMC6085217_table_3,PMC6085217_table_3.xml,True,small,30,21,16,11,12.518843,16,,,,
unmerged,PMC3446543_table_1,PMC3446543_table_1.xml,True,small,21,12,12,1,8.069613,12,,,,
unmerged,PMC6038205_table_4,PMC6038205_table_4.xml,True,large,114,114,95,0,56.382466,95,,,,
unmerged,PMC3653782_table_3,PMC3653782_table_3.xml,True,large,105,101,98,69,76.775742,98,,,,
unmerged,PMC4795930_table_0,PMC4795930_table_0.xml,True,large,112,105,104,24,75.998314,104,,,,
unmerged,PMC2999564_table_3,PMC2999564_table_3.xml,False,large,80,80,80,79,67.81249,80,,,,
unmerged,PMC6236952_table_0,PMC6236952_table_0.xml,True,small,21,18,15,5,10.964951,15,,,,
unmerged,PMC2959605_table_1,PMC2959605_table_1.xml,False,large,175,169,169,169,143.67959,169,,,,
unmerged,PMC3680193_table_1,PMC3680193_table_1.xml,True,large,245,240,239,236,211.48884,239,,,,
unmerged,PMC4472248_table_0,PMC4472248_table_0.xml,True,large,110,85,83,65,65.042218,83,,,,
unmerged,PMC3444503_table_2,PMC3444503_table_2.xml,True,large,84,84,84,72,67.764212,84,,,,
unmerged,PMC2861057_table_0,PMC2861057_table_0.xml,True,medium,42,42,42,42,38.681369,42,,,,
unmerged,PMC5945046_table_1,PMC5945046_table_1.xml,True,large,119,115,113,3,74.308661,113,,,,
unmerged,PMC3473247_table_2,PMC3473247_table_2.xml,False,small,15,15,15,15,13.186263,15,,,,
unmerged,PMC5725103_table_2,PMC5725103_table_2.xml,True,large,161,155,150,150,124.962667,150,,,,
unmerged,PMC6040068_table_3,PMC6040068_table_3.xml,True,large,91,87,85,79,71.48733,85,,,,
unmerged,PMC4699818_table_0,PMC4699818_table_0.xml,False,medium,60,60,60,60,52.619467,60,,,,
unmerged,PMC6079442_table_0,PMC6079442_table_0.xml,False,large,192,192,192,163,153.080232,192,,,,
unmerged,PMC3072304_table_0,PMC3072304_table_0.xml,False,small,32,32,32,32,29.216565,32,,,,
unmerged,PMC3036079_table_0,PMC3036079_table_0.xml,True,large,154,149,149,138,122.04457,149,,,,
unmerged,PMC5751415_table_2,PMC5751415_table_2.xml,True,small,28,5,4,4,3.154355,4,,,,
unmerged,PMC6028909_table_2,PMC6028909_table_2.xml,True,large,140,138,136,136,114.782536,136,,,,
unmerged,PMC4364747_table_1,PMC4364747_table_1.xml,False,large,90,90,90,90,74.413716,90,,,,
unmerged,PMC3099919_table_4,PMC3099919_table_4.xml,False,medium,45,36,27,0,17.385001,27,,,,
unmerged,PMC4740352_table_3,PMC4740352_table_3.xml,True,medium,72,89,61,54,51.236457,61,,,,
unmerged,PMC5020513_table_0,PMC5020513_table_0.xml,True,large,165,160,158,158,142.255356,158,,,,
unmerged,PMC6087012_table_2,PMC6087012_table_2.xml,True,medium,75,72,71,71,67.134026,71,,,,
unmerged,PMC4641152_table_2,PMC4641152_table_2.xml,True,small,16,10,8,0,5.169002,8,,,,
unmerged,PMC4446004_table_0,PMC4446004_table_0.xml,False,large,120,120,120,117,95.712549,120,,,,
unmerged,PMC2596488_table_1,PMC2596488_table_1.xml,True,medium,70,70,70,50,58.10739,70,,,,
unmerged,PMC5679600_table_1,PMC5679600_table_1.xml,False,small,25,25,25,25,21.914948,25,,,,
unmerged,PMC4697506_table_0,PMC4697506_table_0.xml,False,medium,42,42,42,42,35.686906,42,,,,
unmerged,PMC3006915_table_2,PMC3006915_table_2.xml,False,large,280,237,235,174,184.230871,235,,,,
unmerged,PMC3484115_table_0,PMC3484115_table_0.xml,True,large,108,103,98,67,75.98473,98,,,,
unmerged,PMC5840833_table_0,PMC5840833_table_0.xml,True,large,160,159,159,130,136.670879,159,,,,
unmerged,PMC4923155_table_3,PMC4923155_table_3.xml,True,large,240,236,236,164,178.708049,236,,,,
unmerged,PMC6002068_table_6,PMC6002068_table_6.xml,True,small,27,27,27,27,23.890916,27,,,,
unmerged,PMC3103460_table_0,PMC3103460_table_0.xml,True,large,189,167,137,77,107.110904,137,,,,
unmerged,PMC4360558_table_1,PMC4360558_table_1.xml,False,small,16,6,3,2,2.580658,3,,,,
unmerged,PMC4378979_table_0,PMC4378979_table_0.xml,True,large,88,74,71,71,61.475891,71,,,,
unmerged,PMC3585286_table_1,PMC3585286_table_1.xml,False,large,120,105,105,87,80.53066,105,,,,
unmerged,PMC1599734_table_0,PMC1599734_table_0.xml,False,small,27,18,15,13,13.39787,15,,,,
unmerged,PMC3535723_table_1,PMC3535723_table_1.xml,True,large,91,90,89,87,72.038036,89,,,,
unmerged,PMC5768441_table_0,PMC5768441_table_0.xml,True,medium,52,30,27,27,24.817332,27,,,,
unmerged,PMC2649911_table_0,PMC2649911_table_0.xml,False,small,9,8,8,8,7.527165,8,,,,
unmerged,PMC3485083_table_1,PMC3485083_table_1.xml,False,large,156,144,144,39,106.533317,144,,,,
unmerged,PMC3526551_table_2,PMC3526551_table_2.xml,True,medium,60,20,20,0,11.740451,20,,,,
unmerged,PMC4667499_table_0,PMC4667499_table_0.xml,True,large,210,183,139,40,92.473767,139,,,,
unmerged,PMC5966494_table_1,PMC5966494_table_1.xml,True,large,187,175,171,157,134.563725,171,,,,
unmerged,PMC3338423_table_0,PMC3338423_table_0.xml,True,large,195,182,173,77,128.833277,173,,,,
unmerged,PMC4349793_table_0,PMC4349793_table_0.xml,True,large,152,151,151,150,129.833095,151,,,,
unmerged,PMC5707816_table_1,PMC5707816_table_1.xml,True,large,130,113,109,108,94.196863,109,,,,
unmerged,PMC3224767_table_0,PMC3224767_table_0.xml,True,medium,48,48,48,48,41.312133,48,,,,
unmerged,PMC4345205_table_0,PMC4345205_table_0.xml,False,small,18,18,18,4,12.452064,18,,,,
unmerged,PMC3269996_table_1,PMC3269996_table_1.xml,True,large,110,100,99,98,81.850594,99,,,,
unmerged,PMC3464599_table_0,PMC3464599_table_0.xml,False,small,24,24,24,24,22.12427,24,,,,
unmerged,PMC2577088_table_1,PMC2577088_table_1.xml,False,small,30,29,29,29,27.083725,29,,,,
unmerged,PMC2969637_table_1,PMC2969637_table_1.xml,False,large,161,161,161,161,133.664193,161,,,,
unmerged,PMC5998039_table_0,PMC5998039_table_0.xml,False,large,84,84,84,84,68.955771,84,,,,
unmerged,PMC4897879_table_0,PMC4897879_table_0.xml,True,large,203,166,166,158,135.343698,166,,,,
unmerged,PMC5745915_table_0,PMC5745915_table_0.xml,False,large,140,129,129,79,99.08314,129,,,,
unmerged,PMC5033576_table_1,PMC5033576_table_1.xml,True,large,136,115,112,112,97.981827,112,,,,
unmerged,PMC3637233_table_1,PMC3637233_table_1.xml,False,medium,60,60,60,60,52.312121,60,,,,
unmerged,PMC2732638_table_4,PMC2732638_table_4.xml,True,small,12,11,11,11,10.341979,11,,,,
unmerged,PMC3236460_table_1,PMC3236460_table_1.xml,False,small,32,32,32,32,28.994416,32,,,,
unmerged,PMC6137918_table_1,PMC6137918_table_1.xml,True,medium,64,64,64,21,45.86972,64,,,,
unmerged,PMC6156278_table_0,PMC6156278_table_0.xml,True,large,84,84,84,64,70.850365,84,,,,
unmerged,PMC2695361_table_4,PMC2695361_table_4.xml,False,small,16,13,13,13,12.304495,13,,,,
unmerged,PMC4747561_table_0,PMC4747561_table_0.xml,True,medium,49,48,47,47,41.530248,47,,,,
unmerged,PMC6025609_table_0,PMC6025609_table_0.xml,False,medium,40,40,40,40,37.466357,40,,,,
unmerged,PMC2628647_table_1,PMC2628647_table_1.xml,False,medium,42,42,42,42,36.398806,42,,,,
unmerged,PMC4736147_table_0,PMC4736147_table_0.xml,True,large,216,180,180,19,116.207302,180,,,,
unmerged,PMC3201530_table_3,PMC3201530_table_3.xml,False,small,15,4,3,3,2.627164,3,,,,
unmerged,PMC5714139_table_0,PMC5714139_table_0.xml,True,small,28,38,19,16,14.765029,19,,,,
unmerged,PMC4446492_table_0,PMC4446492_table_0.xml,False,large,123,123,123,123,98.533997,123,,,,
unmerged,PMC4524475_table_0,PMC4524475_table_0.xml,False,large,140,140,140,110,107.859164,140,,,,
unmerged,PMC4650288_table_3,PMC4650288_table_3.xml,True,medium,63,63,63,63,54.070728,63,,,,
unmerged,PMC6017431_table_0,PMC6017431_table_0.xml,True,medium,77,72,68,67,55.443054,68,,,,
unmerged,PMC3515887_table_0,PMC3515887_table_0.xml,True,small,12,61,6,5,4.838633,6,,,,
unmerged,PMC3006894_table_1,PMC3006894_table_1.xml,False,medium,50,50,46,30,34.980372,46,,,,
unmerged,PMC6172266_table_0,PMC6172266_table_0.xml,True,large,108,99,97,75,74.497284,97,,,,
unmerged,PMC4457818_table_1,PMC4457818_table_1.xml,True,medium,63,58,57,54,48.67342,57,,,,
unmerged,PMC5074446_table_0,PMC5074446_table_0.xml,True,small,27,29,21,12,16.55828,21,,,,
unmerged,PMC5117527_table_0,PMC5117527_table_0.xml,False,small,22,22,22,22,19.70565,22,,,,
unmerged,PMC2830186_table_10,PMC2830186_table_10.xml,True,large,168,161,160,159,130.639198,160,,,,
unmerged,PMC3589335_table_2,PMC3589335_table_2.xml,True,medium,48,32,32,32,27.181334,32,,,,
unmerged,PMC2623298_table_0,PMC2623298_table_0.xml,True,medium,52,56,49,47,43.045064,49,,,,
unmerged,PMC4343049_table_0,PMC4343049_table_0.xml,True,large,110,106,105,102,90.266225,105,,,,
unmerged,PMC4459660_table_2,PMC4459660_table_2.xml,True,medium,52,55,49,27,37.618496,49,,,,
unmerged,PMC5686811_table_2,PMC5686811_table_2.xml,False,large,88,88,88,88,77.64254,88,,,,
unmerged,PMC3217847_table_2,PMC3217847_table_2.xml,True,large,112,108,106,106,87.815834,106,,,,
unmerged,PMC3089322_table_4,PMC3089322_table_4.xml,False,large,154,154,154,154,131.699078,154,,,,
unmerged,PMC4666065_table_1,PMC4666065_table_1.xml,True,large,153,150,150,54,110.788822,150,,,,
unmerged,PMC6016042_table_1,PMC6016042_table_1.xml,True,medium,72,70,70,69,60.663205,70,,,,
unmerged,PMC6147783_table_0,PMC6147783_table_0.xml,False,small,20,20,20,7,14.431872,20,,,,
unmerged,PMC4898693_table_2,PMC4898693_table_2.xml,True,small,21,6,6,3,4.620208,6,,,,
unmerged,PMC5100194_table_1,PMC5100194_table_1.xml,True,medium,65,61,61,57,52.64013,61,,,,
unmerged,PMC3412721_table_0,PMC3412721_table_0.xml,True,medium,40,40,40,40,38.593769,40,,,,
unmerged,PMC4550389_table_3,PMC4550389_table_3.xml,True,large,108,103,102,91,82.667749,102,,,,
unmerged,PMC2721847_table_0,PMC2721847_table_0.xml,True,small,30,30,30,30,26.337014,30,,,,
unmerged,PMC2865542_table_4,PMC2865542_table_4.xml,False,small,25,50,15,10,11.47024,15,,,,
unmerged,PMC3405067_table_0,PMC3405067_table_0.xml,False,large,132,132,132,125,105.192897,132,,,,
unmerged,PMC3462107_table_0,PMC3462107_table_0.xml,True,large,160,154,154,149,141.620683,154,,,,
unmerged,PMC4632702_table_0,PMC4632702_table_0.xml,False,small,12,12,12,12,11.369474,12,,,,
unmerged,PMC5751186_table_0,PMC5751186_table_0.xml,True,small,20,12,11,11,10.593454,11,,,,
unmerged,PMC6105256_table_2,PMC6105256_table_2.xml,False,large,324,288,251,149,188.697816,251,,,,
unmerged,PMC3503853_table_2,PMC3503853_table_2.xml,False,small,21,21,21,21,18.634443,21,,,,
unmerged,PMC2959688_table_1,PMC2959688_table_1.xml,False,large,154,153,153,153,133.10287,153,,,,
unmerged,PMC5916864_table_0,PMC5916864_table_0.xml,False,small,24,24,24,24,20.497174,24,,,,
unmerged,PMC5991593_table_1,PMC5991593_table_1.xml,True,medium,60,56,55,55,50.786609,55,,,,
unmerged,PMC3437489_table_0,PMC3437489_table_0.xml,True,large,108,94,92,81,74.374394,92,,,,
unmerged,PMC5059980_table_1,PMC5059980_table_1.xml,True,small,24,19,14,13,11.542007,14,,,,
unmerged,PMC5704458_table_0,PMC5704458_table_0.xml,True,small,32,56,21,21,19.111541,21,,,,
unmerged,PMC6094581_table_1,PMC6094581_table_1.xml,False,medium,40,25,18,18,16.975722,18,,,,
unmerged,PMC4866963_table_0,PMC4866963_table_0.xml,True,small,35,21,16,16,13.955438,16,,,,
unmerged,PMC5015207_table_2,PMC5015207_table_2.xml,True,small,35,32,32,29,27.932621,32,,,,
unmerged,PMC4710970_table_1,PMC4710970_table_1.xml,True,large,80,59,52,48,45.332906,52,,,,
unmerged,PMC6003148_table_0,PMC6003148_table_0.xml,True,small,20,18,13,1,8.695705,13,,,,
unmerged,PMC4882771_table_2,PMC4882771_table_2.xml,False,large,92,92,92,92,83.250863,92,,,,
unmerged,PMC5100185_table_0,PMC5100185_table_0.xml,True,small,18,18,18,18,15.468876,18,,,,
unmerged,PMC3564795_table_0,PMC3564795_table_0.xml,True,large,216,231,215,149,165.281692,215,,,,
unmerged,PMC4449761_table_2,PMC4449761_table_2.xml,True,large,90,82,80,80,65.452643,80,,,,
unmerged,PMC5778064_table_3,PMC5778064_table_3.xml,True,small,27,21,19,19,15.840491,19,,,,
unmerged,PMC5085032_table_1,PMC5085032_table_1.xml,True,large,154,112,107,83,85.648676,107,,,,
unmerged,PMC3622410_table_2,PMC3622410_table_2.xml,True,large,102,102,85,68,70.116516,85,,,,
unmerged,PMC6158853_table_2,PMC6158853_table_2.xml,True,medium,56,47,44,36,36.060533,44,,,,
unmerged,PMC4405850_table_0,PMC4405850_table_0.xml,True,large,84,56,28,24,21.43519,28,,,,
unmerged,PMC3544731_table_1,PMC3544731_table_1.xml,True,large,96,80,78,74,64.746204,78,,,,
unmerged,PMC5737357_table_0,PMC5737357_table_0.xml,True,medium,65,43,42,0,25.081629,42,,,,
unmerged,PMC5040809_table_0,PMC5040809_table_0.xml,True,small,15,10,6,1,3.924093,6,,,,
unmerged,PMC4491485_table_2,PMC4491485_table_2.xml,False,medium,42,42,42,7,29.244097,42,,,,
unmerged,PMC3646807_table_1,PMC3646807_table_1.xml,True,small,25,21,20,19,16.199486,20,,,,
unmerged,PMC3288075_table_1,PMC3288075_table_1.xml,False,medium,72,72,72,72,57.280459,72,,,,
unmerged,PMC5968057_table_0,PMC5968057_table_0.xml,False,large,120,120,120,120,102.366301,120,,,,
unmerged,PMC5012025_table_0,PMC5012025_table_0.xml,False,large,88,83,75,73,68.509522,75,,,,
unmerged,PMC4632776_table_2,PMC4632776_table_2.xml,False,small,20,20,20,20,18.003861,20,,,,
unmerged,PMC3068931_table_2,PMC3068931_table_2.xml,True,small,24,21,19,19,17.261167,19,,,,
unmerged,PMC4642691_table_2,PMC4642691_table_2.xml,True,medium,72,49,44,26,33.61615,44,,,,
unmerged,PMC4526162_table_0,PMC4526162_table_0.xml,False,medium,40,40,40,40,37.205294,40,,,,
unmerged,PMC2983785_table_1,PMC2983785_table_1.xml,False,small,8,8,8,1,5.710765,8,,,,
unmerged,PMC4825469_table_0,PMC4825469_table_0.xml,True,large,156,136,127,125,110.223658,127,,,,
unmerged,PMC3009348_table_1,PMC3009348_table_1.xml,False,small,16,16,15,14,11.705088,15,,,,
unmerged,PMC6070289_table_2,PMC6070289_table_2.xml,True,large,108,102,100,84,82.010777,100,,,,
unmerged,PMC2915656_table_0,PMC2915656_table_0.xml,True,large,150,129,127,122,99.958071,127,,,,
unmerged,PMC3414449_table_2,PMC3414449_table_2.xml,True,medium,60,60,60,57,48.414897,60,,,,
unmerged,PMC5810047_table_1,PMC5810047_table_1.xml,False,small,32,32,32,32,27.222155,32,,,,
unmerged,PMC3213624_table_3,PMC3213624_table_3.xml,False,large,147,147,147,147,127.37233,147,,,,
unmerged,PMC4876448_table_1,PMC4876448_table_1.xml,False,small,20,20,20,5,14.316441,20,,,,
unmerged,PMC6150164_table_0,PMC6150164_table_0.xml,True,medium,48,44,42,42,39.035223,42,,,,
unmerged,PMC4994996_table_0,PMC4994996_table_0.xml,False,small,24,24,24,16,19.808171,24,,,,
unmerged,PMC4791377_table_0,PMC4791377_table_0.xml,False,small,30,30,30,30,28.835724,30,,,,
unmerged,PMC4970739_table_0,PMC4970739_table_0.xml,True,large,132,132,132,33,87.676859,132,,,,
unmerged,PMC5051029_table_2,PMC5051029_table_2.xml,True,medium,76,76,76,76,69.433661,76,,,,
unmerged,PMC3552855_table_1,PMC3552855_table_1.xml,False,small,20,20,20,16,15.838887,20,,,,
unmerged,PMC6071983_table_0,PMC6071983_table_0.xml,False,small,35,30,8,0,4.912465,8,,,,
unmerged,PMC4407475_table_4,PMC4407475_table_4.xml,True,medium,50,45,40,40,33.840628,40,,,,
unmerged,PMC3514307_table_3,PMC3514307_table_3.xml,True,medium,54,47,45,45,37.412823,45,,,,
unmerged,PMC4849749_table_3,PMC4849749_table_3.xml,True,large,217,217,217,217,184.063643,217,,,,
unmerged,PMC3215749_table_0,PMC3215749_table_0.xml,True,large,80,80,80,80,64.390596,80,,,,
unmerged,PMC3538775_table_0,PMC3538775_table_0.xml,False,small,6,5,5,5,4.371543,5,,,,
unmerged,PMC6166939_table_3,PMC6166939_table_3.xml,False,small,30,30,30,28,24.138887,30,,,,
unmerged,PMC4488050_table_3,PMC4488050_table_3.xml,True,medium,63,53,52,44,43.022037,52,,,,
unmerged,PMC6091258_table_2,PMC6091258_table_2.xml,True,medium,48,32,16,0,10.179241,16,,,,
unmerged,PMC4791772_table_1,PMC4791772_table_1.xml,False,medium,50,50,50,50,44.682114,50,,,,
unmerged,PMC3209469_table_3,PMC3209469_table_3.xml,False,medium,42,42,42,42,39.069659,42,,,,
unmerged,PMC4460773_table_2,PMC4460773_table_2.xml,True,large,150,125,98,1,56.767985,98,,,,
unmerged,PMC2222605_table_2,PMC2222605_table_2.xml,True,small,18,20,15,5,11.006795,15,,,,
unmerged,PMC3128012_table_3,PMC3128012_table_3.xml,True,large,205,196,194,188,161.607305,194,,,,
unmerged,PMC2959996_table_1,PMC2959996_table_1.xml,False,small,16,16,16,16,13.003999,16,,,,
unmerged,PMC3306998_table_0,PMC3306998_table_0.xml,True,small,15,3,0,0,0,0,,,,
unmerged,PMC6065330_table_0,PMC6065330_table_0.xml,True,medium,60,54,54,54,49.290456,54,,,,
unmerged,PMC6023428_table_0,PMC6023428_table_0.xml,False,medium,39,39,39,39,34.230539,39,,,,
unmerged,PMC3534341_table_1,PMC3534341_table_1.xml,True,medium,56,51,49,48,44.320097,49,,,,
unmerged,PMC6075757_table_2,PMC6075757_table_2.xml,True,medium,45,42,41,40,37.125963,41,,,,
unmerged,PMC5828227_table_0,PMC5828227_table_0.xml,False,large,154,154,154,154,135.238353,154,,,,
unmerged,PMC3339393_table_6,PMC3339393_table_6.xml,False,small,15,12,12,9,10.170996,12,,,,
unmerged,PMC1971068_table_3,PMC1971068_table_3.xml,True,large,153,148,146,134,116.541406,146,,,,
unmerged,PMC5825157_table_1,PMC5825157_table_1.xml,False,small,32,32,32,32,26.307634,32,,,,
unmerged,PMC4831174_table_0,PMC4831174_table_0.xml,False,small,9,4,4,1,2.571106,4,,,,
unmerged,PMC5021972_table_0,PMC5021972_table_0.xml,False,medium,70,70,70,70,58.29296,70,,,,
unmerged,PMC3079670_table_2,PMC3079670_table_2.xml,True,large,175,148,141,138,115.30351,141,,,,
unmerged,PMC5037679_table_2,PMC5037679_table_2.xml,True,large,90,81,81,78,70.326357,81,,,,
unmerged,PMC3014882_table_1,PMC3014882_table_1.xml,True,large,80,74,72,71,59.183762,72,,,,
unmerged,PMC6157292_table_11,PMC6157292_table_11.xml,False,small,12,5,0,0,0,0,,,,
unmerged,PMC5137007_table_1,PMC5137007_table_1.xml,False,medium,65,65,65,65,55.480652,65,,,,
unmerged,PMC3309941_table_1,PMC3309941_table_1.xml,True,large,207,199,197,186,165.492683,197,,,,
unmerged,PMC4936315_table_2,PMC4936315_table_2.xml,True,medium,48,44,43,43,38.028987,43,,,,
unmerged,PMC6114971_table_1,PMC6114971_table_1.xml,False,small,25,20,5,0,2.814087,5,,,,
unmerged,PMC2740668_table_1,PMC2740668_table_1.xml,True,small,26,28,24,24,23.092756,24,,,,
unmerged,PMC5709823_table_0,PMC5709823_table_0.xml,True,large,84,85,81,27,59.071233,81,,,,
unmerged,PMC3207832_table_1,PMC3207832_table_1.xml,True,large,252,252,252,156,191.481373,252,,,,
unmerged,PMC3164726_table_4,PMC3164726_table_4.xml,False,large,224,224,224,168,175.831557,224,,,,
unmerged,PMC1794454_table_0,PMC1794454_table_0.xml,True,small,24,24,24,24,21.830304,24,,,,
unmerged,PMC3702364_table_0,PMC3702364_table_0.xml,True,small,28,24,20,19,16.819146,20,,,,
unmerged,PMC6141544_table_1,PMC6141544_table_1.xml,True,large,133,125,125,121,107.631342,125,,,,
unmerged,PMC5707350_table_1,PMC5707350_table_1.xml,False,small,20,20,20,16,16.10997,20,,,,
unmerged,PMC2958834_table_0,PMC2958834_table_0.xml,True,large,98,88,85,84,70.558882,85,,,,
unmerged,PMC2794372_table_2,PMC2794372_table_2.xml,True,large,130,128,127,126,105.126367,127,,,,
unmerged,PMC6020339_table_1,PMC6020339_table_1.xml,True,medium,40,39,20,0,10.961147,20,,,,
unmerged,PMC3683149_table_2,PMC3683149_table_2.xml,False,small,25,25,25,25,21.903626,25,,,,
unmerged,PMC2960665_table_2,PMC2960665_table_2.xml,False,small,18,19,17,16,15.310679,17,,,,
unmerged,PMC2983291_table_0,PMC2983291_table_0.xml,False,small,20,20,20,0,12.301024,20,,,,
unmerged,PMC2904282_table_4,PMC2904282_table_4.xml,True,large,116,112,112,112,103.909142,112,,,,
unmerged,PMC2853082_table_0,PMC2853082_table_0.xml,True,medium,60,53,40,29,31.562446,40,,,,
unmerged,PMC3283499_table_0,PMC3283499_table_0.xml,True,large,205,205,205,205,164.90804,205,,,,
unmerged,PMC4930560_table_0,PMC4930560_table_0.xml,True,medium,50,46,45,43,40.703234,45,,,,
unmerged,PMC5833385_table_2,PMC5833385_table_2.xml,False,small,35,35,35,35,29.00031,35,,,,
unmerged,PMC2572618_table_2,PMC2572618_table_2.xml,False,small,30,30,30,30,27.533047,30,,,,
unmerged,PMC4957803_table_0,PMC4957803_table_0.xml,True,large,200,195,195,191,181.680992,195,,,,
unmerged,PMC5137107_table_0,PMC5137107_table_0.xml,True,medium,52,51,50,50,42.797676,50,,,,
unmerged,PMC1199598_table_0,PMC1199598_table_0.xml,True,small,30,26,25,21,22.313615,25,,,,
unmerged,PMC4981347_table_2,PMC4981347_table_2.xml,True,medium,72,72,72,28,52.959068,72,,,,
unmerged,PMC3052110_table_2,PMC3052110_table_2.xml,False,small,18,18,16,3,11.48979,16,,,,
unmerged,PMC4831767_table_1,PMC4831767_table_1.xml,True,large,252,243,241,240,208.013326,241,,,,
unmerged,PMC3247230_table_0,PMC3247230_table_0.xml,False,medium,42,42,42,42,33.932968,42,,,,
unmerged,PMC4934257_table_5,PMC4934257_table_5.xml,False,medium,42,42,42,42,35.483284,42,,,,
unmerged,PMC3001739_table_0,PMC3001739_table_0.xml,False,small,21,21,21,21,19.342368,21,,,,
unmerged,PMC5663491_table_0,PMC5663491_table_0.xml,True,medium,40,40,40,19,29.281483,40,,,,
unmerged,PMC4577082_table_0,PMC4577082_table_0.xml,True,large,189,175,174,164,149.123557,174,,,,
unmerged,PMC3320545_table_2,PMC3320545_table_2.xml,False,large,88,78,77,66,60.986637,77,,,,
unmerged,PMC2961393_table_4,PMC2961393_table_4.xml,False,small,25,20,10,0,5.917611,10,,,,
unmerged,PMC4608111_table_2,PMC4608111_table_2.xml,True,small,32,20,16,15,14.491296,16,,,,
unmerged,PMC5936689_table_1,PMC5936689_table_1.xml,False,small,21,21,21,0,12.073461,21,,,,
unmerged,PMC3473024_table_5,PMC3473024_table_5.xml,True,medium,50,47,46,36,36.244526,46,,,,
unmerged,PMC2561000_table_0,PMC2561000_table_0.xml,True,large,160,164,160,152,133.772876,160,,,,
unmerged,PMC2877682_table_1,PMC2877682_table_1.xml,True,large,84,84,84,84,78.986114,84,,,,
unmerged,PMC2997016_table_1,PMC2997016_table_1.xml,True,medium,49,45,42,42,35.208238,42,,,,
unmerged,PMC2486490_table_2,PMC2486490_table_2.xml,False,large,105,105,105,94,85.666565,105,,,,
unmerged,PMC5960211_table_2,PMC5960211_table_2.xml,True,large,147,141,140,140,122.270049,140,,,,
unmerged,PMC4541937_table_4,PMC4541937_table_4.xml,True,small,20,17,17,14,13.51662,17,,,,
unmerged,PMC6011944_table_1,PMC6011944_table_1.xml,True,small,18,14,14,6,10.445791,14,,,,
unmerged,PMC1079832_table_3,PMC1079832_table_3.xml,False,medium,49,49,49,49,42.288953,49,,,,
unmerged,PMC3637472_table_2,PMC3637472_table_2.xml,True,small,20,14,14,8,11.115746,14,,,,
unmerged,PMC4721698_table_0,PMC4721698_table_0.xml,True,large,90,82,80,80,64.841778,80,,,,
unmerged,PMC5681633_table_0,PMC5681633_table_0.xml,False,small,16,16,16,16,13.620848,16,,,,
unmerged,PMC4613910_table_4,PMC4613910_table_4.xml,True,large,119,107,103,103,87.280413,103,,,,
unmerged,PMC6128371_table_0,PMC6128371_table_0.xml,False,large,90,90,90,90,81.411649,90,,,,
unmerged,PMC6058288_table_0,PMC6058288_table_0.xml,False,medium,42,42,42,42,35.643065,42,,,,
unmerged,PMC5746254_table_1,PMC5746254_table_1.xml,False,small,8,8,8,8,6.585881,8,,,,
unmerged,PMC6017299_table_0,PMC6017299_table_0.xml,True,large,196,163,144,103,110.251495,144,,,,
unmerged,PMC5004196_table_1,PMC5004196_table_1.xml,True,medium,65,40,23,16,17.626009,23,,,,
unmerged,PMC3256124_table_4,PMC3256124_table_4.xml,True,small,20,11,10,5,7.277627,10,,,,
unmerged,PMC5788621_table_0,PMC5788621_table_0.xml,False,medium,45,45,45,45,40.115143,45,,,,
unmerged,PMC1871601_table_0,PMC1871601_table_0.xml,True,medium,77,73,71,69,58.41905,71,,,,
unmerged,PMC3201265_table_3,PMC3201265_table_3.xml,False,small,15,15,15,9,11.972287,15,,,,
unmerged,PMC3200926_table_0,PMC3200926_table_0.xml,False,small,18,18,18,0,11.695591,18,,,,
unmerged,PMC2315656_table_3,PMC2315656_table_3.xml,False,small,33,33,33,33,29.524518,33,,,,
unmerged,PMC2374783_table_8,PMC2374783_table_8.xml,False,small,24,24,24,21,21.027839,24,,,,
unmerged,PMC5669499_table_1,PMC5669499_table_1.xml,True,large,144,142,142,3,92.388865,142,,,,
unmerged,PMC3231711_table_1,PMC3231711_table_1.xml,False,small,8,8,8,7,6.230002,8,,,,
unmerged,PMC4915688_table_4,PMC4915688_table_4.xml,False,medium,42,42,42,42,34.584264,42,,,,
unmerged,PMC2647899_table_0,PMC2647899_table_0.xml,False,small,12,12,12,12,10.977755,12,,,,
unmerged,PMC4982323_table_4,PMC4982323_table_4.xml,True,large,120,120,120,111,97.611424,120,,,,
unmerged,PMC6134588_table_1,PMC6134588_table_1.xml,False,medium,42,39,39,37,35.542778,39,,,,
unmerged,PMC3462151_table_2,PMC3462151_table_2.xml,True,large,150,149,149,148,120.842447,149,,,,
unmerged,PMC4419456_table_0,PMC4419456_table_0.xml,True,large,120,114,111,111,93.837418,111,,,,
unmerged,PMC4976473_table_0,PMC4976473_table_0.xml,True,large,175,167,165,162,146.390853,165,,,,
unmerged,PMC5135818_table_0,PMC5135818_table_0.xml,False,small,15,15,15,15,13.316739,15,,,,
unmerged,PMC3016296_table_4,PMC3016296_table_4.xml,False,medium,75,75,75,75,63.250859,75,,,,
unmerged,PMC4625876_table_4,PMC4625876_table_4.xml,False,medium,42,42,42,42,34.80824,42,,,,
unmerged,PMC5926532_table_1,PMC5926532_table_1.xml,True,small,35,30,27,27,22.901762,27,,,,
unmerged,PMC5988440_table_3,PMC5988440_table_3.xml,False,medium,49,43,43,43,38.331376,43,,,,
unmerged,PMC3339393_table_18,PMC3339393_table_18.xml,True,small,20,18,17,13,13.939838,17,,,,
unmerged,PMC5859152_table_2,PMC5859152_table_2.xml,False,large,84,84,84,84,70.936579,84,,,,
unmerged,PMC6211744_table_6,PMC6211744_table_6.xml,True,medium,70,64,60,58,51.800159,60,,,,
unmerged,PMC3630110_table_2,PMC3630110_table_2.xml,False,medium,45,45,45,45,37.407865,45,,,,
unmerged,PMC5006397_table_1,PMC5006397_table_1.xml,False,small,24,15,15,13,13.375457,15,,,,
unmerged,PMC3201421_table_3,PMC3201421_table_3.xml,False,small,10,8,7,4,5.423491,7,,,,
unmerged,PMC6154935_table_0,PMC6154935_table_0.xml,True,medium,42,35,35,4,22.292081,35,,,,
unmerged,PMC6024939_table_3,PMC6024939_table_3.xml,True,large,100,94,92,91,80.1373,92,,,,
unmerged,PMC6193701_table_1,PMC6193701_table_1.xml,False,small,28,28,28,28,23.899171,28,,,,
unmerged,PMC2893103_table_0,PMC2893103_table_0.xml,True,large,80,90,79,63,64.532293,79,,,,
unmerged,PMC3050270_table_4,PMC3050270_table_4.xml,False,small,20,16,12,0,7.049394,12,,,,
unmerged,PMC3526519_table_1,PMC3526519_table_1.xml,True,medium,48,44,43,43,38.010744,43,,,,
unmerged,PMC4722622_table_2,PMC4722622_table_2.xml,True,large,252,247,245,243,199.690096,245,,,,
unmerged,PMC5784573_table_0,PMC5784573_table_0.xml,False,medium,36,36,36,36,32.892875,36,,,,
unmerged,PMC3504408_table_1,PMC3504408_table_1.xml,True,large,156,124,120,65,90.882026,120,,,,
unmerged,PMC4822240_table_2,PMC4822240_table_2.xml,True,medium,70,35,30,0,20.921644,30,,,,
unmerged,PMC5771167_table_0,PMC5771167_table_0.xml,True,medium,76,38,28,23,24.503251,28,,,,
unmerged,PMC5947495_table_4,PMC5947495_table_4.xml,False,small,35,35,35,35,29.310095,35,,,,
unmerged,PMC6086859_table_3,PMC6086859_table_3.xml,True,large,170,166,165,46,117.025812,165,,,,
unmerged,PMC3537687_table_1,PMC3537687_table_1.xml,False,medium,48,48,48,48,44.410692,48,,,,
unmerged,PMC4962473_table_0,PMC4962473_table_0.xml,True,medium,51,21,13,13,11.670759,13,,,,
unmerged,PMC3680093_table_1,PMC3680093_table_1.xml,False,small,33,33,33,33,30.046825,33,,,,
unmerged,PMC5794786_table_1,PMC5794786_table_1.xml,True,large,308,234,228,228,191.509411,228,,,,
unmerged,PMC6094875_table_0,PMC6094875_table_0.xml,True,medium,60,65,57,10,37.797543,57,,,,
unmerged,PMC5750934_table_4,PMC5750934_table_4.xml,True,large,120,113,111,108,92.849796,111,,,,
unmerged,PMC6238314_table_2,PMC6238314_table_2.xml,True,medium,54,27,27,0,18.970494,27,,,,
unmerged,PMC5149027_table_0,PMC5149027_table_0.xml,False,medium,77,77,77,77,68.063922,77,,,,
unmerged,PMC4549267_table_8,PMC4549267_table_8.xml,True,medium,49,42,37,35,32.374157,37,,,,
unmerged,PMC3117836_table_0,PMC3117836_table_0.xml,True,large,217,185,183,159,140.526075,183,,,,
unmerged,PMC3164687_table_1,PMC3164687_table_1.xml,True,small,24,2,0,0,0,0,,,,
unmerged,PMC4831805_table_3,PMC4831805_table_3.xml,True,medium,50,46,45,44,36.728954,45,,,,
unmerged,PMC5687746_table_2,PMC5687746_table_2.xml,False,small,8,6,6,6,5.526707,6,,,,
unmerged,PMC3296578_table_1,PMC3296578_table_1.xml,False,medium,36,36,36,35,31.076569,36,,,,
unmerged,PMC5119737_table_0,PMC5119737_table_0.xml,False,medium,62,62,62,0,37.874577,62,,,,
unmerged,PMC2968103_table_2,PMC2968103_table_2.xml,False,large,133,133,133,133,113.71415,133,,,,
unmerged,PMC6082067_table_0,PMC6082067_table_0.xml,False,small,18,20,18,15,15.781684,18,,,,
unmerged,PMC3256151_table_0,PMC3256151_table_0.xml,True,medium,50,48,47,46,39.988784,47,,,,
unmerged,PMC1444915_table_0,PMC1444915_table_0.xml,True,medium,36,11,9,4,6.555195,9,,,,
unmerged,PMC5096289_table_0,PMC5096289_table_0.xml,True,large,108,88,88,50,67.534479,88,,,,
unmerged,PMC4392560_table_0,PMC4392560_table_0.xml,False,small,21,21,21,21,18.968614,21,,,,
unmerged,PMC2855072_table_0,PMC2855072_table_0.xml,False,medium,49,49,49,49,40.184164,49,,,,
unmerged,PMC4436293_table_0,PMC4436293_table_0.xml,False,small,30,30,30,30,27.025644,30,,,,
unmerged,PMC3363418_table_0,PMC3363418_table_0.xml,True,large,135,124,122,109,96.330465,122,,,,
unmerged,PMC2453114_table_2,PMC2453114_table_2.xml,False,small,16,16,16,16,14.846789,16,,,,
unmerged,PMC3660393_table_0,PMC3660393_table_0.xml,False,small,18,18,18,18,16.092397,18,,,,
unmerged,PMC3042918_table_0,PMC3042918_table_0.xml,True,small,30,26,16,15,14.004233,16,,,,
unmerged,PMC5948639_table_0,PMC5948639_table_0.xml,False,small,8,8,8,8,7.433085,8,,,,
unmerged,PMC2611967_table_3,PMC2611967_table_3.xml,False,small,21,21,21,20,18.858399,21,,,,
unmerged,PMC5790503_table_0,PMC5790503_table_0.xml,True,large,100,96,95,94,87.323781,95,,,,
unmerged,PMC5091883_table_5,PMC5091883_table_5.xml,False,medium,44,44,44,44,36.827585,44,,,,
unmerged,PMC2983382_table_3,PMC2983382_table_3.xml,False,large,165,165,165,165,138.083607,165,,,,
unmerged,PMC3688626_table_2,PMC3688626_table_2.xml,True,medium,39,39,39,39,32.315771,39,,,,
unmerged,PMC5696248_table_2,PMC5696248_table_2.xml,True,large,120,105,96,96,89.452444,96,,,,
unmerged,PMC1562360_table_1,PMC1562360_table_1.xml,True,large,92,90,90,90,76.390737,90,,,,
unmerged,PMC4889661_table_0,PMC4889661_table_0.xml,False,small,12,10,8,4,5.828054,8,,,,
unmerged,PMC4376772_table_4,PMC4376772_table_4.xml,False,small,12,12,12,10,9.72545,12,,,,
unmerged,PMC2676320_table_0,PMC2676320_table_0.xml,True,large,187,155,149,41,110.376554,149,,,,
unmerged,PMC4806293_table_3,PMC4806293_table_3.xml,True,large,198,143,129,123,104.910093,129,,,,
unmerged,PMC5955572_table_6,PMC5955572_table_6.xml,False,small,16,16,16,1,9.791182,16,,,,
unmerged,PMC5826966_table_2,PMC5826966_table_2.xml,True,medium,52,50,50,48,42.750134,50,,,,
unmerged,PMC4806486_table_2,PMC4806486_table_2.xml,False,large,80,64,64,60,51.384833,64,,,,
unmerged,PMC5712124_table_0,PMC5712124_table_0.xml,True,medium,40,37,36,36,31.528692,36,,,,
unmerged,PMC4585998_table_1,PMC4585998_table_1.xml,False,small,16,3,0,0,0,0,,,,
unmerged,PMC5025662_table_0,PMC5025662_table_0.xml,True,small,32,26,24,23,20.043319,24,,,,
unmerged,PMC4349776_table_3,PMC4349776_table_3.xml,False,small,20,16,16,16,14.601354,16,,,,
unmerged,PMC4810510_table_5,PMC4810510_table_5.xml,True,large,196,161,154,51,110.224621,154,,,,
unmerged,PMC3510242_table_1,PMC3510242_table_1.xml,True,medium,65,63,63,63,55.465023,63,,,,
unmerged,PMC2971855_table_2,PMC2971855_table_2.xml,False,small,15,15,15,5,10.72763,15,,,,
unmerged,PMC3403942_table_0,PMC3403942_table_0.xml,True,medium,75,74,74,74,68.782131,74,,,,
unmerged,PMC4893485_table_1,PMC4893485_table_1.xml,True,small,28,6,6,0,3.714165,6,,,,
unmerged,PMC4471362_table_0,PMC4471362_table_0.xml,False,small,35,35,35,35,30.145156,35,,,,
unmerged,PMC2979536_table_1,PMC2979536_table_1.xml,False,small,16,17,15,5,10.824222,15,,,,
unmerged,PMC4742874_table_0,PMC4742874_table_0.xml,True,large,84,53,44,44,37.236419,44,,,,
unmerged,PMC4652281_table_3,PMC4652281_table_3.xml,True,medium,78,68,66,66,58.631997,66,,,,
unmerged,PMC4849662_table_2,PMC4849662_table_2.xml,True,small,18,12,12,6,9.30773,12,,,,
unmerged,PMC3413424_table_0,PMC3413424_table_0.xml,True,small,22,22,22,22,19.591568,22,,,,
unmerged,PMC4598679_table_0,PMC4598679_table_0.xml,False,small,32,32,32,32,29.179292,32,,,,
unmerged,PMC4359522_table_0,PMC4359522_table_0.xml,False,large,154,150,150,150,133.098362,150,,,,
unmerged,PMC3364148_table_0,PMC3364148_table_0.xml,False,large,123,123,123,120,102.167055,123,,,,
unmerged,PMC5814010_table_2,PMC5814010_table_2.xml,True,small,24,24,24,24,22.070315,24,,,,
unmerged,PMC6235971_table_0,PMC6235971_table_0.xml,True,small,21,19,17,17,14.498644,17,,,,
unmerged,PMC6373102_table_1,PMC6373102_table_1.xml,True,large,110,86,81,75,70.329337,81,,,,
unmerged,PMC4636288_table_5,PMC4636288_table_5.xml,True,medium,42,37,36,34,30.143829,36,,,,
unmerged,PMC4995788_table_1,PMC4995788_table_1.xml,True,large,168,158,153,126,119.273995,153,,,,
unmerged,PMC6102410_table_2,PMC6102410_table_2.xml,False,medium,50,50,50,50,39.952797,50,,,,
unmerged,PMC4574781_table_0,PMC4574781_table_0.xml,True,medium,54,49,48,45,42.290019,48,,,,
unmerged,PMC2923087_table_1,PMC2923087_table_1.xml,True,large,448,300,300,206,235.081703,300,,,,
unmerged,PMC4897708_table_0,PMC4897708_table_0.xml,False,small,15,15,15,15,12.958224,15,,,,
unmerged,PMC4739096_table_1,PMC4739096_table_1.xml,True,large,85,85,85,85,76.529609,85,,,,
unmerged,PMC5707922_table_0,PMC5707922_table_0.xml,True,small,18,22,15,14,12.25487,15,,,,
unmerged,PMC5702311_table_1,PMC5702311_table_1.xml,True,large,168,144,142,140,118.067435,142,,,,
unmerged,PMC6091767_table_1,PMC6091767_table_1.xml,False,medium,54,54,36,4,24.406987,36,,,,
unmerged,PMC3240627_table_0,PMC3240627_table_0.xml,False,small,16,18,14,14,11.834267,14,,,,
unmerged,PMC3108124_table_1,PMC3108124_table_1.xml,True,large,80,74,71,71,60.280028,71,,,,
unmerged,PMC5934879_table_2,PMC5934879_table_2.xml,False,medium,36,36,36,36,33.169159,36,,,,
unmerged,PMC4519131_table_1,PMC4519131_table_1.xml,False,small,25,24,22,5,14.240889,22,,,,
unmerged,PMC5940366_table_0,PMC5940366_table_0.xml,True,large,128,95,94,59,70.333724,94,,,,
unmerged,PMC6065341_table_0,PMC6065341_table_0.xml,False,medium,54,54,54,54,48.114184,54,,,,
unmerged,PMC4940880_table_0,PMC4940880_table_0.xml,True,large,192,160,160,130,133.73737,160,,,,
unmerged,PMC4654900_table_0,PMC4654900_table_0.xml,False,medium,42,42,42,42,35.620017,42,,,,
unmerged,PMC6039019_table_0,PMC6039019_table_0.xml,False,medium,56,56,56,56,49.6653,56,,,,
unmerged,PMC5894967_table_1,PMC5894967_table_1.xml,True,large,90,86,68,11,41.481518,68,,,,
unmerged,PMC2858665_table_0,PMC2858665_table_0.xml,True,small,25,21,21,0,13.136837,21,,,,
unmerged,PMC4504487_table_1,PMC4504487_table_1.xml,False,medium,42,42,42,42,37.292054,42,,,,
unmerged,PMC4624369_table_2,PMC4624369_table_2.xml,True,small,10,4,4,4,3.56993,4,,,,
unmerged,PMC2970321_table_0,PMC2970321_table_0.xml,False,small,20,20,20,0,12.494159,20,,,,
unmerged,PMC6148783_table_0,PMC6148783_table_0.xml,False,medium,55,55,55,55,47.123864,55,,,,
unmerged,PMC4388571_table_1,PMC4388571_table_1.xml,True,small,24,18,12,12,9.934006,12,,,,
unmerged,PMC5765189_table_0,PMC5765189_table_0.xml,False,medium,36,36,36,36,31.068587,36,,,,
unmerged,PMC3179728_table_1,PMC3179728_table_1.xml,False,medium,50,50,50,50,45.689291,50,,,,
unmerged,PMC5920397_table_1,PMC5920397_table_1.xml,False,medium,48,48,48,48,42.893805,48,,,,
unmerged,PMC3562170_table_1,PMC3562170_table_1.xml,False,medium,36,36,36,36,31.347032,36,,,,
unmerged,PMC5789680_table_2,PMC5789680_table_2.xml,False,medium,56,49,49,49,42.902046,49,,,,
unmerged,PMC1766366_table_0,PMC1766366_table_0.xml,False,medium,60,63,57,57,53.013353,57,,,,
unmerged,PMC3506419_table_0,PMC3506419_table_0.xml,False,medium,49,56,47,42,40.114667,47,,,,
unmerged,PMC6026135_table_1,PMC6026135_table_1.xml,True,large,280,241,238,237,199.906902,238,,,,
unmerged,PMC5010703_table_0,PMC5010703_table_0.xml,True,small,24,15,14,14,12.198734,14,,,,
unmerged,PMC5975710_table_2,PMC5975710_table_2.xml,False,medium,36,36,36,36,33.81255,36,,,,
unmerged,PMC4354281_table_0,PMC4354281_table_0.xml,False,large,85,85,85,73,70.9076,85,,,,
unmerged,PMC4445691_table_0,PMC4445691_table_0.xml,False,small,25,25,25,25,23.825776,25,,,,
unmerged,PMC3618200_table_3,PMC3618200_table_3.xml,False,small,16,16,16,16,14.586904,16,,,,
unmerged,PMC2980137_table_1,PMC2980137_table_1.xml,False,small,16,17,15,5,10.863983,15,,,,
unmerged,PMC3543339_table_0,PMC3543339_table_0.xml,True,medium,50,25,25,25,20.802264,25,,,,
unmerged,PMC4930211_table_1,PMC4930211_table_1.xml,True,medium,69,69,69,69,66.224253,69,,,,
unmerged,PMC5703480_table_0,PMC5703480_table_0.xml,False,small,22,22,16,11,11.690837,16,,,,
unmerged,PMC4390841_table_0,PMC4390841_table_0.xml,False,medium,48,48,48,48,41.765586,48,,,,
unmerged,PMC4378924_table_0,PMC4378924_table_0.xml,True,medium,42,42,42,42,35.544556,42,,,,
unmerged,PMC4594897_table_2,PMC4594897_table_2.xml,True,large,110,105,105,99,89.465373,105,,,,
unmerged,PMC2970104_table_0,PMC2970104_table_0.xml,False,small,20,20,20,0,13.926189,20,,,,
unmerged,PMC6145308_table_1,PMC6145308_table_1.xml,False,small,16,16,16,16,14.277208,16,,,,
unmerged,PMC4994378_table_0,PMC4994378_table_0.xml,True,large,108,109,105,53,78.679545,105,,,,
unmerged,PMC4407714_table_1,PMC4407714_table_1.xml,True,large,92,92,92,92,85.115084,92,,,,
unmerged,PMC4453019_table_2,PMC4453019_table_2.xml,True,large,112,89,85,85,70.932949,85,,,,
unmerged,PMC3349333_table_2,PMC3349333_table_2.xml,True,small,16,11,9,8,7.231008,9,,,,
unmerged,PMC3522606_table_0,PMC3522606_table_0.xml,True,large,90,90,90,90,72.759202,90,,,,
unmerged,PMC3573996_table_0,PMC3573996_table_0.xml,False,large,120,120,120,120,108.481158,120,,,,
unmerged,PMC4841563_table_3,PMC4841563_table_3.xml,False,small,24,24,24,24,20.289313,24,,,,
unmerged,PMC4829176_table_14,PMC4829176_table_14.xml,False,large,138,138,138,138,124.332246,138,,,,
unmerged,PMC3306553_table_0,PMC3306553_table_0.xml,True,large,96,87,84,31,63.219408,84,,,,
unmerged,PMC4865127_table_2,PMC4865127_table_2.xml,True,large,90,80,63,18,45.58912,63,,,,
unmerged,PMC6195500_table_3,PMC6195500_table_3.xml,False,small,15,15,15,15,14.595859,15,,,,
unmerged,PMC2975659_table_4,PMC2975659_table_4.xml,True,medium,60,60,60,60,52.30147,60,,,,
unmerged,PMC4562344_table_1,PMC4562344_table_1.xml,True,medium,40,30,30,30,26.395657,30,,,,
unmerged,PMC4499438_table_2,PMC4499438_table_2.xml,True,medium,70,66,64,64,55.452786,64,,,,
unmerged,PMC4967509_table_2,PMC4967509_table_2.xml,True,medium,48,47,47,47,44.758935,47,,,,
unmerged,PMC1621074_table_1,PMC1621074_table_1.xml,False,medium,55,55,55,55,49.674358,55,,,,
unmerged,PMC1524967_table_6,PMC1524967_table_6.xml,False,small,34,34,34,34,29.811004,34,,,,
unmerged,PMC3019011_table_0,PMC3019011_table_0.xml,False,small,18,22,16,14,13.111822,16,,,,
unmerged,PMC1513572_table_2,PMC1513572_table_2.xml,False,small,18,15,15,14,13.620739,15,,,,
unmerged,PMC3254532_table_3,PMC3254532_table_3.xml,False,small,35,28,16,0,9.488814,16,,,,
unmerged,PMC4604614_table_0,PMC4604614_table_0.xml,True,medium,66,72,58,18,42.157667,58,,,,
unmerged,PMC4501400_table_1,PMC4501400_table_1.xml,False,small,21,21,21,21,18.160337,21,,,,
unmerged,PMC2427197_table_4,PMC2427197_table_4.xml,False,small,15,18,14,12,11.570319,14,,,,
unmerged,PMC4504402_table_0,PMC4504402_table_0.xml,True,medium,60,54,50,30,36.381344,50,,,,
unmerged,PMC4404307_table_4,PMC4404307_table_4.xml,True,medium,40,36,35,34,30.060054,35,,,,
unmerged,PMC4991119_table_0,PMC4991119_table_0.xml,True,large,133,133,133,133,119.328585,133,,,,
unmerged,PMC3005913_table_1,PMC3005913_table_1.xml,False,medium,45,45,45,45,38.296503,45,,,,
unmerged,PMC5110593_table_2,PMC5110593_table_2.xml,False,small,12,12,12,12,10.605593,12,,,,
unmerged,PMC4434122_table_1,PMC4434122_table_1.xml,False,small,24,24,24,24,21.489217,24,,,,
unmerged,PMC5178086_table_3,PMC5178086_table_3.xml,True,large,240,200,200,102,148.949989,200,,,,
unmerged,PMC2979109_table_0,PMC2979109_table_0.xml,False,small,20,20,20,0,12.948399,20,,,,
unmerged,PMC5818526_table_0,PMC5818526_table_0.xml,True,small,35,31,29,0,18.606957,29,,,,
unmerged,PMC6089990_table_2,PMC6089990_table_2.xml,False,medium,52,52,52,43,41.155683,52,,,,
unmerged,PMC2579308_table_1,PMC2579308_table_1.xml,False,small,16,13,12,10,10.465099,12,,,,
unmerged,PMC5145878_table_1,PMC5145878_table_1.xml,True,medium,63,52,49,49,41.511873,49,,,,
unmerged,PMC5101760_table_3,PMC5101760_table_3.xml,True,large,108,94,92,86,81.903496,92,,,,
unmerged,PMC4360558_table_0,PMC4360558_table_0.xml,True,medium,60,59,59,59,55.018661,59,,,,
unmerged,PMC5874052_table_2,PMC5874052_table_2.xml,True,small,30,22,20,20,17.182416,20,,,,
unmerged,PMC4929678_table_0,PMC4929678_table_0.xml,True,medium,60,47,44,44,37.988158,44,,,,
unmerged,PMC3602305_table_5,PMC3602305_table_5.xml,False,medium,36,36,36,30,28.992691,36,,,,
unmerged,PMC2783018_table_0,PMC2783018_table_0.xml,True,small,24,6,6,3,4.649093,6,,,,
unmerged,PMC4465022_table_0,PMC4465022_table_0.xml,False,small,24,24,24,24,20.55076,24,,,,
unmerged,PMC5014415_table_0,PMC5014415_table_0.xml,False,large,208,208,208,208,183.992477,208,,,,
unmerged,PMC4437681_table_2,PMC4437681_table_2.xml,True,medium,56,50,46,46,38.704852,46,,,,
unmerged,PMC2688010_table_2,PMC2688010_table_2.xml,True,small,25,25,25,22,22.108152,25,,,,
unmerged,PMC5849718_table_0,PMC5849718_table_0.xml,True,medium,60,60,60,60,49.168092,60,,,,
unmerged,PMC5095827_table_2,PMC5095827_table_2.xml,False,small,15,15,15,13,12.06846,15,,,,
unmerged,PMC3251541_table_0,PMC3251541_table_0.xml,False,small,30,30,30,30,28.079121,30,,,,
unmerged,PMC4624795_table_1,PMC4624795_table_1.xml,True,medium,45,39,39,33,30.724994,39,,,,
unmerged,PMC5968892_table_1,PMC5968892_table_1.xml,False,medium,39,39,39,39,35.996554,39,,,,
unmerged,PMC6218030_table_1,PMC6218030_table_1.xml,False,medium,68,68,68,47,52.19526,68,,,,
unmerged,PMC3670993_table_2,PMC3670993_table_2.xml,False,small,27,27,27,27,25.153507,27,,,,
unmerged,PMC1590010_table_2,PMC1590010_table_2.xml,True,medium,42,35,34,30,29.741215,34,,,,
unmerged,PMC3123832_table_2,PMC3123832_table_2.xml,True,small,16,4,0,0,0,0,,,,
unmerged,PMC5976929_table_2,PMC5976929_table_2.xml,True,large,108,110,107,104,95.290265,107,,,,
unmerged,PMC5962747_table_1,PMC5962747_table_1.xml,True,large,120,104,99,70,75.035845,99,,,,
unmerged,PMC5955586_table_0,PMC5955586_table_0.xml,False,small,18,17,17,0,9.699375,17,,,,
unmerged,PMC4816578_table_0,PMC4816578_table_0.xml,False,small,35,35,35,35,30.478558,35,,,,
unmerged,PMC2864265_table_0,PMC2864265_table_0.xml,False,small,8,8,8,8,6.973307,8,,,,
unmerged,PMC5751830_table_3,PMC5751830_table_3.xml,True,medium,48,48,48,48,40.827739,48,,,,
unmerged,PMC3349315_table_2,PMC3349315_table_2.xml,True,small,35,23,17,6,11.968891,17,,,,
unmerged,PMC5815616_table_1,PMC5815616_table_1.xml,False,small,25,25,25,25,21.598329,25,,,,
unmerged,PMC2968377_table_0,PMC2968377_table_0.xml,False,small,20,20,20,0,13.441935,20,,,,
unmerged,PMC5842864_table_1,PMC5842864_table_1.xml,False,small,18,18,18,17,15.522132,18,,,,
unmerged,PMC3274923_table_0,PMC3274923_table_0.xml,False,small,18,18,18,18,14.768564,18,,,,
unmerged,PMC4965257_table_0,PMC4965257_table_0.xml,False,small,30,30,30,30,27.671836,30,,,,
unmerged,PMC3078546_table_1,PMC3078546_table_1.xml,False,medium,54,54,54,54,49.102094,54,,,,
unmerged,PMC3161853_table_3,PMC3161853_table_3.xml,False,medium,72,69,69,68,57.139858,69,,,,
unmerged,PMC3537189_table_1,PMC3537189_table_1.xml,False,large,98,56,46,32,37.585966,46,,,,
unmerged,PMC2518110_table_0,PMC2518110_table_0.xml,False,medium,45,45,45,45,41.719018,45,,,,
unmerged,PMC5960004_table_1,PMC5960004_table_1.xml,True,medium,48,41,20,0,11.796818,20,,,,
unmerged,PMC4606834_table_2,PMC4606834_table_2.xml,False,small,10,10,10,10,9.160073,10,,,,
unmerged,PMC4898401_table_0,PMC4898401_table_0.xml,False,large,266,266,266,168,202.985166,266,,,,
unmerged,PMC5956844_table_0,PMC5956844_table_0.xml,True,medium,76,76,76,76,61.709024,76,,,,
unmerged,PMC3052123_table_0,PMC3052123_table_0.xml,False,small,16,17,15,2,10.676857,15,,,,
unmerged,PMC4632822_table_0,PMC4632822_table_0.xml,True,medium,38,34,32,30,26.923978,32,,,,
unmerged,PMC2596126_table_5,PMC2596126_table_5.xml,True,small,24,22,21,21,19.382973,21,,,,
unmerged,PMC5995376_table_0,PMC5995376_table_0.xml,True,large,104,78,78,0,46.580474,78,,,,
unmerged,PMC5701498_table_1,PMC5701498_table_1.xml,True,large,126,125,125,41,83.513872,125,,,,
unmerged,PMC3540763_table_1,PMC3540763_table_1.xml,True,small,35,31,29,28,26.954952,29,,,,
unmerged,PMC4866031_table_3,PMC4866031_table_3.xml,True,large,84,103,51,6,32.443051,51,,,,
unmerged,PMC6192302_table_2,PMC6192302_table_2.xml,True,medium,40,31,27,1,16.29493,27,,,,
unmerged,PMC6157696_table_0,PMC6157696_table_0.xml,False,small,20,25,20,15,17.030035,20,,,,
unmerged,PMC2375871_table_2,PMC2375871_table_2.xml,True,small,20,14,13,12,11.156622,13,,,,
unmerged,PMC3483647_table_1,PMC3483647_table_1.xml,True,medium,60,57,56,56,46.941927,56,,,,
unmerged,PMC4941281_table_5,PMC4941281_table_5.xml,True,medium,50,47,47,44,41.28291,47,,,,
unmerged,PMC4449761_table_1,PMC4449761_table_1.xml,False,medium,45,37,36,33,30.802411,36,,,,
unmerged,PMC2648779_table_1,PMC2648779_table_1.xml,True,medium,42,38,37,36,33.761524,37,,,,
unmerged,PMC4624169_table_0,PMC4624169_table_0.xml,True,large,108,97,76,73,65.709579,76,,,,
unmerged,PMC1906757_table_3,PMC1906757_table_3.xml,True,medium,42,32,29,29,26.17588,29,,,,
unmerged,PMC4674919_table_0,PMC4674919_table_0.xml,False,medium,44,44,44,44,36.320534,44,,,,
unmerged,PMC4871862_table_0,PMC4871862_table_0.xml,False,small,28,28,26,25,24.373889,26,,,,
unmerged,PMC6234669_table_2,PMC6234669_table_2.xml,True,large,150,123,123,122,106.889244,123,,,,
unmerged,PMC4719686_table_0,PMC4719686_table_0.xml,False,small,21,19,19,19,17.070067,19,,,,
unmerged,PMC5058751_table_0,PMC5058751_table_0.xml,True,large,180,175,174,173,163.736883,174,,,,
unmerged,PMC3042918_table_2,PMC3042918_table_2.xml,True,large,220,85,71,54,56.342137,71,,,,
unmerged,PMC2438326_table_1,PMC2438326_table_1.xml,False,medium,55,55,55,55,47.620091,55,,,,
unmerged,PMC2488328_table_1,PMC2488328_table_1.xml,True,large,102,94,94,89,76.930963,94,,,,
unmerged,PMC3639264_table_0,PMC3639264_table_0.xml,False,medium,42,42,42,42,36.539504,42,,,,
unmerged,PMC2585588_table_0,PMC2585588_table_0.xml,False,medium,45,45,45,45,38.620774,45,,,,
unmerged,PMC5918569_table_2,PMC5918569_table_2.xml,False,small,35,35,35,35,31.369694,35,,,,
unmerged,PMC3123847_table_1,PMC3123847_table_1.xml,True,medium,70,67,65,63,55.415525,65,,,,
unmerged,PMC5667804_table_0,PMC5667804_table_0.xml,False,small,24,24,24,24,22.096244,24,,,,
unmerged,PMC3176760_table_0,PMC3176760_table_0.xml,False,medium,36,36,36,28,28.66313,36,,,,
unmerged,PMC3009027_table_2,PMC3009027_table_2.xml,False,small,25,23,18,4,12.393996,18,,,,
unmerged,PMC4886160_table_0,PMC4886160_table_0.xml,False,large,90,90,90,10,62.85375,90,,,,
unmerged,PMC4439031_table_1,PMC4439031_table_1.xml,True,large,95,95,95,95,79.004956,95,,,,
unmerged,PMC3684745_table_3,PMC3684745_table_3.xml,True,large,186,158,153,35,113.409487,153,,,,
unmerged,PMC5700096_table_2,PMC5700096_table_2.xml,False,small,18,18,18,12,14.048753,18,,,,
unmerged,PMC3557148_table_1,PMC3557148_table_1.xml,False,large,96,96,96,90,75.302361,96,,,,
unmerged,PMC3237410_table_0,PMC3237410_table_0.xml,True,large,192,192,192,177,151.256006,192,,,,
unmerged,PMC3063837_table_1,PMC3063837_table_1.xml,False,large,92,92,92,92,85.906581,92,,,,
unmerged,PMC4431502_table_1,PMC4431502_table_1.xml,True,large,155,141,134,132,112.795543,134,,,,
unmerged,PMC1192817_table_3,PMC1192817_table_3.xml,False,medium,54,54,54,54,50.217532,54,,,,
unmerged,PMC3118713_table_3,PMC3118713_table_3.xml,False,large,341,300,300,284,249.035052,300,,,,
unmerged,PMC4414453_table_0,PMC4414453_table_0.xml,False,small,8,7,7,6,5.879795,7,,,,
unmerged,PMC6091292_table_0,PMC6091292_table_0.xml,False,small,18,18,18,18,15.513495,18,,,,
unmerged,PMC6142186_table_0,PMC6142186_table_0.xml,True,large,108,108,108,108,95.859672,108,,,,
unmerged,PMC2780999_table_3,PMC2780999_table_3.xml,False,large,114,114,114,114,95.268838,114,,,,
unmerged,PMC3414449_table_0,PMC3414449_table_0.xml,True,large,112,92,92,40,65.035827,92,,,,
unmerged,PMC4892679_table_1,PMC4892679_table_1.xml,True,medium,42,38,38,32,31.704976,38,,,,
unmerged,PMC5727003_table_2,PMC5727003_table_2.xml,True,medium,40,37,36,36,32.694974,36,,,,
unmerged,PMC1065107_table_1,PMC1065107_table_1.xml,True,large,80,73,70,69,55.692173,70,,,,
unmerged,PMC4619589_table_3,PMC4619589_table_3.xml,True,large,84,78,77,74,63.628727,77,,,,
unmerged,PMC4999370_table_0,PMC4999370_table_0.xml,False,large,92,92,92,92,79.372843,92,,,,
unmerged,PMC5725584_table_2,PMC5725584_table_2.xml,True,small,22,21,21,21,19.146727,21,,,,
unmerged,PMC5953442_table_1,PMC5953442_table_1.xml,False,medium,48,48,48,47,42.066284,48,,,,
unmerged,PMC4816552_table_2,PMC4816552_table_2.xml,True,medium,36,33,32,30,26.886222,32,,,,
unmerged,PMC4425098_table_0,PMC4425098_table_0.xml,True,large,147,111,103,103,89.529199,103,,,,
unmerged,PMC3599226_table_0,PMC3599226_table_0.xml,True,medium,36,33,32,30,28.674467,32,,,,
unmerged,PMC4433905_table_2,PMC4433905_table_2.xml,True,medium,49,44,42,25,31.83137,42,,,,
unmerged,PMC3380946_table_3,PMC3380946_table_3.xml,False,large,98,98,98,98,79.118629,98,,,,
unmerged,PMC5048623_table_2,PMC5048623_table_2.xml,True,medium,36,39,33,27,28.086444,33,,,,
unmerged,PMC3006929_table_1,PMC3006929_table_1.xml,False,small,16,17,15,6,10.97039,15,,,,
unmerged,PMC6142379_table_1,PMC6142379_table_1.xml,False,medium,36,36,36,36,32.016049,36,,,,
unmerged,PMC6060796_table_0,PMC6060796_table_0.xml,False,small,10,17,8,5,6.675804,8,,,,
unmerged,PMC6223088_table_4,PMC6223088_table_4.xml,False,small,35,35,35,35,32.659155,35,,,,
unmerged,PMC4423522_table_1,PMC4423522_table_1.xml,True,medium,60,60,60,57,51.552457,60,,,,
unmerged,PMC4552273_table_0,PMC4552273_table_0.xml,False,medium,45,45,45,45,38.669284,45,,,,
unmerged,PMC3608149_table_2,PMC3608149_table_2.xml,True,small,32,25,24,24,19.899146,24,,,,
unmerged,PMC2957681_table_2,PMC2957681_table_2.xml,False,large,84,84,84,84,71.347673,84,,,,
unmerged,PMC3154280_table_2,PMC3154280_table_2.xml,True,large,96,96,96,82,73.781358,96,,,,
unmerged,PMC6235215_table_0,PMC6235215_table_0.xml,True,large,92,69,69,46,58.072673,69,,,,
unmerged,PMC1550399_table_3,PMC1550399_table_3.xml,True,large,126,113,112,112,92.448804,112,,,,
unmerged,PMC5743479_table_2,PMC5743479_table_2.xml,True,medium,50,44,41,41,38.442474,41,,,,
unmerged,PMC5722813_table_2,PMC5722813_table_2.xml,False,large,110,110,110,91,89.899615,110,,,,
unmerged,PMC1261260_table_3,PMC1261260_table_3.xml,False,medium,45,45,45,45,38.897849,45,,,,
unmerged,PMC4923075_table_0,PMC4923075_table_0.xml,False,small,30,30,30,30,27.201702,30,,,,
unmerged,PMC6028376_table_3,PMC6028376_table_3.xml,True,large,120,112,109,108,90.362625,109,,,,
unmerged,PMC3007292_table_2,PMC3007292_table_2.xml,False,large,119,119,119,119,103.088968,119,,,,
unmerged,PMC2981526_table_1,PMC2981526_table_1.xml,False,large,208,208,208,161,162.787501,208,,,,
unmerged,PMC3344586_table_1,PMC3344586_table_1.xml,False,medium,50,50,50,50,41.035962,50,,,,
unmerged,PMC3558449_table_2,PMC3558449_table_2.xml,True,large,140,135,132,131,106.656708,132,,,,
unmerged,PMC3130384_table_0,PMC3130384_table_0.xml,False,small,16,2,0,0,0,0,,,,
unmerged,PMC3050259_table_0,PMC3050259_table_0.xml,False,small,18,18,18,0,12.039906,18,,,,
unmerged,PMC4906974_table_2,PMC4906974_table_2.xml,True,large,210,175,175,0,110.788262,175,,,,
unmerged,PMC2362127_table_1,PMC2362127_table_1.xml,False,large,222,222,222,216,174.49413,222,,,,
unmerged,PMC4885004_table_2,PMC4885004_table_2.xml,True,large,112,112,112,108,97.551763,112,,,,
unmerged,PMC3364269_table_1,PMC3364269_table_1.xml,True,medium,68,51,51,51,47.022099,51,,,,
unmerged,PMC3224112_table_0,PMC3224112_table_0.xml,False,small,25,20,20,0,13.351965,20,,,,
unmerged,PMC4590700_table_2,PMC4590700_table_2.xml,True,large,180,177,175,169,154.272567,175,,,,
unmerged,PMC6051080_table_0,PMC6051080_table_0.xml,False,small,24,24,24,24,21.895422,24,,,,
unmerged,PMC6077620_table_0,PMC6077620_table_0.xml,False,small,26,26,26,26,23.3881,26,,,,
unmerged,PMC3599226_table_1,PMC3599226_table_1.xml,True,large,114,92,78,78,68.788404,78,,,,
unmerged,PMC2646303_table_1,PMC2646303_table_1.xml,False,large,100,100,100,100,91.951132,100,,,,
unmerged,PMC5051338_table_0,PMC5051338_table_0.xml,True,small,30,11,8,7,7.21031,8,,,,
unmerged,PMC3515476_table_0,PMC3515476_table_0.xml,False,small,15,15,15,15,12.827602,15,,,,
unmerged,PMC5008639_table_2,PMC5008639_table_2.xml,False,small,12,12,8,0,4.574147,8,,,,
unmerged,PMC3110108_table_3,PMC3110108_table_3.xml,False,small,24,24,24,9,19.023533,24,,,,
unmerged,PMC4552859_table_2,PMC4552859_table_2.xml,False,medium,63,63,63,57,50.5152,63,,,,
unmerged,PMC3358350_table_0,PMC3358350_table_0.xml,True,large,156,149,147,103,113.551358,147,,,,
unmerged,PMC2969653_table_1,PMC2969653_table_1.xml,False,large,175,169,169,169,143.311005,169,,,,
unmerged,PMC3051715_table_2,PMC3051715_table_2.xml,False,large,133,133,133,133,112.406686,133,,,,
unmerged,PMC3519644_table_1,PMC3519644_table_1.xml,True,medium,78,73,70,70,63.741878,70,,,,
unmerged,PMC2961772_table_0,PMC2961772_table_0.xml,False,small,20,21,19,0,13.241344,19,,,,
unmerged,PMC5085210_table_2,PMC5085210_table_2.xml,True,large,133,129,127,127,108.506115,127,,,,
unmerged,PMC3419246_table_3,PMC3419246_table_3.xml,True,large,180,172,171,80,128.580954,171,,,,
unmerged,PMC4575020_table_2,PMC4575020_table_2.xml,False,small,18,12,6,0,3.871012,6,,,,
unmerged,PMC3503690_table_0,PMC3503690_table_0.xml,True,large,80,75,74,70,60.133501,74,,,,
unmerged,PMC6080075_table_0,PMC6080075_table_0.xml,False,small,15,15,15,15,13.517527,15,,,,
unmerged,PMC5751392_table_0,PMC5751392_table_0.xml,False,small,8,4,1,0,0.50964,1,,,,
unmerged,PMC4815677_table_0,PMC4815677_table_0.xml,False,medium,64,64,64,64,52.952215,64,,,,
unmerged,PMC5939194_table_1,PMC5939194_table_1.xml,False,medium,40,40,40,40,36.566776,40,,,,
unmerged,PMC2773778_table_0,PMC2773778_table_0.xml,True,large,340,296,258,75,177.986045,258,,,,
unmerged,PMC2245971_table_1,PMC2245971_table_1.xml,True,medium,50,25,24,22,20.946648,24,,,,
unmerged,PMC2277399_table_6,PMC2277399_table_6.xml,False,large,84,84,84,84,75.614438,84,,,,
unmerged,PMC4429473_table_1,PMC4429473_table_1.xml,True,medium,56,45,43,43,40.480327,43,,,,
unmerged,PMC2740668_table_0,PMC2740668_table_0.xml,True,medium,74,82,66,63,56.553049,66,,,,
unmerged,PMC3236038_table_2,PMC3236038_table_2.xml,False,medium,54,54,54,54,50.268329,54,,,,
unmerged,PMC5981094_table_1,PMC5981094_table_1.xml,True,small,15,12,12,4,8.874524,12,,,,
unmerged,PMC2989309_table_0,PMC2989309_table_0.xml,False,small,32,26,26,26,23.422265,26,,,,
unmerged,PMC3219586_table_1,PMC3219586_table_1.xml,False,small,18,18,18,18,16.53996,18,,,,
unmerged,PMC4448311_table_14,PMC4448311_table_14.xml,False,large,165,165,165,77,123.36528,165,,,,
unmerged,PMC4928746_table_0,PMC4928746_table_0.xml,False,small,6,7,6,5,5.474327,6,,,,
unmerged,PMC4344795_table_1,PMC4344795_table_1.xml,True,medium,49,41,39,37,34.52265,39,,,,
unmerged,PMC5745993_table_3,PMC5745993_table_3.xml,True,large,85,85,85,78,73.592951,85,,,,
unmerged,PMC5910587_table_1,PMC5910587_table_1.xml,False,large,100,100,100,66,79.760273,100,,,,
unmerged,PMC5063825_table_0,PMC5063825_table_0.xml,True,large,135,130,129,122,107.204932,129,,,,
unmerged,PMC6193427_table_0,PMC6193427_table_0.xml,False,large,90,90,90,90,77.970173,90,,,,
unmerged,PMC3152521_table_2,PMC3152521_table_2.xml,False,medium,40,40,40,40,34.151752,40,,,,
unmerged,PMC4895167_table_0,PMC4895167_table_0.xml,True,large,84,81,78,78,73.10014,78,,,,
unmerged,PMC3218902_table_1,PMC3218902_table_1.xml,True,large,138,135,134,134,111.70347,134,,,,
unmerged,PMC3317115_table_0,PMC3317115_table_0.xml,False,small,20,16,16,16,15.157427,16,,,,
unmerged,PMC3033808_table_1,PMC3033808_table_1.xml,False,small,24,24,24,24,21.031885,24,,,,
unmerged,PMC5857072_table_3,PMC5857072_table_3.xml,True,medium,70,51,48,36,37.848946,48,,,,
unmerged,PMC3209419_table_1,PMC3209419_table_1.xml,False,large,210,216,208,159,159.11695,208,,,,
unmerged,PMC4493450_table_0,PMC4493450_table_0.xml,True,medium,78,77,77,76,71.516528,77,,,,
unmerged,PMC3256097_table_0,PMC3256097_table_0.xml,False,small,18,18,18,18,16.376155,18,,,,
unmerged,PMC2311300_table_2,PMC2311300_table_2.xml,True,medium,54,48,48,42,39.735091,48,,,,
unmerged,PMC5823866_table_1,PMC5823866_table_1.xml,True,medium,70,61,61,47,50.658818,61,,,,
unmerged,PMC4524703_table_1,PMC4524703_table_1.xml,True,large,81,74,72,71,60.752143,72,,,,
unmerged,PMC4528708_table_0,PMC4528708_table_0.xml,True,medium,40,28,26,0,16.163348,26,,,,
unmerged,PMC4751176_table_0,PMC4751176_table_0.xml,True,medium,60,24,24,3,16.62602,24,,,,
unmerged,PMC3626802_table_2,PMC3626802_table_2.xml,False,small,12,12,12,12,11.021165,12,,,,
unmerged,PMC4727886_table_3,PMC4727886_table_3.xml,False,small,28,28,28,28,24.202243,28,,,,
unmerged,PMC3673139_table_2,PMC3673139_table_2.xml,False,medium,64,64,64,64,58.36617,64,,,,
unmerged,PMC4507693_table_3,PMC4507693_table_3.xml,False,small,18,18,18,18,16.431874,18,,,,
unmerged,PMC5097412_table_1,PMC5097412_table_1.xml,True,medium,42,37,36,36,31.63345,36,,,,
unmerged,PMC4454579_table_0,PMC4454579_table_0.xml,True,medium,72,61,61,61,54.661157,61,,,,
unmerged,PMC6196262_table_2,PMC6196262_table_2.xml,False,medium,60,69,56,52,48.668123,56,,,,
unmerged,PMC5055238_table_0,PMC5055238_table_0.xml,False,small,15,8,7,7,6.501819,7,,,,
unmerged,PMC6191440_table_0,PMC6191440_table_0.xml,False,large,112,112,112,91,86.750807,112,,,,
unmerged,PMC3440401_table_0,PMC3440401_table_0.xml,True,large,216,214,213,164,170.115181,213,,,,
unmerged,PMC4430806_table_0,PMC4430806_table_0.xml,True,large,112,84,84,32,61.451981,84,,,,
unmerged,PMC5855635_table_1,PMC5855635_table_1.xml,True,medium,64,61,60,59,57.696075,60,,,,
unmerged,PMC6060133_table_0,PMC6060133_table_0.xml,True,medium,70,64,60,16,41.433845,60,,,,
unmerged,PMC2405773_table_0,PMC2405773_table_0.xml,True,large,133,117,112,111,93.526562,112,,,,
unmerged,PMC3151838_table_3,PMC3151838_table_3.xml,False,small,15,12,9,0,5.153041,9,,,,
unmerged,PMC6035464_table_0,PMC6035464_table_0.xml,False,small,12,12,8,0,4.539275,8,,,,
unmerged,PMC3011718_table_3,PMC3011718_table_3.xml,False,small,15,15,15,12,11.933391,15,,,,
unmerged,PMC3621759_table_3,PMC3621759_table_3.xml,True,small,20,20,20,13,15.401071,20,,,,
unmerged,PMC5770061_table_0,PMC5770061_table_0.xml,True,large,117,109,102,101,82.92225,102,,,,
unmerged,PMC4538909_table_0,PMC4538909_table_0.xml,False,small,14,1,0,0,0,0,,,,
unmerged,PMC6002294_table_0,PMC6002294_table_0.xml,True,medium,60,64,58,54,49.418902,58,,,,
unmerged,PMC6207690_table_0,PMC6207690_table_0.xml,False,large,238,238,238,101,178.568728,238,,,,
unmerged,PMC2994823_table_5,PMC2994823_table_5.xml,True,small,14,5,4,2,3.051547,4,,,,
unmerged,PMC2960995_table_1,PMC2960995_table_1.xml,False,small,16,16,16,12,12.368925,16,,,,
unmerged,PMC4951257_table_2,PMC4951257_table_2.xml,True,medium,40,35,35,33,30.562927,35,,,,
unmerged,PMC5863327_table_0,PMC5863327_table_0.xml,False,small,20,20,20,20,17.322346,20,,,,
unmerged,PMC6037719_table_0,PMC6037719_table_0.xml,True,large,120,115,114,83,87.397483,114,,,,
unmerged,PMC1868737_table_0,PMC1868737_table_0.xml,False,small,18,6,5,0,2.624083,5,,,,
unmerged,PMC3152872_table_3,PMC3152872_table_3.xml,False,small,25,25,25,25,22.246795,25,,,,
unmerged,PMC2414658_table_0,PMC2414658_table_0.xml,True,medium,63,54,34,26,26.309494,34,,,,
unmerged,PMC4726178_table_0,PMC4726178_table_0.xml,True,medium,56,46,38,38,32.199978,38,,,,
unmerged,PMC4684830_table_0,PMC4684830_table_0.xml,True,small,12,11,10,10,8.098302,10,,,,
unmerged,PMC4451964_table_0,PMC4451964_table_0.xml,True,large,176,170,169,160,143.753496,169,,,,
unmerged,PMC2881888_table_2,PMC2881888_table_2.xml,True,medium,49,44,42,35,36.025146,42,,,,
unmerged,PMC4476686_table_0,PMC4476686_table_0.xml,False,medium,54,54,54,49,43.885872,54,,,,
unmerged,PMC2977676_table_2,PMC2977676_table_2.xml,False,large,160,160,160,160,132.157863,160,,,,
unmerged,PMC4733276_table_1,PMC4733276_table_1.xml,True,large,100,100,100,60,78.798868,100,,,,
unmerged,PMC4753857_table_4,PMC4753857_table_4.xml,True,large,341,300,278,227,216.492551,278,,,,
unmerged,PMC3577688_table_2,PMC3577688_table_2.xml,True,large,110,94,93,80,75.218104,93,,,,
unmerged,PMC3229532_table_5,PMC3229532_table_5.xml,False,small,21,21,21,21,18.87054,21,,,,
unmerged,PMC5091883_table_4,PMC5091883_table_4.xml,True,large,120,114,114,109,97.510932,114,,,,
unmerged,PMC5842561_table_3,PMC5842561_table_3.xml,False,small,20,20,20,20,17.929769,20,,,,
unmerged,PMC3438128_table_0,PMC3438128_table_0.xml,True,medium,65,65,65,65,60.13495,65,,,,
unmerged,PMC6031195_table_1,PMC6031195_table_1.xml,True,large,147,129,129,119,110.114266,129,,,,
unmerged,PMC5855029_table_0,PMC5855029_table_0.xml,False,small,18,18,18,18,16.101907,18,,,,
unmerged,PMC2827475_table_4,PMC2827475_table_4.xml,False,small,8,1,0,0,0,0,,,,
unmerged,PMC4910197_table_1,PMC4910197_table_1.xml,True,large,175,175,175,167,149.883857,175,,,,
unmerged,PMC3558497_table_2,PMC3558497_table_2.xml,True,large,156,144,94,9,61.582265,94,,,,
unmerged,PMC6163272_table_1,PMC6163272_table_1.xml,True,medium,48,48,48,48,44.495733,48,,,,
unmerged,PMC3209421_table_1,PMC3209421_table_1.xml,True,large,100,99,99,73,79.096017,99,,,,
unmerged,PMC1173115_table_0,PMC1173115_table_0.xml,True,medium,36,24,23,19,19.069014,23,,,,
unmerged,PMC4620401_table_0,PMC4620401_table_0.xml,False,small,35,35,35,35,30.373238,35,,,,
unmerged,PMC3354746_table_1,PMC3354746_table_1.xml,False,medium,40,40,40,40,33.06645,40,,,,
unmerged,PMC4584024_table_0,PMC4584024_table_0.xml,True,small,20,2,0,0,0,0,,,,
unmerged,PMC2936311_table_0,PMC2936311_table_0.xml,True,small,32,32,32,32,27.814724,32,,,,
unmerged,PMC4569327_table_0,PMC4569327_table_0.xml,False,small,30,30,30,30,26.08798,30,,,,
unmerged,PMC2774164_table_0,PMC2774164_table_0.xml,False,small,30,30,30,30,25.831478,30,,,,
unmerged,PMC6150896_table_1,PMC6150896_table_1.xml,True,medium,50,47,46,44,42.154843,46,,,,
unmerged,PMC2674067_table_0,PMC2674067_table_0.xml,False,large,120,120,120,120,95.807926,120,,,,
unmerged,PMC5957403_table_0,PMC5957403_table_0.xml,True,medium,56,49,47,34,36.831249,47,,,,
unmerged,PMC3515431_table_3,PMC3515431_table_3.xml,False,small,18,18,18,18,16.256652,18,,,,
unmerged,PMC4743976_table_1,PMC4743976_table_1.xml,True,medium,60,31,24,17,19.479215,24,,,,
unmerged,PMC2689272_table_0,PMC2689272_table_0.xml,True,medium,40,34,33,29,26.837538,33,,,,
unmerged,PMC2904389_table_2,PMC2904389_table_2.xml,True,large,192,188,186,177,145.096227,186,,,,
unmerged,PMC3601255_table_0,PMC3601255_table_0.xml,False,small,20,20,20,20,17.601185,20,,,,
unmerged,PMC3091871_table_0,PMC3091871_table_0.xml,True,large,420,300,300,103,220.013022,300,,,,
unmerged,PMC3565310_table_2,PMC3565310_table_2.xml,False,medium,72,72,72,72,64.815287,72,,,,
unmerged,PMC6224011_table_0,PMC6224011_table_0.xml,True,medium,68,69,66,64,59.82037,66,,,,
unmerged,PMC2585071_table_2,PMC2585071_table_2.xml,True,small,15,15,15,15,14.033419,15,,,,
unmerged,PMC1794239_table_0,PMC1794239_table_0.xml,True,medium,56,52,50,50,43.90879,50,,,,
unmerged,PMC2844391_table_6,PMC2844391_table_6.xml,True,small,32,22,21,20,17.814723,21,,,,
unmerged,PMC3413694_table_2,PMC3413694_table_2.xml,True,large,96,91,89,82,70.786532,89,,,,
unmerged,PMC4820474_table_1,PMC4820474_table_1.xml,False,small,28,28,28,28,24.202778,28,,,,
unmerged,PMC3059479_table_0,PMC3059479_table_0.xml,True,medium,60,26,10,7,7.68096,10,,,,
unmerged,PMC4510441_table_1,PMC4510441_table_1.xml,True,large,98,97,96,96,81.404621,96,,,,
unmerged,PMC2841197_table_0,PMC2841197_table_0.xml,False,small,28,28,28,28,25.576904,28,,,,
unmerged,PMC4610448_table_1,PMC4610448_table_1.xml,False,small,20,20,20,20,17.887659,20,,,,
unmerged,PMC1783850_table_0,PMC1783850_table_0.xml,False,medium,52,52,52,52,46.056384,52,,,,
unmerged,PMC1182365_table_3,PMC1182365_table_3.xml,False,large,112,120,104,104,87.094307,104,,,,
unmerged,PMC4973110_table_1,PMC4973110_table_1.xml,True,large,152,127,113,78,88.6271,113,,,,
unmerged,PMC3011614_table_1,PMC3011614_table_1.xml,False,small,14,14,14,12,11.097412,14,,,,
unmerged,PMC4539059_table_0,PMC4539059_table_0.xml,True,medium,36,35,35,35,31.782349,35,,,,
unmerged,PMC2613904_table_4,PMC2613904_table_4.xml,False,small,10,10,10,0,6.40506,10,,,,
unmerged,PMC4828718_table_0,PMC4828718_table_0.xml,True,medium,63,49,44,44,37.325749,44,,,,
unmerged,PMC2148039_table_2,PMC2148039_table_2.xml,False,small,12,12,12,12,11.582411,12,,,,
unmerged,PMC2959437_table_1,PMC2959437_table_1.xml,False,small,15,15,13,3,9.242313,13,,,,
unmerged,PMC2958658_table_0,PMC2958658_table_0.xml,False,small,32,32,32,32,27.849002,32,,,,
unmerged,PMC3201504_table_3,PMC3201504_table_3.xml,False,small,20,16,12,0,7.428228,12,,,,
unmerged,PMC1564139_table_4,PMC1564139_table_4.xml,True,medium,77,74,73,71,64.978751,73,,,,
unmerged,PMC5932354_table_0,PMC5932354_table_0.xml,False,small,35,35,35,35,29.237098,35,,,,
unmerged,PMC1894963_table_0,PMC1894963_table_0.xml,True,medium,50,50,50,50,46.446673,50,,,,
unmerged,PMC4623515_table_1,PMC4623515_table_1.xml,False,small,20,20,20,20,17.968566,20,,,,
unmerged,PMC3280193_table_2,PMC3280193_table_2.xml,True,medium,50,45,44,42,37.467956,44,,,,
unmerged,PMC1526426_table_1,PMC1526426_table_1.xml,True,large,96,57,57,34,43.881586,57,,,,
unmerged,PMC5909278_table_2,PMC5909278_table_2.xml,False,small,20,15,15,15,13.67457,15,,,,
unmerged,PMC4610448_table_2,PMC4610448_table_2.xml,False,small,15,11,11,11,10.3068,11,,,,
unmerged,PMC4373726_table_1,PMC4373726_table_1.xml,True,medium,69,69,69,69,60.932656,69,,,,
unmerged,PMC2639378_table_2,PMC2639378_table_2.xml,True,small,30,30,30,30,27.418224,30,,,,
unmerged,PMC4580662_table_0,PMC4580662_table_0.xml,True,medium,40,25,18,16,15.579595,18,,,,
unmerged,PMC3506490_table_2,PMC3506490_table_2.xml,True,large,165,192,103,79,83.974252,103,,,,
unmerged,PMC4910197_table_0,PMC4910197_table_0.xml,False,small,9,7,7,7,6.663918,7,,,,
unmerged,PMC5011784_table_0,PMC5011784_table_0.xml,True,large,99,98,98,67,78.099437,98,,,,
unmerged,PMC5055558_table_0,PMC5055558_table_0.xml,True,medium,65,61,60,58,56.113776,60,,,,
unmerged,PMC4521140_table_8,PMC4521140_table_8.xml,True,medium,76,74,74,67,59.038924,74,,,,
unmerged,PMC6203360_table_0,PMC6203360_table_0.xml,True,large,120,120,120,111,98.053364,120,,,,
unmerged,PMC2245909_table_2,PMC2245909_table_2.xml,True,large,88,83,82,79,68.704414,82,,,,
unmerged,PMC3118248_table_2,PMC3118248_table_2.xml,True,large,405,294,281,231,229.477478,281,,,,
unmerged,PMC6019745_table_1,PMC6019745_table_1.xml,True,medium,42,42,42,16,30.100086,42,,,,
unmerged,PMC2893110_table_0,PMC2893110_table_0.xml,True,medium,42,39,39,36,36.228911,39,,,,
unmerged,PMC3040163_table_3,PMC3040163_table_3.xml,True,small,24,23,23,22,21.192614,23,,,,
unmerged,PMC5753525_table_0,PMC5753525_table_0.xml,True,medium,54,54,54,54,49.339798,54,,,,
unmerged,PMC5687717_table_1,PMC5687717_table_1.xml,False,medium,39,39,39,1,25.97547,39,,,,
unmerged,PMC5799165_table_2,PMC5799165_table_2.xml,True,small,18,18,18,18,16.040521,18,,,,
unmerged,PMC3120612_table_1,PMC3120612_table_1.xml,False,small,14,15,13,13,11.914084,13,,,,
unmerged,PMC5883545_table_0,PMC5883545_table_0.xml,False,small,18,18,9,0,5.780105,9,,,,
unmerged,PMC4409716_table_0,PMC4409716_table_0.xml,True,large,110,101,100,100,84.069763,100,,,,
unmerged,PMC3280315_table_1,PMC3280315_table_1.xml,False,small,24,23,23,23,18.510176,23,,,,
unmerged,PMC3350409_table_0,PMC3350409_table_0.xml,False,small,18,18,18,18,15.646756,18,,,,
unmerged,PMC2495075_table_0,PMC2495075_table_0.xml,True,small,16,10,6,4,4.631603,6,,,,
unmerged,PMC4883731_table_2,PMC4883731_table_2.xml,True,large,330,265,183,31,111.244528,183,,,,
unmerged,PMC3599521_table_0,PMC3599521_table_0.xml,True,large,120,115,113,113,95.327694,113,,,,
unmerged,PMC3028541_table_1,PMC3028541_table_1.xml,True,small,30,10,8,4,5.973208,8,,,,
unmerged,PMC3177816_table_0,PMC3177816_table_0.xml,True,large,80,50,37,36,31.550033,37,,,,
unmerged,PMC4405690_table_0,PMC4405690_table_0.xml,False,small,15,13,13,13,11.825917,13,,,,
unmerged,PMC5994070_table_3,PMC5994070_table_3.xml,True,large,88,82,79,78,68.679597,79,,,,
unmerged,PMC3275002_table_1,PMC3275002_table_1.xml,False,small,16,16,14,1,9.905536,14,,,,
unmerged,PMC4833949_table_0,PMC4833949_table_0.xml,False,large,91,91,91,91,76.685015,91,,,,
unmerged,PMC3527384_table_0,PMC3527384_table_0.xml,False,small,28,28,28,14,20.622518,28,,,,
unmerged,PMC1796893_table_1,PMC1796893_table_1.xml,True,medium,56,51,49,49,44.988864,49,,,,
unmerged,PMC4800152_table_0,PMC4800152_table_0.xml,True,medium,49,30,23,11,16.466108,23,,,,
unmerged,PMC2962150_table_3,PMC2962150_table_3.xml,False,large,140,140,140,140,118.246697,140,,,,
unmerged,PMC3011781_table_1,PMC3011781_table_1.xml,False,small,14,14,14,14,11.430597,14,,,,
unmerged,PMC5796484_table_0,PMC5796484_table_0.xml,False,small,20,20,20,20,18.86855,20,,,,
unmerged,PMC4872454_table_0,PMC4872454_table_0.xml,False,small,16,16,16,16,14.352053,16,,,,
unmerged,PMC4861294_table_1,PMC4861294_table_1.xml,False,medium,42,42,42,42,36.18774,42,,,,
unmerged,PMC2827563_table_2,PMC2827563_table_2.xml,True,medium,66,66,66,65,53.346561,66,,,,
unmerged,PMC4446346_table_0,PMC4446346_table_0.xml,True,large,105,95,91,86,74.137779,91,,,,
unmerged,PMC6023638_table_3,PMC6023638_table_3.xml,False,small,8,7,7,7,6.349286,7,,,,
unmerged,PMC5813102_table_1,PMC5813102_table_1.xml,False,small,10,10,10,5,7.772085,10,,,,
unmerged,PMC5797180_table_2,PMC5797180_table_2.xml,True,large,247,232,227,206,183.494646,227,,,,
unmerged,PMC3536690_table_0,PMC3536690_table_0.xml,False,medium,54,43,7,1,4.475583,7,,,,
unmerged,PMC6059413_table_4,PMC6059413_table_4.xml,True,small,24,24,24,1,16.22999,24,,,,
unmerged,PMC4514965_table_1,PMC4514965_table_1.xml,True,large,186,158,155,153,136.111726,155,,,,
unmerged,PMC4641943_table_3,PMC4641943_table_3.xml,False,small,35,35,35,35,29.316791,35,,,,
unmerged,PMC5063400_table_0,PMC5063400_table_0.xml,False,small,10,10,10,0,6.445228,10,,,,
unmerged,PMC3344427_table_1,PMC3344427_table_1.xml,False,small,10,10,10,6,7.564676,10,,,,
unmerged,PMC3671187_table_1,PMC3671187_table_1.xml,False,small,35,35,35,35,31.125342,35,,,,
unmerged,PMC3331850_table_2,PMC3331850_table_2.xml,True,medium,40,40,40,40,34.619269,40,,,,
unmerged,PMC4956717_table_4,PMC4956717_table_4.xml,True,medium,66,66,66,66,54.713546,66,,,,
unmerged,PMC5813385_table_0,PMC5813385_table_0.xml,False,medium,76,57,57,56,46.534629,57,,,,
unmerged,PMC6016135_table_0,PMC6016135_table_0.xml,False,medium,54,54,54,46,46.014534,54,,,,
unmerged,PMC3424200_table_1,PMC3424200_table_1.xml,True,large,104,104,104,78,80.347027,104,,,,
unmerged,PMC5713472_table_2,PMC5713472_table_2.xml,False,small,16,12,12,12,10.382295,12,,,,
unmerged,PMC5086957_table_0,PMC5086957_table_0.xml,False,medium,72,72,72,70,59.990669,72,,,,
unmerged,PMC6172842_table_2,PMC6172842_table_2.xml,False,medium,36,36,29,0,16.145384,29,,,,
unmerged,PMC5011800_table_1,PMC5011800_table_1.xml,False,small,10,5,5,0,3.150339,5,,,,
unmerged,PMC3404088_table_0,PMC3404088_table_0.xml,True,small,20,20,20,20,16.648518,20,,,,
unmerged,PMC5025551_table_4,PMC5025551_table_4.xml,False,small,21,21,21,21,18.759711,21,,,,
unmerged,PMC5955121_table_1,PMC5955121_table_1.xml,True,large,84,79,77,76,66.646137,77,,,,
unmerged,PMC4892614_table_7,PMC4892614_table_7.xml,True,small,32,28,26,26,23.849611,26,,,,
unmerged,PMC4930168_table_1,PMC4930168_table_1.xml,False,small,30,27,22,1,12.39504,22,,,,
unmerged,PMC5911284_table_0,PMC5911284_table_0.xml,True,small,15,14,13,11,11.10539,13,,,,
unmerged,PMC4682764_table_1,PMC4682764_table_1.xml,False,large,100,100,100,79,79.519002,100,,,,
unmerged,PMC4911094_table_0,PMC4911094_table_0.xml,True,large,108,104,102,100,86.678545,102,,,,
unmerged,PMC4391123_table_1,PMC4391123_table_1.xml,True,large,84,75,73,72,64.927697,73,,,,
unmerged,PMC3019001_table_0,PMC3019001_table_0.xml,False,small,16,16,16,16,14.444591,16,,,,
unmerged,PMC4753246_table_0,PMC4753246_table_0.xml,False,large,126,126,126,125,104.614424,126,,,,
unmerged,PMC3219371_table_6,PMC3219371_table_6.xml,False,small,16,16,16,16,14.336538,16,,,,
unmerged,PMC5758941_table_0,PMC5758941_table_0.xml,True,large,99,92,90,88,75.234617,90,,,,
unmerged,PMC2519069_table_4,PMC2519069_table_4.xml,True,large,143,66,47,13,32.253121,47,,,,
unmerged,PMC4971506_table_0,PMC4971506_table_0.xml,True,small,30,26,23,17,18.759521,23,,,,
unmerged,PMC4343020_table_1,PMC4343020_table_1.xml,False,small,24,24,24,24,22.901837,24,,,,
unmerged,PMC3392268_table_2,PMC3392268_table_2.xml,False,medium,64,64,64,64,53.65178,64,,,,
unmerged,PMC3395559_table_0,PMC3395559_table_0.xml,True,large,129,37,18,12,14.029052,18,,,,
unmerged,PMC4890862_table_0,PMC4890862_table_0.xml,False,medium,56,56,50,50,42.332602,50,,,,
unmerged,PMC4658091_table_2,PMC4658091_table_2.xml,True,medium,55,55,55,55,47.41076,55,,,,
unmerged,PMC3614707_table_0,PMC3614707_table_0.xml,True,medium,48,48,48,48,42.628984,48,,,,
unmerged,PMC4395112_table_0,PMC4395112_table_0.xml,True,medium,36,32,31,28,27.657179,31,,,,
unmerged,PMC2704954_table_0,PMC2704954_table_0.xml,False,small,24,16,16,16,14.627029,16,,,,
unmerged,PMC3543428_table_0,PMC3543428_table_0.xml,False,small,20,20,20,20,17.952766,20,,,,
unmerged,PMC2988727_table_6,PMC2988727_table_6.xml,False,small,15,13,11,11,10.206616,11,,,,
unmerged,PMC2674935_table_0,PMC2674935_table_0.xml,True,medium,54,52,51,8,31.400409,51,,,,
unmerged,PMC5154677_table_1,PMC5154677_table_1.xml,False,small,35,28,28,28,26.206808,28,,,,
unmerged,PMC5835056_table_0,PMC5835056_table_0.xml,False,medium,36,39,34,32,31.75353,34,,,,
unmerged,PMC3156399_table_4,PMC3156399_table_4.xml,True,medium,64,62,62,60,52.779251,62,,,,
unmerged,PMC2442598_table_0,PMC2442598_table_0.xml,False,medium,64,64,64,64,55.375534,64,,,,
unmerged,PMC2089079_table_0,PMC2089079_table_0.xml,True,medium,70,68,56,36,43.90039,56,,,,
unmerged,PMC5983633_table_1,PMC5983633_table_1.xml,False,small,20,20,20,20,17.56861,20,,,,
unmerged,PMC5690135_table_0,PMC5690135_table_0.xml,True,medium,56,30,13,6,8.762714,13,,,,
unmerged,PMC3083343_table_0,PMC3083343_table_0.xml,False,medium,77,77,77,77,69.48803,77,,,,
unmerged,PMC4798437_table_0,PMC4798437_table_0.xml,False,small,21,21,21,21,18.946478,21,,,,
unmerged,PMC3342088_table_1,PMC3342088_table_1.xml,False,small,24,24,24,24,22.187558,24,,,,
unmerged,PMC4503642_table_0,PMC4503642_table_0.xml,True,large,132,132,132,132,106.937849,132,,,,
unmerged,PMC2835640_table_0,PMC2835640_table_0.xml,False,small,12,6,3,3,2.760659,3,,,,
unmerged,PMC4982135_table_2,PMC4982135_table_2.xml,False,large,140,140,140,140,120.100178,140,,,,
unmerged,PMC4948083_table_1,PMC4948083_table_1.xml,False,small,18,18,18,18,16.906148,18,,,,
unmerged,PMC3261835_table_0,PMC3261835_table_0.xml,True,medium,48,43,40,38,33.394777,40,,,,
unmerged,PMC3679102_table_0,PMC3679102_table_0.xml,True,medium,76,75,75,75,61.181091,75,,,,
unmerged,PMC2979697_table_2,PMC2979697_table_2.xml,False,large,259,190,187,183,154.609921,187,,,,
unmerged,PMC5988755_table_0,PMC5988755_table_0.xml,False,small,30,30,30,8,21.797788,30,,,,
unmerged,PMC2961650_table_4,PMC2961650_table_4.xml,False,large,136,136,136,136,114.465058,136,,,,
unmerged,PMC3334604_table_1,PMC3334604_table_1.xml,False,small,14,14,14,14,13.275272,14,,,,
unmerged,PMC4491560_table_0,PMC4491560_table_0.xml,False,small,8,2,2,0,1.217185,2,,,,
unmerged,PMC5795849_table_0,PMC5795849_table_0.xml,False,small,15,0,0,0,0,0,,,,
unmerged,PMC3189390_table_1,PMC3189390_table_1.xml,False,medium,60,59,59,59,51.045727,59,,,,
unmerged,PMC5874052_table_1,PMC5874052_table_1.xml,False,small,25,25,25,25,21.105549,25,,,,
unmerged,PMC3501521_table_2,PMC3501521_table_2.xml,False,small,28,21,21,21,19.216009,21,,,,
unmerged,PMC5686942_table_0,PMC5686942_table_0.xml,True,large,96,92,90,45,71.089671,90,,,,
unmerged,PMC4709795_table_0,PMC4709795_table_0.xml,False,small,24,24,24,24,21.491771,24,,,,
unmerged,PMC6128240_table_1,PMC6128240_table_1.xml,False,medium,50,49,49,48,39.015138,49,,,,
unmerged,PMC3477031_table_1,PMC3477031_table_1.xml,False,small,12,12,12,12,10.838947,12,,,,
unmerged,PMC4837634_table_0,PMC4837634_table_0.xml,False,medium,46,69,44,23,32.1828,44,,,,
unmerged,PMC1866444_table_1,PMC1866444_table_1.xml,False,medium,36,36,36,36,31.013409,36,,,,
unmerged,PMC4663754_table_1,PMC4663754_table_1.xml,False,large,90,90,90,90,78.999127,90,,,,
unmerged,PMC6151216_table_0,PMC6151216_table_0.xml,False,small,26,26,26,26,22.235981,26,,,,
unmerged,PMC4573741_table_0,PMC4573741_table_0.xml,True,medium,39,41,38,36,32.951901,38,,,,
unmerged,PMC4585213_table_0,PMC4585213_table_0.xml,False,medium,36,36,36,36,32.990637,36,,,,
unmerged,PMC4916081_table_2,PMC4916081_table_2.xml,False,small,33,33,33,32,27.644166,33,,,,
unmerged,PMC1479820_table_2,PMC1479820_table_2.xml,True,medium,68,68,68,68,61.359945,68,,,,
unmerged,PMC2843627_table_2,PMC2843627_table_2.xml,False,medium,49,49,49,49,40.215132,49,,,,
unmerged,PMC2656909_table_0,PMC2656909_table_0.xml,True,large,81,81,81,81,75.990173,81,,,,
unmerged,PMC2983940_table_1,PMC2983940_table_1.xml,False,small,14,14,14,14,11.671809,14,,,,
unmerged,PMC4956214_table_0,PMC4956214_table_0.xml,True,medium,70,56,50,50,46.25371,50,,,,
unmerged,PMC3446914_table_1,PMC3446914_table_1.xml,True,medium,70,62,61,59,49.826607,61,,,,
unmerged,PMC4785152_table_0,PMC4785152_table_0.xml,False,large,96,96,96,96,83.682423,96,,,,
unmerged,PMC6202724_table_0,PMC6202724_table_0.xml,True,medium,36,34,32,32,28.275406,32,,,,
unmerged,PMC5745595_table_0,PMC5745595_table_0.xml,True,medium,66,53,46,45,39.24754,46,,,,
unmerged,PMC6134759_table_1,PMC6134759_table_1.xml,True,medium,36,36,36,36,32.777288,36,,,,
unmerged,PMC2970123_table_0,PMC2970123_table_0.xml,False,small,20,20,20,0,12.494918,20,,,,
unmerged,PMC4374685_table_2,PMC4374685_table_2.xml,True,large,231,224,224,217,186.215204,224,,,,
unmerged,PMC517501_table_3,PMC517501_table_3.xml,False,large,112,112,112,112,98.4778,112,,,,
unmerged,PMC1266376_table_1,PMC1266376_table_1.xml,True,large,95,95,95,95,81.898022,95,,,,
unmerged,PMC6175121_table_1,PMC6175121_table_1.xml,True,large,80,80,80,80,70.65865,80,,,,
unmerged,PMC3149562_table_0,PMC3149562_table_0.xml,True,large,152,146,107,77,86.053354,107,,,,
unmerged,PMC3601255_table_3,PMC3601255_table_3.xml,True,medium,40,37,36,34,33.363164,36,,,,
unmerged,PMC3021722_table_0,PMC3021722_table_0.xml,False,small,16,16,16,16,13.883507,16,,,,
unmerged,PMC4880288_table_1,PMC4880288_table_1.xml,True,medium,72,63,61,57,49.507427,61,,,,
unmerged,PMC3329485_table_0,PMC3329485_table_0.xml,False,medium,40,32,32,32,29.370198,32,,,,
unmerged,PMC3203887_table_2,PMC3203887_table_2.xml,True,large,153,153,153,131,122.021384,153,,,,
unmerged,PMC6173449_table_0,PMC6173449_table_0.xml,True,medium,38,29,24,24,19.479571,24,,,,
unmerged,PMC4403523_table_0,PMC4403523_table_0.xml,False,small,30,30,27,8,18.268524,27,,,,
unmerged,PMC5667839_table_0,PMC5667839_table_0.xml,True,large,253,244,242,241,217.73941,242,,,,
unmerged,PMC4619659_table_1,PMC4619659_table_1.xml,False,medium,36,36,36,36,29.630153,36,,,,
unmerged,PMC3311083_table_0,PMC3311083_table_0.xml,True,medium,36,36,36,36,31.435546,36,,,,
unmerged,PMC4378384_table_1,PMC4378384_table_1.xml,False,medium,55,51,51,51,46.441561,51,,,,
unmerged,PMC2974681_table_0,PMC2974681_table_0.xml,True,small,24,16,16,16,14.793623,16,,,,
unmerged,PMC3572059_table_1,PMC3572059_table_1.xml,False,large,84,84,84,84,72.389946,84,,,,
unmerged,PMC5107631_table_3,PMC5107631_table_3.xml,True,large,126,116,113,67,87.008252,113,,,,
unmerged,PMC4719818_table_1,PMC4719818_table_1.xml,False,large,175,175,175,175,139.34539,175,,,,
unmerged,PMC2018728_table_1,PMC2018728_table_1.xml,False,large,192,192,192,191,150.45845,192,,,,
unmerged,PMC3051715_table_0,PMC3051715_table_0.xml,False,small,16,16,16,16,12.843621,16,,,,
unmerged,PMC5171915_table_0,PMC5171915_table_0.xml,False,large,198,198,198,198,175.594854,198,,,,
unmerged,PMC2443793_table_0,PMC2443793_table_0.xml,True,small,25,10,5,5,4.786056,5,,,,
unmerged,PMC3545841_table_0,PMC3545841_table_0.xml,True,medium,62,63,62,60,53.065479,62,,,,
unmerged,PMC4950165_table_3,PMC4950165_table_3.xml,False,medium,45,45,45,44,37.488217,45,,,,
unmerged,PMC4643926_table_0,PMC4643926_table_0.xml,False,small,21,21,21,21,18.73936,21,,,,
unmerged,PMC3002956_table_1,PMC3002956_table_1.xml,False,small,16,16,16,16,13.921176,16,,,,
unmerged,PMC4738267_table_1,PMC4738267_table_1.xml,False,small,16,16,16,13,13.086848,16,,,,
unmerged,PMC3033815_table_4,PMC3033815_table_4.xml,False,small,20,20,20,20,18.332241,20,,,,
unmerged,PMC5893648_table_1,PMC5893648_table_1.xml,False,medium,55,55,55,47,43.83051,55,,,,
unmerged,PMC2752455_table_1,PMC2752455_table_1.xml,True,medium,40,30,29,29,27.221509,29,,,,
unmerged,PMC4500450_table_1,PMC4500450_table_1.xml,True,medium,72,66,64,63,53.638537,64,,,,
unmerged,PMC3591365_table_0,PMC3591365_table_0.xml,True,medium,40,40,40,40,32.441459,40,,,,
unmerged,PMC4728159_table_2,PMC4728159_table_2.xml,True,medium,36,23,14,2,8.075599,14,,,,
unmerged,PMC6170247_table_1,PMC6170247_table_1.xml,False,small,30,30,30,30,27.109308,30,,,,
unmerged,PMC5041273_table_7,PMC5041273_table_7.xml,True,medium,54,54,54,54,46.5059,54,,,,
unmerged,PMC1276798_table_2,PMC1276798_table_2.xml,False,small,24,24,24,24,22.450589,24,,,,
unmerged,PMC4363359_table_1,PMC4363359_table_1.xml,True,large,96,85,81,81,71.060975,81,,,,
unmerged,PMC3349575_table_0,PMC3349575_table_0.xml,True,small,18,12,10,6,7.741805,10,,,,
unmerged,PMC4438576_table_2,PMC4438576_table_2.xml,False,large,120,120,120,120,111.877551,120,,,,
unmerged,PMC3482696_table_0,PMC3482696_table_0.xml,True,large,172,164,164,129,128.96631,164,,,,
unmerged,PMC4425916_table_0,PMC4425916_table_0.xml,False,small,16,7,7,0,4.815136,7,,,,
unmerged,PMC4727960_table_0,PMC4727960_table_0.xml,False,small,20,20,20,20,18.162628,20,,,,
unmerged,PMC4654893_table_3,PMC4654893_table_3.xml,True,medium,52,44,42,42,38.583909,42,,,,
unmerged,PMC4700086_table_0,PMC4700086_table_0.xml,True,medium,50,46,45,41,39.714027,45,,,,
unmerged,PMC4835720_table_0,PMC4835720_table_0.xml,True,large,204,204,204,204,176.776298,204,,,,
unmerged,PMC3658550_table_2,PMC3658550_table_2.xml,True,large,96,85,81,37,60.588616,81,,,,
unmerged,PMC3689081_table_2,PMC3689081_table_2.xml,False,small,16,16,16,16,14.635984,16,,,,
unmerged,PMC2930863_table_3,PMC2930863_table_3.xml,True,large,121,116,112,98,88.784096,112,,,,
unmerged,PMC5901878_table_1,PMC5901878_table_1.xml,True,medium,68,69,38,14,27.969621,38,,,,
unmerged,PMC2689281_table_2,PMC2689281_table_2.xml,True,large,132,58,53,40,41.40772,53,,,,
unmerged,PMC4794765_table_0,PMC4794765_table_0.xml,True,large,81,61,54,54,49.707725,54,,,,
unmerged,PMC4816563_table_1,PMC4816563_table_1.xml,True,large,105,103,103,101,86.984864,103,,,,
unmerged,PMC6151038_table_7,PMC6151038_table_7.xml,True,medium,77,79,55,55,45.534657,55,,,,
unmerged,PMC5799322_table_1,PMC5799322_table_1.xml,True,medium,60,58,58,58,52.471304,58,,,,
unmerged,PMC2841152_table_0,PMC2841152_table_0.xml,True,large,190,160,151,21,105.95937,151,,,,
unmerged,PMC3590167_table_2,PMC3590167_table_2.xml,False,small,24,24,24,24,20.357204,24,,,,
unmerged,PMC4494398_table_2,PMC4494398_table_2.xml,False,small,6,6,6,6,5.672027,6,,,,
unmerged,PMC5802453_table_2,PMC5802453_table_2.xml,False,small,27,18,18,9,12.765193,18,,,,
unmerged,PMC2148101_table_0,PMC2148101_table_0.xml,False,small,15,15,15,15,13.509634,15,,,,
unmerged,PMC4898373_table_2,PMC4898373_table_2.xml,True,medium,65,61,61,57,51.759422,61,,,,
unmerged,PMC5695845_table_1,PMC5695845_table_1.xml,True,large,125,125,125,4,77.960414,125,,,,
unmerged,PMC3057987_table_0,PMC3057987_table_0.xml,False,medium,44,44,44,44,36.747179,44,,,,
unmerged,PMC1828152_table_2,PMC1828152_table_2.xml,True,medium,70,49,42,39,34.644302,42,,,,
unmerged,PMC5872599_table_4,PMC5872599_table_4.xml,True,medium,69,69,69,69,59.292914,69,,,,
unmerged,PMC2275263_table_3,PMC2275263_table_3.xml,False,medium,42,43,40,38,35.801114,40,,,,
unmerged,PMC4423853_table_0,PMC4423853_table_0.xml,True,medium,58,56,55,53,46.935613,55,,,,
unmerged,PMC4844259_table_0,PMC4844259_table_0.xml,True,large,96,90,89,84,78.339424,89,,,,
unmerged,PMC5050581_table_5,PMC5050581_table_5.xml,True,medium,75,72,72,72,64.761603,72,,,,
unmerged,PMC6154020_table_0,PMC6154020_table_0.xml,False,small,8,8,8,8,7.343899,8,,,,
unmerged,PMC6143711_table_0,PMC6143711_table_0.xml,True,large,220,206,204,204,186.493096,204,,,,
unmerged,PMC3575346_table_2,PMC3575346_table_2.xml,True,small,30,21,20,7,15.23217,20,,,,
unmerged,PMC1180465_table_0,PMC1180465_table_0.xml,True,large,203,198,196,193,153.891486,196,,,,
unmerged,PMC4954666_table_2,PMC4954666_table_2.xml,True,medium,56,54,53,26,40.556932,53,,,,
unmerged,PMC2430964_table_0,PMC2430964_table_0.xml,True,small,30,26,25,25,22.875498,25,,,,
unmerged,PMC4991119_table_1,PMC4991119_table_1.xml,True,large,280,260,249,192,193.665412,249,,,,
unmerged,PMC4694981_table_1,PMC4694981_table_1.xml,True,large,91,87,87,83,80.133734,87,,,,
unmerged,PMC4424894_table_3,PMC4424894_table_3.xml,True,large,363,300,289,176,216.885671,289,,,,
unmerged,PMC5890288_table_0,PMC5890288_table_0.xml,False,medium,42,28,28,27,22.326014,28,,,,
unmerged,PMC5825898_table_0,PMC5825898_table_0.xml,False,medium,60,60,60,60,51.481938,60,,,,
unmerged,PMC4397088_table_3,PMC4397088_table_3.xml,True,large,161,138,133,124,109.403823,133,,,,
unmerged,PMC4504501_table_2,PMC4504501_table_2.xml,False,small,30,30,30,30,25.937015,30,,,,
unmerged,PMC4434534_table_0,PMC4434534_table_0.xml,True,large,84,60,54,30,42.251199,54,,,,
unmerged,PMC2687438_table_1,PMC2687438_table_1.xml,True,small,32,24,23,18,17.853663,23,,,,
unmerged,PMC2373876_table_2,PMC2373876_table_2.xml,False,small,30,13,11,9,8.823644,11,,,,
unmerged,PMC2753363_table_4,PMC2753363_table_4.xml,True,medium,54,53,53,38,40.847418,53,,,,
unmerged,PMC3533458_table_0,PMC3533458_table_0.xml,False,small,26,26,26,26,24.051256,26,,,,
unmerged,PMC4384104_table_3,PMC4384104_table_3.xml,False,medium,36,36,36,36,34.214053,36,,,,
unmerged,PMC5020445_table_0,PMC5020445_table_0.xml,True,large,135,108,103,7,59.624615,103,,,,
unmerged,PMC3653734_table_0,PMC3653734_table_0.xml,True,large,110,120,109,84,91.756856,109,,,,
unmerged,PMC3408461_table_3,PMC3408461_table_3.xml,True,small,30,30,30,30,25.640719,30,,,,
unmerged,PMC509426_table_1,PMC509426_table_1.xml,True,large,99,102,77,62,62.835406,77,,,,
unmerged,PMC4657621_table_1,PMC4657621_table_1.xml,False,small,20,20,20,20,17.282886,20,,,,
unmerged,PMC1665449_table_0,PMC1665449_table_0.xml,False,medium,56,56,56,56,47.871852,56,,,,
unmerged,PMC3662595_table_2,PMC3662595_table_2.xml,False,medium,42,42,42,42,37.35724,42,,,,
unmerged,PMC4449594_table_2,PMC4449594_table_2.xml,False,small,30,30,30,30,27.683412,30,,,,
unmerged,PMC4882360_table_1,PMC4882360_table_1.xml,True,large,140,135,134,134,120.932032,134,,,,
unmerged,PMC2714505_table_0,PMC2714505_table_0.xml,True,large,273,273,273,266,227.44498,273,,,,
unmerged,PMC5989381_table_0,PMC5989381_table_0.xml,True,small,32,27,27,26,24.231788,27,,,,
unmerged,PMC2968020_table_1,PMC2968020_table_1.xml,False,large,155,155,155,155,128.714788,155,,,,
unmerged,PMC4700179_table_1,PMC4700179_table_1.xml,True,small,30,26,25,25,21.885606,25,,,,
unmerged,PMC3168871_table_0,PMC3168871_table_0.xml,False,small,14,14,14,14,12.679992,14,,,,
unmerged,PMC6122613_table_1,PMC6122613_table_1.xml,False,small,24,24,24,24,20.468299,24,,,,
unmerged,PMC2588622_table_2,PMC2588622_table_2.xml,True,large,301,240,238,228,208.102126,238,,,,
unmerged,PMC6208105_table_2,PMC6208105_table_2.xml,False,small,28,28,28,25,25.272328,28,,,,
unmerged,PMC4643322_table_0,PMC4643322_table_0.xml,False,small,20,20,20,20,17.685433,20,,,,
unmerged,PMC3240945_table_0,PMC3240945_table_0.xml,True,medium,45,41,40,39,35.889431,40,,,,
unmerged,PMC5957338_table_0,PMC5957338_table_0.xml,False,medium,40,40,40,18,29.969317,40,,,,
unmerged,PMC3006878_table_0,PMC3006878_table_0.xml,False,small,20,20,20,0,12.689414,20,,,,
unmerged,PMC5767312_table_0,PMC5767312_table_0.xml,True,large,140,105,100,79,78.229402,100,,,,
unmerged,PMC5127548_table_8,PMC5127548_table_8.xml,True,medium,49,45,43,43,38.43343,43,,,,
unmerged,PMC5904424_table_0,PMC5904424_table_0.xml,True,small,35,30,27,27,23.270572,27,,,,
unmerged,PMC4709492_table_1,PMC4709492_table_1.xml,False,medium,60,48,48,0,31.483811,48,,,,
unmerged,PMC5664348_table_0,PMC5664348_table_0.xml,True,medium,42,41,40,40,32.001946,40,,,,
unmerged,PMC4524373_table_3,PMC4524373_table_3.xml,True,medium,50,50,50,29,38.220668,50,,,,
unmerged,PMC3527132_table_2,PMC3527132_table_2.xml,True,large,91,85,83,60,72.485017,83,,,,
unmerged,PMC4872722_table_0,PMC4872722_table_0.xml,True,small,27,23,20,19,17.493897,20,,,,
unmerged,PMC4397088_table_0,PMC4397088_table_0.xml,False,large,120,120,120,120,101.378865,120,,,,
unmerged,PMC2848519_table_0,PMC2848519_table_0.xml,False,small,14,2,0,0,0,0,,,,
unmerged,PMC3342167_table_2,PMC3342167_table_2.xml,True,medium,50,40,38,37,32.464224,38,,,,
unmerged,PMC3554515_table_0,PMC3554515_table_0.xml,False,medium,64,48,48,48,43.711282,48,,,,
unmerged,PMC6143260_table_0,PMC6143260_table_0.xml,False,large,132,132,132,60,91.025808,132,,,,
unmerged,PMC3359190_table_2,PMC3359190_table_2.xml,True,medium,70,66,65,64,56.076411,65,,,,
unmerged,PMC5858604_table_1,PMC5858604_table_1.xml,False,medium,72,72,72,72,67.133468,72,,,,
unmerged,PMC5018192_table_0,PMC5018192_table_0.xml,True,large,90,90,90,90,80.331736,90,,,,
unmerged,PMC3166745_table_0,PMC3166745_table_0.xml,False,medium,42,42,42,42,37.124296,42,,,,
unmerged,PMC5021727_table_1,PMC5021727_table_1.xml,False,small,18,18,18,18,16.8953,18,,,,
unmerged,PMC6233180_table_2,PMC6233180_table_2.xml,True,medium,72,60,57,28,41.967594,57,,,,
unmerged,PMC4730682_table_3,PMC4730682_table_3.xml,True,medium,65,64,64,62,54.357472,64,,,,
unmerged,PMC4575444_table_0,PMC4575444_table_0.xml,True,large,351,297,273,188,210.614156,273,,,,
unmerged,PMC4825232_table_0,PMC4825232_table_0.xml,True,medium,56,56,56,0,35.790267,56,,,,
unmerged,PMC6018626_table_1,PMC6018626_table_1.xml,False,medium,40,30,30,27,23.847758,30,,,,
unmerged,PMC6013108_table_1,PMC6013108_table_1.xml,True,medium,45,38,36,36,31.890852,36,,,,
unmerged,PMC2204065_table_0,PMC2204065_table_0.xml,True,medium,38,38,38,38,32.086793,38,,,,
unmerged,PMC5095599_table_0,PMC5095599_table_0.xml,True,small,28,19,18,18,15.527434,18,,,,
unmerged,PMC5821441_table_0,PMC5821441_table_0.xml,True,medium,56,55,48,0,29.093507,48,,,,
unmerged,PMC6186056_table_1,PMC6186056_table_1.xml,True,large,248,232,232,204,190.918442,232,,,,
unmerged,PMC5722571_table_1,PMC5722571_table_1.xml,True,medium,68,61,59,54,52.504798,59,,,,
unmerged,PMC4897819_table_0,PMC4897819_table_0.xml,False,medium,36,36,36,36,30.622662,36,,,,
unmerged,PMC3419246_table_1,PMC3419246_table_1.xml,True,large,208,190,184,124,141.967848,184,,,,
unmerged,PMC6038359_table_0,PMC6038359_table_0.xml,False,medium,66,54,54,54,43.531614,54,,,,
unmerged,PMC2968314_table_0,PMC2968314_table_0.xml,False,small,20,21,19,0,12.267638,19,,,,
unmerged,PMC4464579_table_1,PMC4464579_table_1.xml,False,medium,36,36,36,36,31.607741,36,,,,
unmerged,PMC4945912_table_0,PMC4945912_table_0.xml,True,large,276,250,248,246,216.575799,248,,,,
unmerged,PMC6052539_table_1,PMC6052539_table_1.xml,True,medium,55,55,55,55,49.392536,55,,,,
unmerged,PMC2635959_table_0,PMC2635959_table_0.xml,False,small,30,30,30,30,26.364328,30,,,,
unmerged,PMC3050184_table_0,PMC3050184_table_0.xml,False,small,18,18,18,0,11.342518,18,,,,
unmerged,PMC5845866_table_1,PMC5845866_table_1.xml,False,small,30,32,23,22,20.154105,23,,,,
unmerged,PMC3438178_table_0,PMC3438178_table_0.xml,True,medium,55,55,55,53,44.683646,55,,,,
unmerged,PMC5909255_table_3,PMC5909255_table_3.xml,True,large,186,153,57,0,32.45288,57,,,,
unmerged,PMC3180067_table_0,PMC3180067_table_0.xml,True,medium,76,75,75,75,63.275633,75,,,,
unmerged,PMC3524598_table_2,PMC3524598_table_2.xml,True,large,90,81,80,80,68.190242,80,,,,
unmerged,PMC4932006_table_0,PMC4932006_table_0.xml,True,large,105,89,86,85,71.957815,86,,,,
unmerged,PMC2093938_table_4,PMC2093938_table_4.xml,False,small,12,8,8,7,6.772086,8,,,,
unmerged,PMC3428669_table_2,PMC3428669_table_2.xml,False,medium,54,54,54,48,44.783691,54,,,,
unmerged,PMC4786572_table_3,PMC4786572_table_3.xml,True,large,92,72,57,21,38.758199,57,,,,
unmerged,PMC6222733_table_1,PMC6222733_table_1.xml,False,large,110,110,110,39,81.692046,110,,,,
unmerged,PMC3602373_table_1,PMC3602373_table_1.xml,True,large,144,119,119,84,88.377464,119,,,,
unmerged,PMC4841544_table_1,PMC4841544_table_1.xml,True,large,102,102,102,102,86.8317,102,,,,
unmerged,PMC3652198_table_1,PMC3652198_table_1.xml,False,small,14,14,14,14,13.156322,14,,,,
unmerged,PMC5738112_table_0,PMC5738112_table_0.xml,False,small,18,20,18,16,16.170359,18,,,,
unmerged,PMC2995781_table_1,PMC2995781_table_1.xml,True,medium,42,36,36,36,31.483038,36,,,,
unmerged,PMC4458325_table_1,PMC4458325_table_1.xml,False,medium,55,50,49,26,37.054596,49,,,,
unmerged,PMC6049910_table_0,PMC6049910_table_0.xml,True,medium,57,57,57,34,43.823599,57,,,,
unmerged,PMC5084147_table_5,PMC5084147_table_5.xml,False,large,98,98,98,98,80.863023,98,,,,
unmerged,PMC3503841_table_1,PMC3503841_table_1.xml,True,small,24,22,21,21,20.000573,21,,,,
unmerged,PMC4549082_table_3,PMC4549082_table_3.xml,True,large,176,168,163,129,126.980939,163,,,,
unmerged,PMC3644232_table_0,PMC3644232_table_0.xml,False,small,10,5,5,0,3.297212,5,,,,
unmerged,PMC3689638_table_0,PMC3689638_table_0.xml,True,large,216,209,208,198,170.684599,208,,,,
unmerged,PMC2873247_table_2,PMC2873247_table_2.xml,True,medium,60,60,60,60,55.487416,60,,,,
unmerged,PMC1266024_table_4,PMC1266024_table_4.xml,True,medium,56,25,24,20,19.083545,24,,,,
unmerged,PMC5983274_table_3,PMC5983274_table_3.xml,False,large,90,90,90,90,79.433292,90,,,,
unmerged,PMC4377374_table_3,PMC4377374_table_3.xml,False,small,18,18,18,18,16.742816,18,,,,
unmerged,PMC5712192_table_3,PMC5712192_table_3.xml,True,large,390,300,300,297,248.111724,300,,,,
unmerged,PMC5837103_table_0,PMC5837103_table_0.xml,True,large,351,297,287,287,240.436576,287,,,,
unmerged,PMC4979187_table_2,PMC4979187_table_2.xml,True,small,35,11,6,1,4.153062,6,,,,
unmerged,PMC3428172_table_2,PMC3428172_table_2.xml,True,medium,40,40,40,6,28.791938,40,,,,
unmerged,PMC4570816_table_0,PMC4570816_table_0.xml,True,medium,55,43,43,23,32.445812,43,,,,
unmerged,PMC4860217_table_0,PMC4860217_table_0.xml,False,small,16,16,16,16,14.061586,16,,,,
unmerged,PMC4883731_table_0,PMC4883731_table_0.xml,False,large,169,168,168,164,147.994013,168,,,,
unmerged,PMC3566797_table_1,PMC3566797_table_1.xml,False,small,35,35,35,33,28.603148,35,,,,
unmerged,PMC5966889_table_4,PMC5966889_table_4.xml,True,large,90,90,90,90,80.723978,90,,,,
unmerged,PMC4875747_table_2,PMC4875747_table_2.xml,True,medium,49,45,44,43,36.543714,44,,,,
unmerged,PMC4625876_table_5,PMC4625876_table_5.xml,True,medium,49,43,39,39,32.647895,39,,,,
unmerged,PMC2834584_table_2,PMC2834584_table_2.xml,True,medium,60,48,47,46,40.579602,47,,,,
unmerged,PMC3458233_table_0,PMC3458233_table_0.xml,True,medium,52,52,26,0,14.906144,26,,,,
unmerged,PMC2960665_table_1,PMC2960665_table_1.xml,False,small,16,16,16,14,12.816725,16,,,,
unmerged,PMC4532480_table_0,PMC4532480_table_0.xml,True,large,189,159,159,150,128.083186,159,,,,
unmerged,PMC4493016_table_0,PMC4493016_table_0.xml,False,small,18,18,18,18,15.435236,18,,,,
unmerged,PMC6157679_table_1,PMC6157679_table_1.xml,True,medium,60,60,60,60,53.308758,60,,,,
unmerged,PMC5691681_table_2,PMC5691681_table_2.xml,True,large,224,134,99,46,68.343629,99,,,,
unmerged,PMC4927609_table_3,PMC4927609_table_3.xml,True,large,273,246,237,192,183.961766,237,,,,
unmerged,PMC6123690_table_2,PMC6123690_table_2.xml,False,medium,40,40,40,40,35.335423,40,,,,
unmerged,PMC6014042_table_1,PMC6014042_table_1.xml,False,small,24,24,24,24,21.174709,24,,,,
unmerged,PMC3561275_table_1,PMC3561275_table_1.xml,True,large,105,105,105,76,81.062449,105,,,,
unmerged,PMC3068096_table_1,PMC3068096_table_1.xml,True,large,150,144,141,139,113.509475,141,,,,
unmerged,PMC4977724_table_0,PMC4977724_table_0.xml,False,medium,48,48,48,48,42.26357,48,,,,
unmerged,PMC3006930_table_2,PMC3006930_table_2.xml,False,large,182,174,174,174,149.756562,174,,,,
unmerged,PMC5687736_table_1,PMC5687736_table_1.xml,False,large,128,128,128,128,108.848344,128,,,,
unmerged,PMC4859819_table_0,PMC4859819_table_0.xml,False,medium,72,59,42,6,26.40609,42,,,,
unmerged,PMC4994281_table_1,PMC4994281_table_1.xml,True,large,270,263,258,190,197.366527,258,,,,
unmerged,PMC3118226_table_0,PMC3118226_table_0.xml,False,small,6,6,6,6,5.257686,6,,,,
unmerged,PMC4792838_table_1,PMC4792838_table_1.xml,False,small,21,21,21,21,19.65242,21,,,,
unmerged,PMC6102227_table_1,PMC6102227_table_1.xml,False,medium,39,39,39,39,32.765179,39,,,,
unmerged,PMC4395286_table_0,PMC4395286_table_0.xml,True,large,120,115,115,110,103.004213,115,,,,
unmerged,PMC3472980_table_1,PMC3472980_table_1.xml,True,medium,55,55,55,44,43.446443,55,,,,
unmerged,PMC2657164_table_3,PMC2657164_table_3.xml,True,medium,60,55,55,54,45.22515,55,,,,
unmerged,PMC2657164_table_1,PMC2657164_table_1.xml,False,small,12,10,10,10,9.215203,10,,,,
unmerged,PMC5794930_table_3,PMC5794930_table_3.xml,True,medium,36,30,27,3,17.243992,27,,,,
unmerged,PMC5736711_table_0,PMC5736711_table_0.xml,True,large,84,75,70,26,51.198807,70,,,,
unmerged,PMC3410850_table_0,PMC3410850_table_0.xml,True,medium,42,42,42,42,34.444346,42,,,,
unmerged,PMC4545860_table_2,PMC4545860_table_2.xml,True,medium,56,46,43,33,34.283153,43,,,,
unmerged,PMC3161945_table_0,PMC3161945_table_0.xml,False,large,95,95,95,95,85.993682,95,,,,
unmerged,PMC2902016_table_2,PMC2902016_table_2.xml,True,small,24,21,21,21,17.632219,21,,,,
unmerged,PMC2913847_table_0,PMC2913847_table_0.xml,True,small,28,15,10,7,8.589112,10,,,,
unmerged,PMC2841116_table_3,PMC2841116_table_3.xml,False,medium,42,28,28,28,24.722492,28,,,,
unmerged,PMC6031750_table_0,PMC6031750_table_0.xml,True,large,93,90,90,87,77.490375,90,,,,
unmerged,PMC5821324_table_5,PMC5821324_table_5.xml,True,large,120,88,85,79,70.665929,85,,,,
unmerged,PMC2438356_table_0,PMC2438356_table_0.xml,False,small,35,35,35,35,31.104218,35,,,,
unmerged,PMC3660345_table_2,PMC3660345_table_2.xml,True,large,90,78,74,54,57.390633,74,,,,
unmerged,PMC5714431_table_3,PMC5714431_table_3.xml,True,small,14,2,1,0,0.699475,1,,,,
unmerged,PMC4785635_table_1,PMC4785635_table_1.xml,True,large,84,83,78,59,61.680262,78,,,,
unmerged,PMC4862230_table_0,PMC4862230_table_0.xml,True,large,88,51,28,6,20.122352,28,,,,
unmerged,PMC4460269_table_1,PMC4460269_table_1.xml,True,large,84,56,56,54,49.5264,56,,,,
unmerged,PMC6005562_table_1,PMC6005562_table_1.xml,False,small,21,21,21,20,16.726732,21,,,,
unmerged,PMC6106174_table_2,PMC6106174_table_2.xml,False,small,9,9,9,9,8.208029,9,,,,
unmerged,PMC3475661_table_1,PMC3475661_table_1.xml,True,medium,36,32,30,30,25.310105,30,,,,
unmerged,PMC1483835_table_2,PMC1483835_table_2.xml,True,large,215,172,172,169,141.462171,172,,,,
unmerged,PMC5679774_table_0,PMC5679774_table_0.xml,False,medium,40,39,16,0,9.475266,16,,,,
unmerged,PMC6214199_table_5,PMC6214199_table_5.xml,True,medium,75,70,65,65,54.674931,65,,,,
unmerged,PMC3640038_table_0,PMC3640038_table_0.xml,False,small,22,22,22,22,19.030299,22,,,,
unmerged,PMC2636893_table_0,PMC2636893_table_0.xml,True,large,126,105,105,84,80.226623,105,,,,
unmerged,PMC2687455_table_3,PMC2687455_table_3.xml,False,small,16,28,8,4,5.809139,8,,,,
unmerged,PMC6154954_table_2,PMC6154954_table_2.xml,False,medium,52,52,52,52,47.808682,52,,,,
unmerged,PMC2960152_table_0,PMC2960152_table_0.xml,False,small,20,21,19,0,12.381243,19,,,,
unmerged,PMC4937426_table_0,PMC4937426_table_0.xml,True,large,124,104,98,98,85.11238,98,,,,
unmerged,PMC3284429_table_0,PMC3284429_table_0.xml,False,medium,45,45,45,45,39.672882,45,,,,
unmerged,PMC3566098_table_3,PMC3566098_table_3.xml,False,small,35,35,35,35,29.009032,35,,,,
unmerged,PMC4751569_table_0,PMC4751569_table_0.xml,False,small,18,18,18,13,14.237884,18,,,,
unmerged,PMC3473241_table_6,PMC3473241_table_6.xml,True,medium,40,35,33,33,30.001488,33,,,,
unmerged,PMC4596371_table_0,PMC4596371_table_0.xml,True,medium,36,26,23,21,18.304105,23,,,,
unmerged,PMC3665576_table_0,PMC3665576_table_0.xml,True,large,160,141,134,130,109.332526,134,,,,
unmerged,PMC3614829_table_1,PMC3614829_table_1.xml,False,medium,60,60,60,60,56.709781,60,,,,
unmerged,PMC3530428_table_3,PMC3530428_table_3.xml,True,medium,60,60,60,60,53.645442,60,,,,
unmerged,PMC4607371_table_0,PMC4607371_table_0.xml,False,large,192,192,192,192,158.692831,192,,,,
unmerged,PMC2872307_table_0,PMC2872307_table_0.xml,False,small,12,4,2,2,1.963201,2,,,,
unmerged,PMC4529114_table_2,PMC4529114_table_2.xml,False,small,30,30,30,30,27.204247,30,,,,
unmerged,PMC3184264_table_5,PMC3184264_table_5.xml,False,small,12,8,2,2,1.861857,2,,,,
unmerged,PMC6234267_table_5,PMC6234267_table_5.xml,True,small,20,18,17,9,12.051644,17,,,,
unmerged,PMC5019196_table_0,PMC5019196_table_0.xml,False,small,34,34,34,32,27.655178,34,,,,
unmerged,PMC5061843_table_0,PMC5061843_table_0.xml,False,medium,48,47,47,46,39.472131,47,,,,
unmerged,PMC3689045_table_0,PMC3689045_table_0.xml,True,small,28,28,28,28,26.697345,28,,,,
unmerged,PMC6070681_table_0,PMC6070681_table_0.xml,True,medium,60,44,42,6,24.241375,42,,,,
unmerged,PMC2674447_table_2,PMC2674447_table_2.xml,True,large,114,114,114,114,102.164301,114,,,,
unmerged,PMC4902088_table_0,PMC4902088_table_0.xml,False,medium,49,49,49,49,45.183275,49,,,,
unmerged,PMC4807184_table_0,PMC4807184_table_0.xml,False,medium,45,50,43,40,38.31078,43,,,,
unmerged,PMC4832563_table_4,PMC4832563_table_4.xml,True,large,208,174,157,80,117.262502,157,,,,
unmerged,PMC2886951_table_0,PMC2886951_table_0.xml,True,small,20,17,16,11,12.683075,16,,,,
unmerged,PMC3334773_table_2,PMC3334773_table_2.xml,True,medium,64,51,48,43,42.257618,48,,,,
unmerged,PMC6201959_table_1,PMC6201959_table_1.xml,True,large,228,207,204,204,170.751618,204,,,,
unmerged,PMC3393902_table_0,PMC3393902_table_0.xml,False,large,110,110,110,110,90.916338,110,,,,
unmerged,PMC3504360_table_0,PMC3504360_table_0.xml,False,small,30,30,30,30,27.979027,30,,,,
unmerged,PMC4517507_table_3,PMC4517507_table_3.xml,True,large,104,97,96,93,85.312681,96,,,,
unmerged,PMC5138191_table_1,PMC5138191_table_1.xml,True,medium,54,45,41,39,34.536459,41,,,,
unmerged,PMC2727484_table_2,PMC2727484_table_2.xml,False,medium,36,36,36,36,30.865057,36,,,,
unmerged,PMC3263730_table_1,PMC3263730_table_1.xml,False,medium,40,40,40,40,33.644106,40,,,,
unmerged,PMC5873778_table_2,PMC5873778_table_2.xml,False,medium,44,44,44,44,35.495466,44,,,,
unmerged,PMC4454883_table_3,PMC4454883_table_3.xml,True,large,108,104,102,100,87.992549,102,,,,
unmerged,PMC4468092_table_4,PMC4468092_table_4.xml,False,small,24,24,24,22,20.655698,24,,,,
unmerged,PMC5988018_table_1,PMC5988018_table_1.xml,True,large,128,127,127,125,105.568485,127,,,,
unmerged,PMC2519138_table_0,PMC2519138_table_0.xml,False,small,20,20,20,15,16.903732,20,,,,
unmerged,PMC6016946_table_1,PMC6016946_table_1.xml,True,large,168,168,168,168,138.241544,168,,,,
unmerged,PMC2699215_table_4,PMC2699215_table_4.xml,False,large,204,204,204,12,136.667696,204,,,,
unmerged,PMC3410290_table_4,PMC3410290_table_4.xml,True,small,30,15,15,1,10.79271,15,,,,
unmerged,PMC2375120_table_2,PMC2375120_table_2.xml,True,medium,42,37,35,34,31.914775,35,,,,
unmerged,PMC3338385_table_1,PMC3338385_table_1.xml,False,small,24,24,24,24,20.348261,24,,,,
unmerged,PMC3050351_table_1,PMC3050351_table_1.xml,False,large,168,163,163,163,138.650947,163,,,,
unmerged,PMC4519871_table_0,PMC4519871_table_0.xml,True,medium,54,52,36,29,29.486238,36,,,,
unmerged,PMC3281019_table_1,PMC3281019_table_1.xml,True,large,80,80,80,80,66.093706,80,,,,
unmerged,PMC6145148_table_0,PMC6145148_table_0.xml,False,small,20,20,19,19,16.463568,19,,,,
unmerged,PMC2977678_table_0,PMC2977678_table_0.xml,False,small,22,23,21,0,12.831842,21,,,,
unmerged,PMC4954877_table_0,PMC4954877_table_0.xml,True,small,30,26,25,25,23.312812,25,,,,
unmerged,PMC2289812_table_1,PMC2289812_table_1.xml,True,small,35,30,28,27,25.079141,28,,,,
unmerged,PMC3665813_table_0,PMC3665813_table_0.xml,False,small,32,32,32,32,29.75128,32,,,,
unmerged,PMC5751690_table_0,PMC5751690_table_0.xml,False,small,20,15,15,4,9.91735,15,,,,
unmerged,PMC3050935_table_0,PMC3050935_table_0.xml,False,large,198,198,198,193,159.036584,198,,,,
unmerged,PMC4936287_table_3,PMC4936287_table_3.xml,True,large,210,98,61,50,49.20845,61,,,,
unmerged,PMC3519782_table_3,PMC3519782_table_3.xml,True,medium,44,42,41,41,32.96019,41,,,,
unmerged,PMC2579308_table_6,PMC2579308_table_6.xml,True,large,184,165,163,146,135.153619,163,,,,
unmerged,PMC4933999_table_6,PMC4933999_table_6.xml,True,large,225,213,202,139,154.37697,202,,,,
unmerged,PMC6013434_table_1,PMC6013434_table_1.xml,True,medium,72,62,57,11,41.03905,57,,,,
unmerged,PMC2483440_table_2,PMC2483440_table_2.xml,False,medium,44,44,44,44,39.709764,44,,,,
unmerged,PMC2921397_table_0,PMC2921397_table_0.xml,False,small,15,14,14,14,12.785705,14,,,,
unmerged,PMC4579500_table_1,PMC4579500_table_1.xml,True,large,120,90,90,90,83.008368,90,,,,
unmerged,PMC5084147_table_6,PMC5084147_table_6.xml,False,medium,66,60,60,54,50.366598,60,,,,
unmerged,PMC4929101_table_2,PMC4929101_table_2.xml,True,large,90,71,50,13,32.693964,50,,,,
unmerged,PMC6086995_table_0,PMC6086995_table_0.xml,False,small,12,12,12,12,10.969189,12,,,,
unmerged,PMC3001694_table_2,PMC3001694_table_2.xml,True,medium,40,38,38,36,33.860831,38,,,,
unmerged,PMC5669531_table_7,PMC5669531_table_7.xml,True,small,30,24,24,20,20.149735,24,,,,
unmerged,PMC3196713_table_0,PMC3196713_table_0.xml,True,large,154,146,143,76,106.562304,143,,,,
unmerged,PMC4954645_table_0,PMC4954645_table_0.xml,True,small,25,18,17,15,14.220823,17,,,,
unmerged,PMC3481435_table_7,PMC3481435_table_7.xml,False,small,8,8,7,7,6.681601,7,,,,
unmerged,PMC2906434_table_0,PMC2906434_table_0.xml,False,small,30,30,30,22,22.87783,30,,,,
unmerged,PMC3393323_table_0,PMC3393323_table_0.xml,False,small,20,20,20,19,16.00737,20,,,,
unmerged,PMC5159879_table_0,PMC5159879_table_0.xml,True,large,336,242,242,237,203.526741,242,,,,
unmerged,PMC4855820_table_1,PMC4855820_table_1.xml,True,small,18,18,17,0,10.216298,17,,,,
unmerged,PMC4449161_table_0,PMC4449161_table_0.xml,True,large,112,112,112,106,95.858855,112,,,,
unmerged,PMC5708049_table_0,PMC5708049_table_0.xml,False,medium,36,36,36,36,32.787866,36,,,,
unmerged,PMC1410752_table_3,PMC1410752_table_3.xml,True,large,119,115,114,92,95.724867,114,,,,
unmerged,PMC6155541_table_1,PMC6155541_table_1.xml,True,large,114,114,114,102,94.739928,114,,,,
unmerged,PMC5118951_table_0,PMC5118951_table_0.xml,True,large,90,85,80,80,70.392275,80,,,,
unmerged,PMC4383577_table_8,PMC4383577_table_8.xml,True,small,35,28,27,23,22.331636,27,,,,
unmerged,PMC4619505_table_3,PMC4619505_table_3.xml,True,large,276,267,213,81,155.668704,213,,,,
unmerged,PMC3564629_table_1,PMC3564629_table_1.xml,False,medium,45,45,45,45,37.45207,45,,,,
unmerged,PMC3203352_table_2,PMC3203352_table_2.xml,False,large,110,175,0,0,0,0,,,,
unmerged,PMC4449525_table_0,PMC4449525_table_0.xml,True,medium,40,37,36,35,31.926855,36,,,,
unmerged,PMC5706603_table_0,PMC5706603_table_0.xml,False,medium,48,48,48,48,43.400326,48,,,,
unmerged,PMC4891946_table_0,PMC4891946_table_0.xml,True,medium,70,67,65,48,54.479332,65,,,,
unmerged,PMC4942061_table_1,PMC4942061_table_1.xml,True,large,185,139,138,36,92.638605,138,,,,
unmerged,PMC2268657_table_0,PMC2268657_table_0.xml,False,small,4,4,4,4,3.64397,4,,,,
unmerged,PMC2648792_table_0,PMC2648792_table_0.xml,True,medium,39,26,22,20,19.345626,22,,,,
unmerged,PMC2970127_table_0,PMC2970127_table_0.xml,False,large,165,165,165,7,103.481135,165,,,,
unmerged,PMC2977268_table_0,PMC2977268_table_0.xml,False,small,15,15,14,12,11.15633,14,,,,
unmerged,PMC5041273_table_10,PMC5041273_table_10.xml,False,small,18,18,18,18,16.203571,18,,,,
unmerged,PMC4605644_table_1,PMC4605644_table_1.xml,True,large,132,132,132,132,105.041753,132,,,,
unmerged,PMC3553054_table_0,PMC3553054_table_0.xml,True,small,32,25,23,16,17.598234,23,,,,
unmerged,PMC4862985_table_0,PMC4862985_table_0.xml,True,medium,48,48,48,48,43.106552,48,,,,
unmerged,PMC2979585_table_2,PMC2979585_table_2.xml,False,large,140,140,140,140,119.551142,140,,,,
unmerged,PMC2335306_table_1,PMC2335306_table_1.xml,True,medium,51,50,50,49,44.131984,50,,,,
unmerged,PMC2930843_table_5,PMC2930843_table_5.xml,True,large,192,192,192,192,156.54294,192,,,,
unmerged,PMC4366389_table_1,PMC4366389_table_1.xml,True,medium,65,60,55,55,47.177348,55,,,,
unmerged,PMC4904362_table_3,PMC4904362_table_3.xml,False,small,14,14,14,14,13.489218,14,,,,
unmerged,PMC3354558_table_0,PMC3354558_table_0.xml,False,small,14,14,14,7,10.726493,14,,,,
unmerged,PMC5713137_table_1,PMC5713137_table_1.xml,False,medium,64,64,64,64,60.25714,64,,,,
unmerged,PMC5663065_table_0,PMC5663065_table_0.xml,True,medium,56,37,18,8,13.288207,18,,,,
unmerged,PMC5719293_table_1,PMC5719293_table_1.xml,True,large,126,126,126,126,105.697744,126,,,,
unmerged,PMC4971541_table_1,PMC4971541_table_1.xml,True,large,117,100,88,39,64.215235,88,,,,
unmerged,PMC6185718_table_1,PMC6185718_table_1.xml,True,medium,57,57,57,57,51.072775,57,,,,
unmerged,PMC5000650_table_0,PMC5000650_table_0.xml,False,small,33,33,33,33,30.728881,33,,,,
unmerged,PMC2918559_table_0,PMC2918559_table_0.xml,True,large,405,293,284,130,205.554371,284,,,,
unmerged,PMC3050235_table_2,PMC3050235_table_2.xml,False,small,15,15,15,8,10.95946,15,,,,
unmerged,PMC2973956_table_3,PMC2973956_table_3.xml,True,large,160,154,152,144,120.936626,152,,,,
unmerged,PMC3544610_table_2,PMC3544610_table_2.xml,True,large,299,290,290,206,222.405667,290,,,,
unmerged,PMC5756247_table_0,PMC5756247_table_0.xml,False,small,15,15,15,15,14.267204,15,,,,
unmerged,PMC5789837_table_1,PMC5789837_table_1.xml,True,small,30,23,20,6,14.328978,20,,,,
unmerged,PMC6201453_table_0,PMC6201453_table_0.xml,True,large,148,115,112,108,91.036682,112,,,,
unmerged,PMC6407848_table_0,PMC6407848_table_0.xml,False,medium,63,63,63,63,51.116701,63,,,,
unmerged,PMC4620384_table_4,PMC4620384_table_4.xml,True,large,98,72,65,63,55.865349,65,,,,
unmerged,PMC3580279_table_1,PMC3580279_table_1.xml,True,medium,48,52,44,39,39.143761,44,,,,
unmerged,PMC4890739_table_0,PMC4890739_table_0.xml,True,medium,46,46,46,46,42.960492,46,,,,
unmerged,PMC4394126_table_0,PMC4394126_table_0.xml,True,large,90,32,6,3,4.321071,6,,,,
unmerged,PMC5953945_table_1,PMC5953945_table_1.xml,False,medium,36,36,36,18,27.64597,36,,,,
unmerged,PMC3196731_table_0,PMC3196731_table_0.xml,False,medium,36,36,36,36,33.538747,36,,,,
unmerged,PMC2808329_table_3,PMC2808329_table_3.xml,True,large,204,201,199,166,155.128175,199,,,,
unmerged,PMC4613226_table_3,PMC4613226_table_3.xml,True,medium,60,53,50,49,42.302121,50,,,,
unmerged,PMC4937061_table_0,PMC4937061_table_0.xml,False,small,25,25,25,25,22.269416,25,,,,
unmerged,PMC5706411_table_1,PMC5706411_table_1.xml,True,small,20,9,7,6,6.076317,7,,,,
unmerged,PMC3270112_table_0,PMC3270112_table_0.xml,True,large,84,84,84,84,71.161357,84,,,,
unmerged,PMC5966247_table_0,PMC5966247_table_0.xml,True,small,21,21,21,21,18.716466,21,,,,
unmerged,PMC1079941_table_1,PMC1079941_table_1.xml,False,small,12,10,10,10,9.404796,10,,,,
unmerged,PMC5783415_table_0,PMC5783415_table_0.xml,False,small,18,18,18,18,15.731489,18,,,,
unmerged,PMC4943500_table_2,PMC4943500_table_2.xml,True,medium,48,43,40,40,34.061047,40,,,,
unmerged,PMC6048769_table_3,PMC6048769_table_3.xml,True,large,96,77,72,70,62.811414,72,,,,
unmerged,PMC4845358_table_0,PMC4845358_table_0.xml,True,large,110,110,110,110,96.183548,110,,,,
unmerged,PMC4594643_table_2,PMC4594643_table_2.xml,False,large,93,93,93,55,69.517698,93,,,,
unmerged,PMC5956831_table_0,PMC5956831_table_0.xml,True,large,203,198,197,195,163.420259,197,,,,
unmerged,PMC6036804_table_0,PMC6036804_table_0.xml,True,small,27,22,20,19,18.370313,20,,,,
unmerged,PMC3362811_table_1,PMC3362811_table_1.xml,False,medium,42,42,42,42,35.465199,42,,,,
unmerged,PMC5823412_table_4,PMC5823412_table_4.xml,False,medium,63,45,45,43,40.168573,45,,,,
unmerged,PMC5850630_table_0,PMC5850630_table_0.xml,True,medium,70,32,30,3,21.386419,30,,,,
unmerged,PMC2700793_table_0,PMC2700793_table_0.xml,True,medium,65,63,63,62,53.038429,63,,,,
unmerged,PMC4819911_table_0,PMC4819911_table_0.xml,False,medium,68,68,68,68,59.490745,68,,,,
unmerged,PMC5862453_table_0,PMC5862453_table_0.xml,False,large,132,130,130,130,107.735882,130,,,,
unmerged,PMC4521701_table_3,PMC4521701_table_3.xml,False,large,110,110,110,94,87.677136,110,,,,
unmerged,PMC6127189_table_0,PMC6127189_table_0.xml,False,large,105,105,105,41,77.534844,105,,,,
unmerged,PMC4751540_table_1,PMC4751540_table_1.xml,True,large,144,127,123,122,106.670725,123,,,,
unmerged,PMC3145568_table_0,PMC3145568_table_0.xml,False,small,18,18,18,18,16.862321,18,,,,
unmerged,PMC3091650_table_2,PMC3091650_table_2.xml,False,large,132,129,102,62,79.108035,102,,,,
unmerged,PMC3413447_table_1,PMC3413447_table_1.xml,False,large,212,164,134,115,104.664061,134,,,,
unmerged,PMC4976786_table_0,PMC4976786_table_0.xml,False,medium,40,31,31,31,28.710311,31,,,,
unmerged,PMC4596811_table_0,PMC4596811_table_0.xml,False,small,20,20,20,20,18.055511,20,,,,
unmerged,PMC5861386_table_3,PMC5861386_table_3.xml,True,large,95,95,95,95,79.896318,95,,,,
unmerged,PMC3475240_table_0,PMC3475240_table_0.xml,True,small,27,25,25,23,21.978979,25,,,,
unmerged,PMC4556713_table_1,PMC4556713_table_1.xml,False,large,84,84,84,84,70.776491,84,,,,
unmerged,PMC6166923_table_0,PMC6166923_table_0.xml,True,medium,57,57,57,0,36.756507,57,,,,
unmerged,PMC3022877_table_0,PMC3022877_table_0.xml,False,small,27,27,27,27,25.161185,27,,,,
unmerged,PMC5073877_table_1,PMC5073877_table_1.xml,True,small,21,12,12,12,11.606899,12,,,,
unmerged,PMC5797103_table_1,PMC5797103_table_1.xml,True,medium,56,53,50,25,36.234062,50,,,,
unmerged,PMC4373880_table_6,PMC4373880_table_6.xml,True,large,126,119,115,115,96.836527,115,,,,
unmerged,PMC5966432_table_1,PMC5966432_table_1.xml,False,medium,60,60,60,53,48.963724,60,,,,
unmerged,PMC4395329_table_3,PMC4395329_table_3.xml,True,medium,40,34,31,31,25.176936,31,,,,
unmerged,PMC6206003_table_0,PMC6206003_table_0.xml,True,large,104,97,96,30,69.321382,96,,,,
unmerged,PMC4618517_table_0,PMC4618517_table_0.xml,True,large,162,79,44,6,27.058148,44,,,,
unmerged,PMC6225686_table_3,PMC6225686_table_3.xml,True,large,203,144,134,22,90.923537,134,,,,
unmerged,PMC4412091_table_0,PMC4412091_table_0.xml,False,small,15,15,15,15,11.999257,15,,,,
unmerged,PMC5745705_table_1,PMC5745705_table_1.xml,False,small,32,32,32,32,26.798327,32,,,,
unmerged,PMC4942899_table_1,PMC4942899_table_1.xml,True,large,112,149,84,74,66.262589,84,,,,
unmerged,PMC2547107_table_1,PMC2547107_table_1.xml,False,small,21,21,21,21,20.02627,21,,,,
unmerged,PMC3542813_table_1,PMC3542813_table_1.xml,False,small,12,10,10,10,8.895795,10,,,,
unmerged,PMC3212515_table_1,PMC3212515_table_1.xml,True,small,28,28,28,28,24.910318,28,,,,
unmerged,PMC5879732_table_1,PMC5879732_table_1.xml,False,small,16,16,16,16,14.395202,16,,,,
unmerged,PMC2917353_table_0,PMC2917353_table_0.xml,True,medium,44,44,44,44,38.223906,44,,,,
unmerged,PMC5807332_table_2,PMC5807332_table_2.xml,False,small,24,24,24,8,17.899878,24,,,,
unmerged,PMC3508804_table_1,PMC3508804_table_1.xml,False,small,16,13,13,13,11.896506,13,,,,
unmerged,PMC4503601_table_0,PMC4503601_table_0.xml,False,large,168,168,168,168,140.437627,168,,,,
unmerged,PMC3103460_table_2,PMC3103460_table_2.xml,True,large,190,171,165,148,135.882407,165,,,,
unmerged,PMC3053211_table_0,PMC3053211_table_0.xml,True,small,18,9,9,0,5.526041,9,,,,
unmerged,PMC2748088_table_1,PMC2748088_table_1.xml,True,small,30,25,23,22,19.758786,23,,,,
unmerged,PMC3022907_table_1,PMC3022907_table_1.xml,True,large,81,74,70,70,58.155017,70,,,,
unmerged,PMC3018458_table_1,PMC3018458_table_1.xml,False,large,132,132,132,132,106.77605,132,,,,
unmerged,PMC4415830_table_0,PMC4415830_table_0.xml,False,small,15,12,12,12,10.811009,12,,,,
unmerged,PMC1559685_table_6,PMC1559685_table_6.xml,True,medium,48,44,43,42,36.174587,43,,,,
unmerged,PMC3475064_table_3,PMC3475064_table_3.xml,False,small,28,28,28,28,23.849352,28,,,,
unmerged,PMC1382198_table_0,PMC1382198_table_0.xml,True,small,30,25,25,24,22.678109,25,,,,
unmerged,PMC3196697_table_1,PMC3196697_table_1.xml,True,medium,72,68,68,49,53.415231,68,,,,
unmerged,PMC2914705_table_0,PMC2914705_table_0.xml,False,medium,48,39,39,38,34.856187,39,,,,
unmerged,PMC4842766_table_0,PMC4842766_table_0.xml,False,small,12,12,12,12,10.844617,12,,,,
unmerged,PMC2577669_table_2,PMC2577669_table_2.xml,False,small,24,24,24,24,23.192963,24,,,,
unmerged,PMC6530250_table_0,PMC6530250_table_0.xml,False,medium,50,45,45,40,38.352532,45,,,,
unmerged,PMC4631460_table_0,PMC4631460_table_0.xml,True,small,30,30,30,30,25.742062,30,,,,
unmerged,PMC3308190_table_2,PMC3308190_table_2.xml,True,medium,54,88,9,7,6.802784,9,,,,
unmerged,PMC4445912_table_1,PMC4445912_table_1.xml,False,medium,48,46,46,45,40.647368,46,,,,
unmerged,PMC3238873_table_0,PMC3238873_table_0.xml,False,small,20,20,20,0,12.697654,20,,,,
unmerged,PMC3553130_table_1,PMC3553130_table_1.xml,True,large,84,23,15,12,12.701592,15,,,,
unmerged,PMC5836569_table_2,PMC5836569_table_2.xml,False,large,84,84,84,84,75.842945,84,,,,
unmerged,PMC3671805_table_0,PMC3671805_table_0.xml,False,large,99,108,90,24,65.551472,90,,,,
unmerged,PMC4446329_table_7,PMC4446329_table_7.xml,False,small,21,21,21,21,19.050546,21,,,,
unmerged,PMC3441624_table_0,PMC3441624_table_0.xml,True,medium,54,50,48,48,38.787347,48,,,,
unmerged,PMC4412628_table_0,PMC4412628_table_0.xml,True,large,170,163,162,52,117.468507,162,,,,
unmerged,PMC5756554_table_0,PMC5756554_table_0.xml,False,medium,52,52,52,52,47.510367,52,,,,
unmerged,PMC2961470_table_3,PMC2961470_table_3.xml,False,large,112,112,112,112,97.879552,112,,,,
unmerged,PMC4569344_table_3,PMC4569344_table_3.xml,True,large,130,122,118,118,96.947843,118,,,,
unmerged,PMC1182365_table_5,PMC1182365_table_5.xml,False,medium,65,65,65,65,58.363302,65,,,,
unmerged,PMC4676750_table_1,PMC4676750_table_1.xml,True,large,125,123,122,116,104.329408,122,,,,
unmerged,PMC2969532_table_0,PMC2969532_table_0.xml,False,small,20,21,19,0,11.905534,19,,,,
unmerged,PMC3639066_table_1,PMC3639066_table_1.xml,True,small,35,30,27,27,22.156363,27,,,,
unmerged,PMC4618529_table_2,PMC4618529_table_2.xml,False,medium,72,64,64,63,57.895604,64,,,,
unmerged,PMC5788579_table_0,PMC5788579_table_0.xml,True,large,120,99,93,90,81.976078,93,,,,
unmerged,PMC3362578_table_1,PMC3362578_table_1.xml,True,medium,42,42,42,42,39.552295,42,,,,
unmerged,PMC2979770_table_2,PMC2979770_table_2.xml,False,large,133,133,133,133,114.441996,133,,,,
unmerged,PMC6060226_table_0,PMC6060226_table_0.xml,False,small,15,10,10,10,9.590761,10,,,,
unmerged,PMC5681566_table_0,PMC5681566_table_0.xml,True,large,264,237,231,135,176.090454,231,,,,
unmerged,PMC6102900_table_3,PMC6102900_table_3.xml,True,medium,54,49,45,44,39.536956,45,,,,
unmerged,PMC3397488_table_0,PMC3397488_table_0.xml,False,large,143,142,142,142,118.526243,142,,,,
unmerged,PMC4376517_table_1,PMC4376517_table_1.xml,False,medium,66,66,66,46,51.559224,66,,,,
unmerged,PMC1458958_table_0,PMC1458958_table_0.xml,True,large,126,129,120,110,98.860995,120,,,,
unmerged,PMC3679988_table_0,PMC3679988_table_0.xml,True,large,175,89,74,48,55.688189,74,,,,
unmerged,PMC4648506_table_1,PMC4648506_table_1.xml,True,small,35,35,35,35,29.784161,35,,,,
unmerged,PMC4714838_table_0,PMC4714838_table_0.xml,True,medium,75,75,75,75,66.922437,75,,,,
unmerged,PMC2916003_table_1,PMC2916003_table_1.xml,True,large,207,195,195,120,146.652437,195,,,,
unmerged,PMC3009153_table_2,PMC3009153_table_2.xml,False,small,18,19,17,17,15.700507,17,,,,
unmerged,PMC5954896_table_0,PMC5954896_table_0.xml,False,large,90,90,90,90,80.82946,90,,,,
unmerged,PMC4965463_table_0,PMC4965463_table_0.xml,True,medium,36,31,30,30,28.047864,30,,,,
unmerged,PMC6099994_table_0,PMC6099994_table_0.xml,True,small,30,23,23,19,19.888448,23,,,,
unmerged,PMC2585574_table_0,PMC2585574_table_0.xml,True,medium,70,66,64,63,60.639947,64,,,,
unmerged,PMC5691082_table_0,PMC5691082_table_0.xml,True,large,108,84,82,1,52.001208,82,,,,
unmerged,PMC2979697_table_0,PMC2979697_table_0.xml,False,small,16,16,14,14,12.029867,14,,,,
