variant,table_id,xml,has_span,size_band,gt_cells,pred_cells,tp@0.50,tp@0.75,iou_sum_matched@0.50,n_matched@0.50,gt_spanning,gt_plain,tp_spanning,tp_plain
merged,PMC4557484_table_1,PMC4557484_table_1.xml,False,small,24,31,18,1,11.131405,18,0,24,0,18
merged,PMC3220646_table_2,PMC3220646_table_2.xml,False,medium,49,50,43,10,30.776795,43,0,49,0,43
merged,PMC4830095_table_0,PMC4830095_table_0.xml,False,small,24,25,24,20,20.113252,24,0,24,0,24
merged,PMC4871359_table_2,PMC4871359_table_2.xml,True,medium,69,81,65,46,50.199163,65,8,61,4,61
merged,PMC3551747_table_3,PMC3551747_table_3.xml,True,large,213,233,208,69,148.777648,208,7,206,2,206
merged,PMC4603756_table_2,PMC4603756_table_2.xml,True,large,167,242,162,145,132.45117,162,9,158,4,158
merged,PMC4476686_table_3,PMC4476686_table_3.xml,True,medium,66,79,65,54,51.752522,65,4,62,3,62
merged,PMC3200184_table_1,PMC3200184_table_1.xml,False,small,28,27,22,9,16.316197,22,0,28,0,22
merged,PMC5801397_table_1,PMC5801397_table_1.xml,False,small,20,23,20,16,17.016662,20,0,20,0,20
merged,PMC2174452_table_0,PMC2174452_table_0.xml,True,large,105,87,37,30,30.688862,37,9,96,8,29
merged,PMC2979471_table_0,PMC2979471_table_0.xml,False,small,18,24,17,0,9.838054,17,0,18,0,17
merged,PMC4661520_table_0,PMC4661520_table_0.xml,False,large,246,260,234,58,166.065146,234,0,246,0,234
merged,PMC2585558_table_0,PMC2585558_table_0.xml,True,large,77,109,24,9,16.57094,24,7,70,4,20
merged,PMC4462139_table_1,PMC4462139_table_1.xml,False,medium,42,44,42,18,31.050391,42,0,42,0,42
merged,PMC3626709_table_3,PMC3626709_table_3.xml,True,large,70,78,44,34,35.060869,44,6,64,1,43
merged,PMC3353967_table_0,PMC3353967_table_0.xml,True,small,17,13,7,1,4.628709,7,1,16,1,6
merged,PMC3091531_table_0,PMC3091531_table_0.xml,False,large,114,116,114,80,87.694191,114,0,114,0,114
merged,PMC5859532_table_0,PMC5859532_table_0.xml,True,large,98,66,48,38,38.700127,48,48,50,28,20
merged,PMC4950718_table_3,PMC4950718_table_3.xml,True,large,96,125,55,42,42.39066,55,10,86,2,53
merged,PMC6069772_table_0,PMC6069772_table_0.xml,True,small,19,32,16,5,11.298221,16,3,16,3,13
merged,PMC1488876_table_0,PMC1488876_table_0.xml,False,medium,36,39,30,17,21.854299,30,0,36,0,30
merged,PMC6107733_table_3,PMC6107733_table_3.xml,False,small,6,6,3,3,2.322058,3,0,6,0,3
merged,PMC3391175_table_3,PMC3391175_table_3.xml,False,large,96,121,92,4,59.637291,92,0,96,0,92
merged,PMC2969096_table_2,PMC2969096_table_2.xml,False,small,16,21,13,0,8.314109,13,0,16,0,13
merged,PMC2954184_table_0,PMC2954184_table_0.xml,False,medium,36,39,34,9,22.817822,34,0,36,0,34
merged,PMC2577639_table_0,PMC2577639_table_0.xml,False,medium,72,76,71,20,50.512821,71,0,72,0,71
merged,PMC4748054_table_0,PMC4748054_table_0.xml,False,small,28,39,28,12,20.846204,28,0,28,0,28
merged,PMC5895719_table_0,PMC5895719_table_0.xml,False,small,22,46,7,0,3.908067,7,0,22,0,7
merged,PMC2886070_table_1,PMC2886070_table_1.xml,True,medium,52,53,37,26,30.110593,37,6,46,2,35
merged,PMC5098732_table_3,PMC5098732_table_3.xml,True,medium,36,41,13,0,8.452277,13,3,33,0,13
merged,PMC4650654_table_2,PMC4650654_table_2.xml,True,large,94,100,93,91,79.102238,93,1,93,0,93
merged,PMC4819383_table_0,PMC4819383_table_0.xml,True,medium,49,45,37,27,29.418933,37,27,22,26,11
merged,PMC3046132_table_2,PMC3046132_table_2.xml,True,large,219,233,216,9,148.933305,216,5,214,2,214
merged,PMC2711331_table_1,PMC2711331_table_1.xml,True,large,57,84,48,31,37.357733,48,11,46,3,45
merged,PMC4609873_table_0,PMC4609873_table_0.xml,False,large,116,118,107,12,67.153859,107,0,116,0,107
merged,PMC2623298_table_1,PMC2623298_table_1.xml,True,medium,49,54,45,32,36.268805,45,1,48,0,45
merged,PMC4641688_table_0,PMC4641688_table_0.xml,True,large,117,127,114,112,102.081162,114,2,115,1,113
merged,PMC2527552_table_1,PMC2527552_table_1.xml,False,medium,52,83,47,42,39.1317,47,0,52,0,47
merged,PMC4578763_table_2,PMC4578763_table_2.xml,False,medium,40,48,40,24,31.239143,40,0,40,0,40
merged,PMC1266024_table_0,PMC1266024_table_0.xml,True,large,133,163,117,23,80.900635,117,6,127,1,116
merged,PMC5906091_table_3,PMC5906091_table_3.xml,False,medium,55,57,55,20,38.597858,55,0,55,0,55
merged,PMC5075886_table_1,PMC5075886_table_1.xml,True,medium,42,46,42,26,32.357555,42,2,40,2,40
merged,PMC3346768_table_2,PMC3346768_table_2.xml,True,medium,34,51,29,9,20.058785,29,4,30,0,29
merged,PMC6460509_table_3,PMC6460509_table_3.xml,True,medium,48,54,45,37,36.308128,45,8,40,6,39
merged,PMC4933005_table_0,PMC4933005_table_0.xml,False,small,10,4,2,0,1.452233,2,0,10,0,2
merged,PMC5745737_table_2,PMC5745737_table_2.xml,True,large,94,99,87,65,66.580478,87,4,90,4,83
merged,PMC3009352_table_3,PMC3009352_table_3.xml,False,medium,56,79,54,27,41.058595,54,0,56,0,54
merged,PMC4830067_table_0,PMC4830067_table_0.xml,True,medium,58,65,58,50,48.047018,58,3,55,3,55
merged,PMC4957341_table_0,PMC4957341_table_0.xml,False,small,33,39,30,28,26.756373,30,0,33,0,30
merged,PMC2983561_table_0,PMC2983561_table_0.xml,False,small,16,24,14,1,9.188158,14,0,16,0,14
merged,PMC2904386_table_0,PMC2904386_table_0.xml,False,small,20,24,19,16,16.742184,19,0,20,0,19
merged,PMC6126004_table_3,PMC6126004_table_3.xml,False,large,112,117,111,102,88.986027,111,0,112,0,111
merged,PMC6037082_table_1,PMC6037082_table_1.xml,True,large,347,298,297,227,230.946887,297,14,333,6,291
merged,PMC5724365_table_1,PMC5724365_table_1.xml,True,large,79,88,49,0,28.892487,49,1,78,0,49
merged,PMC3583622_table_1,PMC3583622_table_1.xml,False,large,120,116,105,65,80.001436,105,0,120,0,105
merged,PMC2678101_table_0,PMC2678101_table_0.xml,False,small,30,36,30,20,23.887724,30,0,30,0,30
merged,PMC3507873_table_2,PMC3507873_table_2.xml,False,medium,72,72,63,50,49.613362,63,0,72,0,63
merged,PMC2821402_table_0,PMC2821402_table_0.xml,False,small,9,6,1,0,0.517468,1,0,9,0,1
merged,PMC5673718_table_3,PMC5673718_table_3.xml,True,medium,41,55,39,25,31.629065,39,4,37,3,36
merged,PMC4521151_table_0,PMC4521151_table_0.xml,False,medium,63,68,63,55,52.115405,63,0,63,0,63
merged,PMC4489625_table_0,PMC4489625_table_0.xml,True,medium,35,50,35,34,30.858877,35,7,28,7,28
merged,PMC3506454_table_0,PMC3506454_table_0.xml,False,small,14,6,4,4,3.134133,4,0,14,0,4
merged,PMC2352870_table_5,PMC2352870_table_5.xml,True,large,188,155,141,98,110.276388,141,4,184,3,138
merged,PMC6131896_table_1,PMC6131896_table_1.xml,True,large,92,115,81,5,55.466927,81,8,84,1,80
merged,PMC3004931_table_0,PMC3004931_table_0.xml,False,small,16,7,0,0,0,0,0,16,0,0
merged,PMC4570425_table_0,PMC4570425_table_0.xml,False,medium,48,18,0,0,0,0,0,48,0,0
merged,PMC1945034_table_3,PMC1945034_table_3.xml,True,medium,60,78,54,29,39.816058,54,7,53,2,52
merged,PMC2689505_table_0,PMC2689505_table_0.xml,False,medium,64,66,63,42,53.615614,63,0,64,0,63
merged,PMC5894967_table_0,PMC5894967_table_0.xml,True,large,81,98,62,10,38.328866,62,9,72,5,57
merged,PMC3296740_table_0,PMC3296740_table_0.xml,True,medium,67,84,58,12,39.695204,58,8,59,0,58
merged,PMC2640380_table_1,PMC2640380_table_1.xml,False,small,16,7,4,3,3.138952,4,0,16,0,4
merged,PMC6034749_table_0,PMC6034749_table_0.xml,True,medium,37,63,35,29,28.334896,35,2,35,0,35
merged,PMC2830220_table_0,PMC2830220_table_0.xml,False,medium,42,50,42,34,33.665575,42,0,42,0,42
merged,PMC4706714_table_0,PMC4706714_table_0.xml,False,medium,36,74,34,27,27.844341,34,0,36,0,34
merged,PMC3022830_table_0,PMC3022830_table_0.xml,True,large,121,111,89,67,72.675965,89,8,113,4,85
merged,PMC4472718_table_3,PMC4472718_table_3.xml,True,large,140,199,65,53,51.266005,65,4,136,2,63
merged,PMC4599890_table_3,PMC4599890_table_3.xml,False,small,12,14,11,6,8.423311,11,0,12,0,11
merged,PMC3184418_table_0,PMC3184418_table_0.xml,False,small,28,33,28,0,19.51927,28,0,28,0,28
merged,PMC2529317_table_1,PMC2529317_table_1.xml,True,large,74,85,62,33,46.136341,62,7,67,4,58
merged,PMC3151975_table_1,PMC3151975_table_1.xml,False,small,16,21,13,0,8.338616,13,0,16,0,13
merged,PMC4656969_table_0,PMC4656969_table_0.xml,False,medium,49,49,35,34,31.9563,35,0,49,0,35
merged,PMC5941763_table_1,PMC5941763_table_1.xml,True,large,86,134,82,46,62.679194,82,4,82,0,82
merged,PMC4347917_table_0,PMC4347917_table_0.xml,False,medium,36,48,33,17,24.572271,33,0,36,0,33
merged,PMC2718512_table_2,PMC2718512_table_2.xml,False,large,112,119,110,51,79.274998,110,0,112,0,110
merged,PMC3588267_table_1,PMC3588267_table_1.xml,False,large,84,92,83,74,67.08243,83,0,84,0,83
merged,PMC4895272_table_4,PMC4895272_table_4.xml,False,small,24,35,14,6,9.492281,14,0,24,0,14
merged,PMC4624135_table_2,PMC4624135_table_2.xml,True,large,101,123,98,60,74.49431,98,5,96,5,93
merged,PMC3501519_table_0,PMC3501519_table_0.xml,False,large,96,111,96,58,73.907106,96,0,96,0,96
merged,PMC2741440_table_2,PMC2741440_table_2.xml,True,large,86,92,84,45,61.332299,84,11,75,10,74
merged,PMC6226465_table_2,PMC6226465_table_2.xml,False,large,84,88,83,0,57.114579,83,0,84,0,83
merged,PMC2903598_table_1,PMC2903598_table_1.xml,False,small,18,20,14,4,9.451229,14,0,18,0,14
merged,PMC4882360_table_2,PMC4882360_table_2.xml,True,medium,45,57,28,0,17.196336,28,3,42,1,27
merged,PMC4419512_table_2,PMC4419512_table_2.xml,False,medium,36,42,36,31,29.537893,36,0,36,0,36
merged,PMC1851395_table_2,PMC1851395_table_2.xml,True,large,281,291,243,128,179.246617,243,8,273,0,243
merged,PMC3686801_table_0,PMC3686801_table_0.xml,True,medium,46,28,4,0,2.277358,4,2,44,1,3
merged,PMC3036605_table_0,PMC3036605_table_0.xml,True,large,110,130,105,84,87.499171,105,5,105,0,105
merged,PMC6032104_table_0,PMC6032104_table_0.xml,False,medium,70,74,68,38,50.105538,68,0,70,0,68
merged,PMC6173411_table_0,PMC6173411_table_0.xml,False,small,25,27,19,5,12.173884,19,0,25,0,19
merged,PMC2939516_table_0,PMC2939516_table_0.xml,False,small,33,37,33,24,27.361579,33,0,33,0,33
merged,PMC5791941_table_0,PMC5791941_table_0.xml,True,large,106,110,97,90,84.734587,97,37,69,35,62
merged,PMC3064576_table_2,PMC3064576_table_2.xml,True,small,23,10,2,0,1.154203,2,3,20,2,0
merged,PMC1622761_table_1,PMC1622761_table_1.xml,False,small,12,12,9,3,6.027098,9,0,12,0,9
merged,PMC4902286_table_2,PMC4902286_table_2.xml,True,small,33,43,33,15,24.567642,33,2,31,2,31
merged,PMC3238335_table_3,PMC3238335_table_3.xml,True,large,81,101,81,57,61.14908,81,7,74,7,74
merged,PMC3072946_table_0,PMC3072946_table_0.xml,False,medium,70,76,67,48,51.343125,67,0,70,0,67
merged,PMC5068742_table_4,PMC5068742_table_4.xml,True,small,13,17,13,4,9.306805,13,2,11,2,11
merged,PMC2983272_table_1,PMC2983272_table_1.xml,False,small,12,19,11,2,7.271693,11,0,12,0,11
merged,PMC3689524_table_2,PMC3689524_table_2.xml,True,small,14,6,3,2,2.362451,3,1,13,1,2
merged,PMC3541249_table_4,PMC3541249_table_4.xml,False,small,6,9,6,3,4.670448,6,0,6,0,6
merged,PMC4871359_table_3,PMC4871359_table_3.xml,True,medium,69,81,65,52,53.746995,65,8,61,4,61
merged,PMC5956962_table_1,PMC5956962_table_1.xml,False,medium,42,58,42,20,32.277891,42,0,42,0,42
merged,PMC4629756_table_0,PMC4629756_table_0.xml,False,small,27,37,20,5,13.740963,20,0,27,0,20
merged,PMC6010860_table_1,PMC6010860_table_1.xml,True,large,131,33,6,6,5.148523,6,6,125,6,0
merged,PMC5880062_table_1,PMC5880062_table_1.xml,True,large,123,178,84,2,53.081014,84,31,92,4,80
merged,PMC2955703_table_4,PMC2955703_table_4.xml,False,medium,55,47,37,12,26.116593,37,0,55,0,37
merged,PMC4641589_table_1,PMC4641589_table_1.xml,False,medium,60,63,58,52,47.109551,58,0,60,0,58
merged,PMC4490793_table_0,PMC4490793_table_0.xml,False,small,27,37,25,16,19.600878,25,0,27,0,25
merged,PMC5081668_table_2,PMC5081668_table_2.xml,True,large,115,152,100,51,73.097713,100,11,104,0,100
merged,PMC5997944_table_5,PMC5997944_table_5.xml,False,medium,48,32,9,0,5.301442,9,0,48,0,9
merged,PMC4658139_table_0,PMC4658139_table_0.xml,False,small,21,9,0,0,0,0,0,21,0,0
merged,PMC5027767_table_0,PMC5027767_table_0.xml,False,small,15,17,7,0,3.625492,7,0,15,0,7
merged,PMC6154426_table_3,PMC6154426_table_3.xml,True,small,26,6,1,1,0.773741,1,4,22,1,0
merged,PMC6100046_table_0,PMC6100046_table_0.xml,False,medium,49,53,49,33,38.302743,49,0,49,0,49
merged,PMC3164601_table_2,PMC3164601_table_2.xml,True,large,70,52,29,10,20.872355,29,6,64,2,27
merged,PMC1929151_table_0,PMC1929151_table_0.xml,False,large,135,141,135,90,104.293731,135,0,135,0,135
merged,PMC2941694_table_1,PMC2941694_table_1.xml,False,medium,48,54,48,44,39.144486,48,0,48,0,48
merged,PMC2960599_table_0,PMC2960599_table_0.xml,False,small,20,26,18,0,11.596732,18,0,20,0,18
merged,PMC3673891_table_0,PMC3673891_table_0.xml,True,medium,36,48,26,12,18.656227,26,5,31,2,24
merged,PMC3629600_table_1,PMC3629600_table_1.xml,False,small,15,21,12,4,7.748105,12,0,15,0,12
merged,PMC4853443_table_3,PMC4853443_table_3.xml,False,small,20,18,13,2,8.198197,13,0,20,0,13
merged,PMC3615965_table_1,PMC3615965_table_1.xml,False,small,24,33,22,12,16.626497,22,0,24,0,22
merged,PMC4851769_table_0,PMC4851769_table_0.xml,True,large,92,108,90,69,72.641987,90,2,90,0,90
merged,PMC4987991_table_1,PMC4987991_table_1.xml,True,small,24,37,22,5,15.242415,22,3,21,3,19
merged,PMC2959565_table_1,PMC2959565_table_1.xml,False,large,168,7,0,0,0,0,0,168,0,0
merged,PMC4873261_table_3,PMC4873261_table_3.xml,True,large,200,260,192,188,159.836663,192,8,192,0,192
merged,PMC2993656_table_11,PMC2993656_table_11.xml,True,medium,57,74,56,37,43.587414,56,2,55,1,55
merged,PMC6007071_table_0,PMC6007071_table_0.xml,False,small,21,26,8,0,4.311309,8,0,21,0,8
merged,PMC3200594_table_1,PMC3200594_table_1.xml,False,small,16,24,13,3,8.671826,13,0,16,0,13
merged,PMC3247576_table_1,PMC3247576_table_1.xml,False,small,16,24,14,4,9.708156,14,0,16,0,14
merged,PMC5989356_table_4,PMC5989356_table_4.xml,True,small,13,15,12,8,9.780661,12,2,11,2,10
merged,PMC5025155_table_3,PMC5025155_table_3.xml,True,large,78,81,67,46,51.433161,67,14,64,14,53
merged,PMC3232225_table_2,PMC3232225_table_2.xml,True,medium,55,71,17,0,9.937512,17,6,49,0,17
merged,PMC6071998_table_1,PMC6071998_table_1.xml,True,large,108,110,108,97,92.691214,108,2,106,2,106
merged,PMC3430984_table_0,PMC3430984_table_0.xml,False,large,96,103,96,78,75.445126,96,0,96,0,96
merged,PMC4936294_table_2,PMC4936294_table_2.xml,False,small,30,41,30,22,23.205531,30,0,30,0,30
merged,PMC4461065_table_0,PMC4461065_table_0.xml,False,small,24,31,23,13,17.793981,23,0,24,0,23
merged,PMC6225095_table_1,PMC6225095_table_1.xml,False,medium,44,40,10,0,6.052015,10,0,44,0,10
merged,PMC4457489_table_0,PMC4457489_table_0.xml,True,large,84,116,82,37,59.770782,82,8,76,6,76
merged,PMC5711908_table_3,PMC5711908_table_3.xml,False,medium,40,45,32,8,22.246109,32,0,40,0,32
merged,PMC4513019_table_0,PMC4513019_table_0.xml,True,large,190,194,188,80,138.440042,188,5,185,3,185
merged,PMC5086409_table_0,PMC5086409_table_0.xml,True,medium,40,126,13,5,9.13876,13,2,38,0,13
merged,PMC6025390_table_0,PMC6025390_table_0.xml,True,large,232,253,229,70,168.515661,229,4,228,2,227
merged,PMC3195289_table_0,PMC3195289_table_0.xml,False,large,96,105,88,51,65.831305,88,0,96,0,88
merged,PMC3132509_table_2,PMC3132509_table_2.xml,True,medium,56,76,53,23,37.777663,53,4,52,3,50
merged,PMC3700867_table_2,PMC3700867_table_2.xml,True,small,17,16,9,4,6.354989,9,1,16,0,9
merged,PMC4962254_table_0,PMC4962254_table_0.xml,False,small,27,31,27,22,22.968583,27,0,27,0,27
merged,PMC3688689_table_0,PMC3688689_table_0.xml,False,large,161,172,154,3,98.841025,154,0,161,0,154
merged,PMC4373873_table_5,PMC4373873_table_5.xml,False,medium,42,54,42,24,31.231357,42,0,42,0,42
merged,PMC5879993_table_0,PMC5879993_table_0.xml,True,medium,55,88,47,24,32.932735,47,13,42,10,37
merged,PMC3599909_table_0,PMC3599909_table_0.xml,True,large,71,79,62,46,48.424821,62,7,64,1,61
merged,PMC3671244_table_0,PMC3671244_table_0.xml,True,large,103,104,103,92,82.598603,103,4,99,4,99
merged,PMC6023632_table_1,PMC6023632_table_1.xml,True,large,101,107,101,79,78.723245,101,3,98,3,98
merged,PMC4493637_table_1,PMC4493637_table_1.xml,True,large,172,200,169,136,134.05971,169,3,169,0,169
merged,PMC3341574_table_3,PMC3341574_table_3.xml,True,medium,44,69,42,29,33.621586,42,2,42,0,42
merged,PMC4824530_table_1,PMC4824530_table_1.xml,False,medium,48,57,48,42,39.858846,48,0,48,0,48
merged,PMC4990542_table_0,PMC4990542_table_0.xml,True,large,138,157,132,35,93.982604,132,8,130,2,130
merged,PMC5739639_table_0,PMC5739639_table_0.xml,True,medium,67,75,67,51,53.525268,67,5,62,5,62
merged,PMC4526633_table_3,PMC4526633_table_3.xml,False,medium,48,19,0,0,0,0,0,48,0,0
merged,PMC5048428_table_0,PMC5048428_table_0.xml,True,medium,33,36,33,31,27.575085,33,2,31,2,31
merged,PMC2967991_table_0,PMC2967991_table_0.xml,False,small,20,26,18,0,10.225674,18,0,20,0,18
merged,PMC3325992_table_2,PMC3325992_table_2.xml,False,medium,60,41,22,9,16.253865,22,0,60,0,22
merged,PMC5058761_table_1,PMC5058761_table_1.xml,True,small,29,36,27,17,19.122827,27,3,26,2,25
merged,PMC6205954_table_0,PMC6205954_table_0.xml,False,small,30,41,13,2,8.474158,13,0,30,0,13
merged,PMC5896998_table_0,PMC5896998_table_0.xml,False,small,15,18,5,0,3.180044,5,0,15,0,5
merged,PMC5688640_table_7,PMC5688640_table_7.xml,False,medium,65,72,63,12,42.049897,63,0,65,0,63
merged,PMC6092857_table_0,PMC6092857_table_0.xml,True,large,224,266,209,132,159.957366,209,14,210,0,209
merged,PMC4963123_table_0,PMC4963123_table_0.xml,False,small,12,14,12,12,9.87267,12,0,12,0,12
merged,PMC4485293_table_1,PMC4485293_table_1.xml,False,small,20,5,0,0,0,0,0,20,0,0
merged,PMC4864823_table_0,PMC4864823_table_0.xml,False,small,6,33,3,0,1.902201,3,0,6,0,3
merged,PMC5102476_table_1,PMC5102476_table_1.xml,True,large,69,93,64,15,44.98175,64,5,64,0,64
merged,PMC4523781_table_1,PMC4523781_table_1.xml,False,small,25,27,22,9,15.605432,22,0,25,0,22
merged,PMC4955163_table_0,PMC4955163_table_0.xml,True,small,13,6,4,4,3.441857,4,1,12,1,3
merged,PMC4485614_table_0,PMC4485614_table_0.xml,True,medium,67,77,59,14,38.664587,59,3,64,0,59
merged,PMC4871438_table_1,PMC4871438_table_1.xml,False,large,186,189,185,176,150.765404,185,0,186,0,185
merged,PMC1939840_table_1,PMC1939840_table_1.xml,False,medium,52,57,52,44,42.421907,52,0,52,0,52
merged,PMC5120060_table_4,PMC5120060_table_4.xml,False,small,20,23,20,8,15.184442,20,0,20,0,20
merged,PMC6025384_table_1,PMC6025384_table_1.xml,True,medium,57,64,57,37,48.213631,57,6,51,6,51
merged,PMC4709483_table_1,PMC4709483_table_1.xml,True,medium,62,75,61,9,44.242219,61,3,59,2,59
merged,PMC3409068_table_1,PMC3409068_table_1.xml,False,large,92,119,85,21,52.144415,85,0,92,0,85
merged,PMC5093738_table_3,PMC5093738_table_3.xml,False,large,104,109,104,77,83.163909,104,0,104,0,104
merged,PMC4678211_table_1,PMC4678211_table_1.xml,True,large,83,138,75,28,54.292728,75,5,78,4,71
merged,PMC5017671_table_1,PMC5017671_table_1.xml,True,medium,40,45,38,27,30.986194,38,4,36,2,36
merged,PMC4940829_table_0,PMC4940829_table_0.xml,True,large,62,11,2,1,1.396334,2,31,31,1,1
merged,PMC5927400_table_0,PMC5927400_table_0.xml,False,large,253,257,253,130,184.338041,253,0,253,0,253
merged,PMC3072324_table_0,PMC3072324_table_0.xml,False,small,27,33,27,23,22.69709,27,0,27,0,27
merged,PMC2960525_table_3,PMC2960525_table_3.xml,False,small,10,20,1,0,0.528441,1,0,10,0,1
merged,PMC4355521_table_0,PMC4355521_table_0.xml,False,small,16,4,1,0,0.517452,1,0,16,0,1
merged,PMC4431603_table_2,PMC4431603_table_2.xml,True,medium,65,70,65,60,53.196038,65,3,62,3,62
merged,PMC5953918_table_0,PMC5953918_table_0.xml,True,large,193,182,157,40,112.238454,157,9,184,6,151
merged,PMC3129319_table_1,PMC3129319_table_1.xml,False,small,27,22,8,0,4.80239,8,0,27,0,8
merged,PMC3544827_table_2,PMC3544827_table_2.xml,True,medium,38,42,21,2,14.175774,21,2,36,0,21
merged,PMC4597800_table_0,PMC4597800_table_0.xml,True,small,25,13,9,6,6.995267,9,2,23,2,7
merged,PMC2944255_table_5,PMC2944255_table_5.xml,False,small,21,17,14,10,10.669588,14,0,21,0,14
merged,PMC5996883_table_0,PMC5996883_table_0.xml,True,medium,56,71,54,15,38.494618,54,4,52,2,52
merged,PMC3269416_table_0,PMC3269416_table_0.xml,False,small,9,13,8,2,5.219813,8,0,9,0,8
merged,PMC5829779_table_3,PMC5829779_table_3.xml,False,medium,52,15,0,0,0,0,0,52,0,0
merged,PMC6019505_table_2,PMC6019505_table_2.xml,False,medium,36,44,36,32,29.688649,36,0,36,0,36
merged,PMC6085217_table_3,PMC6085217_table_3.xml,True,small,27,34,17,12,12.4306,17,3,24,2,15
merged,PMC3446543_table_1,PMC3446543_table_1.xml,True,small,17,17,3,0,1.617992,3,2,15,0,3
merged,PMC6038205_table_4,PMC6038205_table_4.xml,True,large,99,124,75,0,45.03564,75,3,96,0,75
merged,PMC3653782_table_3,PMC3653782_table_3.xml,True,large,71,115,53,35,39.949427,53,11,60,0,53
merged,PMC4795930_table_0,PMC4795930_table_0.xml,True,large,105,118,102,4,67.65663,102,5,100,5,97
merged,PMC2999564_table_3,PMC2999564_table_3.xml,False,large,80,90,80,62,63.411102,80,0,80,0,80
merged,PMC6236952_table_0,PMC6236952_table_0.xml,True,small,18,30,9,0,5.074282,9,3,15,0,9
merged,PMC2959605_table_1,PMC2959605_table_1.xml,False,large,175,7,0,0,0,0,0,175,0,0
merged,PMC3680193_table_1,PMC3680193_table_1.xml,True,large,193,246,181,147,148.732504,181,10,183,0,181
merged,PMC4472248_table_0,PMC4472248_table_0.xml,True,large,103,93,62,21,46.282162,62,4,99,1,61
merged,PMC3444503_table_2,PMC3444503_table_2.xml,True,large,69,89,62,52,50.156842,62,3,66,0,62
merged,PMC2861057_table_0,PMC2861057_table_0.xml,True,medium,36,45,29,2,19.772159,29,3,33,0,29
merged,PMC5945046_table_1,PMC5945046_table_1.xml,True,large,97,117,80,3,51.378011,80,5,92,2,78
merged,PMC3473247_table_2,PMC3473247_table_2.xml,False,small,15,7,0,0,0,0,0,15,0,0
merged,PMC5725103_table_2,PMC5725103_table_2.xml,True,large,155,164,155,155,128.757861,155,5,150,5,150
merged,PMC6040068_table_3,PMC6040068_table_3.xml,True,large,88,160,64,24,44.389831,64,3,85,2,62
merged,PMC4699818_table_0,PMC4699818_table_0.xml,False,medium,60,69,60,52,50.310048,60,0,60,0,60
merged,PMC6079442_table_0,PMC6079442_table_0.xml,False,large,192,196,192,81,139.554882,192,0,192,0,192
merged,PMC3072304_table_0,PMC3072304_table_0.xml,False,small,32,55,30,25,25.165144,30,0,32,0,30
merged,PMC3036079_table_0,PMC3036079_table_0.xml,True,large,152,158,152,107,117.350602,152,1,151,1,151
merged,PMC5751415_table_2,PMC5751415_table_2.xml,True,small,25,28,6,0,4.050429,6,2,23,1,5
merged,PMC6028909_table_2,PMC6028909_table_2.xml,True,large,136,151,133,100,104.95392,133,4,132,1,132
merged,PMC4364747_table_1,PMC4364747_table_1.xml,False,large,90,79,72,51,57.207345,72,0,90,0,72
merged,PMC3099919_table_4,PMC3099919_table_4.xml,False,medium,45,55,26,3,17.085685,26,0,45,0,26
merged,PMC4740352_table_3,PMC4740352_table_3.xml,True,medium,66,47,29,17,21.777693,29,3,63,3,26
merged,PMC5020513_table_0,PMC5020513_table_0.xml,True,large,142,168,135,18,91.561224,135,8,134,1,134
merged,PMC6087012_table_2,PMC6087012_table_2.xml,True,medium,67,82,63,57,49.779402,63,4,63,0,63
merged,PMC4641152_table_2,PMC4641152_table_2.xml,True,small,13,18,11,5,7.689706,11,2,11,1,10
merged,PMC4446004_table_0,PMC4446004_table_0.xml,False,large,120,125,120,87,92.427678,120,0,120,0,120
merged,PMC2596488_table_1,PMC2596488_table_1.xml,True,medium,64,85,55,23,39.946009,55,1,63,0,55
merged,PMC5679600_table_1,PMC5679600_table_1.xml,False,small,25,27,25,17,19.332163,25,0,25,0,25
merged,PMC4697506_table_0,PMC4697506_table_0.xml,False,medium,42,46,39,22,30.30499,39,0,42,0,39
merged,PMC3006915_table_2,PMC3006915_table_2.xml,False,large,280,192,136,96,104.52423,136,0,280,0,136
merged,PMC3484115_table_0,PMC3484115_table_0.xml,True,large,101,109,97,23,65.999562,97,7,94,5,92
merged,PMC5840833_table_0,PMC5840833_table_0.xml,True,large,144,162,137,75,104.831378,137,4,140,0,137
merged,PMC4923155_table_3,PMC4923155_table_3.xml,True,large,213,241,205,43,150.745114,205,9,204,2,203
merged,PMC6002068_table_6,PMC6002068_table_6.xml,True,small,23,39,20,16,15.586072,20,4,19,1,19
merged,PMC3103460_table_0,PMC3103460_table_0.xml,True,large,135,178,100,53,77.163335,100,14,121,4,96
merged,PMC4360558_table_1,PMC4360558_table_1.xml,False,small,16,13,10,6,7.517554,10,0,16,0,10
merged,PMC4378979_table_0,PMC4378979_table_0.xml,True,large,73,87,69,66,58.207692,69,4,69,0,69
merged,PMC3585286_table_1,PMC3585286_table_1.xml,False,large,120,111,87,21,58.778005,87,0,120,0,87
merged,PMC1599734_table_0,PMC1599734_table_0.xml,False,small,27,22,14,7,10.746999,14,0,27,0,14
merged,PMC3535723_table_1,PMC3535723_table_1.xml,True,large,73,106,70,57,56.135428,70,3,70,0,70
merged,PMC5768441_table_0,PMC5768441_table_0.xml,True,medium,48,8,1,0,0.687217,1,2,46,1,0
merged,PMC2649911_table_0,PMC2649911_table_0.xml,False,small,9,10,6,1,4.259086,6,0,9,0,6
merged,PMC3485083_table_1,PMC3485083_table_1.xml,False,large,156,152,138,67,100.310258,138,0,156,0,138
merged,PMC3526551_table_2,PMC3526551_table_2.xml,True,medium,30,22,19,14,15.894151,19,15,15,15,4
merged,PMC4667499_table_0,PMC4667499_table_0.xml,True,large,149,195,122,103,94.838638,122,15,134,5,117
merged,PMC5966494_table_1,PMC5966494_table_1.xml,True,large,174,208,168,52,123.235407,168,5,169,0,168
merged,PMC3338423_table_0,PMC3338423_table_0.xml,True,large,154,204,145,17,102.280458,145,12,142,4,141
merged,PMC4349793_table_0,PMC4349793_table_0.xml,True,large,119,172,107,99,88.336406,107,11,108,0,107
merged,PMC5707816_table_1,PMC5707816_table_1.xml,True,large,96,131,91,15,57.739795,91,7,89,4,87
merged,PMC3224767_table_0,PMC3224767_table_0.xml,True,medium,45,54,44,30,33.940118,44,1,44,0,44
merged,PMC4345205_table_0,PMC4345205_table_0.xml,False,small,18,21,12,0,7.970871,12,0,18,0,12
merged,PMC3269996_table_1,PMC3269996_table_1.xml,True,large,101,110,99,88,79.715775,99,3,98,1,98
merged,PMC3464599_table_0,PMC3464599_table_0.xml,False,small,24,18,15,12,12.83607,15,0,24,0,15
merged,PMC2577088_table_1,PMC2577088_table_1.xml,False,small,30,34,27,14,21.33422,27,0,30,0,27
merged,PMC2969637_table_1,PMC2969637_table_1.xml,False,large,161,7,0,0,0,0,0,161,0,0
merged,PMC5998039_table_0,PMC5998039_table_0.xml,False,large,84,89,84,69,65.801492,84,0,84,0,84
merged,PMC4897879_table_0,PMC4897879_table_0.xml,True,large,125,170,59,58,48.094897,59,58,67,1,58
merged,PMC5745915_table_0,PMC5745915_table_0.xml,False,large,140,134,124,100,101.728562,124,0,140,0,124
merged,PMC5033576_table_1,PMC5033576_table_1.xml,True,large,115,119,102,100,86.473915,102,3,112,0,102
merged,PMC3637233_table_1,PMC3637233_table_1.xml,False,medium,60,68,60,54,49.871261,60,0,60,0,60
merged,PMC2732638_table_4,PMC2732638_table_4.xml,True,small,11,6,2,0,1.157873,2,1,10,0,2
merged,PMC3236460_table_1,PMC3236460_table_1.xml,False,small,32,37,32,28,27.842837,32,0,32,0,32
merged,PMC6137918_table_1,PMC6137918_table_1.xml,True,medium,58,69,57,21,38.269463,57,6,52,6,51
merged,PMC6156278_table_0,PMC6156278_table_0.xml,True,large,76,85,73,64,60.938765,73,3,73,0,73
merged,PMC2695361_table_4,PMC2695361_table_4.xml,False,small,16,21,15,8,11.71024,15,0,16,0,15
merged,PMC4747561_table_0,PMC4747561_table_0.xml,True,medium,45,54,41,20,30.250209,41,2,43,0,41
merged,PMC6025609_table_0,PMC6025609_table_0.xml,False,medium,40,45,38,27,29.716908,38,0,40,0,38
merged,PMC2628647_table_1,PMC2628647_table_1.xml,False,medium,42,51,42,28,33.021785,42,0,42,0,42
merged,PMC4736147_table_0,PMC4736147_table_0.xml,True,large,186,233,154,11,98.531878,154,6,180,0,154
merged,PMC3201530_table_3,PMC3201530_table_3.xml,False,small,15,25,3,0,1.708221,3,0,15,0,3
merged,PMC5714139_table_0,PMC5714139_table_0.xml,True,small,26,52,16,8,11.407135,16,1,25,0,16
merged,PMC4446492_table_0,PMC4446492_table_0.xml,False,large,123,138,122,44,88.057733,122,0,123,0,122
merged,PMC4524475_table_0,PMC4524475_table_0.xml,False,large,140,157,140,107,107.02788,140,0,140,0,140
merged,PMC4650288_table_3,PMC4650288_table_3.xml,True,medium,55,76,48,38,39.402619,48,8,47,1,47
merged,PMC6017431_table_0,PMC6017431_table_0.xml,True,medium,72,83,71,54,53.450925,71,5,67,5,66
merged,PMC3515887_table_0,PMC3515887_table_0.xml,True,small,6,80,0,0,0,0,3,3,0,0
merged,PMC3006894_table_1,PMC3006894_table_1.xml,False,medium,50,60,23,0,13.231578,23,0,50,0,23
merged,PMC6172266_table_0,PMC6172266_table_0.xml,True,large,98,104,98,53,71.18161,98,2,96,2,96
merged,PMC4457818_table_1,PMC4457818_table_1.xml,True,medium,56,63,56,51,48.401291,56,7,49,7,49
merged,PMC5074446_table_0,PMC5074446_table_0.xml,True,small,24,30,17,0,10.334014,17,3,21,2,15
merged,PMC5117527_table_0,PMC5117527_table_0.xml,False,small,22,12,9,6,7.268468,9,0,22,0,9
merged,PMC2830186_table_10,PMC2830186_table_10.xml,True,large,161,209,160,27,110.348424,160,2,159,1,159
merged,PMC3589335_table_2,PMC3589335_table_2.xml,True,medium,40,23,7,6,5.780517,7,5,35,3,4
merged,PMC2623298_table_0,PMC2623298_table_0.xml,True,medium,49,60,44,33,35.199804,44,1,48,0,44
merged,PMC4343049_table_0,PMC4343049_table_0.xml,True,large,82,116,55,13,34.808255,55,10,72,2,53
merged,PMC4459660_table_2,PMC4459660_table_2.xml,True,medium,43,66,35,11,25.062194,35,3,40,0,35
merged,PMC5686811_table_2,PMC5686811_table_2.xml,False,large,88,116,86,18,59.212702,86,0,88,0,86
merged,PMC3217847_table_2,PMC3217847_table_2.xml,True,large,107,111,105,89,79.830114,105,3,104,1,104
merged,PMC3089322_table_4,PMC3089322_table_4.xml,False,large,154,8,2,0,1.358726,2,0,154,0,2
merged,PMC4666065_table_1,PMC4666065_table_1.xml,True,large,149,190,144,59,103.805493,144,4,145,0,144
merged,PMC6016042_table_1,PMC6016042_table_1.xml,True,medium,56,77,48,33,38.763421,48,8,48,0,48
merged,PMC6147783_table_0,PMC6147783_table_0.xml,False,small,20,23,15,5,10.712178,15,0,20,0,15
merged,PMC4898693_table_2,PMC4898693_table_2.xml,True,small,19,10,3,1,2.151344,3,1,18,1,2
merged,PMC5100194_table_1,PMC5100194_table_1.xml,True,medium,59,74,42,12,30.026076,42,6,53,0,42
merged,PMC3412721_table_0,PMC3412721_table_0.xml,True,medium,34,12,2,2,1.73118,2,2,32,2,0
merged,PMC4550389_table_3,PMC4550389_table_3.xml,True,large,103,110,103,85,82.902527,103,5,98,5,98
merged,PMC2721847_table_0,PMC2721847_table_0.xml,True,small,26,39,24,10,17.030322,24,1,25,0,24
merged,PMC2865542_table_4,PMC2865542_table_4.xml,False,small,25,36,18,8,13.480846,18,0,25,0,18
merged,PMC3405067_table_0,PMC3405067_table_0.xml,False,large,132,124,111,60,79.979403,111,0,132,0,111
merged,PMC3462107_table_0,PMC3462107_table_0.xml,True,large,133,162,126,122,108.326305,126,9,124,3,123
merged,PMC4632702_table_0,PMC4632702_table_0.xml,False,small,12,17,12,9,9.759489,12,0,12,0,12
merged,PMC5751186_table_0,PMC5751186_table_0.xml,True,small,17,20,16,9,12.338465,16,1,16,1,15
merged,PMC6105256_table_2,PMC6105256_table_2.xml,False,large,324,281,193,115,143.865092,193,0,324,0,193
merged,PMC3503853_table_2,PMC3503853_table_2.xml,False,small,21,26,14,0,8.438622,14,0,21,0,14
merged,PMC2959688_table_1,PMC2959688_table_1.xml,False,large,154,8,0,0,0,0,0,154,0,0
merged,PMC5916864_table_0,PMC5916864_table_0.xml,False,small,24,26,24,16,18.732545,24,0,24,0,24
merged,PMC5991593_table_1,PMC5991593_table_1.xml,True,medium,56,55,49,6,33.671873,49,1,55,0,49
merged,PMC3437489_table_0,PMC3437489_table_0.xml,True,large,93,104,82,72,67.135115,82,7,86,3,79
merged,PMC5059980_table_1,PMC5059980_table_1.xml,True,small,19,31,18,10,13.982581,18,5,14,4,14
merged,PMC5704458_table_0,PMC5704458_table_0.xml,True,small,30,87,15,6,10.980016,15,2,28,1,14
merged,PMC6094581_table_1,PMC6094581_table_1.xml,False,medium,40,30,18,16,14.931642,18,0,40,0,18
merged,PMC4866963_table_0,PMC4866963_table_0.xml,True,small,32,32,24,23,19.952478,24,3,29,1,23
merged,PMC5015207_table_2,PMC5015207_table_2.xml,True,small,32,37,31,24,24.521178,31,3,29,2,29
merged,PMC4710970_table_1,PMC4710970_table_1.xml,True,large,62,66,59,48,49.926394,59,10,52,7,52
merged,PMC6003148_table_0,PMC6003148_table_0.xml,True,small,18,20,11,0,7.009861,11,1,17,0,11
merged,PMC4882771_table_2,PMC4882771_table_2.xml,False,large,92,99,89,81,77.210495,89,0,92,0,89
merged,PMC5100185_table_0,PMC5100185_table_0.xml,True,small,17,11,4,1,2.450135,4,1,16,1,3
merged,PMC3564795_table_0,PMC3564795_table_0.xml,True,large,202,248,191,81,138.873887,191,2,200,0,191
merged,PMC4449761_table_2,PMC4449761_table_2.xml,True,large,82,97,79,42,58.83562,79,4,78,3,76
merged,PMC5778064_table_3,PMC5778064_table_3.xml,True,small,21,25,21,19,17.113062,21,2,19,2,19
merged,PMC5085032_table_1,PMC5085032_table_1.xml,True,large,112,121,111,96,93.935574,111,36,76,35,76
merged,PMC3622410_table_2,PMC3622410_table_2.xml,True,large,90,105,69,46,53.850385,69,3,87,0,69
merged,PMC6158853_table_2,PMC6158853_table_2.xml,True,medium,40,52,28,4,18.333794,28,8,32,3,25
merged,PMC4405850_table_0,PMC4405850_table_0.xml,True,large,75,87,26,20,19.203223,26,5,70,4,22
merged,PMC3544731_table_1,PMC3544731_table_1.xml,True,large,84,92,80,62,63.716112,80,6,78,3,77
merged,PMC5737357_table_0,PMC5737357_table_0.xml,True,medium,55,60,34,0,19.137353,34,2,53,0,34
merged,PMC5040809_table_0,PMC5040809_table_0.xml,True,small,11,12,5,3,3.688787,5,3,8,1,4
merged,PMC4491485_table_2,PMC4491485_table_2.xml,False,medium,42,51,35,0,22.622957,35,0,42,0,35
merged,PMC3646807_table_1,PMC3646807_table_1.xml,True,small,21,27,18,7,12.679722,18,2,19,0,18
merged,PMC3288075_table_1,PMC3288075_table_1.xml,False,medium,72,82,68,53,51.435454,68,0,72,0,68
merged,PMC5968057_table_0,PMC5968057_table_0.xml,False,large,120,129,112,110,92.721045,112,0,120,0,112
merged,PMC5012025_table_0,PMC5012025_table_0.xml,False,large,88,73,41,39,34.917588,41,0,88,0,41
merged,PMC4632776_table_2,PMC4632776_table_2.xml,False,small,20,25,20,12,15.573563,20,0,20,0,20
merged,PMC3068931_table_2,PMC3068931_table_2.xml,True,small,21,31,12,3,7.408881,12,2,19,1,11
merged,PMC4642691_table_2,PMC4642691_table_2.xml,True,medium,56,97,33,17,24.544368,33,9,47,0,33
merged,PMC4526162_table_0,PMC4526162_table_0.xml,False,medium,40,45,37,0,21.451286,37,0,40,0,37
merged,PMC2983785_table_1,PMC2983785_table_1.xml,False,small,8,14,6,0,3.894229,6,0,8,0,6
merged,PMC4825469_table_0,PMC4825469_table_0.xml,True,large,136,140,135,127,112.491407,135,12,124,11,124
merged,PMC3009348_table_1,PMC3009348_table_1.xml,False,small,16,24,14,3,9.714186,14,0,16,0,14
merged,PMC6070289_table_2,PMC6070289_table_2.xml,True,large,102,107,100,69,78.13596,100,6,96,4,96
merged,PMC2915656_table_0,PMC2915656_table_0.xml,True,large,136,162,128,103,98.685035,128,8,128,0,128
merged,PMC3414449_table_2,PMC3414449_table_2.xml,True,medium,54,69,34,7,23.906435,34,2,52,1,33
merged,PMC5810047_table_1,PMC5810047_table_1.xml,False,small,32,49,32,10,22.874842,32,0,32,0,32
merged,PMC3213624_table_3,PMC3213624_table_3.xml,False,large,147,7,0,0,0,0,0,147,0,0
merged,PMC4876448_table_1,PMC4876448_table_1.xml,False,small,20,22,16,1,10.241755,16,0,20,0,16
merged,PMC6150164_table_0,PMC6150164_table_0.xml,True,medium,44,15,5,3,3.685514,5,2,42,0,5
merged,PMC4994996_table_0,PMC4994996_table_0.xml,False,small,24,26,24,14,18.211986,24,0,24,0,24
merged,PMC4791377_table_0,PMC4791377_table_0.xml,False,small,30,40,30,23,24.894932,30,0,30,0,30
merged,PMC4970739_table_0,PMC4970739_table_0.xml,True,large,129,138,114,32,72.603388,114,1,128,0,114
merged,PMC5051029_table_2,PMC5051029_table_2.xml,True,medium,73,82,69,49,55.737234,69,1,72,0,69
merged,PMC3552855_table_1,PMC3552855_table_1.xml,False,small,20,21,8,0,5.027004,8,0,20,0,8
merged,PMC6071983_table_0,PMC6071983_table_0.xml,False,small,35,39,12,0,7.125432,12,0,35,0,12
merged,PMC4407475_table_4,PMC4407475_table_4.xml,True,medium,46,52,44,31,34.330235,44,4,42,4,40
merged,PMC3514307_table_3,PMC3514307_table_3.xml,True,medium,42,51,38,25,28.895885,38,7,35,3,35
merged,PMC4849749_table_3,PMC4849749_table_3.xml,True,large,187,211,171,91,127.193985,171,5,182,0,171
merged,PMC3215749_table_0,PMC3215749_table_0.xml,True,large,73,93,70,64,54.218693,70,3,70,0,70
merged,PMC3538775_table_0,PMC3538775_table_0.xml,False,small,6,6,1,0,0.67648,1,0,6,0,1
merged,PMC6166939_table_3,PMC6166939_table_3.xml,False,small,30,32,30,17,21.918989,30,0,30,0,30
merged,PMC4488050_table_3,PMC4488050_table_3.xml,True,medium,41,64,31,28,25.974007,31,8,33,2,29
merged,PMC6091258_table_2,PMC6091258_table_2.xml,True,medium,38,19,6,4,4.437147,6,5,33,5,1
merged,PMC4791772_table_1,PMC4791772_table_1.xml,False,medium,50,55,50,36,38.989654,50,0,50,0,50
merged,PMC3209469_table_3,PMC3209469_table_3.xml,False,medium,42,45,32,12,20.520463,32,0,42,0,32
merged,PMC4460773_table_2,PMC4460773_table_2.xml,True,large,135,150,76,0,40.894025,76,7,128,0,76
merged,PMC2222605_table_2,PMC2222605_table_2.xml,True,small,17,24,12,4,8.601912,12,1,16,0,12
merged,PMC3128012_table_3,PMC3128012_table_3.xml,True,large,157,200,136,99,106.631723,136,13,144,1,135
merged,PMC2959996_table_1,PMC2959996_table_1.xml,False,small,16,22,15,6,10.215994,15,0,16,0,15
merged,PMC3306998_table_0,PMC3306998_table_0.xml,True,small,13,4,1,0,0.604709,1,2,11,0,1
merged,PMC6065330_table_0,PMC6065330_table_0.xml,True,medium,51,45,26,3,16.354003,26,3,48,2,24
merged,PMC6023428_table_0,PMC6023428_table_0.xml,False,medium,39,44,39,35,32.609801,39,0,39,0,39
merged,PMC3534341_table_1,PMC3534341_table_1.xml,True,medium,51,52,50,47,40.528775,50,3,48,2,48
merged,PMC6075757_table_2,PMC6075757_table_2.xml,True,medium,42,46,42,24,32.229551,42,3,39,3,39
merged,PMC5828227_table_0,PMC5828227_table_0.xml,False,large,154,158,154,129,123.922025,154,0,154,0,154
merged,PMC3339393_table_6,PMC3339393_table_6.xml,False,small,15,5,1,1,0.840435,1,0,15,0,1
merged,PMC1971068_table_3,PMC1971068_table_3.xml,True,large,123,168,118,55,84.497097,118,9,114,6,112
merged,PMC5825157_table_1,PMC5825157_table_1.xml,False,small,32,35,32,28,25.980761,32,0,32,0,32
merged,PMC4831174_table_0,PMC4831174_table_0.xml,False,small,9,9,1,0,0.642789,1,0,9,0,1
merged,PMC5021972_table_0,PMC5021972_table_0.xml,False,medium,70,74,70,51,53.627619,70,0,70,0,70
merged,PMC3079670_table_2,PMC3079670_table_2.xml,True,large,150,164,146,126,115.754183,146,9,141,5,141
merged,PMC5037679_table_2,PMC5037679_table_2.xml,True,large,70,20,10,5,6.838793,10,5,65,5,5
merged,PMC3014882_table_1,PMC3014882_table_1.xml,True,large,74,95,72,55,55.847507,72,4,70,3,69
merged,PMC6157292_table_11,PMC6157292_table_11.xml,False,small,12,9,0,0,0,0,0,12,0,0
merged,PMC5137007_table_1,PMC5137007_table_1.xml,False,medium,65,70,65,51,52.443044,65,0,65,0,65
merged,PMC3309941_table_1,PMC3309941_table_1.xml,True,large,168,209,162,147,134.983957,162,7,161,1,161
merged,PMC4936315_table_2,PMC4936315_table_2.xml,True,medium,44,53,43,41,35.946326,43,2,42,1,42
merged,PMC6114971_table_1,PMC6114971_table_1.xml,False,small,25,34,21,3,13.167951,21,0,25,0,21
merged,PMC2740668_table_1,PMC2740668_table_1.xml,True,small,25,26,22,21,18.895876,22,1,24,0,22
merged,PMC5709823_table_0,PMC5709823_table_0.xml,True,large,76,101,65,20,44.197933,65,5,71,1,64
merged,PMC3207832_table_1,PMC3207832_table_1.xml,True,large,235,284,232,6,153.672946,232,17,218,14,218
merged,PMC3164726_table_4,PMC3164726_table_4.xml,False,large,224,227,222,89,160.965215,222,0,224,0,222
merged,PMC1794454_table_0,PMC1794454_table_0.xml,True,small,23,27,22,17,19.365737,22,1,22,1,21
merged,PMC3702364_table_0,PMC3702364_table_0.xml,True,small,24,33,23,5,16.606022,23,4,20,3,20
merged,PMC6141544_table_1,PMC6141544_table_1.xml,True,large,129,134,127,107,102.855772,127,4,125,3,124
merged,PMC5707350_table_1,PMC5707350_table_1.xml,False,small,20,24,20,9,14.858118,20,0,20,0,20
merged,PMC2958834_table_0,PMC2958834_table_0.xml,True,large,87,91,87,57,66.049913,87,5,82,5,82
merged,PMC2794372_table_2,PMC2794372_table_2.xml,True,large,108,140,79,68,62.706304,79,7,101,1,78
merged,PMC6020339_table_1,PMC6020339_table_1.xml,True,medium,26,39,0,0,0,0,4,22,0,0
merged,PMC3683149_table_2,PMC3683149_table_2.xml,False,small,25,43,25,12,19.452507,25,0,25,0,25
merged,PMC2960665_table_2,PMC2960665_table_2.xml,False,small,18,27,17,13,13.260339,17,0,18,0,17
merged,PMC2983291_table_0,PMC2983291_table_0.xml,False,small,20,26,19,0,10.710275,19,0,20,0,19
merged,PMC2904282_table_4,PMC2904282_table_4.xml,True,large,80,120,68,61,56.698686,68,12,68,0,68
merged,PMC2853082_table_0,PMC2853082_table_0.xml,True,medium,41,78,26,19,19.614128,26,7,34,0,26
merged,PMC3283499_table_0,PMC3283499_table_0.xml,True,large,169,200,151,128,120.590797,151,4,165,0,151
merged,PMC4930560_table_0,PMC4930560_table_0.xml,True,medium,46,72,45,15,31.535592,45,3,43,2,43
merged,PMC5833385_table_2,PMC5833385_table_2.xml,False,small,35,37,31,4,20.221283,31,0,35,0,31
merged,PMC2572618_table_2,PMC2572618_table_2.xml,False,small,30,32,30,20,23.93583,30,0,30,0,30
merged,PMC4957803_table_0,PMC4957803_table_0.xml,True,large,195,198,195,194,179.226492,195,5,190,5,190
merged,PMC5137107_table_0,PMC5137107_table_0.xml,True,medium,49,56,45,41,35.687708,45,3,46,1,44
merged,PMC1199598_table_0,PMC1199598_table_0.xml,True,small,26,33,23,18,19.349112,23,4,22,3,20
merged,PMC4981347_table_2,PMC4981347_table_2.xml,True,medium,68,74,57,13,40.064082,57,3,65,0,57
merged,PMC3052110_table_2,PMC3052110_table_2.xml,False,small,18,23,15,0,10.039482,15,0,18,0,15
merged,PMC4831767_table_1,PMC4831767_table_1.xml,True,large,243,262,242,240,211.322329,242,3,240,2,240
merged,PMC3247230_table_0,PMC3247230_table_0.xml,False,medium,42,62,38,17,26.990803,38,0,42,0,38
merged,PMC4934257_table_5,PMC4934257_table_5.xml,False,medium,42,55,42,32,32.392779,42,0,42,0,42
merged,PMC3001739_table_0,PMC3001739_table_0.xml,False,small,21,4,1,0,0.716207,1,0,21,0,1
merged,PMC5663491_table_0,PMC5663491_table_0.xml,True,medium,34,45,31,9,21.405164,31,3,31,0,31
merged,PMC4577082_table_0,PMC4577082_table_0.xml,True,large,177,184,172,170,149.879781,172,10,167,9,163
merged,PMC3320545_table_2,PMC3320545_table_2.xml,False,large,88,91,73,51,56.644474,73,0,88,0,73
merged,PMC2961393_table_4,PMC2961393_table_4.xml,False,small,25,36,5,0,2.956716,5,0,25,0,5
merged,PMC4608111_table_2,PMC4608111_table_2.xml,True,small,20,36,14,5,10.343617,14,6,14,0,14
merged,PMC5936689_table_1,PMC5936689_table_1.xml,False,small,21,31,17,0,9.632552,17,0,21,0,17
merged,PMC3473024_table_5,PMC3473024_table_5.xml,True,medium,33,56,14,1,8.583999,14,8,25,0,14
merged,PMC2561000_table_0,PMC2561000_table_0.xml,True,large,134,155,114,89,90.966965,114,14,120,2,112
merged,PMC2877682_table_1,PMC2877682_table_1.xml,True,large,66,88,60,29,44.350753,60,6,60,0,60
merged,PMC2997016_table_1,PMC2997016_table_1.xml,True,medium,45,49,45,38,35.778442,45,4,41,4,41
merged,PMC2486490_table_2,PMC2486490_table_2.xml,False,large,105,122,105,41,77.090303,105,0,105,0,105
merged,PMC5960211_table_2,PMC5960211_table_2.xml,True,large,135,137,123,105,101.439945,123,6,129,3,120
merged,PMC4541937_table_4,PMC4541937_table_4.xml,True,small,17,23,17,11,13.400892,17,3,14,3,14
merged,PMC6011944_table_1,PMC6011944_table_1.xml,True,small,14,16,6,0,3.464449,6,4,10,0,6
merged,PMC1079832_table_3,PMC1079832_table_3.xml,False,medium,49,56,47,29,34.555128,47,0,49,0,47
merged,PMC3637472_table_2,PMC3637472_table_2.xml,True,small,16,5,3,1,2.044175,3,4,12,1,2
merged,PMC4721698_table_0,PMC4721698_table_0.xml,True,large,82,102,82,60,61.537886,82,2,80,2,80
merged,PMC5681633_table_0,PMC5681633_table_0.xml,False,small,16,20,16,10,12.563348,16,0,16,0,16
merged,PMC4613910_table_4,PMC4613910_table_4.xml,True,large,107,111,107,85,85.574328,107,4,103,4,103
merged,PMC6128371_table_0,PMC6128371_table_0.xml,False,large,90,95,90,83,78.295521,90,0,90,0,90
merged,PMC6058288_table_0,PMC6058288_table_0.xml,False,medium,42,48,42,37,33.326098,42,0,42,0,42
merged,PMC5746254_table_1,PMC5746254_table_1.xml,False,small,8,10,8,5,6.061271,8,0,8,0,8
merged,PMC6017299_table_0,PMC6017299_table_0.xml,True,large,173,168,155,84,110.59918,155,16,157,13,142
merged,PMC5004196_table_1,PMC5004196_table_1.xml,True,medium,41,46,41,41,36.073564,41,24,17,24,17
merged,PMC3256124_table_4,PMC3256124_table_4.xml,True,small,16,5,1,1,0.784098,1,1,15,1,0
merged,PMC5788621_table_0,PMC5788621_table_0.xml,False,medium,45,48,45,39,37.039639,45,0,45,0,45
merged,PMC1871601_table_0,PMC1871601_table_0.xml,True,medium,73,89,73,54,57.735193,73,4,69,4,69
merged,PMC3201265_table_3,PMC3201265_table_3.xml,False,small,15,25,6,0,3.240118,6,0,15,0,6
merged,PMC3200926_table_0,PMC3200926_table_0.xml,False,small,18,24,18,0,10.533921,18,0,18,0,18
merged,PMC2315656_table_3,PMC2315656_table_3.xml,False,small,33,36,32,18,24.658197,32,0,33,0,32
merged,PMC2374783_table_8,PMC2374783_table_8.xml,False,small,24,33,23,15,18.584502,23,0,24,0,23
merged,PMC5669499_table_1,PMC5669499_table_1.xml,True,large,140,154,123,0,80.844492,123,2,138,1,122
merged,PMC3231711_table_1,PMC3231711_table_1.xml,False,small,8,14,8,2,5.651352,8,0,8,0,8
merged,PMC4915688_table_4,PMC4915688_table_4.xml,False,medium,42,48,36,2,21.734951,36,0,42,0,36
merged,PMC2647899_table_0,PMC2647899_table_0.xml,False,small,12,11,7,0,3.984729,7,0,12,0,7
merged,PMC4982323_table_4,PMC4982323_table_4.xml,True,large,112,128,112,64,85.734104,112,2,110,2,110
merged,PMC6134588_table_1,PMC6134588_table_1.xml,False,medium,42,40,32,13,22.74811,32,0,42,0,32
merged,PMC3462151_table_2,PMC3462151_table_2.xml,True,large,137,43,15,13,11.74702,15,7,130,3,12
merged,PMC4419456_table_0,PMC4419456_table_0.xml,True,large,108,125,69,4,43.139607,69,8,100,1,68
merged,PMC4976473_table_0,PMC4976473_table_0.xml,True,large,151,161,122,49,88.42995,122,6,145,0,122
merged,PMC5135818_table_0,PMC5135818_table_0.xml,False,small,15,17,9,0,5.340258,9,0,15,0,9
merged,PMC3016296_table_4,PMC3016296_table_4.xml,False,medium,75,72,69,30,51.936999,69,0,75,0,69
merged,PMC4625876_table_4,PMC4625876_table_4.xml,False,medium,42,44,42,10,29.144852,42,0,42,0,42
merged,PMC5926532_table_1,PMC5926532_table_1.xml,True,small,30,45,9,1,5.497922,9,3,27,0,9
merged,PMC5988440_table_3,PMC5988440_table_3.xml,False,medium,49,51,42,31,33.902105,42,0,49,0,42
merged,PMC3339393_table_18,PMC3339393_table_18.xml,True,small,17,21,17,9,12.845533,17,2,15,2,15
merged,PMC5859152_table_2,PMC5859152_table_2.xml,False,large,84,89,84,78,67.902019,84,0,84,0,84
merged,PMC6211744_table_6,PMC6211744_table_6.xml,True,medium,61,67,61,45,49.612694,61,3,58,3,58
merged,PMC3630110_table_2,PMC3630110_table_2.xml,False,medium,45,57,45,22,32.500706,45,0,45,0,45
merged,PMC5006397_table_1,PMC5006397_table_1.xml,False,small,24,29,12,5,8.645732,12,0,24,0,12
merged,PMC3201421_table_3,PMC3201421_table_3.xml,False,small,10,20,2,0,1.052725,2,0,10,0,2
merged,PMC6154935_table_0,PMC6154935_table_0.xml,True,medium,38,49,34,7,23.200108,34,4,34,0,34
merged,PMC6024939_table_3,PMC6024939_table_3.xml,True,large,91,97,88,54,66.390813,88,6,85,3,85
merged,PMC6193701_table_1,PMC6193701_table_1.xml,False,small,28,32,28,16,20.668381,28,0,28,0,28
merged,PMC2893103_table_0,PMC2893103_table_0.xml,True,large,65,129,54,27,39.800297,54,5,60,0,54
merged,PMC3050270_table_4,PMC3050270_table_4.xml,False,small,20,30,8,0,4.354266,8,0,20,0,8
merged,PMC3526519_table_1,PMC3526519_table_1.xml,True,medium,44,10,1,0,0.54549,1,1,43,1,0
merged,PMC4722622_table_2,PMC4722622_table_2.xml,True,large,247,250,244,184,185.083192,244,3,244,1,243
merged,PMC5784573_table_0,PMC5784573_table_0.xml,False,medium,36,38,36,35,31.667895,36,0,36,0,36
merged,PMC3504408_table_1,PMC3504408_table_1.xml,True,large,136,142,125,84,95.118224,125,4,132,3,122
merged,PMC4822240_table_2,PMC4822240_table_2.xml,True,medium,65,97,32,4,22.597462,32,5,60,2,30
merged,PMC5771167_table_0,PMC5771167_table_0.xml,True,medium,70,40,25,18,20.75044,25,2,68,0,25
merged,PMC5947495_table_4,PMC5947495_table_4.xml,False,small,35,43,30,9,20.297992,30,0,35,0,30
merged,PMC6086859_table_3,PMC6086859_table_3.xml,True,large,167,171,134,48,96.391999,134,3,164,3,131
merged,PMC3537687_table_1,PMC3537687_table_1.xml,False,medium,48,61,48,40,40.958836,48,0,48,0,48
merged,PMC4962473_table_0,PMC4962473_table_0.xml,True,medium,34,78,18,17,14.92234,18,15,19,0,18
merged,PMC3680093_table_1,PMC3680093_table_1.xml,False,small,33,38,33,27,27.758065,33,0,33,0,33
merged,PMC5794786_table_1,PMC5794786_table_1.xml,True,large,234,236,232,216,187.276323,232,6,228,5,227
merged,PMC6094875_table_0,PMC6094875_table_0.xml,True,medium,52,74,42,5,26.579553,42,3,49,0,42
merged,PMC5750934_table_4,PMC5750934_table_4.xml,True,large,116,96,86,66,69.482222,86,4,112,4,82
merged,PMC6238314_table_2,PMC6238314_table_2.xml,True,medium,46,61,25,1,16.579481,25,8,38,6,19
merged,PMC5149027_table_0,PMC5149027_table_0.xml,False,medium,77,89,77,55,61.262761,77,0,77,0,77
merged,PMC4549267_table_8,PMC4549267_table_8.xml,True,medium,42,55,42,40,34.135214,42,7,35,7,35
merged,PMC3117836_table_0,PMC3117836_table_0.xml,True,large,189,184,157,93,115.775824,157,6,183,1,156
merged,PMC3164687_table_1,PMC3164687_table_1.xml,True,small,22,6,0,0,0,0,1,21,0,0
merged,PMC4831805_table_3,PMC4831805_table_3.xml,True,medium,46,15,8,0,4.394347,8,2,44,1,7
merged,PMC5687746_table_2,PMC5687746_table_2.xml,False,small,8,10,8,6,6.344291,8,0,8,0,8
merged,PMC3296578_table_1,PMC3296578_table_1.xml,False,medium,36,41,36,32,29.493651,36,0,36,0,36
merged,PMC5119737_table_0,PMC5119737_table_0.xml,False,medium,62,65,51,0,29.480886,51,0,62,0,51
merged,PMC2968103_table_2,PMC2968103_table_2.xml,False,large,133,8,0,0,0,0,0,133,0,0
merged,PMC6082067_table_0,PMC6082067_table_0.xml,False,small,18,20,18,15,14.978403,18,0,18,0,18
merged,PMC3256151_table_0,PMC3256151_table_0.xml,True,medium,47,45,33,17,23.558989,33,3,44,2,31
merged,PMC1444915_table_0,PMC1444915_table_0.xml,True,medium,27,20,9,3,6.221814,9,9,18,0,9
merged,PMC5096289_table_0,PMC5096289_table_0.xml,True,large,86,125,80,29,55.872276,80,11,75,11,69
merged,PMC4392560_table_0,PMC4392560_table_0.xml,False,small,21,25,21,17,17.233726,21,0,21,0,21
merged,PMC2855072_table_0,PMC2855072_table_0.xml,False,medium,49,47,46,25,35.013119,46,0,49,0,46
merged,PMC4436293_table_0,PMC4436293_table_0.xml,False,small,30,41,30,20,24.239352,30,0,30,0,30
merged,PMC3363418_table_0,PMC3363418_table_0.xml,True,large,124,137,123,112,98.981768,123,3,121,3,120
merged,PMC2453114_table_2,PMC2453114_table_2.xml,False,small,16,19,7,2,5.050289,7,0,16,0,7
merged,PMC3660393_table_0,PMC3660393_table_0.xml,False,small,18,17,10,2,6.375796,10,0,18,0,10
merged,PMC3042918_table_0,PMC3042918_table_0.xml,True,small,23,43,15,6,10.942584,15,1,22,0,15
merged,PMC5948639_table_0,PMC5948639_table_0.xml,False,small,8,11,8,2,5.542096,8,0,8,0,8
merged,PMC2611967_table_3,PMC2611967_table_3.xml,False,small,21,26,17,6,12.564861,17,0,21,0,17
merged,PMC5790503_table_0,PMC5790503_table_0.xml,True,large,72,98,64,31,49.140105,64,10,62,2,62
merged,PMC5091883_table_5,PMC5091883_table_5.xml,False,medium,44,46,44,39,35.721458,44,0,44,0,44
merged,PMC2983382_table_3,PMC2983382_table_3.xml,False,large,165,172,163,75,117.235235,163,0,165,0,163
merged,PMC3688626_table_2,PMC3688626_table_2.xml,True,medium,29,45,23,11,16.471613,23,5,24,0,23
merged,PMC5696248_table_2,PMC5696248_table_2.xml,True,large,106,108,102,101,91.265311,102,8,98,6,96
merged,PMC1562360_table_1,PMC1562360_table_1.xml,True,large,80,102,76,66,59.761828,76,4,76,0,76
merged,PMC4889661_table_0,PMC4889661_table_0.xml,False,small,12,4,0,0,0,0,0,12,0,0
merged,PMC4376772_table_4,PMC4376772_table_4.xml,False,small,12,5,0,0,0,0,0,12,0,0
merged,PMC2676320_table_0,PMC2676320_table_0.xml,True,large,159,170,151,21,110.199743,151,7,152,2,149
merged,PMC4806293_table_3,PMC4806293_table_3.xml,True,large,143,150,141,107,110.280121,141,14,129,12,129
merged,PMC5955572_table_6,PMC5955572_table_6.xml,False,small,16,21,12,0,7.283325,12,0,16,0,12
merged,PMC5826966_table_2,PMC5826966_table_2.xml,True,medium,40,15,3,3,2.541326,3,6,34,3,0
merged,PMC4806486_table_2,PMC4806486_table_2.xml,False,large,80,75,55,36,40.577114,55,0,80,0,55
merged,PMC5712124_table_0,PMC5712124_table_0.xml,True,medium,38,41,27,6,18.288899,27,2,36,0,27
merged,PMC4585998_table_1,PMC4585998_table_1.xml,False,small,16,4,0,0,0,0,0,16,0,0
merged,PMC5025662_table_0,PMC5025662_table_0.xml,True,small,26,30,26,15,19.955626,26,3,23,3,23
merged,PMC4349776_table_3,PMC4349776_table_3.xml,False,small,20,26,20,3,13.475886,20,0,20,0,20
merged,PMC4810510_table_5,PMC4810510_table_5.xml,True,large,158,166,81,2,54.925316,81,20,138,3,78
merged,PMC3510242_table_1,PMC3510242_table_1.xml,True,medium,62,64,59,48,46.866992,59,3,59,2,57
merged,PMC2971855_table_2,PMC2971855_table_2.xml,False,small,15,29,3,0,1.717776,3,0,15,0,3
merged,PMC3403942_table_0,PMC3403942_table_0.xml,True,medium,59,87,48,35,38.032449,48,16,43,8,40
merged,PMC4893485_table_1,PMC4893485_table_1.xml,True,small,13,8,5,4,3.911754,5,5,8,5,0
merged,PMC4471362_table_0,PMC4471362_table_0.xml,False,small,35,33,28,0,18.329363,28,0,35,0,28
merged,PMC2979536_table_1,PMC2979536_table_1.xml,False,small,16,21,14,0,8.858238,14,0,16,0,14
merged,PMC4742874_table_0,PMC4742874_table_0.xml,True,large,54,60,52,48,41.718273,52,10,44,8,44
merged,PMC4652281_table_3,PMC4652281_table_3.xml,True,medium,68,73,68,59,56.276944,68,2,66,2,66
merged,PMC4849662_table_2,PMC4849662_table_2.xml,True,small,17,8,1,0,0.522787,1,1,16,1,0
merged,PMC3413424_table_0,PMC3413424_table_0.xml,True,small,17,25,10,4,7.00782,10,5,12,0,10
merged,PMC4598679_table_0,PMC4598679_table_0.xml,False,small,32,34,32,27,27.213576,32,0,32,0,32
merged,PMC4359522_table_0,PMC4359522_table_0.xml,False,large,154,158,149,57,105.710643,149,0,154,0,149
merged,PMC3364148_table_0,PMC3364148_table_0.xml,False,large,123,49,14,7,9.625893,14,0,123,0,14
merged,PMC5814010_table_2,PMC5814010_table_2.xml,True,small,21,26,21,8,16.183992,21,3,18,3,18
merged,PMC6235971_table_0,PMC6235971_table_0.xml,True,small,19,22,19,12,14.972091,19,2,17,2,17
merged,PMC6373102_table_1,PMC6373102_table_1.xml,True,large,93,103,78,56,60.697946,78,13,80,3,75
merged,PMC4636288_table_5,PMC4636288_table_5.xml,True,medium,37,48,37,27,29.588903,37,3,34,3,34
merged,PMC4995788_table_1,PMC4995788_table_1.xml,True,large,132,180,114,94,89.126321,114,18,114,1,113
merged,PMC6102410_table_2,PMC6102410_table_2.xml,False,medium,50,56,50,45,39.252737,50,0,50,0,50
merged,PMC4574781_table_0,PMC4574781_table_0.xml,True,medium,49,51,49,48,42.409508,49,4,45,4,45
merged,PMC2923087_table_1,PMC2923087_table_1.xml,True,large,413,300,269,107,196.589997,269,11,402,1,268
merged,PMC4897708_table_0,PMC4897708_table_0.xml,False,small,15,19,15,12,12.030213,15,0,15,0,15
merged,PMC4739096_table_1,PMC4739096_table_1.xml,True,large,65,88,23,0,14.130221,23,5,60,0,23
merged,PMC5707922_table_0,PMC5707922_table_0.xml,True,small,17,27,15,5,10.19725,15,1,16,1,14
merged,PMC5702311_table_1,PMC5702311_table_1.xml,True,large,142,196,130,90,102.170987,130,9,133,1,129
merged,PMC6091767_table_1,PMC6091767_table_1.xml,False,medium,54,56,50,0,31.816157,50,0,54,0,50
merged,PMC3240627_table_0,PMC3240627_table_0.xml,False,small,16,20,13,9,9.548976,13,0,16,0,13
merged,PMC3108124_table_1,PMC3108124_table_1.xml,True,large,74,93,74,70,58.964844,74,3,71,3,71
merged,PMC5934879_table_2,PMC5934879_table_2.xml,False,medium,36,42,32,22,25.336456,32,0,36,0,32
merged,PMC4519131_table_1,PMC4519131_table_1.xml,False,small,25,25,5,0,3.262234,5,0,25,0,5
merged,PMC5940366_table_0,PMC5940366_table_0.xml,True,large,121,99,77,27,54.220116,77,3,118,0,77
merged,PMC6065341_table_0,PMC6065341_table_0.xml,False,medium,54,70,54,36,44.252567,54,0,54,0,54
merged,PMC4940880_table_0,PMC4940880_table_0.xml,True,large,172,198,168,120,130.561872,168,4,168,0,168
merged,PMC4654900_table_0,PMC4654900_table_0.xml,False,medium,42,42,34,10,22.837142,34,0,42,0,34
merged,PMC6039019_table_0,PMC6039019_table_0.xml,False,medium,56,58,56,42,45.160068,56,0,56,0,56
merged,PMC5894967_table_1,PMC5894967_table_1.xml,True,large,76,88,48,9,28.506594,48,6,70,3,45
merged,PMC2858665_table_0,PMC2858665_table_0.xml,True,small,20,29,8,0,4.974444,8,5,15,0,8
merged,PMC4504487_table_1,PMC4504487_table_1.xml,False,medium,42,25,21,8,15.454498,21,0,42,0,21
merged,PMC4624369_table_2,PMC4624369_table_2.xml,True,small,9,5,1,1,0.855341,1,1,8,1,0
merged,PMC2970321_table_0,PMC2970321_table_0.xml,False,small,20,26,18,0,10.235269,18,0,20,0,18
merged,PMC6148783_table_0,PMC6148783_table_0.xml,False,medium,55,64,19,9,12.770486,19,0,55,0,19
merged,PMC4388571_table_1,PMC4388571_table_1.xml,True,small,18,22,16,5,10.726027,16,6,12,5,11
merged,PMC5765189_table_0,PMC5765189_table_0.xml,False,medium,36,55,36,19,27.314754,36,0,36,0,36
merged,PMC3179728_table_1,PMC3179728_table_1.xml,False,medium,50,52,39,35,32.29334,39,0,50,0,39
merged,PMC5920397_table_1,PMC5920397_table_1.xml,False,medium,48,51,48,30,35.517213,48,0,48,0,48
merged,PMC3562170_table_1,PMC3562170_table_1.xml,False,medium,36,40,10,7,7.492001,10,0,36,0,10
merged,PMC5789680_table_2,PMC5789680_table_2.xml,False,medium,56,45,42,19,31.007969,42,0,56,0,42
merged,PMC1766366_table_0,PMC1766366_table_0.xml,False,medium,60,69,54,22,39.440048,54,0,60,0,54
merged,PMC3506419_table_0,PMC3506419_table_0.xml,False,medium,49,60,42,27,32.34854,42,0,49,0,42
merged,PMC6026135_table_1,PMC6026135_table_1.xml,True,large,245,248,244,202,200.091581,244,3,242,3,241
merged,PMC5010703_table_0,PMC5010703_table_0.xml,True,small,20,13,9,7,7.685071,9,3,17,3,6
merged,PMC5975710_table_2,PMC5975710_table_2.xml,False,medium,36,41,36,32,31.85406,36,0,36,0,36
merged,PMC4354281_table_0,PMC4354281_table_0.xml,False,large,85,96,83,9,55.978786,83,0,85,0,83
merged,PMC4445691_table_0,PMC4445691_table_0.xml,False,small,25,23,21,14,16.723835,21,0,25,0,21
merged,PMC3618200_table_3,PMC3618200_table_3.xml,False,small,16,18,15,8,11.545989,15,0,16,0,15
merged,PMC2980137_table_1,PMC2980137_table_1.xml,False,small,16,21,14,0,9.570888,14,0,16,0,14
merged,PMC3543339_table_0,PMC3543339_table_0.xml,True,medium,47,92,44,22,30.615548,44,3,44,3,41
merged,PMC4930211_table_1,PMC4930211_table_1.xml,True,medium,65,71,63,63,59.427232,63,2,63,0,63
merged,PMC5703480_table_0,PMC5703480_table_0.xml,False,small,22,25,11,10,8.803114,11,0,22,0,11
merged,PMC4390841_table_0,PMC4390841_table_0.xml,False,medium,48,28,26,24,22.309383,26,0,48,0,26
merged,PMC4378924_table_0,PMC4378924_table_0.xml,True,medium,32,24,19,0,10.299498,19,10,22,0,19
merged,PMC4594897_table_2,PMC4594897_table_2.xml,True,large,105,117,105,101,88.613367,105,5,100,5,100
merged,PMC2970104_table_0,PMC2970104_table_0.xml,False,small,20,26,19,0,11.960689,19,0,20,0,19
merged,PMC6145308_table_1,PMC6145308_table_1.xml,False,small,16,14,11,5,7.793932,11,0,16,0,11
merged,PMC4994378_table_0,PMC4994378_table_0.xml,True,large,95,133,87,28,63.009434,87,8,87,0,87
merged,PMC4407714_table_1,PMC4407714_table_1.xml,True,large,80,101,76,17,51.58707,76,4,76,0,76
merged,PMC4453019_table_2,PMC4453019_table_2.xml,True,large,91,96,89,83,71.941981,89,6,85,4,85
merged,PMC3349333_table_2,PMC3349333_table_2.xml,True,small,13,15,13,9,9.814952,13,2,11,2,11
merged,PMC3522606_table_0,PMC3522606_table_0.xml,True,large,86,97,86,13,61.795662,86,4,82,4,82
merged,PMC3573996_table_0,PMC3573996_table_0.xml,False,large,120,122,118,69,95.111692,118,0,120,0,118
merged,PMC4841563_table_3,PMC4841563_table_3.xml,False,small,24,14,5,0,3.087078,5,0,24,0,5
merged,PMC4829176_table_14,PMC4829176_table_14.xml,False,large,138,138,128,122,117.225004,128,0,138,0,128
merged,PMC3306553_table_0,PMC3306553_table_0.xml,True,large,88,113,81,41,60.549811,81,3,85,0,81
merged,PMC4865127_table_2,PMC4865127_table_2.xml,True,large,72,21,3,2,2.386238,3,9,63,2,1
merged,PMC6195500_table_3,PMC6195500_table_3.xml,False,small,15,24,15,11,12.584155,15,0,15,0,15
merged,PMC2975659_table_4,PMC2975659_table_4.xml,True,medium,55,83,37,1,22.665074,37,1,54,0,37
merged,PMC4562344_table_1,PMC4562344_table_1.xml,True,medium,32,39,25,17,19.026574,25,2,30,0,25
merged,PMC4499438_table_2,PMC4499438_table_2.xml,True,medium,66,69,53,22,38.159371,53,2,64,0,53
merged,PMC4967509_table_2,PMC4967509_table_2.xml,True,medium,42,53,37,14,26.338694,37,2,40,0,37
merged,PMC1621074_table_1,PMC1621074_table_1.xml,False,medium,55,63,51,24,35.587982,51,0,55,0,51
merged,PMC1524967_table_6,PMC1524967_table_6.xml,False,small,34,37,32,30,26.799678,32,0,34,0,32
merged,PMC3019011_table_0,PMC3019011_table_0.xml,False,small,18,28,15,9,11.393707,15,0,18,0,15
merged,PMC1513572_table_2,PMC1513572_table_2.xml,False,small,18,17,6,1,4.180438,6,0,18,0,6
merged,PMC3254532_table_3,PMC3254532_table_3.xml,False,small,35,45,22,6,14.611824,22,0,35,0,22
merged,PMC4604614_table_0,PMC4604614_table_0.xml,True,medium,53,118,38,0,24.216726,38,4,49,0,38
merged,PMC4501400_table_1,PMC4501400_table_1.xml,False,small,21,25,18,0,11.716205,18,0,21,0,18
merged,PMC2427197_table_4,PMC2427197_table_4.xml,False,small,15,6,0,0,0,0,0,15,0,0
merged,PMC4504402_table_0,PMC4504402_table_0.xml,True,medium,51,63,37,16,26.801158,37,6,45,3,34
merged,PMC4404307_table_4,PMC4404307_table_4.xml,True,medium,36,31,26,6,17.031648,26,2,34,1,25
merged,PMC4991119_table_0,PMC4991119_table_0.xml,True,large,115,141,112,97,89.020655,112,3,112,0,112
merged,PMC3005913_table_1,PMC3005913_table_1.xml,False,medium,45,5,0,0,0,0,0,45,0,0
merged,PMC5110593_table_2,PMC5110593_table_2.xml,False,small,12,16,12,5,8.313022,12,0,12,0,12
merged,PMC4434122_table_1,PMC4434122_table_1.xml,False,small,24,26,24,19,20.452074,24,0,24,0,24
merged,PMC5178086_table_3,PMC5178086_table_3.xml,True,large,180,235,143,29,96.124228,143,12,168,0,143
merged,PMC2979109_table_0,PMC2979109_table_0.xml,False,small,20,26,19,0,11.171961,19,0,20,0,19
merged,PMC5818526_table_0,PMC5818526_table_0.xml,True,small,31,34,24,1,15.152627,24,2,29,2,22
merged,PMC6089990_table_2,PMC6089990_table_2.xml,False,medium,52,55,51,19,36.381158,51,0,52,0,51
merged,PMC2579308_table_1,PMC2579308_table_1.xml,False,small,16,23,14,4,9.80245,14,0,16,0,14
merged,PMC5145878_table_1,PMC5145878_table_1.xml,True,medium,54,67,53,36,40.508831,53,3,51,3,50
merged,PMC5101760_table_3,PMC5101760_table_3.xml,True,large,66,96,48,41,39.30629,48,22,44,6,42
merged,PMC4360558_table_0,PMC4360558_table_0.xml,True,medium,56,54,38,24,29.431829,38,4,52,0,38
merged,PMC5874052_table_2,PMC5874052_table_2.xml,True,small,22,24,21,12,15.298054,21,2,20,2,19
merged,PMC4929678_table_0,PMC4929678_table_0.xml,True,medium,47,50,47,41,38.90017,47,3,44,3,44
merged,PMC3602305_table_5,PMC3602305_table_5.xml,False,medium,36,47,27,12,19.727559,27,0,36,0,27
merged,PMC2783018_table_0,PMC2783018_table_0.xml,True,small,22,27,6,0,4.235465,6,1,21,1,5
merged,PMC4465022_table_0,PMC4465022_table_0.xml,False,small,24,29,24,19,20.568768,24,0,24,0,24
merged,PMC5014415_table_0,PMC5014415_table_0.xml,False,large,208,211,208,201,178.227224,208,0,208,0,208
merged,PMC4437681_table_2,PMC4437681_table_2.xml,True,medium,50,54,42,0,25.253675,42,4,46,4,38
merged,PMC2688010_table_2,PMC2688010_table_2.xml,True,small,21,29,19,10,13.769761,19,1,20,0,19
merged,PMC5849718_table_0,PMC5849718_table_0.xml,True,medium,59,65,58,43,44.494996,58,1,58,0,58
merged,PMC5095827_table_2,PMC5095827_table_2.xml,False,small,15,21,8,2,5.511142,8,0,15,0,8
merged,PMC3251541_table_0,PMC3251541_table_0.xml,False,small,30,32,29,9,20.719459,29,0,30,0,29
merged,PMC4624795_table_1,PMC4624795_table_1.xml,True,medium,39,49,39,24,29.960083,39,6,33,6,33
merged,PMC5968892_table_1,PMC5968892_table_1.xml,False,medium,39,46,39,24,31.774673,39,0,39,0,39
merged,PMC6218030_table_1,PMC6218030_table_1.xml,False,medium,68,71,68,29,49.505633,68,0,68,0,68
merged,PMC3670993_table_2,PMC3670993_table_2.xml,False,small,27,31,27,25,23.419802,27,0,27,0,27
merged,PMC1590010_table_2,PMC1590010_table_2.xml,True,medium,36,43,33,20,24.80165,33,3,33,1,32
merged,PMC3123832_table_2,PMC3123832_table_2.xml,True,small,10,6,2,2,1.774205,2,2,8,2,0
merged,PMC5976929_table_2,PMC5976929_table_2.xml,True,large,90,116,84,63,70.302858,84,6,84,0,84
merged,PMC5962747_table_1,PMC5962747_table_1.xml,True,large,104,118,103,65,75.708061,103,7,97,6,97
merged,PMC5955586_table_0,PMC5955586_table_0.xml,False,small,18,22,9,0,5.113405,9,0,18,0,9
merged,PMC4816578_table_0,PMC4816578_table_0.xml,False,small,35,39,35,35,29.12674,35,0,35,0,35
merged,PMC2864265_table_0,PMC2864265_table_0.xml,False,small,8,9,3,2,2.302753,3,0,8,0,3
merged,PMC5751830_table_3,PMC5751830_table_3.xml,True,medium,40,43,26,21,20.534801,26,4,36,0,26
merged,PMC3349315_table_2,PMC3349315_table_2.xml,True,small,27,5,0,0,0,0,4,23,0,0
merged,PMC5815616_table_1,PMC5815616_table_1.xml,False,small,25,30,25,18,19.76912,25,0,25,0,25
merged,PMC2968377_table_0,PMC2968377_table_0.xml,False,small,20,26,18,0,10.592376,18,0,20,0,18
merged,PMC5842864_table_1,PMC5842864_table_1.xml,False,small,18,5,0,0,0,0,0,18,0,0
merged,PMC3274923_table_0,PMC3274923_table_0.xml,False,small,18,24,18,7,12.549198,18,0,18,0,18
merged,PMC4965257_table_0,PMC4965257_table_0.xml,False,small,30,34,30,16,22.316284,30,0,30,0,30
merged,PMC3078546_table_1,PMC3078546_table_1.xml,False,medium,54,59,54,51,47.147014,54,0,54,0,54
merged,PMC3161853_table_3,PMC3161853_table_3.xml,False,medium,72,77,72,34,53.082358,72,0,72,0,72
merged,PMC3537189_table_1,PMC3537189_table_1.xml,False,large,98,76,69,46,55.636396,69,0,98,0,69
merged,PMC2518110_table_0,PMC2518110_table_0.xml,False,medium,45,50,44,26,34.910121,44,0,45,0,44
merged,PMC5960004_table_1,PMC5960004_table_1.xml,True,medium,38,54,36,5,24.169778,36,2,36,0,36
merged,PMC4606834_table_2,PMC4606834_table_2.xml,False,small,10,4,0,0,0,0,0,10,0,0
merged,PMC4898401_table_0,PMC4898401_table_0.xml,False,large,266,286,266,79,192.93983,266,0,266,0,266
merged,PMC5956844_table_0,PMC5956844_table_0.xml,True,medium,70,80,70,35,51.8854,70,6,64,6,64
merged,PMC3052123_table_0,PMC3052123_table_0.xml,False,small,16,21,14,0,9.136864,14,0,16,0,14
merged,PMC4632822_table_0,PMC4632822_table_0.xml,True,medium,36,19,13,0,6.784891,13,2,34,0,13
merged,PMC2596126_table_5,PMC2596126_table_5.xml,True,small,21,18,15,14,13.062445,15,2,19,1,14
merged,PMC5995376_table_0,PMC5995376_table_0.xml,True,large,86,106,59,0,35.283476,59,6,80,0,59
merged,PMC5701498_table_1,PMC5701498_table_1.xml,True,large,95,135,65,0,39.147249,65,28,67,1,64
merged,PMC3540763_table_1,PMC3540763_table_1.xml,True,small,32,40,32,21,25.425334,32,3,29,3,29
merged,PMC4866031_table_3,PMC4866031_table_3.xml,True,large,57,137,21,3,13.299942,21,12,45,0,21
merged,PMC6192302_table_2,PMC6192302_table_2.xml,True,medium,32,31,15,3,9.644284,15,2,30,0,15
merged,PMC6157696_table_0,PMC6157696_table_0.xml,False,small,20,26,18,2,11.285835,18,0,20,0,18
merged,PMC2375871_table_2,PMC2375871_table_2.xml,True,small,18,18,14,6,9.870676,14,2,16,2,12
merged,PMC3483647_table_1,PMC3483647_table_1.xml,True,medium,56,74,55,33,41.368021,55,2,54,1,54
merged,PMC4941281_table_5,PMC4941281_table_5.xml,True,medium,47,52,47,39,38.935357,47,3,44,3,44
merged,PMC4449761_table_1,PMC4449761_table_1.xml,False,medium,45,48,43,28,31.259914,43,0,45,0,43
merged,PMC2648779_table_1,PMC2648779_table_1.xml,True,medium,38,60,36,28,30.314612,36,2,36,0,36
merged,PMC4624169_table_0,PMC4624169_table_0.xml,True,large,72,104,41,40,34.706782,41,17,55,2,39
merged,PMC1906757_table_3,PMC1906757_table_3.xml,True,medium,33,41,31,17,23.431623,31,3,30,3,28
merged,PMC4674919_table_0,PMC4674919_table_0.xml,False,medium,44,51,44,39,34.987973,44,0,44,0,44
merged,PMC4871862_table_0,PMC4871862_table_0.xml,False,small,28,14,12,10,9.918705,12,0,28,0,12
merged,PMC6234669_table_2,PMC6234669_table_2.xml,True,large,102,92,56,45,46.515805,56,20,82,7,49
merged,PMC4719686_table_0,PMC4719686_table_0.xml,False,small,21,32,15,10,11.330257,15,0,21,0,15
merged,PMC5058751_table_0,PMC5058751_table_0.xml,True,large,153,173,137,102,116.763225,137,15,138,1,136
merged,PMC3042918_table_2,PMC3042918_table_2.xml,True,large,212,85,69,34,49.962104,69,7,205,2,67
merged,PMC2438326_table_1,PMC2438326_table_1.xml,False,medium,55,58,43,27,32.450171,43,0,55,0,43
merged,PMC2488328_table_1,PMC2488328_table_1.xml,True,large,92,91,78,74,63.804835,78,5,87,0,78
merged,PMC3639264_table_0,PMC3639264_table_0.xml,False,medium,42,46,41,38,36.367536,41,0,42,0,41
merged,PMC2585588_table_0,PMC2585588_table_0.xml,False,medium,45,51,45,20,33.040981,45,0,45,0,45
merged,PMC5918569_table_2,PMC5918569_table_2.xml,False,small,35,50,35,26,28.103491,35,0,35,0,35
merged,PMC3123847_table_1,PMC3123847_table_1.xml,True,medium,67,67,65,60,53.850314,65,3,64,2,63
merged,PMC5667804_table_0,PMC5667804_table_0.xml,False,small,24,26,23,11,17.756255,23,0,24,0,23
merged,PMC3176760_table_0,PMC3176760_table_0.xml,False,medium,36,44,19,0,11.609848,19,0,36,0,19
merged,PMC3009027_table_2,PMC3009027_table_2.xml,False,small,25,40,14,0,7.965805,14,0,25,0,14
merged,PMC4886160_table_0,PMC4886160_table_0.xml,False,large,90,112,89,16,62.898544,89,0,90,0,89
merged,PMC4439031_table_1,PMC4439031_table_1.xml,True,large,83,106,80,75,64.605556,80,3,80,0,80
merged,PMC3684745_table_3,PMC3684745_table_3.xml,True,large,141,159,119,11,80.993755,119,5,136,0,119
merged,PMC5700096_table_2,PMC5700096_table_2.xml,False,small,18,21,18,5,12.623932,18,0,18,0,18
merged,PMC3557148_table_1,PMC3557148_table_1.xml,False,large,96,94,91,47,67.433111,91,0,96,0,91
merged,PMC3237410_table_0,PMC3237410_table_0.xml,True,large,156,197,149,66,107.091716,149,12,144,5,144
merged,PMC3063837_table_1,PMC3063837_table_1.xml,False,large,92,71,63,44,47.03655,63,0,92,0,63
merged,PMC4431502_table_1,PMC4431502_table_1.xml,True,large,140,155,125,80,97.561285,125,15,125,8,117
merged,PMC1192817_table_3,PMC1192817_table_3.xml,False,medium,54,86,54,42,45.318679,54,0,54,0,54
merged,PMC3118713_table_3,PMC3118713_table_3.xml,False,large,341,300,300,261,252.919899,300,0,341,0,300
merged,PMC4414453_table_0,PMC4414453_table_0.xml,False,small,8,6,4,3,3.043378,4,0,8,0,4
merged,PMC6091292_table_0,PMC6091292_table_0.xml,False,small,18,24,18,3,12.736726,18,0,18,0,18
merged,PMC6142186_table_0,PMC6142186_table_0.xml,True,large,90,114,78,57,61.16478,78,6,84,0,78
merged,PMC2780999_table_3,PMC2780999_table_3.xml,False,large,114,125,110,68,79.701693,110,0,114,0,110
merged,PMC3414449_table_0,PMC3414449_table_0.xml,True,large,99,82,54,10,35.658808,54,8,91,3,51
merged,PMC4892679_table_1,PMC4892679_table_1.xml,True,medium,32,11,4,3,3.305556,4,2,30,2,2
merged,PMC5727003_table_2,PMC5727003_table_2.xml,True,medium,37,40,30,14,23.130145,30,2,35,1,29
merged,PMC1065107_table_1,PMC1065107_table_1.xml,True,large,55,76,49,33,37.545563,49,6,49,0,49
merged,PMC4619589_table_3,PMC4619589_table_3.xml,True,large,73,86,68,64,55.021068,68,5,68,2,66
merged,PMC4999370_table_0,PMC4999370_table_0.xml,False,large,92,106,71,33,52.500015,71,0,92,0,71
merged,PMC5725584_table_2,PMC5725584_table_2.xml,True,small,21,23,21,21,18.793994,21,1,20,1,20
merged,PMC5953442_table_1,PMC5953442_table_1.xml,False,medium,48,50,48,33,37.94036,48,0,48,0,48
merged,PMC4816552_table_2,PMC4816552_table_2.xml,True,medium,29,38,24,5,15.722131,24,7,22,5,19
merged,PMC4425098_table_0,PMC4425098_table_0.xml,True,large,107,132,100,95,84.934992,100,12,95,5,95
merged,PMC3599226_table_0,PMC3599226_table_0.xml,True,medium,30,47,27,20,22.099686,27,4,26,3,24
merged,PMC4433905_table_2,PMC4433905_table_2.xml,True,medium,44,57,44,12,31.523533,44,3,41,3,41
merged,PMC3380946_table_3,PMC3380946_table_3.xml,False,large,98,119,97,73,77.77364,97,0,98,0,97
merged,PMC5048623_table_2,PMC5048623_table_2.xml,True,medium,33,32,20,13,14.965081,20,3,30,0,20
merged,PMC3006929_table_1,PMC3006929_table_1.xml,False,small,16,21,15,0,9.895185,15,0,16,0,15
merged,PMC6142379_table_1,PMC6142379_table_1.xml,False,medium,36,40,36,29,28.917137,36,0,36,0,36
merged,PMC6060796_table_0,PMC6060796_table_0.xml,False,small,10,20,5,2,3.604393,5,0,10,0,5
merged,PMC6223088_table_4,PMC6223088_table_4.xml,False,small,35,44,28,9,19.314069,28,0,35,0,28
merged,PMC4423522_table_1,PMC4423522_table_1.xml,True,medium,48,93,25,6,16.073345,25,6,42,3,22
merged,PMC4552273_table_0,PMC4552273_table_0.xml,False,medium,45,59,39,16,28.794854,39,0,45,0,39
merged,PMC3608149_table_2,PMC3608149_table_2.xml,True,small,26,31,26,19,20.241256,26,1,25,1,25
merged,PMC2957681_table_2,PMC2957681_table_2.xml,False,large,84,75,73,47,57.456149,73,0,84,0,73
merged,PMC3154280_table_2,PMC3154280_table_2.xml,True,large,88,109,84,28,59.013012,84,4,84,0,84
merged,PMC6235215_table_0,PMC6235215_table_0.xml,True,large,83,99,82,49,63.241398,82,3,80,2,80
merged,PMC1550399_table_3,PMC1550399_table_3.xml,True,large,114,121,112,45,79.44524,112,11,103,10,102
merged,PMC5743479_table_2,PMC5743479_table_2.xml,True,medium,44,55,40,9,27.059851,40,3,41,0,40
merged,PMC5722813_table_2,PMC5722813_table_2.xml,False,large,110,115,110,65,83.546387,110,0,110,0,110
merged,PMC1261260_table_3,PMC1261260_table_3.xml,False,medium,45,65,44,32,35.303052,44,0,45,0,44
merged,PMC4923075_table_0,PMC4923075_table_0.xml,False,small,30,35,30,24,25.347541,30,0,30,0,30
merged,PMC6028376_table_3,PMC6028376_table_3.xml,True,large,112,117,112,87,88.310557,112,3,109,3,109
merged,PMC3007292_table_2,PMC3007292_table_2.xml,False,large,119,7,0,0,0,0,0,119,0,0
merged,PMC2981526_table_1,PMC2981526_table_1.xml,False,large,208,211,208,124,158.991465,208,0,208,0,208
merged,PMC3344586_table_1,PMC3344586_table_1.xml,False,medium,50,56,47,26,33.804195,47,0,50,0,47
merged,PMC3558449_table_2,PMC3558449_table_2.xml,True,large,131,148,127,112,99.739896,127,8,123,4,123
merged,PMC3130384_table_0,PMC3130384_table_0.xml,False,small,16,3,0,0,0,0,0,16,0,0
merged,PMC3050259_table_0,PMC3050259_table_0.xml,False,small,18,24,17,0,10.481038,17,0,18,0,17
merged,PMC4906974_table_2,PMC4906974_table_2.xml,True,large,190,222,161,0,101.5607,161,4,186,0,161
merged,PMC2362127_table_1,PMC2362127_table_1.xml,False,large,222,229,222,93,162.808406,222,0,222,0,222
merged,PMC4885004_table_2,PMC4885004_table_2.xml,True,large,103,115,98,68,74.754456,98,3,100,0,98
merged,PMC3364269_table_1,PMC3364269_table_1.xml,True,medium,53,20,0,0,0,0,1,52,0,0
merged,PMC3224112_table_0,PMC3224112_table_0.xml,False,small,25,4,0,0,0,0,0,25,0,0
merged,PMC4590700_table_2,PMC4590700_table_2.xml,True,large,148,180,136,128,118.957441,136,8,140,0,136
merged,PMC6051080_table_0,PMC6051080_table_0.xml,False,small,24,35,23,22,19.327282,23,0,24,0,23
merged,PMC6077620_table_0,PMC6077620_table_0.xml,False,small,26,28,25,11,18.639536,25,0,26,0,25
merged,PMC3599226_table_1,PMC3599226_table_1.xml,True,large,87,76,35,0,19.426689,35,10,77,2,33
merged,PMC2646303_table_1,PMC2646303_table_1.xml,False,large,100,112,99,57,75.625511,99,0,100,0,99
merged,PMC5051338_table_0,PMC5051338_table_0.xml,True,small,26,5,0,0,0,0,1,25,0,0
merged,PMC3515476_table_0,PMC3515476_table_0.xml,False,small,15,17,14,0,7.973942,14,0,15,0,14
merged,PMC5008639_table_2,PMC5008639_table_2.xml,False,small,12,14,4,0,2.275704,4,0,12,0,4
merged,PMC3110108_table_3,PMC3110108_table_3.xml,False,small,24,27,20,6,12.153631,20,0,24,0,20
merged,PMC4552859_table_2,PMC4552859_table_2.xml,False,medium,63,67,63,30,47.067306,63,0,63,0,63
merged,PMC3358350_table_0,PMC3358350_table_0.xml,True,large,139,158,127,33,89.729771,127,7,132,1,126
merged,PMC2969653_table_1,PMC2969653_table_1.xml,False,large,175,28,25,18,20.108371,25,0,175,0,25
merged,PMC3051715_table_2,PMC3051715_table_2.xml,False,large,133,7,0,0,0,0,0,133,0,0
merged,PMC3519644_table_1,PMC3519644_table_1.xml,True,medium,74,90,72,67,61.598261,72,3,71,1,71
merged,PMC2961772_table_0,PMC2961772_table_0.xml,False,small,20,27,18,0,11.346737,18,0,20,0,18
merged,PMC5085210_table_2,PMC5085210_table_2.xml,True,large,116,132,113,90,91.249707,113,5,111,2,111
merged,PMC3419246_table_3,PMC3419246_table_3.xml,True,large,148,183,144,42,104.013642,144,5,143,1,143
merged,PMC4575020_table_2,PMC4575020_table_2.xml,False,small,18,18,10,5,7.036278,10,0,18,0,10
merged,PMC3503690_table_0,PMC3503690_table_0.xml,True,large,75,82,71,50,55.354766,71,5,70,2,69
merged,PMC6080075_table_0,PMC6080075_table_0.xml,False,small,15,17,15,4,10.6419,15,0,15,0,15
merged,PMC5751392_table_0,PMC5751392_table_0.xml,False,small,8,4,0,0,0,0,0,8,0,0
merged,PMC4815677_table_0,PMC4815677_table_0.xml,False,medium,64,88,60,13,40.665259,60,0,64,0,60
merged,PMC5939194_table_1,PMC5939194_table_1.xml,False,medium,40,45,36,0,23.640043,36,0,40,0,36
merged,PMC2773778_table_0,PMC2773778_table_0.xml,True,large,306,297,241,70,160.277288,241,6,300,1,240
merged,PMC2245971_table_1,PMC2245971_table_1.xml,True,medium,39,19,14,3,9.278058,14,5,34,3,11
merged,PMC2277399_table_6,PMC2277399_table_6.xml,False,large,84,89,66,19,46.060079,66,0,84,0,66
merged,PMC4429473_table_1,PMC4429473_table_1.xml,True,medium,46,54,42,35,37.689821,42,3,43,1,41
merged,PMC2740668_table_0,PMC2740668_table_0.xml,True,medium,67,92,56,52,44.649888,56,7,60,1,55
merged,PMC3236038_table_2,PMC3236038_table_2.xml,False,medium,54,59,53,51,45.32845,53,0,54,0,53
merged,PMC5981094_table_1,PMC5981094_table_1.xml,True,small,14,4,0,0,0,0,1,13,0,0
merged,PMC2989309_table_0,PMC2989309_table_0.xml,False,small,32,26,24,23,21.019043,24,0,32,0,24
merged,PMC3219586_table_1,PMC3219586_table_1.xml,False,small,18,28,18,10,14.033814,18,0,18,0,18
merged,PMC4448311_table_14,PMC4448311_table_14.xml,False,large,165,209,164,24,116.632498,164,0,165,0,164
merged,PMC4928746_table_0,PMC4928746_table_0.xml,False,small,6,12,3,2,2.416984,3,0,6,0,3
merged,PMC4344795_table_1,PMC4344795_table_1.xml,True,medium,41,61,36,28,29.39769,36,4,37,0,36
merged,PMC5745993_table_3,PMC5745993_table_3.xml,True,large,73,114,67,13,45.848679,67,3,70,0,67
merged,PMC5910587_table_1,PMC5910587_table_1.xml,False,large,100,123,64,17,42.134021,64,0,100,0,64
merged,PMC5063825_table_0,PMC5063825_table_0.xml,True,large,128,148,110,64,81.137473,110,1,127,0,110
merged,PMC6193427_table_0,PMC6193427_table_0.xml,False,large,90,113,90,65,70.106922,90,0,90,0,90
merged,PMC3152521_table_2,PMC3152521_table_2.xml,False,medium,40,52,40,17,30.175605,40,0,40,0,40
merged,PMC4895167_table_0,PMC4895167_table_0.xml,True,large,81,86,81,81,72.801959,81,3,78,3,78
merged,PMC3218902_table_1,PMC3218902_table_1.xml,True,large,133,123,114,98,91.123147,114,4,129,1,113
merged,PMC3317115_table_0,PMC3317115_table_0.xml,False,small,20,22,16,13,13.081491,16,0,20,0,16
merged,PMC3033808_table_1,PMC3033808_table_1.xml,False,small,24,24,22,9,15.774857,22,0,24,0,22
merged,PMC5857072_table_3,PMC5857072_table_3.xml,True,medium,58,84,46,25,33.990567,46,7,51,5,41
merged,PMC3209419_table_1,PMC3209419_table_1.xml,False,large,210,236,200,31,138.046237,200,0,210,0,200
merged,PMC4493450_table_0,PMC4493450_table_0.xml,True,medium,65,79,57,56,52.513719,57,7,58,0,57
merged,PMC3256097_table_0,PMC3256097_table_0.xml,False,small,18,13,9,6,6.772996,9,0,18,0,9
merged,PMC2311300_table_2,PMC2311300_table_2.xml,True,medium,44,62,35,25,27.428278,35,2,42,0,35
merged,PMC5823866_table_1,PMC5823866_table_1.xml,True,medium,62,74,60,34,47.306274,60,2,60,0,60
merged,PMC4524703_table_1,PMC4524703_table_1.xml,True,large,74,80,74,56,61.81659,74,3,71,3,71
merged,PMC4528708_table_0,PMC4528708_table_0.xml,True,medium,37,34,9,0,5.667875,9,3,34,1,8
merged,PMC4751176_table_0,PMC4751176_table_0.xml,True,medium,40,93,27,0,16.204139,27,7,33,1,26
merged,PMC3626802_table_2,PMC3626802_table_2.xml,False,small,12,5,0,0,0,0,0,12,0,0
merged,PMC4727886_table_3,PMC4727886_table_3.xml,False,small,28,25,20,0,13.16257,20,0,28,0,20
merged,PMC3673139_table_2,PMC3673139_table_2.xml,False,medium,64,81,63,42,48.106892,63,0,64,0,63
merged,PMC4507693_table_3,PMC4507693_table_3.xml,False,small,18,20,18,12,14.403688,18,0,18,0,18
merged,PMC5097412_table_1,PMC5097412_table_1.xml,True,medium,37,54,35,24,27.782515,35,2,35,0,35
merged,PMC4454579_table_0,PMC4454579_table_0.xml,True,medium,69,39,33,10,23.199942,33,3,66,0,33
merged,PMC6196262_table_2,PMC6196262_table_2.xml,False,medium,60,60,42,26,33.770471,42,0,60,0,42
merged,PMC5055238_table_0,PMC5055238_table_0.xml,False,small,15,42,7,0,3.804256,7,0,15,0,7
merged,PMC6191440_table_0,PMC6191440_table_0.xml,False,large,112,116,112,46,79.678371,112,0,112,0,112
merged,PMC3440401_table_0,PMC3440401_table_0.xml,True,large,201,223,192,94,142.87425,192,5,196,2,190
merged,PMC4430806_table_0,PMC4430806_table_0.xml,True,large,97,90,47,16,33.732882,47,5,92,0,47
merged,PMC5855635_table_1,PMC5855635_table_1.xml,True,medium,61,71,60,58,53.145895,60,2,59,1,59
merged,PMC6060133_table_0,PMC6060133_table_0.xml,True,medium,64,68,55,17,37.183032,55,4,60,4,51
merged,PMC2405773_table_0,PMC2405773_table_0.xml,True,large,121,116,102,86,84.312235,102,6,115,2,100
merged,PMC3151838_table_3,PMC3151838_table_3.xml,False,small,15,25,5,0,2.618466,5,0,15,0,5
merged,PMC6035464_table_0,PMC6035464_table_0.xml,False,small,12,23,6,0,3.298136,6,0,12,0,6
merged,PMC3011718_table_3,PMC3011718_table_3.xml,False,small,15,25,3,0,1.654463,3,0,15,0,3
merged,PMC3621759_table_3,PMC3621759_table_3.xml,True,small,16,25,11,2,7.034853,11,4,12,0,11
merged,PMC5770061_table_0,PMC5770061_table_0.xml,True,large,114,112,93,85,74.186303,93,3,111,3,90
merged,PMC4538909_table_0,PMC4538909_table_0.xml,False,small,14,4,0,0,0,0,0,14,0,0
merged,PMC6002294_table_0,PMC6002294_table_0.xml,True,medium,51,94,42,11,29.632779,42,3,48,0,42
merged,PMC6207690_table_0,PMC6207690_table_0.xml,False,large,238,238,232,59,168.569799,232,0,238,0,232
merged,PMC2994823_table_5,PMC2994823_table_5.xml,True,small,10,7,3,1,2.006429,3,4,6,1,2
merged,PMC2960995_table_1,PMC2960995_table_1.xml,False,small,16,20,15,4,10.015512,15,0,16,0,15
merged,PMC4951257_table_2,PMC4951257_table_2.xml,True,medium,35,39,33,23,26.475828,33,5,30,3,30
merged,PMC5863327_table_0,PMC5863327_table_0.xml,False,small,20,30,20,16,16.238086,20,0,20,0,20
merged,PMC6037719_table_0,PMC6037719_table_0.xml,True,large,113,122,111,69,80.268055,111,4,109,3,108
merged,PMC1868737_table_0,PMC1868737_table_0.xml,False,small,18,17,6,0,4.135428,6,0,18,0,6
merged,PMC3152872_table_3,PMC3152872_table_3.xml,False,small,25,7,0,0,0,0,0,25,0,0
merged,PMC2414658_table_0,PMC2414658_table_0.xml,True,medium,57,87,24,7,15.457344,24,6,51,6,18
merged,PMC4726178_table_0,PMC4726178_table_0.xml,True,medium,45,51,44,36,35.331239,44,9,36,8,36
merged,PMC4684830_table_0,PMC4684830_table_0.xml,True,small,11,13,11,8,8.228614,11,1,10,1,10
merged,PMC4451964_table_0,PMC4451964_table_0.xml,True,large,171,173,170,161,143.178509,170,5,166,5,165
merged,PMC2881888_table_2,PMC2881888_table_2.xml,True,medium,44,53,44,35,36.282523,44,3,41,3,41
merged,PMC4476686_table_0,PMC4476686_table_0.xml,False,medium,54,65,54,38,41.723163,54,0,54,0,54
merged,PMC2977676_table_2,PMC2977676_table_2.xml,False,large,160,168,158,76,114.744277,158,0,160,0,158
merged,PMC4733276_table_1,PMC4733276_table_1.xml,True,large,88,103,61,18,42.882773,61,3,85,0,61
merged,PMC4753857_table_4,PMC4753857_table_4.xml,True,large,330,300,280,256,223.777865,280,11,319,11,269
merged,PMC3577688_table_2,PMC3577688_table_2.xml,True,large,70,97,45,28,33.770318,45,10,60,0,45
merged,PMC3229532_table_5,PMC3229532_table_5.xml,False,small,21,30,21,8,14.89736,21,0,21,0,21
merged,PMC5091883_table_4,PMC5091883_table_4.xml,True,large,114,119,113,98,93.971973,113,6,108,5,108
merged,PMC5842561_table_3,PMC5842561_table_3.xml,False,small,20,25,20,15,15.688224,20,0,20,0,20
merged,PMC3438128_table_0,PMC3438128_table_0.xml,True,medium,53,76,29,8,18.904562,29,3,50,0,29
merged,PMC6031195_table_1,PMC6031195_table_1.xml,True,large,142,149,126,42,88.344963,126,5,137,4,122
merged,PMC5855029_table_0,PMC5855029_table_0.xml,False,small,18,21,18,12,14.134647,18,0,18,0,18
merged,PMC2827475_table_4,PMC2827475_table_4.xml,False,small,8,4,1,0,0.687582,1,0,8,0,1
merged,PMC4910197_table_1,PMC4910197_table_1.xml,True,large,157,191,149,126,123.755854,149,3,154,0,149
merged,PMC3558497_table_2,PMC3558497_table_2.xml,True,large,127,169,108,1,69.704968,108,9,118,1,107
merged,PMC6163272_table_1,PMC6163272_table_1.xml,True,medium,38,18,15,9,11.297528,15,5,33,5,10
merged,PMC3209421_table_1,PMC3209421_table_1.xml,True,large,94,110,88,13,57.535327,88,2,92,0,88
merged,PMC1173115_table_0,PMC1173115_table_0.xml,True,medium,31,36,20,15,16.247448,20,5,26,1,19
merged,PMC4620401_table_0,PMC4620401_table_0.xml,False,small,35,41,35,20,26.368928,35,0,35,0,35
merged,PMC3354746_table_1,PMC3354746_table_1.xml,False,medium,40,48,40,21,29.846439,40,0,40,0,40
merged,PMC4584024_table_0,PMC4584024_table_0.xml,True,small,19,12,9,5,6.592082,9,1,18,1,8
merged,PMC2936311_table_0,PMC2936311_table_0.xml,True,small,29,38,29,15,22.598383,29,3,26,3,26
merged,PMC4569327_table_0,PMC4569327_table_0.xml,False,small,30,29,19,9,13.360125,19,0,30,0,19
merged,PMC2774164_table_0,PMC2774164_table_0.xml,False,small,30,34,29,6,19.236209,29,0,30,0,29
merged,PMC6150896_table_1,PMC6150896_table_1.xml,True,medium,47,53,47,38,39.748316,47,3,44,3,44
merged,PMC2674067_table_0,PMC2674067_table_0.xml,False,large,120,124,120,99,89.703157,120,0,120,0,120
merged,PMC5957403_table_0,PMC5957403_table_0.xml,True,medium,50,51,48,36,37.638148,48,2,48,2,46
merged,PMC3515431_table_3,PMC3515431_table_3.xml,False,small,18,21,18,13,13.764387,18,0,18,0,18
merged,PMC4743976_table_1,PMC4743976_table_1.xml,True,medium,56,17,0,0,0,0,2,54,0,0
merged,PMC2689272_table_0,PMC2689272_table_0.xml,True,medium,34,38,31,18,22.861817,31,5,29,3,28
merged,PMC2904389_table_2,PMC2904389_table_2.xml,True,large,186,194,183,113,136.220744,183,4,182,1,182
merged,PMC3601255_table_0,PMC3601255_table_0.xml,False,small,20,14,9,0,5.669891,9,0,20,0,9
merged,PMC3091871_table_0,PMC3091871_table_0.xml,True,large,378,299,285,29,194.064658,285,11,367,0,285
merged,PMC3565310_table_2,PMC3565310_table_2.xml,False,medium,72,80,72,68,62.331595,72,0,72,0,72
merged,PMC6224011_table_0,PMC6224011_table_0.xml,True,medium,59,82,41,12,27.62323,41,3,56,0,41
merged,PMC2585071_table_2,PMC2585071_table_2.xml,True,small,13,13,8,5,6.093154,8,1,12,0,8
merged,PMC1794239_table_0,PMC1794239_table_0.xml,True,medium,40,55,35,22,26.888977,35,4,36,1,34
merged,PMC2844391_table_6,PMC2844391_table_6.xml,True,small,25,35,25,17,19.110511,25,2,23,2,23
merged,PMC3413694_table_2,PMC3413694_table_2.xml,True,large,77,93,53,3,32.174612,53,4,73,0,53
merged,PMC4820474_table_1,PMC4820474_table_1.xml,False,small,28,30,27,19,21.01223,27,0,28,0,27
merged,PMC3059479_table_0,PMC3059479_table_0.xml,True,medium,56,10,0,0,0,0,4,52,0,0
merged,PMC4510441_table_1,PMC4510441_table_1.xml,True,large,92,107,92,56,69.942009,92,6,86,6,86
merged,PMC2841197_table_0,PMC2841197_table_0.xml,False,small,28,28,25,20,19.325008,25,0,28,0,25
merged,PMC4610448_table_1,PMC4610448_table_1.xml,False,small,20,22,20,14,16.326468,20,0,20,0,20
merged,PMC1783850_table_0,PMC1783850_table_0.xml,False,medium,52,57,52,44,41.643753,52,0,52,0,52
merged,PMC1182365_table_3,PMC1182365_table_3.xml,False,large,112,134,104,79,83.07692,104,0,112,0,104
merged,PMC4973110_table_1,PMC4973110_table_1.xml,True,large,127,134,121,11,83.547605,121,14,113,13,108
merged,PMC3011614_table_1,PMC3011614_table_1.xml,False,small,14,22,11,3,7.444771,11,0,14,0,11
merged,PMC4539059_table_0,PMC4539059_table_0.xml,True,medium,34,43,22,16,17.06712,22,2,32,0,22
merged,PMC2613904_table_4,PMC2613904_table_4.xml,False,small,10,13,4,0,2.397323,4,0,10,0,4
merged,PMC4828718_table_0,PMC4828718_table_0.xml,True,medium,49,54,49,47,39.572725,49,5,44,5,44
merged,PMC2148039_table_2,PMC2148039_table_2.xml,False,small,12,14,11,0,6.997539,11,0,12,0,11
merged,PMC2959437_table_1,PMC2959437_table_1.xml,False,small,15,25,3,0,1.678846,3,0,15,0,3
merged,PMC2958658_table_0,PMC2958658_table_0.xml,False,small,32,37,31,28,24.497742,31,0,32,0,31
merged,PMC3201504_table_3,PMC3201504_table_3.xml,False,small,20,35,5,0,2.815984,5,0,20,0,5
merged,PMC1564139_table_4,PMC1564139_table_4.xml,True,medium,73,76,73,59,58.302145,73,4,69,4,69
merged,PMC5932354_table_0,PMC5932354_table_0.xml,False,small,35,44,35,23,26.460188,35,0,35,0,35
merged,PMC1894963_table_0,PMC1894963_table_0.xml,True,medium,42,61,39,23,30.386591,39,2,40,0,39
merged,PMC4623515_table_1,PMC4623515_table_1.xml,False,small,20,7,5,0,3.22151,5,0,20,0,5
merged,PMC3280193_table_2,PMC3280193_table_2.xml,True,medium,43,53,42,27,33.111619,42,4,39,3,39
merged,PMC1526426_table_1,PMC1526426_table_1.xml,True,large,85,63,46,12,29.410718,46,8,77,4,42
merged,PMC5909278_table_2,PMC5909278_table_2.xml,False,small,20,26,20,14,15.446246,20,0,20,0,20
merged,PMC4610448_table_2,PMC4610448_table_2.xml,False,small,15,15,13,12,10.718866,13,0,15,0,13
merged,PMC4373726_table_1,PMC4373726_table_1.xml,True,medium,59,25,5,5,4.421957,5,5,54,5,0
merged,PMC2639378_table_2,PMC2639378_table_2.xml,True,small,28,34,27,21,22.184486,27,1,27,0,27
merged,PMC4580662_table_0,PMC4580662_table_0.xml,True,medium,34,28,18,17,15.609844,18,3,31,2,16
merged,PMC3506490_table_2,PMC3506490_table_2.xml,True,large,139,165,68,49,52.942732,68,8,131,6,62
merged,PMC4910197_table_0,PMC4910197_table_0.xml,False,small,9,10,8,8,7.199671,8,0,9,0,8
merged,PMC5011784_table_0,PMC5011784_table_0.xml,True,large,85,144,82,28,58.322336,82,8,77,8,74
merged,PMC5055558_table_0,PMC5055558_table_0.xml,True,medium,61,63,61,41,47.717528,61,3,58,3,58
merged,PMC4521140_table_8,PMC4521140_table_8.xml,True,medium,67,43,33,0,20.784361,33,3,64,0,33
merged,PMC6203360_table_0,PMC6203360_table_0.xml,True,large,102,122,99,86,78.975552,99,3,99,0,99
merged,PMC2245909_table_2,PMC2245909_table_2.xml,True,large,83,88,79,56,61.612112,79,5,78,1,78
merged,PMC3118248_table_2,PMC3118248_table_2.xml,True,large,305,296,236,135,177.501566,236,18,287,0,236
merged,PMC6019745_table_1,PMC6019745_table_1.xml,True,medium,27,31,24,4,16.320207,24,3,24,0,24
merged,PMC2893110_table_0,PMC2893110_table_0.xml,True,medium,37,49,35,17,26.681493,35,4,33,3,32
merged,PMC3040163_table_3,PMC3040163_table_3.xml,True,small,21,27,19,14,15.843203,19,3,18,1,18
merged,PMC5753525_table_0,PMC5753525_table_0.xml,True,medium,44,17,5,5,4.285164,5,5,39,5,0
merged,PMC5687717_table_1,PMC5687717_table_1.xml,False,medium,39,42,37,1,22.585865,37,0,39,0,37
merged,PMC5799165_table_2,PMC5799165_table_2.xml,True,small,17,22,17,16,14.347518,17,1,16,1,16
merged,PMC3120612_table_1,PMC3120612_table_1.xml,False,small,14,22,13,5,9.498789,13,0,14,0,13
merged,PMC5883545_table_0,PMC5883545_table_0.xml,False,small,18,25,8,0,4.885379,8,0,18,0,8
merged,PMC4409716_table_0,PMC4409716_table_0.xml,True,large,101,112,100,92,81.165996,100,4,97,3,97
merged,PMC3280315_table_1,PMC3280315_table_1.xml,False,small,24,9,0,0,0,0,0,24,0,0
merged,PMC3350409_table_0,PMC3350409_table_0.xml,False,small,18,8,0,0,0,0,0,18,0,0
merged,PMC2495075_table_0,PMC2495075_table_0.xml,True,small,13,13,7,5,5.847972,7,3,10,3,4
merged,PMC4883731_table_2,PMC4883731_table_2.xml,True,large,285,291,186,29,112.493907,186,12,273,5,181
merged,PMC3599521_table_0,PMC3599521_table_0.xml,True,large,115,126,113,91,93.456891,113,2,113,0,113
merged,PMC3028541_table_1,PMC3028541_table_1.xml,True,small,22,6,0,0,0,0,2,20,0,0
merged,PMC3177816_table_0,PMC3177816_table_0.xml,True,large,67,56,48,47,42.860694,48,6,61,5,43
merged,PMC4405690_table_0,PMC4405690_table_0.xml,False,small,15,18,13,12,10.869741,13,0,15,0,13
merged,PMC5994070_table_3,PMC5994070_table_3.xml,True,large,82,90,74,65,60.171345,74,4,78,3,71
merged,PMC3275002_table_1,PMC3275002_table_1.xml,False,small,16,21,14,0,9.023344,14,0,16,0,14
merged,PMC4833949_table_0,PMC4833949_table_0.xml,False,large,91,109,78,32,55.467543,78,0,91,0,78
merged,PMC3527384_table_0,PMC3527384_table_0.xml,False,small,28,12,3,2,2.44969,3,0,28,0,3
merged,PMC1796893_table_1,PMC1796893_table_1.xml,True,medium,51,58,49,35,39.030295,49,3,48,2,47
merged,PMC4800152_table_0,PMC4800152_table_0.xml,True,medium,43,58,24,22,20.160658,24,6,37,3,21
merged,PMC2962150_table_3,PMC2962150_table_3.xml,False,large,140,8,0,0,0,0,0,140,0,0
merged,PMC3011781_table_1,PMC3011781_table_1.xml,False,small,14,22,13,4,8.730561,13,0,14,0,13
merged,PMC5796484_table_0,PMC5796484_table_0.xml,False,small,20,23,20,15,16.912,20,0,20,0,20
merged,PMC4872454_table_0,PMC4872454_table_0.xml,False,small,16,4,0,0,0,0,0,16,0,0
merged,PMC4861294_table_1,PMC4861294_table_1.xml,False,medium,42,9,0,0,0,0,0,42,0,0
merged,PMC2827563_table_2,PMC2827563_table_2.xml,True,medium,56,79,43,10,30.182631,43,2,54,0,43
merged,PMC4446346_table_0,PMC4446346_table_0.xml,True,large,95,111,87,81,71.380488,87,10,85,4,83
merged,PMC6023638_table_3,PMC6023638_table_3.xml,False,small,8,7,4,2,2.721267,4,0,8,0,4
merged,PMC5813102_table_1,PMC5813102_table_1.xml,False,small,10,13,10,2,6.918317,10,0,10,0,10
merged,PMC5797180_table_2,PMC5797180_table_2.xml,True,large,232,236,232,187,183.554968,232,7,225,7,225
merged,PMC3536690_table_0,PMC3536690_table_0.xml,False,medium,54,55,2,1,1.317353,2,0,54,0,2
merged,PMC6059413_table_4,PMC6059413_table_4.xml,True,small,17,26,12,0,7.650035,12,4,13,0,12
merged,PMC4514965_table_1,PMC4514965_table_1.xml,True,large,149,184,139,133,117.431046,139,11,138,1,138
merged,PMC4641943_table_3,PMC4641943_table_3.xml,False,small,35,31,28,21,22.386606,28,0,35,0,28
merged,PMC5063400_table_0,PMC5063400_table_0.xml,False,small,10,14,9,0,5.227183,9,0,10,0,9
merged,PMC3344427_table_1,PMC3344427_table_1.xml,False,small,10,18,6,2,3.868385,6,0,10,0,6
merged,PMC3671187_table_1,PMC3671187_table_1.xml,False,small,35,48,35,21,27.458362,35,0,35,0,35
merged,PMC3331850_table_2,PMC3331850_table_2.xml,True,medium,35,16,14,3,10.023557,14,2,33,0,14
merged,PMC4956717_table_4,PMC4956717_table_4.xml,True,medium,63,86,59,41,44.666194,59,3,60,0,59
merged,PMC5813385_table_0,PMC5813385_table_0.xml,False,medium,76,79,59,24,43.262002,59,0,76,0,59
merged,PMC6016135_table_0,PMC6016135_table_0.xml,False,medium,54,59,53,24,38.927654,53,0,54,0,53
merged,PMC3424200_table_1,PMC3424200_table_1.xml,True,large,83,81,55,3,38.07412,55,4,79,0,55
merged,PMC5713472_table_2,PMC5713472_table_2.xml,False,small,16,20,12,0,7.077953,12,0,16,0,12
merged,PMC5086957_table_0,PMC5086957_table_0.xml,False,medium,72,76,72,54,57.617926,72,0,72,0,72
merged,PMC6172842_table_2,PMC6172842_table_2.xml,False,medium,36,48,15,0,8.346018,15,0,36,0,15
merged,PMC5011800_table_1,PMC5011800_table_1.xml,False,small,10,7,2,0,1.082862,2,0,10,0,2
merged,PMC3404088_table_0,PMC3404088_table_0.xml,True,small,17,24,16,5,11.0136,16,1,16,0,16
merged,PMC5025551_table_4,PMC5025551_table_4.xml,False,small,21,26,21,20,18.306623,21,0,21,0,21
merged,PMC5955121_table_1,PMC5955121_table_1.xml,True,large,79,85,79,46,60.363338,79,3,76,3,76
merged,PMC4892614_table_7,PMC4892614_table_7.xml,True,small,25,28,18,11,13.097098,18,5,20,2,16
merged,PMC4930168_table_1,PMC4930168_table_1.xml,False,small,30,33,17,3,10.07506,17,0,30,0,17
merged,PMC5911284_table_0,PMC5911284_table_0.xml,True,small,14,16,14,10,10.950967,14,1,13,1,13
merged,PMC4682764_table_1,PMC4682764_table_1.xml,False,large,100,120,100,63,75.706852,100,0,100,0,100
merged,PMC4911094_table_0,PMC4911094_table_0.xml,True,large,90,108,87,72,71.461208,87,6,84,3,84
merged,PMC4391123_table_1,PMC4391123_table_1.xml,True,large,68,104,63,46,52.212314,63,6,62,1,62
merged,PMC3019001_table_0,PMC3019001_table_0.xml,False,small,16,22,16,8,11.850693,16,0,16,0,16
merged,PMC4753246_table_0,PMC4753246_table_0.xml,False,large,126,128,126,99,98.872252,126,0,126,0,126
merged,PMC3219371_table_6,PMC3219371_table_6.xml,False,small,16,10,7,0,4.233056,7,0,16,0,7
merged,PMC5758941_table_0,PMC5758941_table_0.xml,True,large,90,99,88,80,70.74528,88,4,86,2,86
merged,PMC2519069_table_4,PMC2519069_table_4.xml,True,large,123,74,47,8,29.330647,47,9,114,5,42
merged,PMC4971506_table_0,PMC4971506_table_0.xml,True,small,26,29,26,13,19.626743,26,3,23,3,23
merged,PMC4343020_table_1,PMC4343020_table_1.xml,False,small,24,28,24,20,21.134947,24,0,24,0,24
merged,PMC3392268_table_2,PMC3392268_table_2.xml,False,medium,64,67,62,30,43.897495,62,0,64,0,62
merged,PMC3395559_table_0,PMC3395559_table_0.xml,True,large,73,69,41,34,34.252335,41,25,48,17,24
merged,PMC4890862_table_0,PMC4890862_table_0.xml,False,medium,56,58,56,53,46.84739,56,0,56,0,56
merged,PMC4658091_table_2,PMC4658091_table_2.xml,True,medium,51,49,40,28,32.799879,40,2,49,0,40
merged,PMC3614707_table_0,PMC3614707_table_0.xml,True,medium,45,58,45,40,37.973996,45,1,44,1,44
merged,PMC4395112_table_0,PMC4395112_table_0.xml,True,medium,32,34,32,29,27.229189,32,4,28,4,28
merged,PMC2704954_table_0,PMC2704954_table_0.xml,False,small,24,21,16,12,12.797709,16,0,24,0,16
merged,PMC3543428_table_0,PMC3543428_table_0.xml,False,small,20,19,15,4,10.646878,15,0,20,0,15
merged,PMC2988727_table_6,PMC2988727_table_6.xml,False,small,15,9,6,6,5.114551,6,0,15,0,6
merged,PMC2674935_table_0,PMC2674935_table_0.xml,True,medium,45,57,15,0,8.276947,15,7,38,1,14
merged,PMC5154677_table_1,PMC5154677_table_1.xml,False,small,35,30,28,17,22.064869,28,0,35,0,28
merged,PMC5835056_table_0,PMC5835056_table_0.xml,False,medium,36,23,15,0,9.592984,15,0,36,0,15
merged,PMC3156399_table_4,PMC3156399_table_4.xml,True,medium,61,69,58,42,44.374702,58,2,59,1,57
merged,PMC2442598_table_0,PMC2442598_table_0.xml,False,medium,64,68,60,14,41.431158,60,0,64,0,60
merged,PMC2089079_table_0,PMC2089079_table_0.xml,True,medium,61,70,54,36,42.276385,54,4,57,2,52
merged,PMC5983633_table_1,PMC5983633_table_1.xml,False,small,20,22,19,10,14.483494,19,0,20,0,19
merged,PMC5690135_table_0,PMC5690135_table_0.xml,True,medium,48,33,15,5,10.397196,15,6,42,5,10
merged,PMC3083343_table_0,PMC3083343_table_0.xml,False,medium,77,78,73,71,66.343133,73,0,77,0,73
merged,PMC4798437_table_0,PMC4798437_table_0.xml,False,small,21,20,18,18,16.122424,18,0,21,0,18
merged,PMC3342088_table_1,PMC3342088_table_1.xml,False,small,24,8,0,0,0,0,0,24,0,0
merged,PMC4503642_table_0,PMC4503642_table_0.xml,True,large,112,141,101,61,77.031989,101,10,102,0,101
merged,PMC2835640_table_0,PMC2835640_table_0.xml,False,small,12,7,2,0,1.425977,2,0,12,0,2
merged,PMC4982135_table_2,PMC4982135_table_2.xml,False,large,140,144,140,112,110.887702,140,0,140,0,140
merged,PMC4948083_table_1,PMC4948083_table_1.xml,False,small,18,9,6,1,3.975424,6,0,18,0,6
merged,PMC3261835_table_0,PMC3261835_table_0.xml,True,medium,43,52,41,27,31.919824,41,4,39,3,38
merged,PMC3679102_table_0,PMC3679102_table_0.xml,True,medium,67,80,44,0,27.227196,44,3,64,0,44
merged,PMC2979697_table_2,PMC2979697_table_2.xml,False,large,259,227,206,160,160.602811,206,0,259,0,206
merged,PMC5988755_table_0,PMC5988755_table_0.xml,False,small,30,33,30,2,20.677825,30,0,30,0,30
merged,PMC2961650_table_4,PMC2961650_table_4.xml,False,large,136,146,136,66,101.287585,136,0,136,0,136
merged,PMC3334604_table_1,PMC3334604_table_1.xml,False,small,14,5,2,0,1.079152,2,0,14,0,2
merged,PMC4491560_table_0,PMC4491560_table_0.xml,False,small,8,6,3,0,1.638151,3,0,8,0,3
merged,PMC5795849_table_0,PMC5795849_table_0.xml,False,small,15,1,0,0,0,0,0,15,0,0
merged,PMC3189390_table_1,PMC3189390_table_1.xml,False,medium,60,74,55,29,39.902805,55,0,60,0,55
merged,PMC5874052_table_1,PMC5874052_table_1.xml,False,small,25,28,24,12,17.658196,24,0,25,0,24
merged,PMC3501521_table_2,PMC3501521_table_2.xml,False,small,28,24,19,12,14.47592,19,0,28,0,19
merged,PMC5686942_table_0,PMC5686942_table_0.xml,True,large,75,60,35,5,24.861166,35,9,66,0,35
merged,PMC4709795_table_0,PMC4709795_table_0.xml,False,small,24,14,0,0,0,0,0,24,0,0
merged,PMC6128240_table_1,PMC6128240_table_1.xml,False,medium,50,59,40,6,29.012501,40,0,50,0,40
merged,PMC3477031_table_1,PMC3477031_table_1.xml,False,small,12,8,4,4,3.392527,4,0,12,0,4
merged,PMC4837634_table_0,PMC4837634_table_0.xml,False,medium,46,33,12,0,6.651292,12,0,46,0,12
merged,PMC1866444_table_1,PMC1866444_table_1.xml,False,medium,36,51,36,0,23.509074,36,0,36,0,36
merged,PMC4663754_table_1,PMC4663754_table_1.xml,False,large,90,95,89,71,71.640716,89,0,90,0,89
merged,PMC6151216_table_0,PMC6151216_table_0.xml,False,small,26,31,11,0,7.275126,11,0,26,0,11
merged,PMC4573741_table_0,PMC4573741_table_0.xml,True,medium,35,52,28,20,21.110208,28,2,33,0,28
merged,PMC4585213_table_0,PMC4585213_table_0.xml,False,medium,36,49,36,30,29.505219,36,0,36,0,36
merged,PMC4916081_table_2,PMC4916081_table_2.xml,False,small,33,36,33,10,23.822036,33,0,33,0,33
merged,PMC1479820_table_2,PMC1479820_table_2.xml,True,medium,65,73,64,56,52.408493,64,1,64,0,64
merged,PMC2843627_table_2,PMC2843627_table_2.xml,False,medium,49,58,45,23,32.344931,45,0,49,0,45
merged,PMC2656909_table_0,PMC2656909_table_0.xml,True,large,65,86,57,39,44.555013,57,8,57,0,57
merged,PMC2983940_table_1,PMC2983940_table_1.xml,False,small,14,21,12,4,8.323994,12,0,14,0,12
merged,PMC4956214_table_0,PMC4956214_table_0.xml,True,medium,54,59,51,41,42.934314,51,8,46,5,46
merged,PMC3446914_table_1,PMC3446914_table_1.xml,True,medium,62,68,54,1,35.249242,54,4,58,1,53
merged,PMC4785152_table_0,PMC4785152_table_0.xml,False,large,96,114,86,70,71.415815,86,0,96,0,86
merged,PMC6202724_table_0,PMC6202724_table_0.xml,True,medium,30,11,2,2,1.628494,2,2,28,2,0
merged,PMC5745595_table_0,PMC5745595_table_0.xml,True,medium,51,62,44,39,35.384136,44,6,45,1,43
merged,PMC6134759_table_1,PMC6134759_table_1.xml,True,medium,27,40,10,4,6.536677,10,3,24,0,10
merged,PMC2970123_table_0,PMC2970123_table_0.xml,False,small,20,26,19,0,10.795028,19,0,20,0,19
merged,PMC4374685_table_2,PMC4374685_table_2.xml,True,large,176,226,168,135,133.417743,168,15,161,7,161
merged,PMC517501_table_3,PMC517501_table_3.xml,False,large,112,115,112,65,85.133647,112,0,112,0,112
merged,PMC1266376_table_1,PMC1266376_table_1.xml,True,large,83,98,78,63,61.428874,78,3,80,0,78
merged,PMC6175121_table_1,PMC6175121_table_1.xml,True,large,74,82,65,19,44.563754,65,2,72,0,65
merged,PMC3149562_table_0,PMC3149562_table_0.xml,True,large,137,197,80,41,58.499108,80,15,122,1,79
merged,PMC3601255_table_3,PMC3601255_table_3.xml,True,medium,37,52,36,27,29.70894,36,3,34,2,34
merged,PMC3021722_table_0,PMC3021722_table_0.xml,False,small,16,17,14,11,10.87471,14,0,16,0,14
merged,PMC4880288_table_1,PMC4880288_table_1.xml,True,medium,61,81,59,52,48.078485,59,8,53,6,53
merged,PMC3329485_table_0,PMC3329485_table_0.xml,False,medium,40,50,29,21,23.082563,29,0,40,0,29
merged,PMC3203887_table_2,PMC3203887_table_2.xml,True,large,152,161,150,107,115.307006,150,1,151,0,150
merged,PMC6173449_table_0,PMC6173449_table_0.xml,True,medium,26,33,23,14,16.412007,23,8,18,5,18
merged,PMC4403523_table_0,PMC4403523_table_0.xml,False,small,30,31,18,6,12.165211,18,0,30,0,18
merged,PMC5667839_table_0,PMC5667839_table_0.xml,True,large,244,246,243,241,214.840723,243,3,241,3,240
merged,PMC4619659_table_1,PMC4619659_table_1.xml,False,medium,36,47,35,20,25.791519,35,0,36,0,35
merged,PMC3311083_table_0,PMC3311083_table_0.xml,True,medium,28,43,19,16,16.477353,19,6,22,1,18
merged,PMC4378384_table_1,PMC4378384_table_1.xml,False,medium,55,64,53,39,41.95418,53,0,55,0,53
merged,PMC2974681_table_0,PMC2974681_table_0.xml,True,small,21,108,10,1,7.021436,10,1,20,0,10
merged,PMC3572059_table_1,PMC3572059_table_1.xml,False,large,84,90,66,1,42.86388,66,0,84,0,66
merged,PMC5107631_table_3,PMC5107631_table_3.xml,True,large,116,137,115,30,80.665132,115,3,113,3,112
merged,PMC4719818_table_1,PMC4719818_table_1.xml,False,large,175,176,175,115,130.175276,175,0,175,0,175
merged,PMC2018728_table_1,PMC2018728_table_1.xml,False,large,192,193,192,146,143.161982,192,0,192,0,192
merged,PMC3051715_table_0,PMC3051715_table_0.xml,False,small,16,25,14,4,9.354571,14,0,16,0,14
merged,PMC5171915_table_0,PMC5171915_table_0.xml,False,large,198,203,198,187,167.438376,198,0,198,0,198
merged,PMC2443793_table_0,PMC2443793_table_0.xml,True,small,23,16,6,0,4.087445,6,1,22,1,5
merged,PMC3545841_table_0,PMC3545841_table_0.xml,True,medium,57,38,32,8,20.115201,32,5,52,5,27
merged,PMC4950165_table_3,PMC4950165_table_3.xml,False,medium,45,45,40,19,29.77755,40,0,45,0,40
merged,PMC4643926_table_0,PMC4643926_table_0.xml,False,small,21,23,21,7,15.471974,21,0,21,0,21
merged,PMC3002956_table_1,PMC3002956_table_1.xml,False,small,16,21,16,6,10.84477,16,0,16,0,16
merged,PMC4738267_table_1,PMC4738267_table_1.xml,False,small,16,19,16,7,11.716693,16,0,16,0,16
merged,PMC3033815_table_4,PMC3033815_table_4.xml,False,small,20,22,19,18,15.562351,19,0,20,0,19
merged,PMC5893648_table_1,PMC5893648_table_1.xml,False,medium,55,57,55,14,38.793243,55,0,55,0,55
merged,PMC2752455_table_1,PMC2752455_table_1.xml,True,medium,32,43,28,17,22.592458,28,5,27,2,26
merged,PMC4500450_table_1,PMC4500450_table_1.xml,True,medium,66,76,66,49,52.155982,66,3,63,3,63
merged,PMC3591365_table_0,PMC3591365_table_0.xml,True,medium,37,48,34,11,23.344906,34,1,36,0,34
merged,PMC4728159_table_2,PMC4728159_table_2.xml,True,medium,32,75,4,0,2.205952,4,3,29,0,4
merged,PMC6170247_table_1,PMC6170247_table_1.xml,False,small,30,6,0,0,0,0,0,30,0,0
merged,PMC5041273_table_7,PMC5041273_table_7.xml,True,medium,44,68,42,32,34.227425,42,2,42,0,42
merged,PMC1276798_table_2,PMC1276798_table_2.xml,False,small,24,32,24,18,19.741715,24,0,24,0,24
merged,PMC4363359_table_1,PMC4363359_table_1.xml,True,large,85,92,82,63,63.883602,82,4,81,1,81
merged,PMC3349575_table_0,PMC3349575_table_0.xml,True,small,16,6,1,0,0.725508,1,2,14,0,1
merged,PMC4438576_table_2,PMC4438576_table_2.xml,False,large,120,127,120,114,100.371377,120,0,120,0,120
merged,PMC3482696_table_0,PMC3482696_table_0.xml,True,large,145,138,107,94,83.285118,107,9,136,0,107
merged,PMC4425916_table_0,PMC4425916_table_0.xml,False,small,16,16,5,0,3.087637,5,0,16,0,5
merged,PMC4727960_table_0,PMC4727960_table_0.xml,False,small,20,25,20,17,16.555783,20,0,20,0,20
merged,PMC4654893_table_3,PMC4654893_table_3.xml,True,medium,37,41,12,6,8.900053,12,6,31,2,10
merged,PMC4700086_table_0,PMC4700086_table_0.xml,True,medium,47,48,45,34,36.005385,45,1,46,0,45
merged,PMC4835720_table_0,PMC4835720_table_0.xml,True,large,198,249,195,96,145.19842,195,2,196,0,195
merged,PMC3658550_table_2,PMC3658550_table_2.xml,True,large,85,87,84,25,61.137594,84,4,81,3,81
merged,PMC3689081_table_2,PMC3689081_table_2.xml,False,small,16,21,16,6,11.076575,16,0,16,0,16
merged,PMC2930863_table_3,PMC2930863_table_3.xml,True,large,115,121,115,67,86.752165,115,6,109,6,109
merged,PMC5901878_table_1,PMC5901878_table_1.xml,True,medium,58,94,38,11,27.316236,38,5,53,0,38
merged,PMC2689281_table_2,PMC2689281_table_2.xml,True,large,81,72,41,30,32.311474,41,17,64,5,36
merged,PMC4794765_table_0,PMC4794765_table_0.xml,True,large,61,66,61,58,54.218939,61,7,54,7,54
merged,PMC4816563_table_1,PMC4816563_table_1.xml,True,large,103,102,93,34,65.389691,93,2,101,0,93
merged,PMC6151038_table_7,PMC6151038_table_7.xml,True,medium,68,82,57,37,42.739496,57,3,65,1,56
merged,PMC5799322_table_1,PMC5799322_table_1.xml,True,medium,50,61,46,31,36.253603,46,2,48,0,46
merged,PMC2841152_table_0,PMC2841152_table_0.xml,True,large,160,171,159,24,107.689849,159,9,151,8,151
merged,PMC3590167_table_2,PMC3590167_table_2.xml,False,small,24,35,16,4,10.864452,16,0,24,0,16
merged,PMC4494398_table_2,PMC4494398_table_2.xml,False,small,6,8,6,2,4.391755,6,0,6,0,6
merged,PMC5802453_table_2,PMC5802453_table_2.xml,False,small,27,29,18,6,12.15823,18,0,27,0,18
merged,PMC2148101_table_0,PMC2148101_table_0.xml,False,small,15,18,11,6,7.887783,11,0,15,0,11
merged,PMC4898373_table_2,PMC4898373_table_2.xml,True,medium,61,84,59,35,45.34453,59,4,57,2,57
merged,PMC5695845_table_1,PMC5695845_table_1.xml,True,large,101,127,88,1,52.2648,88,6,95,0,88
merged,PMC3057987_table_0,PMC3057987_table_0.xml,False,medium,44,44,37,22,27.205993,37,0,44,0,37
merged,PMC1828152_table_2,PMC1828152_table_2.xml,True,medium,58,51,46,33,35.933864,46,3,55,1,45
merged,PMC5872599_table_4,PMC5872599_table_4.xml,True,medium,65,86,63,27,46.183003,63,2,63,0,63
merged,PMC2275263_table_3,PMC2275263_table_3.xml,False,medium,42,61,27,14,20.094567,27,0,42,0,27
merged,PMC4423853_table_0,PMC4423853_table_0.xml,True,medium,55,28,25,22,20.388367,25,3,52,0,25
merged,PMC4844259_table_0,PMC4844259_table_0.xml,True,large,89,101,88,76,74.144556,88,7,82,6,82
merged,PMC5050581_table_5,PMC5050581_table_5.xml,True,medium,65,83,49,41,40.659134,49,5,60,0,49
merged,PMC6154020_table_0,PMC6154020_table_0.xml,False,small,8,16,8,4,5.95354,8,0,8,0,8
merged,PMC6143711_table_0,PMC6143711_table_0.xml,True,large,168,223,159,149,137.854191,159,11,157,2,157
merged,PMC3575346_table_2,PMC3575346_table_2.xml,True,small,26,36,20,4,13.754106,20,3,23,1,19
merged,PMC1180465_table_0,PMC1180465_table_0.xml,True,large,198,200,198,100,146.445798,198,5,193,5,193
merged,PMC4954666_table_2,PMC4954666_table_2.xml,True,medium,44,56,40,18,30.160269,40,5,39,1,39
merged,PMC2430964_table_0,PMC2430964_table_0.xml,True,small,26,28,24,15,18.637274,24,2,24,1,23
merged,PMC4991119_table_1,PMC4991119_table_1.xml,True,large,234,269,220,162,168.411308,220,11,223,4,216
merged,PMC4694981_table_1,PMC4694981_table_1.xml,True,large,87,88,85,85,77.768292,85,4,83,4,81
merged,PMC4424894_table_3,PMC4424894_table_3.xml,True,large,344,300,299,88,218.354607,299,10,334,5,294
merged,PMC5890288_table_0,PMC5890288_table_0.xml,False,medium,42,46,29,20,21.986976,29,0,42,0,29
merged,PMC5825898_table_0,PMC5825898_table_0.xml,False,medium,60,68,57,2,36.93999,57,0,60,0,57
merged,PMC4397088_table_3,PMC4397088_table_3.xml,True,large,138,146,136,134,114.164631,136,10,128,8,128
merged,PMC4504501_table_2,PMC4504501_table_2.xml,False,small,30,36,30,20,23.983899,30,0,30,0,30
merged,PMC4434534_table_0,PMC4434534_table_0.xml,True,large,72,101,46,23,34.77917,46,6,66,6,40
merged,PMC2687438_table_1,PMC2687438_table_1.xml,True,small,25,28,23,12,17.560331,23,5,20,4,19
merged,PMC2373876_table_2,PMC2373876_table_2.xml,False,small,30,20,15,1,9.712586,15,0,30,0,15
merged,PMC2753363_table_4,PMC2753363_table_4.xml,True,medium,51,60,42,20,30.015189,42,3,48,0,42
merged,PMC3533458_table_0,PMC3533458_table_0.xml,False,small,26,37,22,19,17.849958,22,0,26,0,22
merged,PMC4384104_table_3,PMC4384104_table_3.xml,False,medium,36,42,36,34,31.125488,36,0,36,0,36
merged,PMC5020445_table_0,PMC5020445_table_0.xml,True,large,111,140,105,100,87.736999,105,6,105,0,105
merged,PMC3653734_table_0,PMC3653734_table_0.xml,True,large,102,121,75,51,59.814305,75,2,100,0,75
merged,PMC3408461_table_3,PMC3408461_table_3.xml,True,small,25,19,7,3,5.1836,7,5,20,1,6
merged,PMC509426_table_1,PMC509426_table_1.xml,True,large,93,122,75,66,58.004144,75,6,87,0,75
merged,PMC4657621_table_1,PMC4657621_table_1.xml,False,small,20,10,8,5,6.323366,8,0,20,0,8
merged,PMC1665449_table_0,PMC1665449_table_0.xml,False,medium,56,60,25,0,12.888727,25,0,56,0,25
merged,PMC3662595_table_2,PMC3662595_table_2.xml,False,medium,42,49,41,19,29.723519,41,0,42,0,41
merged,PMC4449594_table_2,PMC4449594_table_2.xml,False,small,30,37,30,27,24.526722,30,0,30,0,30
merged,PMC4882360_table_1,PMC4882360_table_1.xml,True,large,123,157,120,116,105.147214,120,3,120,0,120
merged,PMC2714505_table_0,PMC2714505_table_0.xml,True,large,243,267,230,199,191.057393,230,5,238,0,230
merged,PMC5989381_table_0,PMC5989381_table_0.xml,True,small,27,25,17,13,13.330399,17,3,24,1,16
merged,PMC2968020_table_1,PMC2968020_table_1.xml,False,large,155,165,155,86,114.070704,155,0,155,0,155
merged,PMC4700179_table_1,PMC4700179_table_1.xml,True,small,26,31,23,14,17.561364,23,2,24,1,22
merged,PMC3168871_table_0,PMC3168871_table_0.xml,False,small,14,16,12,6,9.216289,12,0,14,0,12
merged,PMC6122613_table_1,PMC6122613_table_1.xml,False,small,24,30,24,14,18.159442,24,0,24,0,24
merged,PMC2588622_table_2,PMC2588622_table_2.xml,True,large,267,246,214,130,171.464985,214,13,254,5,209
merged,PMC6208105_table_2,PMC6208105_table_2.xml,False,small,28,36,28,20,22.930853,28,0,28,0,28
merged,PMC4643322_table_0,PMC4643322_table_0.xml,False,small,20,23,20,20,16.524919,20,0,20,0,20
merged,PMC3240945_table_0,PMC3240945_table_0.xml,True,medium,41,54,41,28,32.36222,41,2,39,2,39
merged,PMC5957338_table_0,PMC5957338_table_0.xml,False,medium,40,42,40,15,28.093811,40,0,40,0,40
merged,PMC3006878_table_0,PMC3006878_table_0.xml,False,small,20,26,19,0,10.959069,19,0,20,0,19
merged,PMC5767312_table_0,PMC5767312_table_0.xml,True,large,112,125,60,22,41.525766,60,7,105,0,60
merged,PMC5127548_table_8,PMC5127548_table_8.xml,True,medium,44,47,42,30,33.026729,42,3,41,2,40
merged,PMC5904424_table_0,PMC5904424_table_0.xml,True,small,30,38,30,26,26.475662,30,3,27,3,27
merged,PMC4709492_table_1,PMC4709492_table_1.xml,False,medium,60,52,36,0,22.360452,36,0,60,0,36
merged,PMC5664348_table_0,PMC5664348_table_0.xml,True,medium,35,47,35,32,27.793524,35,7,28,7,28
merged,PMC4524373_table_3,PMC4524373_table_3.xml,True,medium,44,57,44,19,31.67875,44,6,38,6,38
merged,PMC3527132_table_2,PMC3527132_table_2.xml,True,large,75,96,71,41,54.174141,71,4,71,0,71
merged,PMC4872722_table_0,PMC4872722_table_0.xml,True,small,23,25,23,14,17.097853,23,4,19,4,19
merged,PMC4397088_table_0,PMC4397088_table_0.xml,False,large,120,131,120,90,93.575138,120,0,120,0,120
merged,PMC2848519_table_0,PMC2848519_table_0.xml,False,small,14,5,0,0,0,0,0,14,0,0
merged,PMC3342167_table_2,PMC3342167_table_2.xml,True,medium,42,56,36,12,24.491065,36,8,34,6,30
merged,PMC3554515_table_0,PMC3554515_table_0.xml,False,medium,64,73,48,45,39.165276,48,0,64,0,48
merged,PMC6143260_table_0,PMC6143260_table_0.xml,False,large,132,134,132,19,87.346388,132,0,132,0,132
merged,PMC3359190_table_2,PMC3359190_table_2.xml,True,medium,65,12,0,0,0,0,5,60,0,0
merged,PMC5858604_table_1,PMC5858604_table_1.xml,False,medium,72,25,20,18,16.604976,20,0,72,0,20
merged,PMC5018192_table_0,PMC5018192_table_0.xml,True,large,82,44,35,32,29.049428,35,2,80,0,35
merged,PMC3166745_table_0,PMC3166745_table_0.xml,False,medium,42,45,42,39,35.277845,42,0,42,0,42
merged,PMC5021727_table_1,PMC5021727_table_1.xml,False,small,18,11,8,0,4.366207,8,0,18,0,8
merged,PMC6233180_table_2,PMC6233180_table_2.xml,True,medium,62,65,59,14,41.198857,59,6,56,6,53
merged,PMC4730682_table_3,PMC4730682_table_3.xml,True,medium,64,62,54,47,45.48976,54,1,63,1,53
merged,PMC4575444_table_0,PMC4575444_table_0.xml,True,large,235,296,214,119,163.254112,214,24,211,13,201
merged,PMC4825232_table_0,PMC4825232_table_0.xml,True,medium,47,59,43,0,24.929205,43,9,38,9,34
merged,PMC6018626_table_1,PMC6018626_table_1.xml,False,medium,40,44,30,23,23.181993,30,0,40,0,30
merged,PMC6013108_table_1,PMC6013108_table_1.xml,True,medium,39,42,37,27,29.392159,37,4,35,3,34
merged,PMC2204065_table_0,PMC2204065_table_0.xml,True,medium,32,21,6,6,4.887871,6,6,26,6,0
merged,PMC5095599_table_0,PMC5095599_table_0.xml,True,small,25,29,24,16,18.543837,24,1,24,1,23
merged,PMC5821441_table_0,PMC5821441_table_0.xml,True,medium,55,60,47,0,26.842055,47,1,54,1,46
merged,PMC6186056_table_1,PMC6186056_table_1.xml,True,large,244,213,165,131,131.074465,165,1,243,0,165
merged,PMC5722571_table_1,PMC5722571_table_1.xml,True,medium,51,66,38,30,30.828226,38,7,44,0,38
merged,PMC4897819_table_0,PMC4897819_table_0.xml,False,medium,36,41,36,32,28.783393,36,0,36,0,36
merged,PMC3419246_table_1,PMC3419246_table_1.xml,True,large,164,190,151,17,106.711291,151,9,155,4,147
merged,PMC6038359_table_0,PMC6038359_table_0.xml,False,medium,66,12,6,2,3.941538,6,0,66,0,6
merged,PMC2968314_table_0,PMC2968314_table_0.xml,False,small,20,25,18,0,10.355213,18,0,20,0,18
merged,PMC4464579_table_1,PMC4464579_table_1.xml,False,medium,36,41,34,1,22.169785,34,0,36,0,34
merged,PMC4945912_table_0,PMC4945912_table_0.xml,True,large,258,269,253,210,206.868473,253,6,252,3,250
merged,PMC6052539_table_1,PMC6052539_table_1.xml,True,medium,39,21,13,13,10.750519,13,4,35,1,12
merged,PMC2635959_table_0,PMC2635959_table_0.xml,False,small,30,42,30,18,22.545564,30,0,30,0,30
merged,PMC3050184_table_0,PMC3050184_table_0.xml,False,small,18,24,17,0,9.882638,17,0,18,0,17
merged,PMC5845866_table_1,PMC5845866_table_1.xml,False,small,30,32,30,28,26.067262,30,0,30,0,30
merged,PMC3438178_table_0,PMC3438178_table_0.xml,True,medium,47,66,43,40,33.942944,43,2,45,0,43
merged,PMC5909255_table_3,PMC5909255_table_3.xml,True,large,162,186,40,0,20.290441,40,6,156,0,40
merged,PMC3180067_table_0,PMC3180067_table_0.xml,True,medium,72,43,37,5,24.336441,37,4,68,3,34
merged,PMC3524598_table_2,PMC3524598_table_2.xml,True,large,67,85,65,56,53.452142,65,3,64,1,64
merged,PMC4932006_table_0,PMC4932006_table_0.xml,True,large,89,107,85,80,68.625845,85,4,85,0,85
merged,PMC2093938_table_4,PMC2093938_table_4.xml,False,small,12,15,11,6,8.089341,11,0,12,0,11
merged,PMC3428669_table_2,PMC3428669_table_2.xml,False,medium,54,60,54,45,42.67891,54,0,54,0,54
merged,PMC4786572_table_3,PMC4786572_table_3.xml,True,large,72,106,55,20,37.319771,55,3,69,1,54
merged,PMC6222733_table_1,PMC6222733_table_1.xml,False,large,110,126,99,10,68.449445,99,0,110,0,99
merged,PMC3602373_table_1,PMC3602373_table_1.xml,True,large,140,127,111,21,75.960185,111,3,137,0,111
merged,PMC4841544_table_1,PMC4841544_table_1.xml,True,large,92,107,87,50,66.753645,87,5,87,0,87
merged,PMC3652198_table_1,PMC3652198_table_1.xml,False,small,14,16,14,9,11.218578,14,0,14,0,14
merged,PMC5738112_table_0,PMC5738112_table_0.xml,False,small,18,12,10,9,8.086703,10,0,18,0,10
merged,PMC2995781_table_1,PMC2995781_table_1.xml,True,medium,37,9,1,0,0.570188,1,3,34,1,0
merged,PMC4458325_table_1,PMC4458325_table_1.xml,False,medium,55,53,9,0,5.000027,9,0,55,0,9
merged,PMC6049910_table_0,PMC6049910_table_0.xml,True,medium,49,60,44,10,29.436022,44,4,45,0,44
merged,PMC5084147_table_5,PMC5084147_table_5.xml,False,large,98,106,98,67,74.702962,98,0,98,0,98
merged,PMC3503841_table_1,PMC3503841_table_1.xml,True,small,22,10,2,1,1.431773,2,1,21,1,1
merged,PMC4549082_table_3,PMC4549082_table_3.xml,True,large,161,169,144,60,105.812907,144,12,149,3,141
merged,PMC3644232_table_0,PMC3644232_table_0.xml,False,small,10,7,5,0,3.055642,5,0,10,0,5
merged,PMC3689638_table_0,PMC3689638_table_0.xml,True,large,212,193,189,147,153.710967,189,4,208,3,186
merged,PMC2873247_table_2,PMC2873247_table_2.xml,True,medium,50,65,48,38,40.076728,48,2,48,0,48
merged,PMC1266024_table_4,PMC1266024_table_4.xml,True,medium,50,27,24,12,17.427961,24,2,48,1,23
merged,PMC5983274_table_3,PMC5983274_table_3.xml,False,large,90,92,90,70,73.107735,90,0,90,0,90
merged,PMC4377374_table_3,PMC4377374_table_3.xml,False,small,18,23,18,16,15.32103,18,0,18,0,18
merged,PMC5712192_table_3,PMC5712192_table_3.xml,True,large,373,300,300,294,238.320329,300,10,363,0,300
merged,PMC5837103_table_0,PMC5837103_table_0.xml,True,large,287,300,281,254,227.741287,281,15,272,9,272
merged,PMC4979187_table_2,PMC4979187_table_2.xml,True,small,32,8,4,0,2.587708,4,1,31,0,4
merged,PMC3428172_table_2,PMC3428172_table_2.xml,True,medium,32,43,27,4,18.184878,27,2,30,0,27
merged,PMC4570816_table_0,PMC4570816_table_0.xml,True,medium,40,42,27,6,18.104517,27,6,34,3,24
merged,PMC4860217_table_0,PMC4860217_table_0.xml,False,small,16,22,16,12,12.79875,16,0,16,0,16
merged,PMC4883731_table_0,PMC4883731_table_0.xml,False,large,169,159,133,121,113.095059,133,0,169,0,133
merged,PMC3566797_table_1,PMC3566797_table_1.xml,False,small,35,37,33,22,25.316065,33,0,35,0,33
merged,PMC5966889_table_4,PMC5966889_table_4.xml,True,large,80,92,78,76,68.118857,78,2,78,0,78
merged,PMC4875747_table_2,PMC4875747_table_2.xml,True,medium,45,56,43,4,27.287546,43,4,41,2,41
merged,PMC4625876_table_5,PMC4625876_table_5.xml,True,medium,43,52,40,5,27.399889,40,4,39,4,36
merged,PMC2834584_table_2,PMC2834584_table_2.xml,True,medium,56,52,47,35,36.808353,47,4,52,3,44
merged,PMC3458233_table_0,PMC3458233_table_0.xml,True,medium,48,85,22,0,12.850548,22,4,44,3,19
merged,PMC2960665_table_1,PMC2960665_table_1.xml,False,small,16,21,15,5,10.266779,15,0,16,0,15
merged,PMC4532480_table_0,PMC4532480_table_0.xml,True,large,164,170,141,125,111.615808,141,5,159,5,136
merged,PMC4493016_table_0,PMC4493016_table_0.xml,False,small,18,24,18,14,14.310322,18,0,18,0,18
merged,PMC6157679_table_1,PMC6157679_table_1.xml,True,medium,55,65,48,28,37.270028,48,1,54,0,48
merged,PMC5691681_table_2,PMC5691681_table_2.xml,True,large,168,137,76,57,60.729154,76,39,129,35,41
merged,PMC4927609_table_3,PMC4927609_table_3.xml,True,large,203,259,178,90,133.127271,178,13,190,0,178
merged,PMC6123690_table_2,PMC6123690_table_2.xml,False,medium,40,42,36,24,27.150306,36,0,40,0,36
merged,PMC6014042_table_1,PMC6014042_table_1.xml,False,small,24,29,24,13,18.483512,24,0,24,0,24
merged,PMC3561275_table_1,PMC3561275_table_1.xml,True,large,93,84,60,33,46.042052,60,7,86,3,57
merged,PMC3068096_table_1,PMC3068096_table_1.xml,True,large,126,158,124,102,96.336225,124,5,121,3,121
merged,PMC4977724_table_0,PMC4977724_table_0.xml,False,medium,48,43,33,3,19.684393,33,0,48,0,33
merged,PMC3006930_table_2,PMC3006930_table_2.xml,False,large,182,7,0,0,0,0,0,182,0,0
merged,PMC5687736_table_1,PMC5687736_table_1.xml,False,large,128,130,128,112,102.87891,128,0,128,0,128
merged,PMC4859819_table_0,PMC4859819_table_0.xml,False,medium,72,99,40,3,24.288865,40,0,72,0,40
merged,PMC4994281_table_1,PMC4994281_table_1.xml,True,large,220,279,202,136,152.45514,202,22,198,4,198
merged,PMC3118226_table_0,PMC3118226_table_0.xml,False,small,6,6,1,0,0.702992,1,0,6,0,1
merged,PMC4792838_table_1,PMC4792838_table_1.xml,False,small,21,26,21,10,15.183322,21,0,21,0,21
merged,PMC6102227_table_1,PMC6102227_table_1.xml,False,medium,39,44,39,27,30.484968,39,0,39,0,39
merged,PMC4395286_table_0,PMC4395286_table_0.xml,True,large,115,101,99,70,77.656296,99,5,110,3,96
merged,PMC3472980_table_1,PMC3472980_table_1.xml,True,medium,50,22,15,0,8.483437,15,3,47,0,15
merged,PMC2657164_table_3,PMC2657164_table_3.xml,True,medium,52,56,47,39,37.770431,47,2,50,0,47
merged,PMC2657164_table_1,PMC2657164_table_1.xml,False,small,12,15,11,4,7.289179,11,0,12,0,11
merged,PMC5794930_table_3,PMC5794930_table_3.xml,True,medium,31,34,29,5,18.911772,29,5,26,5,24
merged,PMC5736711_table_0,PMC5736711_table_0.xml,True,large,75,80,75,20,52.869827,75,5,70,5,70
merged,PMC3410850_table_0,PMC3410850_table_0.xml,True,medium,39,48,28,4,17.628415,28,3,36,0,28
merged,PMC4545860_table_2,PMC4545860_table_2.xml,True,medium,45,59,42,8,29.519564,42,5,40,2,40
merged,PMC3161945_table_0,PMC3161945_table_0.xml,False,large,95,100,95,70,75.518613,95,0,95,0,95
merged,PMC2902016_table_2,PMC2902016_table_2.xml,True,small,22,39,20,12,14.648675,20,1,21,0,20
merged,PMC2913847_table_0,PMC2913847_table_0.xml,True,small,18,14,11,3,7.837774,11,6,12,4,7
merged,PMC2841116_table_3,PMC2841116_table_3.xml,False,medium,42,43,34,11,23.874793,34,0,42,0,34
merged,PMC6031750_table_0,PMC6031750_table_0.xml,True,large,87,90,83,72,70.737092,83,3,84,2,81
merged,PMC5821324_table_5,PMC5821324_table_5.xml,True,large,90,92,89,84,72.273621,89,10,80,10,79
merged,PMC2438356_table_0,PMC2438356_table_0.xml,False,small,35,40,34,21,26.133117,34,0,35,0,34
merged,PMC3660345_table_2,PMC3660345_table_2.xml,True,large,76,83,71,22,50.207087,71,4,72,0,71
merged,PMC5714431_table_3,PMC5714431_table_3.xml,True,small,9,4,1,0,0.572666,1,5,4,0,1
merged,PMC4785635_table_1,PMC4785635_table_1.xml,True,large,69,147,47,28,35.57811,47,9,60,6,41
merged,PMC4862230_table_0,PMC4862230_table_0.xml,True,large,72,81,23,0,15.884657,23,5,67,0,23
merged,PMC4460269_table_1,PMC4460269_table_1.xml,True,large,83,79,72,26,52.658105,72,1,82,0,72
merged,PMC6005562_table_1,PMC6005562_table_1.xml,False,small,21,24,21,16,16.67805,21,0,21,0,21
merged,PMC6106174_table_2,PMC6106174_table_2.xml,False,small,9,16,9,4,6.849056,9,0,9,0,9
merged,PMC3475661_table_1,PMC3475661_table_1.xml,True,medium,30,41,27,15,20.246145,27,6,24,3,24
merged,PMC1483835_table_2,PMC1483835_table_2.xml,True,large,207,175,165,116,123.746645,165,2,205,1,164
merged,PMC5679774_table_0,PMC5679774_table_0.xml,False,medium,40,42,15,0,8.879061,15,0,40,0,15
merged,PMC6214199_table_5,PMC6214199_table_5.xml,True,medium,71,82,64,0,37.685336,64,4,67,0,64
merged,PMC3640038_table_0,PMC3640038_table_0.xml,False,small,22,30,21,11,15.879309,21,0,22,0,21
merged,PMC2636893_table_0,PMC2636893_table_0.xml,True,large,108,90,71,36,52.507328,71,2,106,0,71
merged,PMC2687455_table_3,PMC2687455_table_3.xml,False,small,16,29,4,2,2.732226,4,0,16,0,4
merged,PMC6154954_table_2,PMC6154954_table_2.xml,False,medium,52,60,39,12,27.600085,39,0,52,0,39
merged,PMC2960152_table_0,PMC2960152_table_0.xml,False,small,20,26,18,0,10.641494,18,0,20,0,18
merged,PMC4937426_table_0,PMC4937426_table_0.xml,True,large,103,110,101,98,84.118018,101,7,96,5,96
merged,PMC3284429_table_0,PMC3284429_table_0.xml,False,medium,45,41,39,39,35.694498,39,0,45,0,39
merged,PMC3566098_table_3,PMC3566098_table_3.xml,False,small,35,42,19,0,11.920079,19,0,35,0,19
merged,PMC4751569_table_0,PMC4751569_table_0.xml,False,small,18,20,18,2,12.888454,18,0,18,0,18
merged,PMC3473241_table_6,PMC3473241_table_6.xml,True,medium,35,37,35,35,32.364577,35,2,33,2,33
merged,PMC4596371_table_0,PMC4596371_table_0.xml,True,medium,30,39,30,16,23.027879,30,2,28,2,28
merged,PMC3665576_table_0,PMC3665576_table_0.xml,True,large,142,55,43,29,32.38931,43,10,132,0,43
merged,PMC3614829_table_1,PMC3614829_table_1.xml,False,medium,60,65,60,54,48.981565,60,0,60,0,60
merged,PMC3530428_table_3,PMC3530428_table_3.xml,True,medium,54,33,30,6,20.949373,30,6,48,6,24
merged,PMC4607371_table_0,PMC4607371_table_0.xml,False,large,192,198,192,186,151.914287,192,0,192,0,192
merged,PMC2872307_table_0,PMC2872307_table_0.xml,False,small,12,6,2,2,1.824157,2,0,12,0,2
merged,PMC4529114_table_2,PMC4529114_table_2.xml,False,small,30,34,30,21,24.701602,30,0,30,0,30
merged,PMC3184264_table_5,PMC3184264_table_5.xml,False,small,12,11,4,2,2.988442,4,0,12,0,4
merged,PMC6234267_table_5,PMC6234267_table_5.xml,True,small,17,20,12,0,7.572055,12,2,15,1,11
merged,PMC5019196_table_0,PMC5019196_table_0.xml,False,small,34,34,31,16,23.135087,31,0,34,0,31
merged,PMC5061843_table_0,PMC5061843_table_0.xml,False,medium,48,56,46,41,37.192739,46,0,48,0,46
merged,PMC3689045_table_0,PMC3689045_table_0.xml,True,small,25,30,23,19,18.323099,23,1,24,0,23
merged,PMC6070681_table_0,PMC6070681_table_0.xml,True,medium,44,64,12,2,6.959576,12,6,38,0,12
merged,PMC2674447_table_2,PMC2674447_table_2.xml,True,large,104,116,97,51,72.49411,97,2,102,0,97
merged,PMC4902088_table_0,PMC4902088_table_0.xml,False,medium,49,58,46,27,36.517252,46,0,49,0,46
merged,PMC4807184_table_0,PMC4807184_table_0.xml,False,medium,45,42,31,7,22.03663,31,0,45,0,31
merged,PMC4832563_table_4,PMC4832563_table_4.xml,True,large,140,186,130,50,95.519668,130,19,121,12,118
merged,PMC2886951_table_0,PMC2886951_table_0.xml,True,small,17,9,5,2,3.571578,5,2,15,2,3
merged,PMC3334773_table_2,PMC3334773_table_2.xml,True,medium,61,81,60,40,48.650441,60,1,60,0,60
merged,PMC6201959_table_1,PMC6201959_table_1.xml,True,large,208,210,203,137,155.361674,203,4,204,2,201
merged,PMC3393902_table_0,PMC3393902_table_0.xml,False,large,110,112,110,85,86.641503,110,0,110,0,110
merged,PMC3504360_table_0,PMC3504360_table_0.xml,False,small,30,34,30,23,25.527365,30,0,30,0,30
merged,PMC4517507_table_3,PMC4517507_table_3.xml,True,large,98,102,96,93,85.098951,96,3,95,2,94
merged,PMC5138191_table_1,PMC5138191_table_1.xml,True,medium,45,13,0,0,0,0,6,39,0,0
merged,PMC2727484_table_2,PMC2727484_table_2.xml,False,medium,36,16,10,0,6.639209,10,0,36,0,10
merged,PMC3263730_table_1,PMC3263730_table_1.xml,False,medium,40,58,39,17,28.27283,39,0,40,0,39
merged,PMC5873778_table_2,PMC5873778_table_2.xml,False,medium,44,46,43,28,32.279877,43,0,44,0,43
merged,PMC4454883_table_3,PMC4454883_table_3.xml,True,large,84,113,81,57,63.466987,81,3,81,0,81
merged,PMC4468092_table_4,PMC4468092_table_4.xml,False,small,24,30,24,18,18.823994,24,0,24,0,24
merged,PMC5988018_table_1,PMC5988018_table_1.xml,True,large,122,136,116,103,91.34056,116,2,120,0,116
merged,PMC2519138_table_0,PMC2519138_table_0.xml,False,small,20,21,18,11,14.955156,18,0,20,0,18
merged,PMC6016946_table_1,PMC6016946_table_1.xml,True,large,147,172,144,136,114.572129,144,3,144,0,144
merged,PMC2699215_table_4,PMC2699215_table_4.xml,False,large,204,257,183,0,108.461687,183,0,204,0,183
merged,PMC3410290_table_4,PMC3410290_table_4.xml,True,small,28,35,14,2,9.813014,14,2,26,2,12
merged,PMC2375120_table_2,PMC2375120_table_2.xml,True,medium,37,51,34,22,26.26001,34,3,34,2,32
merged,PMC3338385_table_1,PMC3338385_table_1.xml,False,small,24,22,19,7,13.602896,19,0,24,0,19
merged,PMC3050351_table_1,PMC3050351_table_1.xml,False,large,168,9,1,0,0.690409,1,0,168,0,1
merged,PMC4519871_table_0,PMC4519871_table_0.xml,True,medium,48,7,0,0,0,0,3,45,0,0
merged,PMC3281019_table_1,PMC3281019_table_1.xml,True,large,71,84,32,0,18.755559,32,3,68,0,32
merged,PMC6145148_table_0,PMC6145148_table_0.xml,False,small,20,18,15,10,11.600614,15,0,20,0,15
merged,PMC2977678_table_0,PMC2977678_table_0.xml,False,small,22,28,19,0,10.639459,19,0,22,0,19
merged,PMC4954877_table_0,PMC4954877_table_0.xml,True,small,27,30,24,12,18.257478,24,1,26,0,24
merged,PMC2289812_table_1,PMC2289812_table_1.xml,True,small,30,45,29,17,22.674516,29,3,27,3,26
merged,PMC3665813_table_0,PMC3665813_table_0.xml,False,small,32,14,10,3,6.892069,10,0,32,0,10
merged,PMC5751690_table_0,PMC5751690_table_0.xml,False,small,20,30,13,3,8.397536,13,0,20,0,13
merged,PMC3050935_table_0,PMC3050935_table_0.xml,False,large,198,208,195,127,144.664128,195,0,198,0,195
merged,PMC4936287_table_3,PMC4936287_table_3.xml,True,large,186,97,64,32,48.186489,64,5,181,2,62
merged,PMC3519782_table_3,PMC3519782_table_3.xml,True,medium,36,27,13,1,8.517027,13,4,32,1,12
merged,PMC2579308_table_6,PMC2579308_table_6.xml,True,large,144,142,97,62,73.557544,97,16,128,6,91
merged,PMC4933999_table_6,PMC4933999_table_6.xml,True,large,199,236,198,129,150.194392,198,13,186,12,186
merged,PMC6013434_table_1,PMC6013434_table_1.xml,True,medium,63,66,55,6,38.67219,55,6,57,5,50
merged,PMC2483440_table_2,PMC2483440_table_2.xml,False,medium,44,55,44,34,35.750602,44,0,44,0,44
merged,PMC2921397_table_0,PMC2921397_table_0.xml,False,small,15,7,0,0,0,0,0,15,0,0
merged,PMC4579500_table_1,PMC4579500_table_1.xml,True,large,105,124,75,23,53.037836,75,5,100,0,75
merged,PMC5084147_table_6,PMC5084147_table_6.xml,False,medium,66,62,60,54,49.748613,60,0,66,0,60
merged,PMC4929101_table_2,PMC4929101_table_2.xml,True,large,79,91,30,0,16.72508,30,7,72,1,29
merged,PMC6086995_table_0,PMC6086995_table_0.xml,False,small,12,15,12,12,9.770572,12,0,12,0,12
merged,PMC3001694_table_2,PMC3001694_table_2.xml,True,medium,38,42,38,28,31.250731,38,2,36,2,36
merged,PMC5669531_table_7,PMC5669531_table_7.xml,True,small,25,27,24,14,18.605267,24,5,20,4,20
merged,PMC3196713_table_0,PMC3196713_table_0.xml,True,large,126,162,112,22,77.347935,112,6,120,4,108
merged,PMC4954645_table_0,PMC4954645_table_0.xml,True,small,21,28,19,13,14.873014,19,3,18,2,17
merged,PMC3481435_table_7,PMC3481435_table_7.xml,False,small,8,18,3,1,1.944787,3,0,8,0,3
merged,PMC2906434_table_0,PMC2906434_table_0.xml,False,small,30,34,30,7,21.518792,30,0,30,0,30
merged,PMC3393323_table_0,PMC3393323_table_0.xml,False,small,20,23,19,7,13.239458,19,0,20,0,19
merged,PMC5159879_table_0,PMC5159879_table_0.xml,True,large,260,293,235,212,189.924686,235,16,244,4,231
merged,PMC4855820_table_1,PMC4855820_table_1.xml,True,small,16,23,12,0,6.798022,12,1,15,0,12
merged,PMC4449161_table_0,PMC4449161_table_0.xml,True,large,105,119,103,98,86.261007,103,2,103,0,103
merged,PMC5708049_table_0,PMC5708049_table_0.xml,False,medium,36,37,36,30,31.902245,36,0,36,0,36
merged,PMC1410752_table_3,PMC1410752_table_3.xml,True,large,90,122,66,1,38.588379,66,12,78,2,64
merged,PMC6155541_table_1,PMC6155541_table_1.xml,True,large,84,117,78,47,60.573651,78,6,78,0,78
merged,PMC5118951_table_0,PMC5118951_table_0.xml,True,large,77,92,76,56,60.680084,76,6,71,5,71
merged,PMC4383577_table_8,PMC4383577_table_8.xml,True,small,32,25,17,0,10.21478,17,3,29,2,15
merged,PMC4619505_table_3,PMC4619505_table_3.xml,True,large,232,277,185,84,136.404113,185,4,228,0,185
merged,PMC3564629_table_1,PMC3564629_table_1.xml,False,medium,45,58,45,35,35.308608,45,0,45,0,45
merged,PMC3203352_table_2,PMC3203352_table_2.xml,False,large,110,261,2,0,1.026311,2,0,110,0,2
merged,PMC4449525_table_0,PMC4449525_table_0.xml,True,medium,38,48,38,20,28.535512,38,2,36,2,36
merged,PMC5706603_table_0,PMC5706603_table_0.xml,False,medium,48,56,47,33,38.220058,47,0,48,0,47
merged,PMC4891946_table_0,PMC4891946_table_0.xml,True,medium,67,75,67,56,55.47341,67,3,64,3,64
merged,PMC4942061_table_1,PMC4942061_table_1.xml,True,large,169,187,132,31,86.681493,132,4,165,0,132
merged,PMC2268657_table_0,PMC2268657_table_0.xml,False,small,4,7,4,2,3.060272,4,0,4,0,4
merged,PMC2648792_table_0,PMC2648792_table_0.xml,True,medium,31,28,21,16,16.598984,21,4,27,0,21
merged,PMC2970127_table_0,PMC2970127_table_0.xml,False,large,165,171,163,31,107.002837,163,0,165,0,163
merged,PMC2977268_table_0,PMC2977268_table_0.xml,False,small,15,26,3,0,1.572866,3,0,15,0,3
merged,PMC5041273_table_10,PMC5041273_table_10.xml,False,small,18,25,18,9,13.369979,18,0,18,0,18
merged,PMC4605644_table_1,PMC4605644_table_1.xml,True,large,117,119,104,43,71.799273,104,3,114,0,104
merged,PMC3553054_table_0,PMC3553054_table_0.xml,True,small,26,23,13,0,8.199364,13,4,22,2,11
merged,PMC4862985_table_0,PMC4862985_table_0.xml,True,medium,45,60,44,32,35.529596,44,1,44,0,44
merged,PMC2979585_table_2,PMC2979585_table_2.xml,False,large,140,8,2,0,1.315461,2,0,140,0,2
merged,PMC2335306_table_1,PMC2335306_table_1.xml,True,medium,43,58,43,33,35.25165,43,4,39,4,39
merged,PMC2930843_table_5,PMC2930843_table_5.xml,True,large,167,198,162,119,124.756553,162,5,162,0,162
merged,PMC4366389_table_1,PMC4366389_table_1.xml,True,medium,51,61,44,0,27.029563,44,8,43,3,41
merged,PMC4904362_table_3,PMC4904362_table_3.xml,False,small,14,11,9,7,6.880256,9,0,14,0,9
merged,PMC3354558_table_0,PMC3354558_table_0.xml,False,small,14,17,14,0,8.585848,14,0,14,0,14
merged,PMC5713137_table_1,PMC5713137_table_1.xml,False,medium,64,67,64,46,51.296619,64,0,64,0,64
merged,PMC5663065_table_0,PMC5663065_table_0.xml,True,medium,38,79,1,0,0.51296,1,8,30,0,1
merged,PMC5719293_table_1,PMC5719293_table_1.xml,True,large,96,134,87,67,69.666343,87,9,87,0,87
merged,PMC4971541_table_1,PMC4971541_table_1.xml,True,large,116,246,64,12,41.619048,64,1,115,0,64
merged,PMC6185718_table_1,PMC6185718_table_1.xml,True,medium,51,39,21,12,15.651904,21,3,48,2,19
merged,PMC5000650_table_0,PMC5000650_table_0.xml,False,small,33,37,33,29,26.872583,33,0,33,0,33
merged,PMC2918559_table_0,PMC2918559_table_0.xml,True,large,339,264,230,85,159.308475,230,40,299,33,197
merged,PMC3050235_table_2,PMC3050235_table_2.xml,False,small,15,25,5,0,2.675609,5,0,15,0,5
merged,PMC2973956_table_3,PMC2973956_table_3.xml,True,large,127,172,105,50,75.879099,105,6,121,1,104
merged,PMC3544610_table_2,PMC3544610_table_2.xml,True,large,292,295,290,150,218.934246,290,7,285,6,284
merged,PMC5756247_table_0,PMC5756247_table_0.xml,False,small,15,13,11,10,9.02901,11,0,15,0,11
merged,PMC5789837_table_1,PMC5789837_table_1.xml,True,small,23,27,23,2,15.499687,23,3,20,3,20
merged,PMC6201453_table_0,PMC6201453_table_0.xml,True,large,119,147,108,71,80.043563,108,10,109,1,107
merged,PMC6407848_table_0,PMC6407848_table_0.xml,False,medium,63,73,63,28,46.599656,63,0,63,0,63
merged,PMC4620384_table_4,PMC4620384_table_4.xml,True,large,72,83,64,60,53.800969,64,11,61,3,61
merged,PMC3580279_table_1,PMC3580279_table_1.xml,True,medium,40,59,28,17,21.725152,28,4,36,0,28
merged,PMC4890739_table_0,PMC4890739_table_0.xml,True,medium,43,52,43,36,35.953199,43,3,40,3,40
merged,PMC4394126_table_0,PMC4394126_table_0.xml,True,large,79,36,9,6,6.875437,9,7,72,4,5
merged,PMC5953945_table_1,PMC5953945_table_1.xml,False,medium,36,40,36,9,25.278247,36,0,36,0,36
merged,PMC3196731_table_0,PMC3196731_table_0.xml,False,medium,36,14,0,0,0,0,0,36,0,0
merged,PMC2808329_table_3,PMC2808329_table_3.xml,True,large,201,203,192,55,131.742519,192,3,198,0,192
merged,PMC4613226_table_3,PMC4613226_table_3.xml,True,medium,53,56,53,53,42.854206,53,4,49,4,49
merged,PMC4937061_table_0,PMC4937061_table_0.xml,False,small,25,27,25,19,21.594413,25,0,25,0,25
merged,PMC5706411_table_1,PMC5706411_table_1.xml,True,small,15,10,6,4,4.734611,6,1,14,0,6
merged,PMC3270112_table_0,PMC3270112_table_0.xml,True,large,76,120,72,61,59.757699,72,4,72,0,72
merged,PMC5966247_table_0,PMC5966247_table_0.xml,True,small,18,23,13,0,8.153917,13,3,15,0,13
merged,PMC1079941_table_1,PMC1079941_table_1.xml,False,small,12,5,0,0,0,0,0,12,0,0
merged,PMC5783415_table_0,PMC5783415_table_0.xml,False,small,18,20,18,6,12.600247,18,0,18,0,18
merged,PMC4943500_table_2,PMC4943500_table_2.xml,True,medium,43,50,27,9,19.031895,27,3,40,1,26
merged,PMC6048769_table_3,PMC6048769_table_3.xml,True,large,64,85,50,27,38.189062,50,8,56,0,50
merged,PMC4845358_table_0,PMC4845358_table_0.xml,True,large,86,117,81,80,72.391372,81,3,83,0,81
merged,PMC4594643_table_2,PMC4594643_table_2.xml,False,large,93,95,93,30,66.186503,93,0,93,0,93
merged,PMC5956831_table_0,PMC5956831_table_0.xml,True,large,118,205,94,91,78.457387,94,24,94,1,93
merged,PMC6036804_table_0,PMC6036804_table_0.xml,True,small,22,42,13,1,9.004943,13,3,19,0,13
merged,PMC3362811_table_1,PMC3362811_table_1.xml,False,medium,42,58,42,35,35.153166,42,0,42,0,42
merged,PMC5823412_table_4,PMC5823412_table_4.xml,False,medium,63,66,52,40,44.063906,52,0,63,0,52
merged,PMC5850630_table_0,PMC5850630_table_0.xml,True,medium,64,37,31,5,21.980823,31,6,58,5,26
merged,PMC2700793_table_0,PMC2700793_table_0.xml,True,medium,61,63,47,26,37.414444,47,1,60,0,47
merged,PMC4819911_table_0,PMC4819911_table_0.xml,False,medium,68,92,66,30,47.361662,66,0,68,0,66
merged,PMC5862453_table_0,PMC5862453_table_0.xml,False,large,132,134,131,96,104.015344,131,0,132,0,131
merged,PMC4521701_table_3,PMC4521701_table_3.xml,False,large,110,121,110,75,86.250692,110,0,110,0,110
merged,PMC6127189_table_0,PMC6127189_table_0.xml,False,large,105,110,90,27,64.019777,90,0,105,0,90
merged,PMC4751540_table_1,PMC4751540_table_1.xml,True,large,127,131,127,120,104.436176,127,5,122,5,122
merged,PMC3145568_table_0,PMC3145568_table_0.xml,False,small,18,10,8,7,6.822483,8,0,18,0,8
merged,PMC3091650_table_2,PMC3091650_table_2.xml,False,large,132,160,124,43,85.929215,124,0,132,0,124
merged,PMC3413447_table_1,PMC3413447_table_1.xml,False,large,212,182,157,67,114.545293,157,0,212,0,157
merged,PMC4976786_table_0,PMC4976786_table_0.xml,False,medium,40,43,40,30,32.582823,40,0,40,0,40
merged,PMC4596811_table_0,PMC4596811_table_0.xml,False,small,20,29,20,13,15.864106,20,0,20,0,20
merged,PMC5861386_table_3,PMC5861386_table_3.xml,True,large,87,98,83,60,63.335401,83,2,85,0,83
merged,PMC3475240_table_0,PMC3475240_table_0.xml,True,small,25,29,25,19,20.101084,25,2,23,2,23
merged,PMC4556713_table_1,PMC4556713_table_1.xml,False,large,84,50,47,25,34.568678,47,0,84,0,47
merged,PMC6166923_table_0,PMC6166923_table_0.xml,True,medium,49,60,45,0,26.165991,45,3,46,0,45
merged,PMC3022877_table_0,PMC3022877_table_0.xml,False,small,27,33,25,22,20.750928,25,0,27,0,25
merged,PMC5073877_table_1,PMC5073877_table_1.xml,True,small,18,41,13,6,10.223871,13,2,16,0,13
merged,PMC5797103_table_1,PMC5797103_table_1.xml,True,medium,53,58,52,9,35.127676,52,3,50,3,49
merged,PMC4373880_table_6,PMC4373880_table_6.xml,True,large,111,121,104,95,86.192003,104,7,104,2,102
merged,PMC5966432_table_1,PMC5966432_table_1.xml,False,medium,60,65,59,40,44.453904,59,0,60,0,59
merged,PMC4395329_table_3,PMC4395329_table_3.xml,True,medium,34,28,12,4,7.546602,12,3,31,0,12
merged,PMC6206003_table_0,PMC6206003_table_0.xml,True,large,97,102,97,14,65.969368,97,1,96,1,96
merged,PMC4618517_table_0,PMC4618517_table_0.xml,True,large,140,146,106,1,62.312206,106,14,126,10,96
merged,PMC6225686_table_3,PMC6225686_table_3.xml,True,large,148,166,71,4,42.711516,71,13,135,3,68
merged,PMC4412091_table_0,PMC4412091_table_0.xml,False,small,15,4,0,0,0,0,0,15,0,0
merged,PMC5745705_table_1,PMC5745705_table_1.xml,False,small,32,41,32,24,24.147915,32,0,32,0,32
merged,PMC4942899_table_1,PMC4942899_table_1.xml,True,large,107,140,69,25,47.482545,69,5,102,4,65
merged,PMC2547107_table_1,PMC2547107_table_1.xml,False,small,21,25,19,10,13.294261,19,0,21,0,19
merged,PMC3542813_table_1,PMC3542813_table_1.xml,False,small,12,11,7,3,4.94398,7,0,12,0,7
merged,PMC3212515_table_1,PMC3212515_table_1.xml,True,small,24,10,0,0,0,0,4,20,0,0
merged,PMC5879732_table_1,PMC5879732_table_1.xml,False,small,16,4,1,0,0.616446,1,0,16,0,1
merged,PMC2917353_table_0,PMC2917353_table_0.xml,True,medium,43,37,32,29,28.100493,32,1,42,1,31
merged,PMC5807332_table_2,PMC5807332_table_2.xml,False,small,24,27,23,7,15.593654,23,0,24,0,23
merged,PMC3508804_table_1,PMC3508804_table_1.xml,False,small,16,16,13,8,10.171876,13,0,16,0,13
merged,PMC4503601_table_0,PMC4503601_table_0.xml,False,large,168,171,168,147,132.695553,168,0,168,0,168
merged,PMC3103460_table_2,PMC3103460_table_2.xml,True,large,135,187,116,87,92.69828,116,16,119,3,113
merged,PMC3053211_table_0,PMC3053211_table_0.xml,True,small,17,23,6,0,3.540555,6,1,16,0,6
merged,PMC2748088_table_1,PMC2748088_table_1.xml,True,small,25,31,21,10,15.796376,21,4,21,2,19
merged,PMC3022907_table_1,PMC3022907_table_1.xml,True,large,74,80,63,28,45.381525,63,4,70,1,62
merged,PMC3018458_table_1,PMC3018458_table_1.xml,False,large,132,140,132,101,99.658093,132,0,132,0,132
merged,PMC4415830_table_0,PMC4415830_table_0.xml,False,small,15,17,15,7,11.084134,15,0,15,0,15
merged,PMC1559685_table_6,PMC1559685_table_6.xml,True,medium,43,63,41,27,30.239854,41,5,38,5,36
merged,PMC3475064_table_3,PMC3475064_table_3.xml,False,small,28,39,28,14,21.254466,28,0,28,0,28
merged,PMC1382198_table_0,PMC1382198_table_0.xml,True,small,26,34,23,17,18.148695,23,2,24,0,23
merged,PMC3196697_table_1,PMC3196697_table_1.xml,True,medium,66,77,62,42,47.315836,62,4,62,3,59
merged,PMC2914705_table_0,PMC2914705_table_0.xml,False,medium,48,45,39,11,27.656642,39,0,48,0,39
merged,PMC4842766_table_0,PMC4842766_table_0.xml,False,small,12,15,11,0,7.109476,11,0,12,0,11
merged,PMC2577669_table_2,PMC2577669_table_2.xml,False,small,24,27,24,20,18.823535,24,0,24,0,24
merged,PMC6530250_table_0,PMC6530250_table_0.xml,False,medium,50,47,45,37,37.114163,45,0,50,0,45
merged,PMC4631460_table_0,PMC4631460_table_0.xml,True,small,28,36,25,18,19.551757,25,2,26,1,24
merged,PMC3308190_table_2,PMC3308190_table_2.xml,True,medium,49,47,14,7,10.019103,14,2,47,1,13
merged,PMC4445912_table_1,PMC4445912_table_1.xml,False,medium,48,46,45,44,40.204724,45,0,48,0,45
merged,PMC3238873_table_0,PMC3238873_table_0.xml,False,small,20,26,19,0,10.956681,19,0,20,0,19
merged,PMC3553130_table_1,PMC3553130_table_1.xml,True,large,77,16,0,0,0,0,2,75,0,0
merged,PMC5836569_table_2,PMC5836569_table_2.xml,False,large,84,68,64,50,53.545544,64,0,84,0,64
merged,PMC3671805_table_0,PMC3671805_table_0.xml,False,large,99,113,90,6,60.481601,90,0,99,0,90
merged,PMC4446329_table_7,PMC4446329_table_7.xml,False,small,21,20,14,5,9.832107,14,0,21,0,14
merged,PMC3441624_table_0,PMC3441624_table_0.xml,True,medium,50,60,47,22,34.603263,47,2,48,0,47
merged,PMC4412628_table_0,PMC4412628_table_0.xml,True,large,164,192,162,59,115.019537,162,2,162,0,162
merged,PMC5756554_table_0,PMC5756554_table_0.xml,False,medium,52,70,52,41,42.983696,52,0,52,0,52
merged,PMC2961470_table_3,PMC2961470_table_3.xml,False,large,112,120,110,52,84.635513,110,0,112,0,110
merged,PMC4569344_table_3,PMC4569344_table_3.xml,True,large,98,143,96,62,73.065113,96,6,92,4,92
merged,PMC1182365_table_5,PMC1182365_table_5.xml,False,medium,65,70,60,54,49.738601,60,0,65,0,60
merged,PMC4676750_table_1,PMC4676750_table_1.xml,True,large,112,109,93,36,65.247263,93,7,105,3,90
merged,PMC2969532_table_0,PMC2969532_table_0.xml,False,small,20,25,18,0,10.406813,18,0,20,0,18
merged,PMC3639066_table_1,PMC3639066_table_1.xml,True,small,30,32,30,21,23.345026,30,3,27,3,27
merged,PMC4618529_table_2,PMC4618529_table_2.xml,False,medium,72,72,70,61,55.955526,70,0,72,0,70
merged,PMC5788579_table_0,PMC5788579_table_0.xml,True,large,98,118,91,86,78.832744,91,6,92,0,91
merged,PMC3362578_table_1,PMC3362578_table_1.xml,True,medium,39,17,13,8,10.806077,13,2,37,0,13
merged,PMC2979770_table_2,PMC2979770_table_2.xml,False,large,133,7,0,0,0,0,0,133,0,0
merged,PMC6060226_table_0,PMC6060226_table_0.xml,False,small,15,14,12,10,9.995983,12,0,15,0,12
merged,PMC5681566_table_0,PMC5681566_table_0.xml,True,large,237,241,235,89,171.919228,235,6,231,4,231
merged,PMC6102900_table_3,PMC6102900_table_3.xml,True,medium,42,77,24,15,18.042415,24,3,39,0,24
merged,PMC3397488_table_0,PMC3397488_table_0.xml,False,large,143,145,143,104,108.813988,143,0,143,0,143
merged,PMC4376517_table_1,PMC4376517_table_1.xml,False,medium,66,75,66,59,52.669186,66,0,66,0,66
merged,PMC1458958_table_0,PMC1458958_table_0.xml,True,large,118,133,106,82,85.32843,106,2,116,1,105
merged,PMC3679988_table_0,PMC3679988_table_0.xml,True,large,100,119,63,47,49.020544,63,27,73,15,48
merged,PMC4648506_table_1,PMC4648506_table_1.xml,True,small,32,17,8,0,4.636571,8,1,31,0,8
merged,PMC4714838_table_0,PMC4714838_table_0.xml,True,medium,63,79,57,36,45.987336,57,6,57,0,57
merged,PMC2916003_table_1,PMC2916003_table_1.xml,True,large,175,218,168,87,120.404093,168,9,166,3,165
merged,PMC3009153_table_2,PMC3009153_table_2.xml,False,small,18,26,16,13,12.97827,16,0,18,0,16
merged,PMC5954896_table_0,PMC5954896_table_0.xml,False,large,90,95,90,76,73.863301,90,0,90,0,90
merged,PMC4965463_table_0,PMC4965463_table_0.xml,True,medium,31,34,30,25,25.052228,30,1,30,1,29
merged,PMC6099994_table_0,PMC6099994_table_0.xml,True,small,24,22,16,15,13.954833,16,5,19,4,12
merged,PMC2585574_table_0,PMC2585574_table_0.xml,True,medium,66,91,65,48,54.078366,65,4,62,4,61
merged,PMC5691082_table_0,PMC5691082_table_0.xml,True,large,105,109,79,0,49.385397,79,2,103,2,77
merged,PMC2979697_table_0,PMC2979697_table_0.xml,False,small,16,24,14,6,10.556004,14,0,16,0,14
unmerged,PMC4557484_table_1,PMC4557484_table_1.xml,False,small,24,31,18,1,11.131405,18,,,,
unmerged,PMC3220646_table_2,PMC3220646_table_2.xml,False,medium,49,50,43,10,30.776795,43,,,,
unmerged,PMC4830095_table_0,PMC4830095_table_0.xml,False,small,24,25,24,20,20.113252,24,,,,
unmerged,PMC4871359_table_2,PMC4871359_table_2.xml,True,medium,77,81,66,46,51.084917,66,,,,
unmerged,PMC3551747_table_3,PMC3551747_table_3.xml,True,large,238,233,230,71,163.439586,230,,,,
unmerged,PMC4603756_table_2,PMC4603756_table_2.xml,True,large,220,242,212,193,174.492993,212,,,,
unmerged,PMC4476686_table_3,PMC4476686_table_3.xml,True,medium,70,79,64,54,50.937724,64,,,,
unmerged,PMC3200184_table_1,PMC3200184_table_1.xml,False,small,28,27,22,9,16.316197,22,,,,
unmerged,PMC5801397_table_1,PMC5801397_table_1.xml,False,small,20,23,20,16,17.016662,20,,,,
unmerged,PMC2174452_table_0,PMC2174452_table_0.xml,True,large,123,87,37,36,31.296249,37,,,,
unmerged,PMC2979471_table_0,PMC2979471_table_0.xml,False,small,18,24,17,0,9.838054,17,,,,
unmerged,PMC4661520_table_0,PMC4661520_table_0.xml,False,large,246,260,234,58,166.065146,234,,,,
unmerged,PMC2585558_table_0,PMC2585558_table_0.xml,True,large,104,109,33,18,24.719524,33,,,,
unmerged,PMC4462139_table_1,PMC4462139_table_1.xml,False,medium,42,44,42,18,31.050391,42,,,,
unmerged,PMC3626709_table_3,PMC3626709_table_3.xml,True,large,88,78,53,43,42.807379,53,,,,
unmerged,PMC3353967_table_0,PMC3353967_table_0.xml,True,small,18,13,7,0,4.416099,7,,,,
unmerged,PMC3091531_table_0,PMC3091531_table_0.xml,False,large,114,116,114,80,87.694191,114,,,,
unmerged,PMC5859532_table_0,PMC5859532_table_0.xml,True,large,234,66,21,14,16.213468,21,,,,
unmerged,PMC4950718_table_3,PMC4950718_table_3.xml,True,large,126,125,79,60,60.473268,79,,,,
unmerged,PMC6069772_table_0,PMC6069772_table_0.xml,True,small,22,32,19,6,13.771866,19,,,,
unmerged,PMC1488876_table_0,PMC1488876_table_0.xml,False,medium,36,39,30,17,21.854299,30,,,,
unmerged,PMC6107733_table_3,PMC6107733_table_3.xml,False,small,6,6,3,3,2.322058,3,,,,
unmerged,PMC3391175_table_3,PMC3391175_table_3.xml,False,large,96,121,92,4,59.637291,92,,,,
unmerged,PMC2969096_table_2,PMC2969096_table_2.xml,False,small,16,21,13,0,8.314109,13,,,,
unmerged,PMC2954184_table_0,PMC2954184_table_0.xml,False,medium,36,39,34,9,22.817822,34,,,,
unmerged,PMC2577639_table_0,PMC2577639_table_0.xml,False,medium,72,76,71,20,50.512821,71,,,,
unmerged,PMC4748054_table_0,PMC4748054_table_0.xml,False,small,28,39,28,12,20.846204,28,,,,
unmerged,PMC5895719_table_0,PMC5895719_table_0.xml,False,small,22,46,7,0,3.908067,7,,,,
unmerged,PMC2886070_table_1,PMC2886070_table_1.xml,True,medium,60,53,37,25,30.187525,37,,,,
unmerged,PMC5098732_table_3,PMC5098732_table_3.xml,True,medium,39,41,15,0,9.649143,15,,,,
unmerged,PMC4650654_table_2,PMC4650654_table_2.xml,True,large,96,100,96,94,81.681705,96,,,,
unmerged,PMC4819383_table_0,PMC4819383_table_0.xml,True,medium,76,45,24,9,15.583195,24,,,,
unmerged,PMC3046132_table_2,PMC3046132_table_2.xml,True,large,224,233,222,10,152.79109,222,,,,
unmerged,PMC2711331_table_1,PMC2711331_table_1.xml,True,large,84,84,81,59,65.096801,81,,,,
unmerged,PMC4609873_table_0,PMC4609873_table_0.xml,False,large,116,118,107,12,67.153859,107,,,,
unmerged,PMC2623298_table_1,PMC2623298_table_1.xml,True,medium,52,54,49,35,39.371355,49,,,,
unmerged,PMC4641688_table_0,PMC4641688_table_0.xml,True,large,120,127,115,114,103.158404,115,,,,
unmerged,PMC2527552_table_1,PMC2527552_table_1.xml,False,medium,52,83,47,42,39.1317,47,,,,
unmerged,PMC4578763_table_2,PMC4578763_table_2.xml,False,medium,40,48,40,24,31.239143,40,,,,
unmerged,PMC1266024_table_0,PMC1266024_table_0.xml,True,large,169,163,126,29,87.850022,126,,,,
unmerged,PMC5906091_table_3,PMC5906091_table_3.xml,False,medium,55,57,55,20,38.597858,55,,,,
unmerged,PMC5075886_table_1,PMC5075886_table_1.xml,True,medium,50,46,40,24,30.710848,40,,,,
unmerged,PMC3346768_table_2,PMC3346768_table_2.xml,True,medium,39,51,37,11,25.5978,37,,,,
unmerged,PMC6460509_table_3,PMC6460509_table_3.xml,True,medium,56,54,42,34,33.862783,42,,,,
unmerged,PMC4933005_table_0,PMC4933005_table_0.xml,False,small,10,4,2,0,1.452233,2,,,,
unmerged,PMC5745737_table_2,PMC5745737_table_2.xml,True,large,98,99,83,65,63.993529,83,,,,
unmerged,PMC3009352_table_3,PMC3009352_table_3.xml,False,medium,56,79,54,27,41.058595,54,,,,
unmerged,PMC4830067_table_0,PMC4830067_table_0.xml,True,medium,63,65,55,50,45.903939,55,,,,
unmerged,PMC4957341_table_0,PMC4957341_table_0.xml,False,small,33,39,30,28,26.756373,30,,,,
unmerged,PMC2983561_table_0,PMC2983561_table_0.xml,False,small,16,24,14,1,9.188158,14,,,,
unmerged,PMC2904386_table_0,PMC2904386_table_0.xml,False,small,20,24,19,16,16.742184,19,,,,
unmerged,PMC6126004_table_3,PMC6126004_table_3.xml,False,large,112,117,111,102,88.986027,111,,,,
unmerged,PMC6037082_table_1,PMC6037082_table_1.xml,True,large,390,298,291,221,226.086124,291,,,,
unmerged,PMC5724365_table_1,PMC5724365_table_1.xml,True,large,81,88,51,0,30.11049,51,,,,
unmerged,PMC3583622_table_1,PMC3583622_table_1.xml,False,large,120,116,105,65,80.001436,105,,,,
unmerged,PMC2678101_table_0,PMC2678101_table_0.xml,False,small,30,36,30,20,23.887724,30,,,,
unmerged,PMC3507873_table_2,PMC3507873_table_2.xml,False,medium,72,72,63,50,49.613362,63,,,,
unmerged,PMC2821402_table_0,PMC2821402_table_0.xml,False,small,9,6,1,0,0.517468,1,,,,
unmerged,PMC5673718_table_3,PMC5673718_table_3.xml,True,medium,45,55,36,25,29.564428,36,,,,
unmerged,PMC4521151_table_0,PMC4521151_table_0.xml,False,medium,63,68,63,55,52.115405,63,,,,
unmerged,PMC4489625_table_0,PMC4489625_table_0.xml,True,medium,42,50,28,27,24.794385,28,,,,
unmerged,PMC3506454_table_0,PMC3506454_table_0.xml,False,small,14,6,4,4,3.134133,4,,,,
unmerged,PMC2352870_table_5,PMC2352870_table_5.xml,True,large,192,155,141,99,110.691694,141,,,,
unmerged,PMC6131896_table_1,PMC6131896_table_1.xml,True,large,110,115,102,4,67.043848,102,,,,
unmerged,PMC3004931_table_0,PMC3004931_table_0.xml,False,small,16,7,0,0,0,0,,,,
unmerged,PMC4570425_table_0,PMC4570425_table_0.xml,False,medium,48,18,0,0,0,0,,,,
unmerged,PMC1945034_table_3,PMC1945034_table_3.xml,True,medium,72,78,63,34,46.915031,63,,,,
unmerged,PMC2689505_table_0,PMC2689505_table_0.xml,False,medium,64,66,63,42,53.615614,63,,,,
unmerged,PMC5894967_table_0,PMC5894967_table_0.xml,True,large,102,98,72,10,43.714738,72,,,,
unmerged,PMC3296740_table_0,PMC3296740_table_0.xml,True,medium,77,84,68,14,46.4992,68,,,,
unmerged,PMC2640380_table_1,PMC2640380_table_1.xml,False,small,16,7,4,3,3.138952,4,,,,
unmerged,PMC6034749_table_0,PMC6034749_table_0.xml,True,medium,49,63,49,42,39.880808,49,,,,
unmerged,PMC2830220_table_0,PMC2830220_table_0.xml,False,medium,42,50,42,34,33.665575,42,,,,
unmerged,PMC4706714_table_0,PMC4706714_table_0.xml,False,medium,36,74,34,27,27.844341,34,,,,
unmerged,PMC3022830_table_0,PMC3022830_table_0.xml,True,large,136,111,89,67,72.36779,89,,,,
unmerged,PMC4472718_table_3,PMC4472718_table_3.xml,True,large,156,199,68,56,53.9087,68,,,,
unmerged,PMC4599890_table_3,PMC4599890_table_3.xml,False,small,12,14,11,6,8.423311,11,,,,
unmerged,PMC3184418_table_0,PMC3184418_table_0.xml,False,small,28,33,28,0,19.51927,28,,,,
unmerged,PMC2529317_table_1,PMC2529317_table_1.xml,True,large,81,85,64,36,48.016171,64,,,,
unmerged,PMC3151975_table_1,PMC3151975_table_1.xml,False,small,16,21,13,0,8.338616,13,,,,
unmerged,PMC4656969_table_0,PMC4656969_table_0.xml,False,medium,49,49,35,34,31.9563,35,,,,
unmerged,PMC5941763_table_1,PMC5941763_table_1.xml,True,large,90,134,90,46,67.337703,90,,,,
unmerged,PMC4347917_table_0,PMC4347917_table_0.xml,False,medium,36,48,33,17,24.572271,33,,,,
unmerged,PMC2718512_table_2,PMC2718512_table_2.xml,False,large,112,119,110,51,79.274998,110,,,,
unmerged,PMC3588267_table_1,PMC3588267_table_1.xml,False,large,84,92,83,74,67.08243,83,,,,
unmerged,PMC4895272_table_4,PMC4895272_table_4.xml,False,small,24,35,14,6,9.492281,14,,,,
unmerged,PMC4624135_table_2,PMC4624135_table_2.xml,True,large,111,123,108,70,83.080238,108,,,,
unmerged,PMC3501519_table_0,PMC3501519_table_0.xml,False,large,96,111,96,58,73.907106,96,,,,
unmerged,PMC2741440_table_2,PMC2741440_table_2.xml,True,large,112,92,75,38,54.247502,75,,,,
unmerged,PMC6226465_table_2,PMC6226465_table_2.xml,False,large,84,88,83,0,57.114579,83,,,,
unmerged,PMC2903598_table_1,PMC2903598_table_1.xml,False,small,18,20,14,4,9.451229,14,,,,
unmerged,PMC4882360_table_2,PMC4882360_table_2.xml,True,medium,51,57,33,1,20.392099,33,,,,
unmerged,PMC4419512_table_2,PMC4419512_table_2.xml,False,medium,36,42,36,31,29.537893,36,,,,
unmerged,PMC1851395_table_2,PMC1851395_table_2.xml,True,large,329,291,280,152,207.682551,280,,,,
unmerged,PMC3686801_table_0,PMC3686801_table_0.xml,True,medium,48,28,3,0,1.545935,3,,,,
unmerged,PMC3036605_table_0,PMC3036605_table_0.xml,True,large,130,130,125,100,103.328914,125,,,,
unmerged,PMC6032104_table_0,PMC6032104_table_0.xml,False,medium,70,74,68,38,50.105538,68,,,,
unmerged,PMC6173411_table_0,PMC6173411_table_0.xml,False,small,25,27,19,5,12.173884,19,,,,
unmerged,PMC2939516_table_0,PMC2939516_table_0.xml,False,small,33,37,33,24,27.361579,33,,,,
unmerged,PMC5791941_table_0,PMC5791941_table_0.xml,True,large,154,110,75,63,62.133635,75,,,,
unmerged,PMC3064576_table_2,PMC3064576_table_2.xml,True,small,28,10,0,0,0,0,,,,
unmerged,PMC1622761_table_1,PMC1622761_table_1.xml,False,small,12,12,9,3,6.027098,9,,,,
unmerged,PMC4902286_table_2,PMC4902286_table_2.xml,True,small,35,43,31,15,23.225767,31,,,,
unmerged,PMC3238335_table_3,PMC3238335_table_3.xml,True,large,88,101,86,65,66.199446,86,,,,
unmerged,PMC3072946_table_0,PMC3072946_table_0.xml,False,medium,70,76,67,48,51.343125,67,,,,
unmerged,PMC5068742_table_4,PMC5068742_table_4.xml,True,small,15,17,11,4,7.995374,11,,,,
unmerged,PMC2983272_table_1,PMC2983272_table_1.xml,False,small,12,19,11,2,7.271693,11,,,,
unmerged,PMC3689524_table_2,PMC3689524_table_2.xml,True,small,16,6,2,2,1.764208,2,,,,
unmerged,PMC3541249_table_4,PMC3541249_table_4.xml,False,small,6,9,6,3,4.670448,6,,,,
unmerged,PMC4871359_table_3,PMC4871359_table_3.xml,True,medium,77,81,67,52,55.035396,67,,,,
unmerged,PMC5956962_table_1,PMC5956962_table_1.xml,False,medium,42,58,42,20,32.277891,42,,,,
unmerged,PMC4629756_table_0,PMC4629756_table_0.xml,False,small,27,37,20,5,13.740963,20,,,,
unmerged,PMC6010860_table_1,PMC6010860_table_1.xml,True,large,155,33,0,0,0,0,,,,
unmerged,PMC5880062_table_1,PMC5880062_table_1.xml,True,large,198,178,149,26,99.661053,149,,,,
unmerged,PMC2955703_table_4,PMC2955703_table_4.xml,False,medium,55,47,37,12,26.116593,37,,,,
unmerged,PMC4641589_table_1,PMC4641589_table_1.xml,False,medium,60,63,58,52,47.109551,58,,,,
unmerged,PMC4490793_table_0,PMC4490793_table_0.xml,False,small,27,37,25,16,19.600878,25,,,,
unmerged,PMC5081668_table_2,PMC5081668_table_2.xml,True,large,144,152,133,67,97.426766,133,,,,
unmerged,PMC5997944_table_5,PMC5997944_table_5.xml,False,medium,48,32,9,0,5.301442,9,,,,
unmerged,PMC4658139_table_0,PMC4658139_table_0.xml,False,small,21,9,0,0,0,0,,,,
unmerged,PMC5027767_table_0,PMC5027767_table_0.xml,False,small,15,17,7,0,3.625492,7,,,,
unmerged,PMC6154426_table_3,PMC6154426_table_3.xml,True,small,30,6,0,0,0,0,,,,
unmerged,PMC6100046_table_0,PMC6100046_table_0.xml,False,medium,49,53,49,33,38.302743,49,,,,
unmerged,PMC3164601_table_2,PMC3164601_table_2.xml,True,large,80,52,31,10,22.439979,31,,,,
unmerged,PMC1929151_table_0,PMC1929151_table_0.xml,False,large,135,141,135,90,104.293731,135,,,,
unmerged,PMC2941694_table_1,PMC2941694_table_1.xml,False,medium,48,54,48,44,39.144486,48,,,,
unmerged,PMC2960599_table_0,PMC2960599_table_0.xml,False,small,20,26,18,0,11.596732,18,,,,
unmerged,PMC3673891_table_0,PMC3673891_table_0.xml,True,medium,50,48,38,16,26.825603,38,,,,
unmerged,PMC3629600_table_1,PMC3629600_table_1.xml,False,small,15,21,12,4,7.748105,12,,,,
unmerged,PMC4853443_table_3,PMC4853443_table_3.xml,False,small,20,18,13,2,8.198197,13,,,,
unmerged,PMC3615965_table_1,PMC3615965_table_1.xml,False,small,24,33,22,12,16.626497,22,,,,
unmerged,PMC4851769_table_0,PMC4851769_table_0.xml,True,large,100,108,100,78,81.012799,100,,,,
unmerged,PMC4987991_table_1,PMC4987991_table_1.xml,True,small,30,37,28,8,19.936636,28,,,,
unmerged,PMC2959565_table_1,PMC2959565_table_1.xml,False,large,168,7,0,0,0,0,,,,
unmerged,PMC4873261_table_3,PMC4873261_table_3.xml,True,large,256,260,256,252,214.118026,256,,,,
unmerged,PMC2993656_table_11,PMC2993656_table_11.xml,True,medium,63,74,55,36,42.750235,55,,,,
unmerged,PMC6007071_table_0,PMC6007071_table_0.xml,False,small,21,26,8,0,4.311309,8,,,,
unmerged,PMC3200594_table_1,PMC3200594_table_1.xml,False,small,16,24,13,3,8.671826,13,,,,
unmerged,PMC3247576_table_1,PMC3247576_table_1.xml,False,small,16,24,14,4,9.708156,14,,,,
unmerged,PMC5989356_table_4,PMC5989356_table_4.xml,True,small,15,15,12,9,10.217733,12,,,,
unmerged,PMC5025155_table_3,PMC5025155_table_3.xml,True,large,108,81,60,36,44.553867,60,,,,
unmerged,PMC3232225_table_2,PMC3232225_table_2.xml,True,medium,70,71,22,0,13.162973,22,,,,
unmerged,PMC6071998_table_1,PMC6071998_table_1.xml,True,large,126,110,106,97,91.291979,106,,,,
unmerged,PMC3430984_table_0,PMC3430984_table_0.xml,False,large,96,103,96,78,75.445126,96,,,,
unmerged,PMC4936294_table_2,PMC4936294_table_2.xml,False,small,30,41,30,22,23.205531,30,,,,
unmerged,PMC4461065_table_0,PMC4461065_table_0.xml,False,small,24,31,23,13,17.793981,23,,,,
unmerged,PMC6225095_table_1,PMC6225095_table_1.xml,False,medium,44,40,10,0,6.052015,10,,,,
unmerged,PMC4457489_table_0,PMC4457489_table_0.xml,True,large,110,116,105,53,76.548304,105,,,,
unmerged,PMC5711908_table_3,PMC5711908_table_3.xml,False,medium,40,45,32,8,22.246109,32,,,,
unmerged,PMC4513019_table_0,PMC4513019_table_0.xml,True,large,198,194,189,80,139.295136,189,,,,
unmerged,PMC5086409_table_0,PMC5086409_table_0.xml,True,medium,44,126,15,5,10.37359,15,,,,
unmerged,PMC6025390_table_0,PMC6025390_table_0.xml,True,large,240,253,234,72,171.56876,234,,,,
unmerged,PMC3195289_table_0,PMC3195289_table_0.xml,False,large,96,105,88,51,65.831305,88,,,,
unmerged,PMC3132509_table_2,PMC3132509_table_2.xml,True,medium,72,76,53,25,38.507655,53,,,,
unmerged,PMC3700867_table_2,PMC3700867_table_2.xml,True,small,18,16,9,4,6.354989,9,,,,
unmerged,PMC4962254_table_0,PMC4962254_table_0.xml,False,small,27,31,27,22,22.968583,27,,,,
unmerged,PMC3688689_table_0,PMC3688689_table_0.xml,False,large,161,172,154,3,98.841025,154,,,,
unmerged,PMC4373873_table_5,PMC4373873_table_5.xml,False,medium,42,54,42,24,31.231357,42,,,,
unmerged,PMC5879993_table_0,PMC5879993_table_0.xml,True,medium,68,88,58,23,39.253208,58,,,,
unmerged,PMC3599909_table_0,PMC3599909_table_0.xml,True,large,84,79,74,54,57.446921,74,,,,
unmerged,PMC3671244_table_0,PMC3671244_table_0.xml,True,large,110,104,100,93,80.877662,100,,,,
unmerged,PMC6023632_table_1,PMC6023632_table_1.xml,True,large,105,107,98,79,76.751117,98,,,,
unmerged,PMC4493637_table_1,PMC4493637_table_1.xml,True,large,196,200,196,161,154.646325,196,,,,
unmerged,PMC3341574_table_3,PMC3341574_table_3.xml,True,medium,54,69,54,38,43.381257,54,,,,
unmerged,PMC4824530_table_1,PMC4824530_table_1.xml,False,medium,48,57,48,42,39.858846,48,,,,
unmerged,PMC4990542_table_0,PMC4990542_table_0.xml,True,large,154,157,143,35,101.538712,143,,,,
unmerged,PMC5739639_table_0,PMC5739639_table_0.xml,True,medium,72,75,72,56,58.72773,72,,,,
unmerged,PMC4526633_table_3,PMC4526633_table_3.xml,False,medium,48,19,0,0,0,0,,,,
unmerged,PMC5048428_table_0,PMC5048428_table_0.xml,True,medium,40,36,31,29,25.873223,31,,,,
unmerged,PMC2967991_table_0,PMC2967991_table_0.xml,False,small,20,26,18,0,10.225674,18,,,,
unmerged,PMC3325992_table_2,PMC3325992_table_2.xml,False,medium,60,41,22,9,16.253865,22,,,,
unmerged,PMC5058761_table_1,PMC5058761_table_1.xml,True,small,32,36,28,18,19.907725,28,,,,
unmerged,PMC6205954_table_0,PMC6205954_table_0.xml,False,small,30,41,13,2,8.474158,13,,,,
unmerged,PMC5896998_table_0,PMC5896998_table_0.xml,False,small,15,18,5,0,3.180044,5,,,,
unmerged,PMC5688640_table_7,PMC5688640_table_7.xml,False,medium,65,72,63,12,42.049897,63,,,,
unmerged,PMC6092857_table_0,PMC6092857_table_0.xml,True,large,264,266,258,167,197.996904,258,,,,
unmerged,PMC4963123_table_0,PMC4963123_table_0.xml,False,small,12,14,12,12,9.87267,12,,,,
unmerged,PMC4485293_table_1,PMC4485293_table_1.xml,False,small,20,5,0,0,0,0,,,,
unmerged,PMC4864823_table_0,PMC4864823_table_0.xml,False,small,6,33,3,0,1.902201,3,,,,
unmerged,PMC5102476_table_1,PMC5102476_table_1.xml,True,large,84,93,84,20,59.22307,84,,,,
unmerged,PMC4523781_table_1,PMC4523781_table_1.xml,False,small,25,27,22,9,15.605432,22,,,,
unmerged,PMC4955163_table_0,PMC4955163_table_0.xml,True,small,14,6,3,3,2.504688,3,,,,
unmerged,PMC4485614_table_0,PMC4485614_table_0.xml,True,medium,76,77,69,17,45.706244,69,,,,
unmerged,PMC4871438_table_1,PMC4871438_table_1.xml,False,large,186,189,185,176,150.765404,185,,,,
unmerged,PMC1939840_table_1,PMC1939840_table_1.xml,False,medium,52,57,52,44,42.421907,52,,,,
unmerged,PMC5120060_table_4,PMC5120060_table_4.xml,False,small,20,23,20,8,15.184442,20,,,,
unmerged,PMC6025384_table_1,PMC6025384_table_1.xml,True,medium,63,64,60,41,51.131995,60,,,,
unmerged,PMC4709483_table_1,PMC4709483_table_1.xml,True,medium,65,75,60,10,43.558021,60,,,,
unmerged,PMC3409068_table_1,PMC3409068_table_1.xml,False,large,92,119,85,21,52.144415,85,,,,
unmerged,PMC5093738_table_3,PMC5093738_table_3.xml,False,large,104,109,104,77,83.163909,104,,,,
unmerged,PMC4678211_table_1,PMC4678211_table_1.xml,True,large,93,138,86,33,62.735174,86,,,,
unmerged,PMC5017671_table_1,PMC5017671_table_1.xml,True,medium,44,45,42,29,34.412317,42,,,,
unmerged,PMC4940829_table_0,PMC4940829_table_0.xml,True,large,98,11,2,0,1.135557,2,,,,
unmerged,PMC5927400_table_0,PMC5927400_table_0.xml,False,large,253,257,253,130,184.338041,253,,,,
unmerged,PMC3072324_table_0,PMC3072324_table_0.xml,False,small,27,33,27,23,22.69709,27,,,,
unmerged,PMC2960525_table_3,PMC2960525_table_3.xml,False,small,10,20,1,0,0.528441,1,,,,
unmerged,PMC4355521_table_0,PMC4355521_table_0.xml,False,small,16,4,1,0,0.517452,1,,,,
unmerged,PMC4431603_table_2,PMC4431603_table_2.xml,True,medium,70,70,64,61,52.688608,64,,,,
unmerged,PMC5953918_table_0,PMC5953918_table_0.xml,True,large,207,182,163,45,116.995766,163,,,,
unmerged,PMC3129319_table_1,PMC3129319_table_1.xml,False,small,27,22,8,0,4.80239,8,,,,
unmerged,PMC3544827_table_2,PMC3544827_table_2.xml,True,medium,40,42,21,2,14.175774,21,,,,
unmerged,PMC4597800_table_0,PMC4597800_table_0.xml,True,small,28,13,7,5,5.44625,7,,,,
unmerged,PMC2944255_table_5,PMC2944255_table_5.xml,False,small,21,17,14,10,10.669588,14,,,,
unmerged,PMC5996883_table_0,PMC5996883_table_0.xml,True,medium,63,71,55,15,39.253855,55,,,,
unmerged,PMC3269416_table_0,PMC3269416_table_0.xml,False,small,9,13,8,2,5.219813,8,,,,
unmerged,PMC5829779_table_3,PMC5829779_table_3.xml,False,medium,52,15,0,0,0,0,,,,
unmerged,PMC6019505_table_2,PMC6019505_table_2.xml,False,medium,36,44,36,32,29.688649,36,,,,
unmerged,PMC6085217_table_3,PMC6085217_table_3.xml,True,small,30,34,19,14,14.234526,19,,,,
unmerged,PMC3446543_table_1,PMC3446543_table_1.xml,True,small,21,17,5,0,2.680482,5,,,,
unmerged,PMC6038205_table_4,PMC6038205_table_4.xml,True,large,114,124,90,0,54.474758,90,,,,
unmerged,PMC3653782_table_3,PMC3653782_table_3.xml,True,large,105,115,87,57,66.003116,87,,,,
unmerged,PMC4795930_table_0,PMC4795930_table_0.xml,True,large,112,118,103,6,69.139009,103,,,,
unmerged,PMC2999564_table_3,PMC2999564_table_3.xml,False,large,80,90,80,62,63.411102,80,,,,
unmerged,PMC6236952_table_0,PMC6236952_table_0.xml,True,small,21,30,12,0,6.829915,12,,,,
unmerged,PMC2959605_table_1,PMC2959605_table_1.xml,False,large,175,7,0,0,0,0,,,,
unmerged,PMC3680193_table_1,PMC3680193_table_1.xml,True,large,245,246,237,195,195.741364,237,,,,
unmerged,PMC4472248_table_0,PMC4472248_table_0.xml,True,large,110,93,66,24,49.5611,66,,,,
unmerged,PMC3444503_table_2,PMC3444503_table_2.xml,True,large,84,89,80,68,64.320103,80,,,,
unmerged,PMC2861057_table_0,PMC2861057_table_0.xml,True,medium,42,45,37,2,25.150873,37,,,,
unmerged,PMC5945046_table_1,PMC5945046_table_1.xml,True,large,119,117,96,3,61.51145,96,,,,
unmerged,PMC3473247_table_2,PMC3473247_table_2.xml,False,small,15,7,0,0,0,0,,,,
unmerged,PMC5725103_table_2,PMC5725103_table_2.xml,True,large,161,164,150,150,124.678694,150,,,,
unmerged,PMC6040068_table_3,PMC6040068_table_3.xml,True,large,91,160,67,29,47.506442,67,,,,
unmerged,PMC4699818_table_0,PMC4699818_table_0.xml,False,medium,60,69,60,52,50.310048,60,,,,
unmerged,PMC6079442_table_0,PMC6079442_table_0.xml,False,large,192,196,192,81,139.554882,192,,,,
unmerged,PMC3072304_table_0,PMC3072304_table_0.xml,False,small,32,55,30,25,25.165144,30,,,,
unmerged,PMC3036079_table_0,PMC3036079_table_0.xml,True,large,154,158,154,107,118.842222,154,,,,
unmerged,PMC5751415_table_2,PMC5751415_table_2.xml,True,small,28,28,7,0,4.683865,7,,,,
unmerged,PMC6028909_table_2,PMC6028909_table_2.xml,True,large,140,151,139,103,109.560695,139,,,,
unmerged,PMC4364747_table_1,PMC4364747_table_1.xml,False,large,90,79,72,51,57.207345,72,,,,
unmerged,PMC3099919_table_4,PMC3099919_table_4.xml,False,medium,45,55,26,3,17.085685,26,,,,
unmerged,PMC4740352_table_3,PMC4740352_table_3.xml,True,medium,72,47,26,14,19.296589,26,,,,
unmerged,PMC5020513_table_0,PMC5020513_table_0.xml,True,large,165,168,163,24,110.826501,163,,,,
unmerged,PMC6087012_table_2,PMC6087012_table_2.xml,True,medium,75,82,75,69,59.493321,75,,,,
unmerged,PMC4641152_table_2,PMC4641152_table_2.xml,True,small,16,18,12,5,8.197423,12,,,,
unmerged,PMC4446004_table_0,PMC4446004_table_0.xml,False,large,120,125,120,87,92.427678,120,,,,
unmerged,PMC2596488_table_1,PMC2596488_table_1.xml,True,medium,70,85,60,23,43.402477,60,,,,
unmerged,PMC5679600_table_1,PMC5679600_table_1.xml,False,small,25,27,25,17,19.332163,25,,,,
unmerged,PMC4697506_table_0,PMC4697506_table_0.xml,False,medium,42,46,39,22,30.30499,39,,,,
unmerged,PMC3006915_table_2,PMC3006915_table_2.xml,False,large,280,192,136,96,104.52423,136,,,,
unmerged,PMC3484115_table_0,PMC3484115_table_0.xml,True,large,108,109,96,24,65.815989,96,,,,
unmerged,PMC5840833_table_0,PMC5840833_table_0.xml,True,large,160,162,157,85,119.937147,157,,,,
unmerged,PMC4923155_table_3,PMC4923155_table_3.xml,True,large,240,241,235,48,172.786408,235,,,,
unmerged,PMC6002068_table_6,PMC6002068_table_6.xml,True,small,27,39,27,24,21.838264,27,,,,
unmerged,PMC3103460_table_0,PMC3103460_table_0.xml,True,large,189,178,131,62,98.987367,131,,,,
unmerged,PMC4360558_table_1,PMC4360558_table_1.xml,False,small,16,13,10,6,7.517554,10,,,,
unmerged,PMC4378979_table_0,PMC4378979_table_0.xml,True,large,88,87,79,74,66.045907,79,,,,
unmerged,PMC3585286_table_1,PMC3585286_table_1.xml,False,large,120,111,87,21,58.778005,87,,,,
unmerged,PMC1599734_table_0,PMC1599734_table_0.xml,False,small,27,22,14,7,10.746999,14,,,,
unmerged,PMC3535723_table_1,PMC3535723_table_1.xml,True,large,91,106,91,75,73.891397,91,,,,
unmerged,PMC5768441_table_0,PMC5768441_table_0.xml,True,medium,52,8,0,0,0,0,,,,
unmerged,PMC2649911_table_0,PMC2649911_table_0.xml,False,small,9,10,6,1,4.259086,6,,,,
unmerged,PMC3485083_table_1,PMC3485083_table_1.xml,False,large,156,152,138,67,100.310258,138,,,,
unmerged,PMC3526551_table_2,PMC3526551_table_2.xml,True,medium,60,22,18,0,10.391578,18,,,,
unmerged,PMC4667499_table_0,PMC4667499_table_0.xml,True,large,210,195,172,145,134.831855,172,,,,
unmerged,PMC5966494_table_1,PMC5966494_table_1.xml,True,large,187,208,172,52,125.634432,172,,,,
unmerged,PMC3338423_table_0,PMC3338423_table_0.xml,True,large,195,204,175,25,124.472156,175,,,,
unmerged,PMC4349793_table_0,PMC4349793_table_0.xml,True,large,152,172,148,136,122.141208,148,,,,
unmerged,PMC5707816_table_1,PMC5707816_table_1.xml,True,large,130,131,108,13,67.754815,108,,,,
unmerged,PMC3224767_table_0,PMC3224767_table_0.xml,True,medium,48,54,48,33,37.17175,48,,,,
unmerged,PMC4345205_table_0,PMC4345205_table_0.xml,False,small,18,21,12,0,7.970871,12,,,,
unmerged,PMC3269996_table_1,PMC3269996_table_1.xml,True,large,110,110,100,90,80.868895,100,,,,
unmerged,PMC3464599_table_0,PMC3464599_table_0.xml,False,small,24,18,15,12,12.83607,15,,,,
unmerged,PMC2577088_table_1,PMC2577088_table_1.xml,False,small,30,34,27,14,21.33422,27,,,,
unmerged,PMC2969637_table_1,PMC2969637_table_1.xml,False,large,161,7,0,0,0,0,,,,
unmerged,PMC5998039_table_0,PMC5998039_table_0.xml,False,large,84,89,84,69,65.801492,84,,,,
unmerged,PMC4897879_table_0,PMC4897879_table_0.xml,True,large,203,170,168,144,132.397498,168,,,,
unmerged,PMC5745915_table_0,PMC5745915_table_0.xml,False,large,140,134,124,100,101.728562,124,,,,
unmerged,PMC5033576_table_1,PMC5033576_table_1.xml,True,large,136,119,106,104,89.738459,106,,,,
unmerged,PMC3637233_table_1,PMC3637233_table_1.xml,False,medium,60,68,60,54,49.871261,60,,,,
unmerged,PMC2732638_table_4,PMC2732638_table_4.xml,True,small,12,6,2,0,1.157873,2,,,,
unmerged,PMC3236460_table_1,PMC3236460_table_1.xml,False,small,32,37,32,28,27.842837,32,,,,
unmerged,PMC6137918_table_1,PMC6137918_table_1.xml,True,medium,64,69,62,26,41.926327,62,,,,
unmerged,PMC6156278_table_0,PMC6156278_table_0.xml,True,large,84,85,83,72,69.194668,83,,,,
unmerged,PMC2695361_table_4,PMC2695361_table_4.xml,False,small,16,21,15,8,11.71024,15,,,,
unmerged,PMC4747561_table_0,PMC4747561_table_0.xml,True,medium,49,54,47,23,34.743356,47,,,,
unmerged,PMC6025609_table_0,PMC6025609_table_0.xml,False,medium,40,45,38,27,29.716908,38,,,,
unmerged,PMC2628647_table_1,PMC2628647_table_1.xml,False,medium,42,51,42,28,33.021785,42,,,,
unmerged,PMC4736147_table_0,PMC4736147_table_0.xml,True,large,216,233,186,13,118.583345,186,,,,
unmerged,PMC3201530_table_3,PMC3201530_table_3.xml,False,small,15,25,3,0,1.708221,3,,,,
unmerged,PMC5714139_table_0,PMC5714139_table_0.xml,True,small,28,52,19,8,12.992537,19,,,,
unmerged,PMC4446492_table_0,PMC4446492_table_0.xml,False,large,123,138,122,44,88.057733,122,,,,
unmerged,PMC4524475_table_0,PMC4524475_table_0.xml,False,large,140,157,140,107,107.02788,140,,,,
unmerged,PMC4650288_table_3,PMC4650288_table_3.xml,True,medium,63,76,63,45,51.086474,63,,,,
unmerged,PMC6017431_table_0,PMC6017431_table_0.xml,True,medium,77,83,66,54,50.568177,66,,,,
unmerged,PMC3515887_table_0,PMC3515887_table_0.xml,True,small,12,80,3,0,1.914968,3,,,,
unmerged,PMC3006894_table_1,PMC3006894_table_1.xml,False,medium,50,60,23,0,13.231578,23,,,,
unmerged,PMC6172266_table_0,PMC6172266_table_0.xml,True,large,108,104,97,52,70.470106,97,,,,
unmerged,PMC4457818_table_1,PMC4457818_table_1.xml,True,medium,63,63,51,47,44.662986,51,,,,
unmerged,PMC5074446_table_0,PMC5074446_table_0.xml,True,small,27,30,20,0,12.006848,20,,,,
unmerged,PMC5117527_table_0,PMC5117527_table_0.xml,False,small,22,12,9,6,7.268468,9,,,,
unmerged,PMC2830186_table_10,PMC2830186_table_10.xml,True,large,168,209,162,27,111.778343,162,,,,
unmerged,PMC3589335_table_2,PMC3589335_table_2.xml,True,medium,48,23,4,3,3.353873,4,,,,
unmerged,PMC2623298_table_0,PMC2623298_table_0.xml,True,medium,52,60,48,36,38.433202,48,,,,
unmerged,PMC4343049_table_0,PMC4343049_table_0.xml,True,large,110,116,82,21,52.013288,82,,,,
unmerged,PMC4459660_table_2,PMC4459660_table_2.xml,True,medium,52,66,37,11,26.325399,37,,,,
unmerged,PMC5686811_table_2,PMC5686811_table_2.xml,False,large,88,116,86,18,59.212702,86,,,,
unmerged,PMC3217847_table_2,PMC3217847_table_2.xml,True,large,112,111,106,90,80.621324,106,,,,
unmerged,PMC3089322_table_4,PMC3089322_table_4.xml,False,large,154,8,2,0,1.358726,2,,,,
unmerged,PMC4666065_table_1,PMC4666065_table_1.xml,True,large,153,190,152,62,109.666829,152,,,,
unmerged,PMC6016042_table_1,PMC6016042_table_1.xml,True,medium,72,77,72,49,57.859996,72,,,,
unmerged,PMC6147783_table_0,PMC6147783_table_0.xml,False,small,20,23,15,5,10.712178,15,,,,
unmerged,PMC4898693_table_2,PMC4898693_table_2.xml,True,small,21,10,2,0,1.38251,2,,,,
unmerged,PMC5100194_table_1,PMC5100194_table_1.xml,True,medium,65,74,51,15,36.416876,51,,,,
unmerged,PMC3412721_table_0,PMC3412721_table_0.xml,True,medium,40,12,0,0,0,0,,,,
unmerged,PMC4550389_table_3,PMC4550389_table_3.xml,True,large,108,110,98,84,79.222682,98,,,,
unmerged,PMC2721847_table_0,PMC2721847_table_0.xml,True,small,30,39,29,13,20.830502,29,,,,
unmerged,PMC2865542_table_4,PMC2865542_table_4.xml,False,small,25,36,18,8,13.480846,18,,,,
unmerged,PMC3405067_table_0,PMC3405067_table_0.xml,False,large,132,124,111,60,79.979403,111,,,,
unmerged,PMC3462107_table_0,PMC3462107_table_0.xml,True,large,160,162,155,151,133.826111,155,,,,
unmerged,PMC4632702_table_0,PMC4632702_table_0.xml,False,small,12,17,12,9,9.759489,12,,,,
unmerged,PMC5751186_table_0,PMC5751186_table_0.xml,True,small,20,20,15,9,11.66074,15,,,,
unmerged,PMC6105256_table_2,PMC6105256_table_2.xml,False,large,324,281,193,115,143.865092,193,,,,
unmerged,PMC3503853_table_2,PMC3503853_table_2.xml,False,small,21,26,14,0,8.438622,14,,,,
unmerged,PMC2959688_table_1,PMC2959688_table_1.xml,False,large,154,8,0,0,0,0,,,,
unmerged,PMC5916864_table_0,PMC5916864_table_0.xml,False,small,24,26,24,16,18.732545,24,,,,
unmerged,PMC5991593_table_1,PMC5991593_table_1.xml,True,medium,60,55,50,6,34.256763,50,,,,
unmerged,PMC3437489_table_0,PMC3437489_table_0.xml,True,large,108,104,91,82,74.620698,91,,,,
unmerged,PMC5059980_table_1,PMC5059980_table_1.xml,True,small,24,31,15,7,11.549944,15,,,,
unmerged,PMC5704458_table_0,PMC5704458_table_0.xml,True,small,32,87,18,10,13.86303,18,,,,
unmerged,PMC6094581_table_1,PMC6094581_table_1.xml,False,medium,40,30,18,16,14.931642,18,,,,
unmerged,PMC4866963_table_0,PMC4866963_table_0.xml,True,small,35,32,25,25,21.005566,25,,,,
unmerged,PMC5015207_table_2,PMC5015207_table_2.xml,True,small,35,37,31,23,24.462437,31,,,,
unmerged,PMC4710970_table_1,PMC4710970_table_1.xml,True,large,80,66,57,46,47.740885,57,,,,
unmerged,PMC6003148_table_0,PMC6003148_table_0.xml,True,small,20,20,11,0,7.009861,11,,,,
unmerged,PMC4882771_table_2,PMC4882771_table_2.xml,False,large,92,99,89,81,77.210495,89,,,,
unmerged,PMC5100185_table_0,PMC5100185_table_0.xml,True,small,18,11,3,0,1.624698,3,,,,
unmerged,PMC3564795_table_0,PMC3564795_table_0.xml,True,large,216,248,204,91,149.183784,204,,,,
unmerged,PMC4449761_table_2,PMC4449761_table_2.xml,True,large,90,97,79,43,59.234503,79,,,,
unmerged,PMC5778064_table_3,PMC5778064_table_3.xml,True,small,27,25,19,17,15.287001,19,,,,
unmerged,PMC5085032_table_1,PMC5085032_table_1.xml,True,large,154,121,105,87,84.955943,105,,,,
unmerged,PMC3622410_table_2,PMC3622410_table_2.xml,True,large,102,105,84,61,67.281141,84,,,,
unmerged,PMC6158853_table_2,PMC6158853_table_2.xml,True,medium,56,52,36,3,23.635849,36,,,,
unmerged,PMC4405850_table_0,PMC4405850_table_0.xml,True,large,84,87,28,25,21.339981,28,,,,
unmerged,PMC3544731_table_1,PMC3544731_table_1.xml,True,large,96,92,88,68,69.865629,88,,,,
unmerged,PMC5737357_table_0,PMC5737357_table_0.xml,True,medium,65,60,35,0,19.849378,35,,,,
unmerged,PMC5040809_table_0,PMC5040809_table_0.xml,True,small,15,12,4,2,2.911894,4,,,,
unmerged,PMC4491485_table_2,PMC4491485_table_2.xml,False,medium,42,51,35,0,22.622957,35,,,,
unmerged,PMC3646807_table_1,PMC3646807_table_1.xml,True,small,25,27,19,7,13.292878,19,,,,
unmerged,PMC3288075_table_1,PMC3288075_table_1.xml,False,medium,72,82,68,53,51.435454,68,,,,
unmerged,PMC5968057_table_0,PMC5968057_table_0.xml,False,large,120,129,112,110,92.721045,112,,,,
unmerged,PMC5012025_table_0,PMC5012025_table_0.xml,False,large,88,73,41,39,34.917588,41,,,,
unmerged,PMC4632776_table_2,PMC4632776_table_2.xml,False,small,20,25,20,12,15.573563,20,,,,
unmerged,PMC3068931_table_2,PMC3068931_table_2.xml,True,small,24,31,13,5,8.256239,13,,,,
unmerged,PMC4642691_table_2,PMC4642691_table_2.xml,True,medium,72,97,49,26,37.086861,49,,,,
unmerged,PMC4526162_table_0,PMC4526162_table_0.xml,False,medium,40,45,37,0,21.451286,37,,,,
unmerged,PMC2983785_table_1,PMC2983785_table_1.xml,False,small,8,14,6,0,3.894229,6,,,,
unmerged,PMC4825469_table_0,PMC4825469_table_0.xml,True,large,156,140,128,120,106.952123,128,,,,
unmerged,PMC3009348_table_1,PMC3009348_table_1.xml,False,small,16,24,14,3,9.714186,14,,,,
unmerged,PMC6070289_table_2,PMC6070289_table_2.xml,True,large,108,107,102,68,79.125283,102,,,,
unmerged,PMC2915656_table_0,PMC2915656_table_0.xml,True,large,150,162,140,103,106.512896,140,,,,
unmerged,PMC3414449_table_2,PMC3414449_table_2.xml,True,medium,60,69,37,7,25.905723,37,,,,
unmerged,PMC5810047_table_1,PMC5810047_table_1.xml,False,small,32,49,32,10,22.874842,32,,,,
unmerged,PMC3213624_table_3,PMC3213624_table_3.xml,False,large,147,7,0,0,0,0,,,,
unmerged,PMC4876448_table_1,PMC4876448_table_1.xml,False,small,20,22,16,1,10.241755,16,,,,
unmerged,PMC6150164_table_0,PMC6150164_table_0.xml,True,medium,48,15,5,3,3.685514,5,,,,
unmerged,PMC4994996_table_0,PMC4994996_table_0.xml,False,small,24,26,24,14,18.211986,24,,,,
unmerged,PMC4791377_table_0,PMC4791377_table_0.xml,False,small,30,40,30,23,24.894932,30,,,,
unmerged,PMC4970739_table_0,PMC4970739_table_0.xml,True,large,132,138,118,33,75.122991,118,,,,
unmerged,PMC5051029_table_2,PMC5051029_table_2.xml,True,medium,76,82,73,52,59.173656,73,,,,
unmerged,PMC3552855_table_1,PMC3552855_table_1.xml,False,small,20,21,8,0,5.027004,8,,,,
unmerged,PMC6071983_table_0,PMC6071983_table_0.xml,False,small,35,39,12,0,7.125432,12,,,,
unmerged,PMC4407475_table_4,PMC4407475_table_4.xml,True,medium,50,52,40,28,31.184688,40,,,,
unmerged,PMC3514307_table_3,PMC3514307_table_3.xml,True,medium,54,51,45,32,34.805078,45,,,,
unmerged,PMC4849749_table_3,PMC4849749_table_3.xml,True,large,217,211,202,112,150.812136,202,,,,
unmerged,PMC3215749_table_0,PMC3215749_table_0.xml,True,large,80,93,80,73,61.980923,80,,,,
unmerged,PMC3538775_table_0,PMC3538775_table_0.xml,False,small,6,6,1,0,0.67648,1,,,,
unmerged,PMC6166939_table_3,PMC6166939_table_3.xml,False,small,30,32,30,17,21.918989,30,,,,
unmerged,PMC4488050_table_3,PMC4488050_table_3.xml,True,medium,63,64,54,47,45.318922,54,,,,
unmerged,PMC6091258_table_2,PMC6091258_table_2.xml,True,medium,48,19,1,0,0.517847,1,,,,
unmerged,PMC4791772_table_1,PMC4791772_table_1.xml,False,medium,50,55,50,36,38.989654,50,,,,
unmerged,PMC3209469_table_3,PMC3209469_table_3.xml,False,medium,42,45,32,12,20.520463,32,,,,
unmerged,PMC4460773_table_2,PMC4460773_table_2.xml,True,large,150,150,94,0,53.354453,94,,,,
unmerged,PMC2222605_table_2,PMC2222605_table_2.xml,True,small,18,24,13,4,9.14982,13,,,,
unmerged,PMC3128012_table_3,PMC3128012_table_3.xml,True,large,205,200,185,136,145.679394,185,,,,
unmerged,PMC2959996_table_1,PMC2959996_table_1.xml,False,small,16,22,15,6,10.215994,15,,,,
unmerged,PMC3306998_table_0,PMC3306998_table_0.xml,True,small,15,4,1,0,0.604709,1,,,,
unmerged,PMC6065330_table_0,PMC6065330_table_0.xml,True,medium,60,45,30,4,18.708569,30,,,,
unmerged,PMC6023428_table_0,PMC6023428_table_0.xml,False,medium,39,44,39,35,32.609801,39,,,,
unmerged,PMC3534341_table_1,PMC3534341_table_1.xml,True,medium,56,52,49,46,39.680209,49,,,,
unmerged,PMC6075757_table_2,PMC6075757_table_2.xml,True,medium,45,46,39,24,30.378706,39,,,,
unmerged,PMC5828227_table_0,PMC5828227_table_0.xml,False,large,154,158,154,129,123.922025,154,,,,
unmerged,PMC3339393_table_6,PMC3339393_table_6.xml,False,small,15,5,1,1,0.840435,1,,,,
unmerged,PMC1971068_table_3,PMC1971068_table_3.xml,True,large,153,168,149,80,109.007059,149,,,,
unmerged,PMC5825157_table_1,PMC5825157_table_1.xml,False,small,32,35,32,28,25.980761,32,,,,
unmerged,PMC4831174_table_0,PMC4831174_table_0.xml,False,small,9,9,1,0,0.642789,1,,,,
unmerged,PMC5021972_table_0,PMC5021972_table_0.xml,False,medium,70,74,70,51,53.627619,70,,,,
unmerged,PMC3079670_table_2,PMC3079670_table_2.xml,True,large,175,164,145,125,114.844624,145,,,,
unmerged,PMC5037679_table_2,PMC5037679_table_2.xml,True,large,90,20,5,0,2.53484,5,,,,
unmerged,PMC3014882_table_1,PMC3014882_table_1.xml,True,large,80,95,71,54,55.151439,71,,,,
unmerged,PMC6157292_table_11,PMC6157292_table_11.xml,False,small,12,9,0,0,0,0,,,,
unmerged,PMC5137007_table_1,PMC5137007_table_1.xml,False,medium,65,70,65,51,52.443044,65,,,,
unmerged,PMC3309941_table_1,PMC3309941_table_1.xml,True,large,207,209,198,177,164.548398,198,,,,
unmerged,PMC4936315_table_2,PMC4936315_table_2.xml,True,medium,48,53,46,42,38.384762,46,,,,
unmerged,PMC6114971_table_1,PMC6114971_table_1.xml,False,small,25,34,21,3,13.167951,21,,,,
unmerged,PMC2740668_table_1,PMC2740668_table_1.xml,True,small,26,26,23,22,19.762209,23,,,,
unmerged,PMC5709823_table_0,PMC5709823_table_0.xml,True,large,84,101,76,25,52.186667,76,,,,
unmerged,PMC3207832_table_1,PMC3207832_table_1.xml,True,large,252,284,238,6,159.747941,238,,,,
unmerged,PMC3164726_table_4,PMC3164726_table_4.xml,False,large,224,227,222,89,160.965215,222,,,,
unmerged,PMC1794454_table_0,PMC1794454_table_0.xml,True,small,24,27,23,19,20.513147,23,,,,
unmerged,PMC3702364_table_0,PMC3702364_table_0.xml,True,small,28,33,24,7,17.808918,24,,,,
unmerged,PMC6141544_table_1,PMC6141544_table_1.xml,True,large,133,134,129,108,104.304435,129,,,,
unmerged,PMC5707350_table_1,PMC5707350_table_1.xml,False,small,20,24,20,9,14.858118,20,,,,
unmerged,PMC2958834_table_0,PMC2958834_table_0.xml,True,large,98,91,86,59,65.800916,86,,,,
unmerged,PMC2794372_table_2,PMC2794372_table_2.xml,True,large,130,140,98,84,77.943403,98,,,,
unmerged,PMC6020339_table_1,PMC6020339_table_1.xml,True,medium,40,39,8,0,4.245953,8,,,,
unmerged,PMC3683149_table_2,PMC3683149_table_2.xml,False,small,25,43,25,12,19.452507,25,,,,
unmerged,PMC2960665_table_2,PMC2960665_table_2.xml,False,small,18,27,17,13,13.260339,17,,,,
unmerged,PMC2983291_table_0,PMC2983291_table_0.xml,False,small,20,26,19,0,10.710275,19,,,,
unmerged,PMC2904282_table_4,PMC2904282_table_4.xml,True,large,116,120,113,104,95.571579,113,,,,
unmerged,PMC2853082_table_0,PMC2853082_table_0.xml,True,medium,60,78,40,19,27.391571,40,,,,
unmerged,PMC3283499_table_0,PMC3283499_table_0.xml,True,large,205,200,180,129,141.536225,180,,,,
unmerged,PMC4930560_table_0,PMC4930560_table_0.xml,True,medium,50,72,48,17,34.06333,48,,,,
unmerged,PMC5833385_table_2,PMC5833385_table_2.xml,False,small,35,37,31,4,20.221283,31,,,,
unmerged,PMC2572618_table_2,PMC2572618_table_2.xml,False,small,30,32,30,20,23.93583,30,,,,
unmerged,PMC4957803_table_0,PMC4957803_table_0.xml,True,large,200,198,194,190,177.167991,194,,,,
unmerged,PMC5137107_table_0,PMC5137107_table_0.xml,True,medium,52,56,50,47,40.095979,50,,,,
unmerged,PMC1199598_table_0,PMC1199598_table_0.xml,True,small,30,33,25,20,21.26881,25,,,,
unmerged,PMC4981347_table_2,PMC4981347_table_2.xml,True,medium,72,74,64,19,45.955265,64,,,,
unmerged,PMC3052110_table_2,PMC3052110_table_2.xml,False,small,18,23,15,0,10.039482,15,,,,
unmerged,PMC4831767_table_1,PMC4831767_table_1.xml,True,large,252,262,241,238,210.223271,241,,,,
unmerged,PMC3247230_table_0,PMC3247230_table_0.xml,False,medium,42,62,38,17,26.990803,38,,,,
unmerged,PMC4934257_table_5,PMC4934257_table_5.xml,False,medium,42,55,42,32,32.392779,42,,,,
unmerged,PMC3001739_table_0,PMC3001739_table_0.xml,False,small,21,4,1,0,0.716207,1,,,,
unmerged,PMC5663491_table_0,PMC5663491_table_0.xml,True,medium,40,45,40,9,26.767822,40,,,,
unmerged,PMC4577082_table_0,PMC4577082_table_0.xml,True,large,189,184,171,161,146.306451,171,,,,
unmerged,PMC3320545_table_2,PMC3320545_table_2.xml,False,large,88,91,73,51,56.644474,73,,,,
unmerged,PMC2961393_table_4,PMC2961393_table_4.xml,False,small,25,36,5,0,2.956716,5,,,,
unmerged,PMC4608111_table_2,PMC4608111_table_2.xml,True,small,32,36,32,6,22.556953,32,,,,
unmerged,PMC5936689_table_1,PMC5936689_table_1.xml,False,small,21,31,17,0,9.632552,17,,,,
unmerged,PMC3473024_table_5,PMC3473024_table_5.xml,True,medium,50,56,27,3,16.966572,27,,,,
unmerged,PMC2561000_table_0,PMC2561000_table_0.xml,True,large,160,155,143,93,111.476698,143,,,,
unmerged,PMC2877682_table_1,PMC2877682_table_1.xml,True,large,84,88,84,42,62.811391,84,,,,
unmerged,PMC2997016_table_1,PMC2997016_table_1.xml,True,medium,49,49,42,39,33.900564,42,,,,
unmerged,PMC2486490_table_2,PMC2486490_table_2.xml,False,large,105,122,105,41,77.090303,105,,,,
unmerged,PMC5960211_table_2,PMC5960211_table_2.xml,True,large,147,137,131,112,108.759918,131,,,,
unmerged,PMC4541937_table_4,PMC4541937_table_4.xml,True,small,20,23,14,10,11.298236,14,,,,
unmerged,PMC6011944_table_1,PMC6011944_table_1.xml,True,small,18,16,9,1,5.433032,9,,,,
unmerged,PMC1079832_table_3,PMC1079832_table_3.xml,False,medium,49,56,47,29,34.555128,47,,,,
unmerged,PMC3637472_table_2,PMC3637472_table_2.xml,True,small,20,5,4,3,3.315084,4,,,,
unmerged,PMC4721698_table_0,PMC4721698_table_0.xml,True,large,90,102,80,60,60.285047,80,,,,
unmerged,PMC5681633_table_0,PMC5681633_table_0.xml,False,small,16,20,16,10,12.563348,16,,,,
unmerged,PMC4613910_table_4,PMC4613910_table_4.xml,True,large,119,111,103,81,82.02735,103,,,,
unmerged,PMC6128371_table_0,PMC6128371_table_0.xml,False,large,90,95,90,83,78.295521,90,,,,
unmerged,PMC6058288_table_0,PMC6058288_table_0.xml,False,medium,42,48,42,37,33.326098,42,,,,
unmerged,PMC5746254_table_1,PMC5746254_table_1.xml,False,small,8,10,8,5,6.061271,8,,,,
unmerged,PMC6017299_table_0,PMC6017299_table_0.xml,True,large,196,168,146,80,104.466063,146,,,,
unmerged,PMC5004196_table_1,PMC5004196_table_1.xml,True,medium,65,46,19,17,15.646632,19,,,,
unmerged,PMC3256124_table_4,PMC3256124_table_4.xml,True,small,20,5,0,0,0,0,,,,
unmerged,PMC5788621_table_0,PMC5788621_table_0.xml,False,medium,45,48,45,39,37.039639,45,,,,
unmerged,PMC1871601_table_0,PMC1871601_table_0.xml,True,medium,77,89,71,55,56.613938,71,,,,
unmerged,PMC3201265_table_3,PMC3201265_table_3.xml,False,small,15,25,6,0,3.240118,6,,,,
unmerged,PMC3200926_table_0,PMC3200926_table_0.xml,False,small,18,24,18,0,10.533921,18,,,,
unmerged,PMC2315656_table_3,PMC2315656_table_3.xml,False,small,33,36,32,18,24.658197,32,,,,
unmerged,PMC2374783_table_8,PMC2374783_table_8.xml,False,small,24,33,23,15,18.584502,23,,,,
unmerged,PMC5669499_table_1,PMC5669499_table_1.xml,True,large,144,154,126,0,82.594701,126,,,,
unmerged,PMC3231711_table_1,PMC3231711_table_1.xml,False,small,8,14,8,2,5.651352,8,,,,
unmerged,PMC4915688_table_4,PMC4915688_table_4.xml,False,medium,42,48,36,2,21.734951,36,,,,
unmerged,PMC2647899_table_0,PMC2647899_table_0.xml,False,small,12,11,7,0,3.984729,7,,,,
unmerged,PMC4982323_table_4,PMC4982323_table_4.xml,True,large,120,128,120,70,92.53231,120,,,,
unmerged,PMC6134588_table_1,PMC6134588_table_1.xml,False,medium,42,40,32,13,22.74811,32,,,,
unmerged,PMC3462151_table_2,PMC3462151_table_2.xml,True,large,150,43,12,10,9.22364,12,,,,
unmerged,PMC4419456_table_0,PMC4419456_table_0.xml,True,large,120,125,83,15,54.086078,83,,,,
unmerged,PMC4976473_table_0,PMC4976473_table_0.xml,True,large,175,161,147,60,105.899352,147,,,,
unmerged,PMC5135818_table_0,PMC5135818_table_0.xml,False,small,15,17,9,0,5.340258,9,,,,
unmerged,PMC3016296_table_4,PMC3016296_table_4.xml,False,medium,75,72,69,30,51.936999,69,,,,
unmerged,PMC4625876_table_4,PMC4625876_table_4.xml,False,medium,42,44,42,10,29.144852,42,,,,
unmerged,PMC5926532_table_1,PMC5926532_table_1.xml,True,small,35,45,12,1,7.441175,12,,,,
unmerged,PMC5988440_table_3,PMC5988440_table_3.xml,False,medium,49,51,42,31,33.902105,42,,,,
unmerged,PMC3339393_table_18,PMC3339393_table_18.xml,True,small,20,21,17,10,13.094675,17,,,,
unmerged,PMC5859152_table_2,PMC5859152_table_2.xml,False,large,84,89,84,78,67.902019,84,,,,
unmerged,PMC6211744_table_6,PMC6211744_table_6.xml,True,medium,70,67,58,45,47.669756,58,,,,
unmerged,PMC3630110_table_2,PMC3630110_table_2.xml,False,medium,45,57,45,22,32.500706,45,,,,
unmerged,PMC5006397_table_1,PMC5006397_table_1.xml,False,small,24,29,12,5,8.645732,12,,,,
unmerged,PMC3201421_table_3,PMC3201421_table_3.xml,False,small,10,20,2,0,1.052725,2,,,,
unmerged,PMC6154935_table_0,PMC6154935_table_0.xml,True,medium,42,49,42,10,28.803394,42,,,,
unmerged,PMC6024939_table_3,PMC6024939_table_3.xml,True,large,100,97,91,59,69.50174,91,,,,
unmerged,PMC6193701_table_1,PMC6193701_table_1.xml,False,small,28,32,28,16,20.668381,28,,,,
unmerged,PMC2893103_table_0,PMC2893103_table_0.xml,True,large,80,129,70,29,50.315852,70,,,,
unmerged,PMC3050270_table_4,PMC3050270_table_4.xml,False,small,20,30,8,0,4.354266,8,,,,
unmerged,PMC3526519_table_1,PMC3526519_table_1.xml,True,medium,48,10,0,0,0,0,,,,
unmerged,PMC4722622_table_2,PMC4722622_table_2.xml,True,large,252,250,245,185,185.848178,245,,,,
unmerged,PMC5784573_table_0,PMC5784573_table_0.xml,False,medium,36,38,36,35,31.667895,36,,,,
unmerged,PMC3504408_table_1,PMC3504408_table_1.xml,True,large,156,142,123,81,93.182855,123,,,,
unmerged,PMC4822240_table_2,PMC4822240_table_2.xml,True,medium,70,97,32,3,22.478333,32,,,,
unmerged,PMC5771167_table_0,PMC5771167_table_0.xml,True,medium,76,40,25,18,20.75044,25,,,,
unmerged,PMC5947495_table_4,PMC5947495_table_4.xml,False,small,35,43,30,9,20.297992,30,,,,
unmerged,PMC6086859_table_3,PMC6086859_table_3.xml,True,large,170,171,133,45,94.988822,133,,,,
unmerged,PMC3537687_table_1,PMC3537687_table_1.xml,False,medium,48,61,48,40,40.958836,48,,,,
unmerged,PMC4962473_table_0,PMC4962473_table_0.xml,True,medium,51,78,50,21,36.246936,50,,,,
unmerged,PMC3680093_table_1,PMC3680093_table_1.xml,False,small,33,38,33,27,27.758065,33,,,,
unmerged,PMC5794786_table_1,PMC5794786_table_1.xml,True,large,308,236,227,211,182.868163,227,,,,
unmerged,PMC6094875_table_0,PMC6094875_table_0.xml,True,medium,60,74,53,9,34.67305,53,,,,
unmerged,PMC5750934_table_4,PMC5750934_table_4.xml,True,large,120,96,82,63,66.383783,82,,,,
unmerged,PMC6238314_table_2,PMC6238314_table_2.xml,True,medium,54,61,27,0,17.43247,27,,,,
unmerged,PMC5149027_table_0,PMC5149027_table_0.xml,False,medium,77,89,77,55,61.262761,77,,,,
unmerged,PMC4549267_table_8,PMC4549267_table_8.xml,True,medium,49,55,35,33,28.473957,35,,,,
unmerged,PMC3117836_table_0,PMC3117836_table_0.xml,True,large,217,184,177,112,131.302464,177,,,,
unmerged,PMC3164687_table_1,PMC3164687_table_1.xml,True,small,24,6,0,0,0,0,,,,
unmerged,PMC4831805_table_3,PMC4831805_table_3.xml,True,medium,50,15,7,0,3.81751,7,,,,
unmerged,PMC5687746_table_2,PMC5687746_table_2.xml,False,small,8,10,8,6,6.344291,8,,,,
unmerged,PMC3296578_table_1,PMC3296578_table_1.xml,False,medium,36,41,36,32,29.493651,36,,,,
unmerged,PMC5119737_table_0,PMC5119737_table_0.xml,False,medium,62,65,51,0,29.480886,51,,,,
unmerged,PMC2968103_table_2,PMC2968103_table_2.xml,False,large,133,8,0,0,0,0,,,,
unmerged,PMC6082067_table_0,PMC6082067_table_0.xml,False,small,18,20,18,15,14.978403,18,,,,
unmerged,PMC3256151_table_0,PMC3256151_table_0.xml,True,medium,50,45,32,18,23.211511,32,,,,
unmerged,PMC1444915_table_0,PMC1444915_table_0.xml,True,medium,36,20,9,3,6.221814,9,,,,
unmerged,PMC5096289_table_0,PMC5096289_table_0.xml,True,large,108,125,97,40,70.173323,97,,,,
unmerged,PMC4392560_table_0,PMC4392560_table_0.xml,False,small,21,25,21,17,17.233726,21,,,,
unmerged,PMC2855072_table_0,PMC2855072_table_0.xml,False,medium,49,47,46,25,35.013119,46,,,,
unmerged,PMC4436293_table_0,PMC4436293_table_0.xml,False,small,30,41,30,20,24.239352,30,,,,
unmerged,PMC3363418_table_0,PMC3363418_table_0.xml,True,large,135,137,120,109,96.601518,120,,,,
unmerged,PMC2453114_table_2,PMC2453114_table_2.xml,False,small,16,19,7,2,5.050289,7,,,,
unmerged,PMC3660393_table_0,PMC3660393_table_0.xml,False,small,18,17,10,2,6.375796,10,,,,
unmerged,PMC3042918_table_0,PMC3042918_table_0.xml,True,small,30,43,21,11,15.589957,21,,,,
unmerged,PMC5948639_table_0,PMC5948639_table_0.xml,False,small,8,11,8,2,5.542096,8,,,,
unmerged,PMC2611967_table_3,PMC2611967_table_3.xml,False,small,21,26,17,6,12.564861,17,,,,
unmerged,PMC5790503_table_0,PMC5790503_table_0.xml,True,large,100,98,94,44,72.241053,94,,,,
unmerged,PMC5091883_table_5,PMC5091883_table_5.xml,False,medium,44,46,44,39,35.721458,44,,,,
unmerged,PMC2983382_table_3,PMC2983382_table_3.xml,False,large,165,172,163,75,117.235235,163,,,,
unmerged,PMC3688626_table_2,PMC3688626_table_2.xml,True,medium,39,45,38,21,27.847554,38,,,,
unmerged,PMC5696248_table_2,PMC5696248_table_2.xml,True,large,120,108,99,98,88.645924,99,,,,
unmerged,PMC1562360_table_1,PMC1562360_table_1.xml,True,large,92,102,92,80,72.95904,92,,,,
unmerged,PMC4889661_table_0,PMC4889661_table_0.xml,False,small,12,4,0,0,0,0,,,,
unmerged,PMC4376772_table_4,PMC4376772_table_4.xml,False,small,12,5,0,0,0,0,,,,
unmerged,PMC2676320_table_0,PMC2676320_table_0.xml,True,large,187,170,153,20,111.281926,153,,,,
unmerged,PMC4806293_table_3,PMC4806293_table_3.xml,True,large,198,150,132,97,102.336411,132,,,,
unmerged,PMC5955572_table_6,PMC5955572_table_6.xml,False,small,16,21,12,0,7.283325,12,,,,
unmerged,PMC5826966_table_2,PMC5826966_table_2.xml,True,medium,52,15,0,0,0,0,,,,
unmerged,PMC4806486_table_2,PMC4806486_table_2.xml,False,large,80,75,55,36,40.577114,55,,,,
unmerged,PMC5712124_table_0,PMC5712124_table_0.xml,True,medium,40,41,28,6,18.881658,28,,,,
unmerged,PMC4585998_table_1,PMC4585998_table_1.xml,False,small,16,4,0,0,0,0,,,,
unmerged,PMC5025662_table_0,PMC5025662_table_0.xml,True,small,32,30,24,12,17.940743,24,,,,
unmerged,PMC4349776_table_3,PMC4349776_table_3.xml,False,small,20,26,20,3,13.475886,20,,,,
unmerged,PMC4810510_table_5,PMC4810510_table_5.xml,True,large,196,166,126,31,88.765164,126,,,,
unmerged,PMC3510242_table_1,PMC3510242_table_1.xml,True,medium,65,64,59,49,47.029289,59,,,,
unmerged,PMC2971855_table_2,PMC2971855_table_2.xml,False,small,15,29,3,0,1.717776,3,,,,
unmerged,PMC3403942_table_0,PMC3403942_table_0.xml,True,medium,75,87,72,65,60.74963,72,,,,
unmerged,PMC4893485_table_1,PMC4893485_table_1.xml,True,small,28,8,0,0,0,0,,,,
unmerged,PMC4471362_table_0,PMC4471362_table_0.xml,False,small,35,33,28,0,18.329363,28,,,,
unmerged,PMC2979536_table_1,PMC2979536_table_1.xml,False,small,16,21,14,0,8.858238,14,,,,
unmerged,PMC4742874_table_0,PMC4742874_table_0.xml,True,large,84,60,49,45,39.132745,49,,,,
unmerged,PMC4652281_table_3,PMC4652281_table_3.xml,True,medium,78,73,66,57,54.573774,66,,,,
unmerged,PMC4849662_table_2,PMC4849662_table_2.xml,True,small,18,8,0,0,0,0,,,,
unmerged,PMC3413424_table_0,PMC3413424_table_0.xml,True,small,22,25,19,4,13.215458,19,,,,
unmerged,PMC4598679_table_0,PMC4598679_table_0.xml,False,small,32,34,32,27,27.213576,32,,,,
unmerged,PMC4359522_table_0,PMC4359522_table_0.xml,False,large,154,158,149,57,105.710643,149,,,,
unmerged,PMC3364148_table_0,PMC3364148_table_0.xml,False,large,123,49,14,7,9.625893,14,,,,
unmerged,PMC5814010_table_2,PMC5814010_table_2.xml,True,small,24,26,24,10,18.912795,24,,,,
unmerged,PMC6235971_table_0,PMC6235971_table_0.xml,True,small,21,22,17,11,13.43523,17,,,,
unmerged,PMC6373102_table_1,PMC6373102_table_1.xml,True,large,110,103,86,64,67.706229,86,,,,
unmerged,PMC4636288_table_5,PMC4636288_table_5.xml,True,medium,42,48,34,25,27.369646,34,,,,
unmerged,PMC4995788_table_1,PMC4995788_table_1.xml,True,large,168,180,159,117,122.584422,159,,,,
unmerged,PMC6102410_table_2,PMC6102410_table_2.xml,False,medium,50,56,50,45,39.252737,50,,,,
unmerged,PMC4574781_table_0,PMC4574781_table_0.xml,True,medium,54,51,48,45,40.94682,48,,,,
unmerged,PMC2923087_table_1,PMC2923087_table_1.xml,True,large,448,300,293,120,214.48414,293,,,,
unmerged,PMC4897708_table_0,PMC4897708_table_0.xml,False,small,15,19,15,12,12.030213,15,,,,
unmerged,PMC4739096_table_1,PMC4739096_table_1.xml,True,large,85,88,33,0,20.331773,33,,,,
unmerged,PMC5707922_table_0,PMC5707922_table_0.xml,True,small,18,27,16,6,11.114271,16,,,,
unmerged,PMC5702311_table_1,PMC5702311_table_1.xml,True,large,168,196,153,104,119.407518,153,,,,
unmerged,PMC6091767_table_1,PMC6091767_table_1.xml,False,medium,54,56,50,0,31.816157,50,,,,
unmerged,PMC3240627_table_0,PMC3240627_table_0.xml,False,small,16,20,13,9,9.548976,13,,,,
unmerged,PMC3108124_table_1,PMC3108124_table_1.xml,True,large,80,93,71,70,57.017676,71,,,,
unmerged,PMC5934879_table_2,PMC5934879_table_2.xml,False,medium,36,42,32,22,25.336456,32,,,,
unmerged,PMC4519131_table_1,PMC4519131_table_1.xml,False,small,25,25,5,0,3.262234,5,,,,
unmerged,PMC5940366_table_0,PMC5940366_table_0.xml,True,large,128,99,82,28,57.63063,82,,,,
unmerged,PMC6065341_table_0,PMC6065341_table_0.xml,False,medium,54,70,54,36,44.252567,54,,,,
unmerged,PMC4940880_table_0,PMC4940880_table_0.xml,True,large,192,198,192,138,149.390062,192,,,,
unmerged,PMC4654900_table_0,PMC4654900_table_0.xml,False,medium,42,42,34,10,22.837142,34,,,,
unmerged,PMC6039019_table_0,PMC6039019_table_0.xml,False,medium,56,58,56,42,45.160068,56,,,,
unmerged,PMC5894967_table_1,PMC5894967_table_1.xml,True,large,90,88,52,9,30.605765,52,,,,
unmerged,PMC2858665_table_0,PMC2858665_table_0.xml,True,small,25,29,12,0,7.415527,12,,,,
unmerged,PMC4504487_table_1,PMC4504487_table_1.xml,False,medium,42,25,21,8,15.454498,21,,,,
unmerged,PMC4624369_table_2,PMC4624369_table_2.xml,True,small,10,5,1,0,0.727306,1,,,,
unmerged,PMC2970321_table_0,PMC2970321_table_0.xml,False,small,20,26,18,0,10.235269,18,,,,
unmerged,PMC6148783_table_0,PMC6148783_table_0.xml,False,medium,55,64,19,9,12.770486,19,,,,
unmerged,PMC4388571_table_1,PMC4388571_table_1.xml,True,small,24,22,13,4,8.734624,13,,,,
unmerged,PMC5765189_table_0,PMC5765189_table_0.xml,False,medium,36,55,36,19,27.314754,36,,,,
unmerged,PMC3179728_table_1,PMC3179728_table_1.xml,False,medium,50,52,39,35,32.29334,39,,,,
unmerged,PMC5920397_table_1,PMC5920397_table_1.xml,False,medium,48,51,48,30,35.517213,48,,,,
unmerged,PMC3562170_table_1,PMC3562170_table_1.xml,False,medium,36,40,10,7,7.492001,10,,,,
unmerged,PMC5789680_table_2,PMC5789680_table_2.xml,False,medium,56,45,42,19,31.007969,42,,,,
unmerged,PMC1766366_table_0,PMC1766366_table_0.xml,False,medium,60,69,54,22,39.440048,54,,,,
unmerged,PMC3506419_table_0,PMC3506419_table_0.xml,False,medium,49,60,42,27,32.34854,42,,,,
unmerged,PMC6026135_table_1,PMC6026135_table_1.xml,True,large,280,248,241,199,197.225824,241,,,,
unmerged,PMC5010703_table_0,PMC5010703_table_0.xml,True,small,24,13,6,6,5.39716,6,,,,
unmerged,PMC5975710_table_2,PMC5975710_table_2.xml,False,medium,36,41,36,32,31.85406,36,,,,
unmerged,PMC4354281_table_0,PMC4354281_table_0.xml,False,large,85,96,83,9,55.978786,83,,,,
unmerged,PMC4445691_table_0,PMC4445691_table_0.xml,False,small,25,23,21,14,16.723835,21,,,,
unmerged,PMC3618200_table_3,PMC3618200_table_3.xml,False,small,16,18,15,8,11.545989,15,,,,
unmerged,PMC2980137_table_1,PMC2980137_table_1.xml,False,small,16,21,14,0,9.570888,14,,,,
unmerged,PMC3543339_table_0,PMC3543339_table_0.xml,True,medium,50,92,47,22,32.4428,47,,,,
unmerged,PMC4930211_table_1,PMC4930211_table_1.xml,True,medium,69,71,69,69,65.021247,69,,,,
unmerged,PMC5703480_table_0,PMC5703480_table_0.xml,False,small,22,25,11,10,8.803114,11,,,,
unmerged,PMC4390841_table_0,PMC4390841_table_0.xml,False,medium,48,28,26,24,22.309383,26,,,,
unmerged,PMC4378924_table_0,PMC4378924_table_0.xml,True,medium,42,24,19,0,10.299498,19,,,,
unmerged,PMC4594897_table_2,PMC4594897_table_2.xml,True,large,110,117,100,96,84.612499,100,,,,
unmerged,PMC2970104_table_0,PMC2970104_table_0.xml,False,small,20,26,19,0,11.960689,19,,,,
unmerged,PMC6145308_table_1,PMC6145308_table_1.xml,False,small,16,14,11,5,7.793932,11,,,,
unmerged,PMC4994378_table_0,PMC4994378_table_0.xml,True,large,108,133,105,35,76.222514,105,,,,
unmerged,PMC4407714_table_1,PMC4407714_table_1.xml,True,large,92,101,92,21,62.571968,92,,,,
unmerged,PMC4453019_table_2,PMC4453019_table_2.xml,True,large,112,96,87,81,69.889179,87,,,,
unmerged,PMC3349333_table_2,PMC3349333_table_2.xml,True,small,16,15,11,8,8.325225,11,,,,
unmerged,PMC3522606_table_0,PMC3522606_table_0.xml,True,large,90,97,90,16,65.505398,90,,,,
unmerged,PMC3573996_table_0,PMC3573996_table_0.xml,False,large,120,122,118,69,95.111692,118,,,,
unmerged,PMC4841563_table_3,PMC4841563_table_3.xml,False,small,24,14,5,0,3.087078,5,,,,
unmerged,PMC4829176_table_14,PMC4829176_table_14.xml,False,large,138,138,128,122,117.225004,128,,,,
unmerged,PMC3306553_table_0,PMC3306553_table_0.xml,True,large,96,113,92,43,68.457506,92,,,,
unmerged,PMC4865127_table_2,PMC4865127_table_2.xml,True,large,90,21,1,1,0.88527,1,,,,
unmerged,PMC6195500_table_3,PMC6195500_table_3.xml,False,small,15,24,15,11,12.584155,15,,,,
unmerged,PMC2975659_table_4,PMC2975659_table_4.xml,True,medium,60,83,39,1,23.921478,39,,,,
unmerged,PMC4562344_table_1,PMC4562344_table_1.xml,True,medium,40,39,33,25,25.941571,33,,,,
unmerged,PMC4499438_table_2,PMC4499438_table_2.xml,True,medium,70,69,54,22,38.78194,54,,,,
unmerged,PMC4967509_table_2,PMC4967509_table_2.xml,True,medium,48,53,44,17,31.57644,44,,,,
unmerged,PMC1621074_table_1,PMC1621074_table_1.xml,False,medium,55,63,51,24,35.587982,51,,,,
unmerged,PMC1524967_table_6,PMC1524967_table_6.xml,False,small,34,37,32,30,26.799678,32,,,,
unmerged,PMC3019011_table_0,PMC3019011_table_0.xml,False,small,18,28,15,9,11.393707,15,,,,
unmerged,PMC1513572_table_2,PMC1513572_table_2.xml,False,small,18,17,6,1,4.180438,6,,,,
unmerged,PMC3254532_table_3,PMC3254532_table_3.xml,False,small,35,45,22,6,14.611824,22,,,,
unmerged,PMC4604614_table_0,PMC4604614_table_0.xml,True,medium,66,118,51,0,32.834407,51,,,,
unmerged,PMC4501400_table_1,PMC4501400_table_1.xml,False,small,21,25,18,0,11.716205,18,,,,
unmerged,PMC2427197_table_4,PMC2427197_table_4.xml,False,small,15,6,0,0,0,0,,,,
unmerged,PMC4504402_table_0,PMC4504402_table_0.xml,True,medium,60,63,39,18,28.880242,39,,,,
unmerged,PMC4404307_table_4,PMC4404307_table_4.xml,True,medium,40,31,26,6,17.026932,26,,,,
unmerged,PMC4991119_table_0,PMC4991119_table_0.xml,True,large,133,141,133,118,106.714494,133,,,,
unmerged,PMC3005913_table_1,PMC3005913_table_1.xml,False,medium,45,5,0,0,0,0,,,,
unmerged,PMC5110593_table_2,PMC5110593_table_2.xml,False,small,12,16,12,5,8.313022,12,,,,
unmerged,PMC4434122_table_1,PMC4434122_table_1.xml,False,small,24,26,24,19,20.452074,24,,,,
unmerged,PMC5178086_table_3,PMC5178086_table_3.xml,True,large,240,235,202,38,135.410049,202,,,,
unmerged,PMC2979109_table_0,PMC2979109_table_0.xml,False,small,20,26,19,0,11.171961,19,,,,
unmerged,PMC5818526_table_0,PMC5818526_table_0.xml,True,small,35,34,22,0,13.640868,22,,,,
unmerged,PMC6089990_table_2,PMC6089990_table_2.xml,False,medium,52,55,51,19,36.381158,51,,,,
unmerged,PMC2579308_table_1,PMC2579308_table_1.xml,False,small,16,23,14,4,9.80245,14,,,,
unmerged,PMC5145878_table_1,PMC5145878_table_1.xml,True,medium,63,67,50,34,38.240714,50,,,,
unmerged,PMC5101760_table_3,PMC5101760_table_3.xml,True,large,108,96,77,67,63.787308,77,,,,
unmerged,PMC4360558_table_0,PMC4360558_table_0.xml,True,medium,60,54,38,24,29.431829,38,,,,
unmerged,PMC5874052_table_2,PMC5874052_table_2.xml,True,small,30,24,19,12,13.943345,19,,,,
unmerged,PMC4929678_table_0,PMC4929678_table_0.xml,True,medium,60,50,44,38,36.224566,44,,,,
unmerged,PMC3602305_table_5,PMC3602305_table_5.xml,False,medium,36,47,27,12,19.727559,27,,,,
unmerged,PMC2783018_table_0,PMC2783018_table_0.xml,True,small,24,27,6,0,4.254658,6,,,,
unmerged,PMC4465022_table_0,PMC4465022_table_0.xml,False,small,24,29,24,19,20.568768,24,,,,
unmerged,PMC5014415_table_0,PMC5014415_table_0.xml,False,large,208,211,208,201,178.227224,208,,,,
unmerged,PMC4437681_table_2,PMC4437681_table_2.xml,True,medium,56,54,38,0,22.640471,38,,,,
unmerged,PMC2688010_table_2,PMC2688010_table_2.xml,True,small,25,29,23,13,16.929834,23,,,,
unmerged,PMC5849718_table_0,PMC5849718_table_0.xml,True,medium,60,65,60,45,46.08005,60,,,,
unmerged,PMC5095827_table_2,PMC5095827_table_2.xml,False,small,15,21,8,2,5.511142,8,,,,
unmerged,PMC3251541_table_0,PMC3251541_table_0.xml,False,small,30,32,29,9,20.719459,29,,,,
unmerged,PMC4624795_table_1,PMC4624795_table_1.xml,True,medium,45,49,33,22,25.860334,33,,,,
unmerged,PMC5968892_table_1,PMC5968892_table_1.xml,False,medium,39,46,39,24,31.774673,39,,,,
unmerged,PMC6218030_table_1,PMC6218030_table_1.xml,False,medium,68,71,68,29,49.505633,68,,,,
unmerged,PMC3670993_table_2,PMC3670993_table_2.xml,False,small,27,31,27,25,23.419802,27,,,,
unmerged,PMC1590010_table_2,PMC1590010_table_2.xml,True,medium,42,43,34,22,25.867217,34,,,,
unmerged,PMC3123832_table_2,PMC3123832_table_2.xml,True,small,16,6,0,0,0,0,,,,
unmerged,PMC5976929_table_2,PMC5976929_table_2.xml,True,large,108,116,107,77,87.958054,107,,,,
unmerged,PMC5962747_table_1,PMC5962747_table_1.xml,True,large,120,118,98,63,72.09818,98,,,,
unmerged,PMC5955586_table_0,PMC5955586_table_0.xml,False,small,18,22,9,0,5.113405,9,,,,
unmerged,PMC4816578_table_0,PMC4816578_table_0.xml,False,small,35,39,35,35,29.12674,35,,,,
unmerged,PMC2864265_table_0,PMC2864265_table_0.xml,False,small,8,9,3,2,2.302753,3,,,,
unmerged,PMC5751830_table_3,PMC5751830_table_3.xml,True,medium,48,43,36,29,28.334747,36,,,,
unmerged,PMC3349315_table_2,PMC3349315_table_2.xml,True,small,35,5,0,0,0,0,,,,
unmerged,PMC5815616_table_1,PMC5815616_table_1.xml,False,small,25,30,25,18,19.76912,25,,,,
unmerged,PMC2968377_table_0,PMC2968377_table_0.xml,False,small,20,26,18,0,10.592376,18,,,,
unmerged,PMC5842864_table_1,PMC5842864_table_1.xml,False,small,18,5,0,0,0,0,,,,
unmerged,PMC3274923_table_0,PMC3274923_table_0.xml,False,small,18,24,18,7,12.549198,18,,,,
unmerged,PMC4965257_table_0,PMC4965257_table_0.xml,False,small,30,34,30,16,22.316284,30,,,,
unmerged,PMC3078546_table_1,PMC3078546_table_1.xml,False,medium,54,59,54,51,47.147014,54,,,,
unmerged,PMC3161853_table_3,PMC3161853_table_3.xml,False,medium,72,77,72,34,53.082358,72,,,,
unmerged,PMC3537189_table_1,PMC3537189_table_1.xml,False,large,98,76,69,46,55.636396,69,,,,
unmerged,PMC2518110_table_0,PMC2518110_table_0.xml,False,medium,45,50,44,26,34.910121,44,,,,
unmerged,PMC5960004_table_1,PMC5960004_table_1.xml,True,medium,48,54,48,6,31.798959,48,,,,
unmerged,PMC4606834_table_2,PMC4606834_table_2.xml,False,small,10,4,0,0,0,0,,,,
unmerged,PMC4898401_table_0,PMC4898401_table_0.xml,False,large,266,286,266,79,192.93983,266,,,,
unmerged,PMC5956844_table_0,PMC5956844_table_0.xml,True,medium,76,80,76,42,57.504405,76,,,,
unmerged,PMC3052123_table_0,PMC3052123_table_0.xml,False,small,16,21,14,0,9.136864,14,,,,
unmerged,PMC4632822_table_0,PMC4632822_table_0.xml,True,medium,38,19,13,0,6.784891,13,,,,
unmerged,PMC2596126_table_5,PMC2596126_table_5.xml,True,small,24,18,15,15,13.321493,15,,,,
unmerged,PMC5995376_table_0,PMC5995376_table_0.xml,True,large,104,106,77,0,45.871286,77,,,,
unmerged,PMC5701498_table_1,PMC5701498_table_1.xml,True,large,126,135,120,19,75.619346,120,,,,
unmerged,PMC3540763_table_1,PMC3540763_table_1.xml,True,small,35,40,29,21,23.488336,29,,,,
unmerged,PMC4866031_table_3,PMC4866031_table_3.xml,True,large,84,137,45,3,28.204148,45,,,,
unmerged,PMC6192302_table_2,PMC6192302_table_2.xml,True,medium,40,31,18,4,11.70137,18,,,,
unmerged,PMC6157696_table_0,PMC6157696_table_0.xml,False,small,20,26,18,2,11.285835,18,,,,
unmerged,PMC2375871_table_2,PMC2375871_table_2.xml,True,small,20,18,12,6,8.750753,12,,,,
unmerged,PMC3483647_table_1,PMC3483647_table_1.xml,True,medium,60,74,56,34,42.266376,56,,,,
unmerged,PMC4941281_table_5,PMC4941281_table_5.xml,True,medium,50,52,47,40,38.972701,47,,,,
unmerged,PMC4449761_table_1,PMC4449761_table_1.xml,False,medium,45,48,43,28,31.259914,43,,,,
unmerged,PMC2648779_table_1,PMC2648779_table_1.xml,True,medium,42,60,42,28,34.456293,42,,,,
unmerged,PMC4624169_table_0,PMC4624169_table_0.xml,True,large,108,104,78,76,66.726358,78,,,,
unmerged,PMC1906757_table_3,PMC1906757_table_3.xml,True,medium,42,41,28,15,21.007077,28,,,,
unmerged,PMC4674919_table_0,PMC4674919_table_0.xml,False,medium,44,51,44,39,34.987973,44,,,,
unmerged,PMC4871862_table_0,PMC4871862_table_0.xml,False,small,28,14,12,10,9.918705,12,,,,
unmerged,PMC6234669_table_2,PMC6234669_table_2.xml,True,large,150,92,85,59,67.528936,85,,,,
unmerged,PMC4719686_table_0,PMC4719686_table_0.xml,False,small,21,32,15,10,11.330257,15,,,,
unmerged,PMC5058751_table_0,PMC5058751_table_0.xml,True,large,180,173,170,136,149.198366,170,,,,
unmerged,PMC3042918_table_2,PMC3042918_table_2.xml,True,large,220,85,68,32,48.901348,68,,,,
unmerged,PMC2438326_table_1,PMC2438326_table_1.xml,False,medium,55,58,43,27,32.450171,43,,,,
unmerged,PMC2488328_table_1,PMC2488328_table_1.xml,True,large,102,91,83,79,68.223589,83,,,,
unmerged,PMC3639264_table_0,PMC3639264_table_0.xml,False,medium,42,46,41,38,36.367536,41,,,,
unmerged,PMC2585588_table_0,PMC2585588_table_0.xml,False,medium,45,51,45,20,33.040981,45,,,,
unmerged,PMC5918569_table_2,PMC5918569_table_2.xml,False,small,35,50,35,26,28.103491,35,,,,
unmerged,PMC3123847_table_1,PMC3123847_table_1.xml,True,medium,70,67,65,61,54.099501,65,,,,
unmerged,PMC5667804_table_0,PMC5667804_table_0.xml,False,small,24,26,23,11,17.756255,23,,,,
unmerged,PMC3176760_table_0,PMC3176760_table_0.xml,False,medium,36,44,19,0,11.609848,19,,,,
unmerged,PMC3009027_table_2,PMC3009027_table_2.xml,False,small,25,40,14,0,7.965805,14,,,,
unmerged,PMC4886160_table_0,PMC4886160_table_0.xml,False,large,90,112,89,16,62.898544,89,,,,
unmerged,PMC4439031_table_1,PMC4439031_table_1.xml,True,large,95,106,95,90,76.806298,95,,,,
unmerged,PMC3684745_table_3,PMC3684745_table_3.xml,True,large,186,159,151,11,99.513459,151,,,,
unmerged,PMC5700096_table_2,PMC5700096_table_2.xml,False,small,18,21,18,5,12.623932,18,,,,
unmerged,PMC3557148_table_1,PMC3557148_table_1.xml,False,large,96,94,91,47,67.433111,91,,,,
unmerged,PMC3237410_table_0,PMC3237410_table_0.xml,True,large,192,197,191,96,139.251382,191,,,,
unmerged,PMC3063837_table_1,PMC3063837_table_1.xml,False,large,92,71,63,44,47.03655,63,,,,
unmerged,PMC4431502_table_1,PMC4431502_table_1.xml,True,large,155,155,135,90,106.815381,135,,,,
unmerged,PMC1192817_table_3,PMC1192817_table_3.xml,False,medium,54,86,54,42,45.318679,54,,,,
unmerged,PMC3118713_table_3,PMC3118713_table_3.xml,False,large,341,300,300,261,252.919899,300,,,,
unmerged,PMC4414453_table_0,PMC4414453_table_0.xml,False,small,8,6,4,3,3.043378,4,,,,
unmerged,PMC6091292_table_0,PMC6091292_table_0.xml,False,small,18,24,18,3,12.736726,18,,,,
unmerged,PMC6142186_table_0,PMC6142186_table_0.xml,True,large,108,114,102,74,79.966479,102,,,,
unmerged,PMC2780999_table_3,PMC2780999_table_3.xml,False,large,114,125,110,68,79.701693,110,,,,
unmerged,PMC3414449_table_0,PMC3414449_table_0.xml,True,large,112,82,58,10,38.054968,58,,,,
unmerged,PMC4892679_table_1,PMC4892679_table_1.xml,True,medium,42,11,2,1,1.452964,2,,,,
unmerged,PMC5727003_table_2,PMC5727003_table_2.xml,True,medium,40,40,30,13,23.127313,30,,,,
unmerged,PMC1065107_table_1,PMC1065107_table_1.xml,True,large,80,76,70,41,53.461572,70,,,,
unmerged,PMC4619589_table_3,PMC4619589_table_3.xml,True,large,84,86,78,76,63.403829,78,,,,
unmerged,PMC4999370_table_0,PMC4999370_table_0.xml,False,large,92,106,71,33,52.500015,71,,,,
unmerged,PMC5725584_table_2,PMC5725584_table_2.xml,True,small,22,23,21,20,18.686026,21,,,,
unmerged,PMC5953442_table_1,PMC5953442_table_1.xml,False,medium,48,50,48,33,37.94036,48,,,,
unmerged,PMC4816552_table_2,PMC4816552_table_2.xml,True,medium,36,38,30,7,19.768685,30,,,,
unmerged,PMC4425098_table_0,PMC4425098_table_0.xml,True,large,147,132,112,105,94.616903,112,,,,
unmerged,PMC3599226_table_0,PMC3599226_table_0.xml,True,medium,36,47,32,25,27.003637,32,,,,
unmerged,PMC4433905_table_2,PMC4433905_table_2.xml,True,medium,49,57,43,12,31.123279,43,,,,
unmerged,PMC3380946_table_3,PMC3380946_table_3.xml,False,large,98,119,97,73,77.77364,97,,,,
unmerged,PMC5048623_table_2,PMC5048623_table_2.xml,True,medium,36,32,22,14,16.355398,22,,,,
unmerged,PMC3006929_table_1,PMC3006929_table_1.xml,False,small,16,21,15,0,9.895185,15,,,,
unmerged,PMC6142379_table_1,PMC6142379_table_1.xml,False,medium,36,40,36,29,28.917137,36,,,,
unmerged,PMC6060796_table_0,PMC6060796_table_0.xml,False,small,10,20,5,2,3.604393,5,,,,
unmerged,PMC6223088_table_4,PMC6223088_table_4.xml,False,small,35,44,28,9,19.314069,28,,,,
unmerged,PMC4423522_table_1,PMC4423522_table_1.xml,True,medium,60,93,31,8,20.384477,31,,,,
unmerged,PMC4552273_table_0,PMC4552273_table_0.xml,False,medium,45,59,39,16,28.794854,39,,,,
unmerged,PMC3608149_table_2,PMC3608149_table_2.xml,True,small,32,31,25,18,19.484218,25,,,,
unmerged,PMC2957681_table_2,PMC2957681_table_2.xml,False,large,84,75,73,47,57.456149,73,,,,
unmerged,PMC3154280_table_2,PMC3154280_table_2.xml,True,large,96,109,96,31,67.843297,96,,,,
unmerged,PMC6235215_table_0,PMC6235215_table_0.xml,True,large,92,99,92,58,71.854616,92,,,,
unmerged,PMC1550399_table_3,PMC1550399_table_3.xml,True,large,126,121,112,55,82.657196,112,,,,
unmerged,PMC5743479_table_2,PMC5743479_table_2.xml,True,medium,50,55,47,9,31.344465,47,,,,
unmerged,PMC5722813_table_2,PMC5722813_table_2.xml,False,large,110,115,110,65,83.546387,110,,,,
unmerged,PMC1261260_table_3,PMC1261260_table_3.xml,False,medium,45,65,44,32,35.303052,44,,,,
unmerged,PMC4923075_table_0,PMC4923075_table_0.xml,False,small,30,35,30,24,25.347541,30,,,,
unmerged,PMC6028376_table_3,PMC6028376_table_3.xml,True,large,120,117,109,84,85.646106,109,,,,
unmerged,PMC3007292_table_2,PMC3007292_table_2.xml,False,large,119,7,0,0,0,0,,,,
unmerged,PMC2981526_table_1,PMC2981526_table_1.xml,False,large,208,211,208,124,158.991465,208,,,,
unmerged,PMC3344586_table_1,PMC3344586_table_1.xml,False,medium,50,56,47,26,33.804195,47,,,,
unmerged,PMC3558449_table_2,PMC3558449_table_2.xml,True,large,140,148,131,115,103.060793,131,,,,
unmerged,PMC3130384_table_0,PMC3130384_table_0.xml,False,small,16,3,0,0,0,0,,,,
unmerged,PMC3050259_table_0,PMC3050259_table_0.xml,False,small,18,24,17,0,10.481038,17,,,,
unmerged,PMC4906974_table_2,PMC4906974_table_2.xml,True,large,210,222,182,0,114.541609,182,,,,
unmerged,PMC2362127_table_1,PMC2362127_table_1.xml,False,large,222,229,222,93,162.808406,222,,,,
unmerged,PMC4885004_table_2,PMC4885004_table_2.xml,True,large,112,115,110,76,83.96531,110,,,,
unmerged,PMC3364269_table_1,PMC3364269_table_1.xml,True,medium,68,20,0,0,0,0,,,,
unmerged,PMC3224112_table_0,PMC3224112_table_0.xml,False,small,25,4,0,0,0,0,,,,
unmerged,PMC4590700_table_2,PMC4590700_table_2.xml,True,large,180,180,174,164,152.293955,174,,,,
unmerged,PMC6051080_table_0,PMC6051080_table_0.xml,False,small,24,35,23,22,19.327282,23,,,,
unmerged,PMC6077620_table_0,PMC6077620_table_0.xml,False,small,26,28,25,11,18.639536,25,,,,
unmerged,PMC3599226_table_1,PMC3599226_table_1.xml,True,large,114,76,57,22,37.562878,57,,,,
unmerged,PMC2646303_table_1,PMC2646303_table_1.xml,False,large,100,112,99,57,75.625511,99,,,,
unmerged,PMC5051338_table_0,PMC5051338_table_0.xml,True,small,30,5,0,0,0,0,,,,
unmerged,PMC3515476_table_0,PMC3515476_table_0.xml,False,small,15,17,14,0,7.973942,14,,,,
unmerged,PMC5008639_table_2,PMC5008639_table_2.xml,False,small,12,14,4,0,2.275704,4,,,,
unmerged,PMC3110108_table_3,PMC3110108_table_3.xml,False,small,24,27,20,6,12.153631,20,,,,
unmerged,PMC4552859_table_2,PMC4552859_table_2.xml,False,medium,63,67,63,30,47.067306,63,,,,
unmerged,PMC3358350_table_0,PMC3358350_table_0.xml,True,large,156,158,143,34,99.983745,143,,,,
unmerged,PMC2969653_table_1,PMC2969653_table_1.xml,False,large,175,28,25,18,20.108371,25,,,,
unmerged,PMC3051715_table_2,PMC3051715_table_2.xml,False,large,133,7,0,0,0,0,,,,
unmerged,PMC3519644_table_1,PMC3519644_table_1.xml,True,medium,78,90,76,70,65.066225,76,,,,
unmerged,PMC2961772_table_0,PMC2961772_table_0.xml,False,small,20,27,18,0,11.346737,18,,,,
unmerged,PMC5085210_table_2,PMC5085210_table_2.xml,True,large,133,132,126,102,102.008255,126,,,,
unmerged,PMC3419246_table_3,PMC3419246_table_3.xml,True,large,180,183,174,54,125.843195,174,,,,
unmerged,PMC4575020_table_2,PMC4575020_table_2.xml,False,small,18,18,10,5,7.036278,10,,,,
unmerged,PMC3503690_table_0,PMC3503690_table_0.xml,True,large,80,82,75,50,58.200735,75,,,,
unmerged,PMC6080075_table_0,PMC6080075_table_0.xml,False,small,15,17,15,4,10.6419,15,,,,
unmerged,PMC5751392_table_0,PMC5751392_table_0.xml,False,small,8,4,0,0,0,0,,,,
unmerged,PMC4815677_table_0,PMC4815677_table_0.xml,False,medium,64,88,60,13,40.665259,60,,,,
unmerged,PMC5939194_table_1,PMC5939194_table_1.xml,False,medium,40,45,36,0,23.640043,36,,,,
unmerged,PMC2773778_table_0,PMC2773778_table_0.xml,True,large,340,297,254,83,171.53956,254,,,,
unmerged,PMC2245971_table_1,PMC2245971_table_1.xml,True,medium,50,19,12,3,8.02759,12,,,,
unmerged,PMC2277399_table_6,PMC2277399_table_6.xml,False,large,84,89,66,19,46.060079,66,,,,
unmerged,PMC4429473_table_1,PMC4429473_table_1.xml,True,medium,56,54,47,40,41.515329,47,,,,
unmerged,PMC2740668_table_0,PMC2740668_table_0.xml,True,medium,74,92,63,60,50.517462,63,,,,
unmerged,PMC3236038_table_2,PMC3236038_table_2.xml,False,medium,54,59,53,51,45.32845,53,,,,
unmerged,PMC5981094_table_1,PMC5981094_table_1.xml,True,small,15,4,0,0,0,0,,,,
unmerged,PMC2989309_table_0,PMC2989309_table_0.xml,False,small,32,26,24,23,21.019043,24,,,,
unmerged,PMC3219586_table_1,PMC3219586_table_1.xml,False,small,18,28,18,10,14.033814,18,,,,
unmerged,PMC4448311_table_14,PMC4448311_table_14.xml,False,large,165,209,164,24,116.632498,164,,,,
unmerged,PMC4928746_table_0,PMC4928746_table_0.xml,False,small,6,12,3,2,2.416984,3,,,,
unmerged,PMC4344795_table_1,PMC4344795_table_1.xml,True,medium,49,61,44,30,35.134188,44,,,,
unmerged,PMC5745993_table_3,PMC5745993_table_3.xml,True,large,85,114,82,16,56.135184,82,,,,
unmerged,PMC5910587_table_1,PMC5910587_table_1.xml,False,large,100,123,64,17,42.134021,64,,,,
unmerged,PMC5063825_table_0,PMC5063825_table_0.xml,True,large,135,148,112,64,82.195008,112,,,,
unmerged,PMC6193427_table_0,PMC6193427_table_0.xml,False,large,90,113,90,65,70.106922,90,,,,
unmerged,PMC3152521_table_2,PMC3152521_table_2.xml,False,medium,40,52,40,17,30.175605,40,,,,
unmerged,PMC4895167_table_0,PMC4895167_table_0.xml,True,large,84,86,78,78,70.252517,78,,,,
unmerged,PMC3218902_table_1,PMC3218902_table_1.xml,True,large,138,123,118,101,94.364515,118,,,,
unmerged,PMC3317115_table_0,PMC3317115_table_0.xml,False,small,20,22,16,13,13.081491,16,,,,
unmerged,PMC3033808_table_1,PMC3033808_table_1.xml,False,small,24,24,22,9,15.774857,22,,,,
unmerged,PMC5857072_table_3,PMC5857072_table_3.xml,True,medium,70,84,47,20,32.950619,47,,,,
unmerged,PMC3209419_table_1,PMC3209419_table_1.xml,False,large,210,236,200,31,138.046237,200,,,,
unmerged,PMC4493450_table_0,PMC4493450_table_0.xml,True,medium,78,79,75,74,69.310674,75,,,,
unmerged,PMC3256097_table_0,PMC3256097_table_0.xml,False,small,18,13,9,6,6.772996,9,,,,
unmerged,PMC2311300_table_2,PMC2311300_table_2.xml,True,medium,54,62,46,35,36.341184,46,,,,
unmerged,PMC5823866_table_1,PMC5823866_table_1.xml,True,medium,70,74,70,40,54.891006,70,,,,
unmerged,PMC4524703_table_1,PMC4524703_table_1.xml,True,large,81,80,72,55,60.081287,72,,,,
unmerged,PMC4528708_table_0,PMC4528708_table_0.xml,True,medium,40,34,10,0,6.262798,10,,,,
unmerged,PMC4751176_table_0,PMC4751176_table_0.xml,True,medium,60,93,52,4,33.107382,52,,,,
unmerged,PMC3626802_table_2,PMC3626802_table_2.xml,False,small,12,5,0,0,0,0,,,,
unmerged,PMC4727886_table_3,PMC4727886_table_3.xml,False,small,28,25,20,0,13.16257,20,,,,
unmerged,PMC3673139_table_2,PMC3673139_table_2.xml,False,medium,64,81,63,42,48.106892,63,,,,
unmerged,PMC4507693_table_3,PMC4507693_table_3.xml,False,small,18,20,18,12,14.403688,18,,,,
unmerged,PMC5097412_table_1,PMC5097412_table_1.xml,True,medium,42,54,37,24,29.042643,37,,,,
unmerged,PMC4454579_table_0,PMC4454579_table_0.xml,True,medium,72,39,37,12,26.095953,37,,,,
unmerged,PMC6196262_table_2,PMC6196262_table_2.xml,False,medium,60,60,42,26,33.770471,42,,,,
unmerged,PMC5055238_table_0,PMC5055238_table_0.xml,False,small,15,42,7,0,3.804256,7,,,,
unmerged,PMC6191440_table_0,PMC6191440_table_0.xml,False,large,112,116,112,46,79.678371,112,,,,
unmerged,PMC3440401_table_0,PMC3440401_table_0.xml,True,large,216,223,206,108,154.465764,206,,,,
unmerged,PMC4430806_table_0,PMC4430806_table_0.xml,True,large,112,90,57,20,40.959774,57,,,,
unmerged,PMC5855635_table_1,PMC5855635_table_1.xml,True,medium,64,71,61,58,53.830423,61,,,,
unmerged,PMC6060133_table_0,PMC6060133_table_0.xml,True,medium,70,68,51,14,34.007445,51,,,,
unmerged,PMC2405773_table_0,PMC2405773_table_0.xml,True,large,133,116,106,90,87.467922,106,,,,
unmerged,PMC3151838_table_3,PMC3151838_table_3.xml,False,small,15,25,5,0,2.618466,5,,,,
unmerged,PMC6035464_table_0,PMC6035464_table_0.xml,False,small,12,23,6,0,3.298136,6,,,,
unmerged,PMC3011718_table_3,PMC3011718_table_3.xml,False,small,15,25,3,0,1.654463,3,,,,
unmerged,PMC3621759_table_3,PMC3621759_table_3.xml,True,small,20,25,19,2,12.126043,19,,,,
unmerged,PMC5770061_table_0,PMC5770061_table_0.xml,True,large,117,112,92,86,73.707063,92,,,,
unmerged,PMC4538909_table_0,PMC4538909_table_0.xml,False,small,14,4,0,0,0,0,,,,
unmerged,PMC6002294_table_0,PMC6002294_table_0.xml,True,medium,60,94,54,13,38.11466,54,,,,
unmerged,PMC6207690_table_0,PMC6207690_table_0.xml,False,large,238,238,232,59,168.569799,232,,,,
unmerged,PMC2994823_table_5,PMC2994823_table_5.xml,True,small,14,7,3,0,1.824478,3,,,,
unmerged,PMC2960995_table_1,PMC2960995_table_1.xml,False,small,16,20,15,4,10.015512,15,,,,
unmerged,PMC4951257_table_2,PMC4951257_table_2.xml,True,medium,40,39,37,26,29.826308,37,,,,
unmerged,PMC5863327_table_0,PMC5863327_table_0.xml,False,small,20,30,20,16,16.238086,20,,,,
unmerged,PMC6037719_table_0,PMC6037719_table_0.xml,True,large,120,122,116,74,84.551973,116,,,,
unmerged,PMC1868737_table_0,PMC1868737_table_0.xml,False,small,18,17,6,0,4.135428,6,,,,
unmerged,PMC3152872_table_3,PMC3152872_table_3.xml,False,small,25,7,0,0,0,0,,,,
unmerged,PMC2414658_table_0,PMC2414658_table_0.xml,True,medium,63,87,28,11,19.506194,28,,,,
unmerged,PMC4726178_table_0,PMC4726178_table_0.xml,True,medium,56,51,38,31,30.170499,38,,,,
unmerged,PMC4684830_table_0,PMC4684830_table_0.xml,True,small,12,13,10,8,7.522202,10,,,,
unmerged,PMC4451964_table_0,PMC4451964_table_0.xml,True,large,176,173,167,157,140.021159,167,,,,
unmerged,PMC2881888_table_2,PMC2881888_table_2.xml,True,medium,49,53,43,35,35.657725,43,,,,
unmerged,PMC4476686_table_0,PMC4476686_table_0.xml,False,medium,54,65,54,38,41.723163,54,,,,
unmerged,PMC2977676_table_2,PMC2977676_table_2.xml,False,large,160,168,158,76,114.744277,158,,,,
unmerged,PMC4733276_table_1,PMC4733276_table_1.xml,True,large,100,103,72,21,50.755263,72,,,,
unmerged,PMC4753857_table_4,PMC4753857_table_4.xml,True,large,341,300,269,245,214.769239,269,,,,
unmerged,PMC3577688_table_2,PMC3577688_table_2.xml,True,large,110,97,80,51,60.347487,80,,,,
unmerged,PMC3229532_table_5,PMC3229532_table_5.xml,False,small,21,30,21,8,14.89736,21,,,,
unmerged,PMC5091883_table_4,PMC5091883_table_4.xml,True,large,120,119,110,98,91.583792,110,,,,
unmerged,PMC5842561_table_3,PMC5842561_table_3.xml,False,small,20,25,20,15,15.688224,20,,,,
unmerged,PMC3438128_table_0,PMC3438128_table_0.xml,True,medium,65,76,39,11,25.330808,39,,,,
unmerged,PMC6031195_table_1,PMC6031195_table_1.xml,True,large,147,149,126,43,88.831422,126,,,,
unmerged,PMC5855029_table_0,PMC5855029_table_0.xml,False,small,18,21,18,12,14.134647,18,,,,
unmerged,PMC2827475_table_4,PMC2827475_table_4.xml,False,small,8,4,1,0,0.687582,1,,,,
unmerged,PMC4910197_table_1,PMC4910197_table_1.xml,True,large,175,191,170,146,141.700331,170,,,,
unmerged,PMC3558497_table_2,PMC3558497_table_2.xml,True,large,156,169,130,1,83.920567,130,,,,
unmerged,PMC6163272_table_1,PMC6163272_table_1.xml,True,medium,48,18,14,4,8.952228,14,,,,
unmerged,PMC3209421_table_1,PMC3209421_table_1.xml,True,large,100,110,96,16,63.154417,96,,,,
unmerged,PMC1173115_table_0,PMC1173115_table_0.xml,True,medium,36,36,24,15,18.774168,24,,,,
unmerged,PMC4620401_table_0,PMC4620401_table_0.xml,False,small,35,41,35,20,26.368928,35,,,,
unmerged,PMC3354746_table_1,PMC3354746_table_1.xml,False,medium,40,48,40,21,29.846439,40,,,,
unmerged,PMC4584024_table_0,PMC4584024_table_0.xml,True,small,20,12,9,4,6.340133,9,,,,
unmerged,PMC2936311_table_0,PMC2936311_table_0.xml,True,small,32,38,32,15,25.107495,32,,,,
unmerged,PMC4569327_table_0,PMC4569327_table_0.xml,False,small,30,29,19,9,13.360125,19,,,,
unmerged,PMC2774164_table_0,PMC2774164_table_0.xml,False,small,30,34,29,6,19.236209,29,,,,
unmerged,PMC6150896_table_1,PMC6150896_table_1.xml,True,medium,50,53,48,40,41.112749,48,,,,
unmerged,PMC2674067_table_0,PMC2674067_table_0.xml,False,large,120,124,120,99,89.703157,120,,,,
unmerged,PMC5957403_table_0,PMC5957403_table_0.xml,True,medium,56,51,46,34,35.947072,46,,,,
unmerged,PMC3515431_table_3,PMC3515431_table_3.xml,False,small,18,21,18,13,13.764387,18,,,,
unmerged,PMC4743976_table_1,PMC4743976_table_1.xml,True,medium,60,17,0,0,0,0,,,,
unmerged,PMC2689272_table_0,PMC2689272_table_0.xml,True,medium,40,38,31,18,22.699699,31,,,,
unmerged,PMC2904389_table_2,PMC2904389_table_2.xml,True,large,192,194,188,115,140.185899,188,,,,
unmerged,PMC3601255_table_0,PMC3601255_table_0.xml,False,small,20,14,9,0,5.669891,9,,,,
unmerged,PMC3091871_table_0,PMC3091871_table_0.xml,True,large,420,299,293,31,199.848999,293,,,,
unmerged,PMC3565310_table_2,PMC3565310_table_2.xml,False,medium,72,80,72,68,62.331595,72,,,,
unmerged,PMC6224011_table_0,PMC6224011_table_0.xml,True,medium,68,82,51,14,34.259714,51,,,,
unmerged,PMC2585071_table_2,PMC2585071_table_2.xml,True,small,15,13,11,8,8.746449,11,,,,
unmerged,PMC1794239_table_0,PMC1794239_table_0.xml,True,medium,56,55,48,34,37.866841,48,,,,
unmerged,PMC2844391_table_6,PMC2844391_table_6.xml,True,small,32,35,24,18,18.932724,24,,,,
unmerged,PMC3413694_table_2,PMC3413694_table_2.xml,True,large,96,93,64,3,38.856419,64,,,,
unmerged,PMC4820474_table_1,PMC4820474_table_1.xml,False,small,28,30,27,19,21.01223,27,,,,
unmerged,PMC3059479_table_0,PMC3059479_table_0.xml,True,medium,60,10,0,0,0,0,,,,
unmerged,PMC4510441_table_1,PMC4510441_table_1.xml,True,large,98,107,96,61,74.183941,96,,,,
unmerged,PMC2841197_table_0,PMC2841197_table_0.xml,False,small,28,28,25,20,19.325008,25,,,,
unmerged,PMC4610448_table_1,PMC4610448_table_1.xml,False,small,20,22,20,14,16.326468,20,,,,
unmerged,PMC1783850_table_0,PMC1783850_table_0.xml,False,medium,52,57,52,44,41.643753,52,,,,
unmerged,PMC1182365_table_3,PMC1182365_table_3.xml,False,large,112,134,104,79,83.07692,104,,,,
unmerged,PMC4973110_table_1,PMC4973110_table_1.xml,True,large,152,134,111,6,76.110935,111,,,,
unmerged,PMC3011614_table_1,PMC3011614_table_1.xml,False,small,14,22,11,3,7.444771,11,,,,
unmerged,PMC4539059_table_0,PMC4539059_table_0.xml,True,medium,36,43,26,19,20.245518,26,,,,
unmerged,PMC2613904_table_4,PMC2613904_table_4.xml,False,small,10,13,4,0,2.397323,4,,,,
unmerged,PMC4828718_table_0,PMC4828718_table_0.xml,True,medium,63,54,44,42,35.171898,44,,,,
unmerged,PMC2148039_table_2,PMC2148039_table_2.xml,False,small,12,14,11,0,6.997539,11,,,,
unmerged,PMC2959437_table_1,PMC2959437_table_1.xml,False,small,15,25,3,0,1.678846,3,,,,
unmerged,PMC2958658_table_0,PMC2958658_table_0.xml,False,small,32,37,31,28,24.497742,31,,,,
unmerged,PMC3201504_table_3,PMC3201504_table_3.xml,False,small,20,35,5,0,2.815984,5,,,,
unmerged,PMC1564139_table_4,PMC1564139_table_4.xml,True,medium,77,76,71,60,57.134583,71,,,,
unmerged,PMC5932354_table_0,PMC5932354_table_0.xml,False,small,35,44,35,23,26.460188,35,,,,
unmerged,PMC1894963_table_0,PMC1894963_table_0.xml,True,medium,50,61,49,31,38.893447,49,,,,
unmerged,PMC4623515_table_1,PMC4623515_table_1.xml,False,small,20,7,5,0,3.22151,5,,,,
unmerged,PMC3280193_table_2,PMC3280193_table_2.xml,True,medium,50,53,42,26,32.9125,42,,,,
unmerged,PMC1526426_table_1,PMC1526426_table_1.xml,True,large,96,63,48,13,30.61801,48,,,,
unmerged,PMC5909278_table_2,PMC5909278_table_2.xml,False,small,20,26,20,14,15.446246,20,,,,
unmerged,PMC4610448_table_2,PMC4610448_table_2.xml,False,small,15,15,13,12,10.718866,13,,,,
unmerged,PMC4373726_table_1,PMC4373726_table_1.xml,True,medium,69,25,0,0,0,0,,,,
unmerged,PMC2639378_table_2,PMC2639378_table_2.xml,True,small,30,34,30,24,24.835788,30,,,,
unmerged,PMC4580662_table_0,PMC4580662_table_0.xml,True,medium,40,28,18,16,15.680491,18,,,,
unmerged,PMC3506490_table_2,PMC3506490_table_2.xml,True,large,165,165,83,64,66.292413,83,,,,
unmerged,PMC4910197_table_0,PMC4910197_table_0.xml,False,small,9,10,8,8,7.199671,8,,,,
unmerged,PMC5011784_table_0,PMC5011784_table_0.xml,True,large,99,144,92,36,66.937392,92,,,,
unmerged,PMC5055558_table_0,PMC5055558_table_0.xml,True,medium,65,63,58,40,45.500413,58,,,,
unmerged,PMC4521140_table_8,PMC4521140_table_8.xml,True,medium,76,43,39,0,24.691744,39,,,,
unmerged,PMC6203360_table_0,PMC6203360_table_0.xml,True,large,120,122,120,101,95.373197,120,,,,
unmerged,PMC2245909_table_2,PMC2245909_table_2.xml,True,large,88,88,84,55,64.831995,84,,,,
unmerged,PMC3118248_table_2,PMC3118248_table_2.xml,True,large,405,296,268,166,204.349332,268,,,,
unmerged,PMC6019745_table_1,PMC6019745_table_1.xml,True,medium,42,31,29,4,19.843245,29,,,,
unmerged,PMC2893110_table_0,PMC2893110_table_0.xml,True,medium,42,49,36,18,27.328084,36,,,,
unmerged,PMC3040163_table_3,PMC3040163_table_3.xml,True,small,24,27,22,17,18.458832,22,,,,
unmerged,PMC5753525_table_0,PMC5753525_table_0.xml,True,medium,54,17,0,0,0,0,,,,
unmerged,PMC5687717_table_1,PMC5687717_table_1.xml,False,medium,39,42,37,1,22.585865,37,,,,
unmerged,PMC5799165_table_2,PMC5799165_table_2.xml,True,small,18,22,18,18,15.247351,18,,,,
unmerged,PMC3120612_table_1,PMC3120612_table_1.xml,False,small,14,22,13,5,9.498789,13,,,,
unmerged,PMC5883545_table_0,PMC5883545_table_0.xml,False,small,18,25,8,0,4.885379,8,,,,
unmerged,PMC4409716_table_0,PMC4409716_table_0.xml,True,large,110,112,102,96,83.694656,102,,,,
unmerged,PMC3280315_table_1,PMC3280315_table_1.xml,False,small,24,9,0,0,0,0,,,,
unmerged,PMC3350409_table_0,PMC3350409_table_0.xml,False,small,18,8,0,0,0,0,,,,
unmerged,PMC2495075_table_0,PMC2495075_table_0.xml,True,small,16,13,4,2,3.22294,4,,,,
unmerged,PMC4883731_table_2,PMC4883731_table_2.xml,True,large,330,291,198,31,120.056629,198,,,,
unmerged,PMC3599521_table_0,PMC3599521_table_0.xml,True,large,120,126,116,92,95.67259,116,,,,
unmerged,PMC3028541_table_1,PMC3028541_table_1.xml,True,small,30,6,0,0,0,0,,,,
unmerged,PMC3177816_table_0,PMC3177816_table_0.xml,True,large,80,56,44,43,39.150689,44,,,,
unmerged,PMC4405690_table_0,PMC4405690_table_0.xml,False,small,15,18,13,12,10.869741,13,,,,
unmerged,PMC5994070_table_3,PMC5994070_table_3.xml,True,large,88,90,74,66,60.518823,74,,,,
unmerged,PMC3275002_table_1,PMC3275002_table_1.xml,False,small,16,21,14,0,9.023344,14,,,,
unmerged,PMC4833949_table_0,PMC4833949_table_0.xml,False,large,91,109,78,32,55.467543,78,,,,
unmerged,PMC3527384_table_0,PMC3527384_table_0.xml,False,small,28,12,3,2,2.44969,3,,,,
unmerged,PMC1796893_table_1,PMC1796893_table_1.xml,True,medium,56,58,49,36,39.375664,49,,,,
unmerged,PMC4800152_table_0,PMC4800152_table_0.xml,True,medium,49,58,25,22,20.954496,25,,,,
unmerged,PMC2962150_table_3,PMC2962150_table_3.xml,False,large,140,8,0,0,0,0,,,,
unmerged,PMC3011781_table_1,PMC3011781_table_1.xml,False,small,14,22,13,4,8.730561,13,,,,
unmerged,PMC5796484_table_0,PMC5796484_table_0.xml,False,small,20,23,20,15,16.912,20,,,,
unmerged,PMC4872454_table_0,PMC4872454_table_0.xml,False,small,16,4,0,0,0,0,,,,
unmerged,PMC4861294_table_1,PMC4861294_table_1.xml,False,medium,42,9,0,0,0,0,,,,
unmerged,PMC2827563_table_2,PMC2827563_table_2.xml,True,medium,66,79,53,12,37.310768,53,,,,
unmerged,PMC4446346_table_0,PMC4446346_table_0.xml,True,large,105,111,97,81,78.674105,97,,,,
unmerged,PMC6023638_table_3,PMC6023638_table_3.xml,False,small,8,7,4,2,2.721267,4,,,,
unmerged,PMC5813102_table_1,PMC5813102_table_1.xml,False,small,10,13,10,2,6.918317,10,,,,
unmerged,PMC5797180_table_2,PMC5797180_table_2.xml,True,large,247,236,226,181,178.369676,226,,,,
unmerged,PMC3536690_table_0,PMC3536690_table_0.xml,False,medium,54,55,2,1,1.317353,2,,,,
unmerged,PMC6059413_table_4,PMC6059413_table_4.xml,True,small,24,26,23,0,13.993247,23,,,,
unmerged,PMC4514965_table_1,PMC4514965_table_1.xml,True,large,186,184,174,167,146.979388,174,,,,
unmerged,PMC4641943_table_3,PMC4641943_table_3.xml,False,small,35,31,28,21,22.386606,28,,,,
unmerged,PMC5063400_table_0,PMC5063400_table_0.xml,False,small,10,14,9,0,5.227183,9,,,,
unmerged,PMC3344427_table_1,PMC3344427_table_1.xml,False,small,10,18,6,2,3.868385,6,,,,
unmerged,PMC3671187_table_1,PMC3671187_table_1.xml,False,small,35,48,35,21,27.458362,35,,,,
unmerged,PMC3331850_table_2,PMC3331850_table_2.xml,True,medium,40,16,14,3,10.023557,14,,,,
unmerged,PMC4956717_table_4,PMC4956717_table_4.xml,True,medium,66,86,65,42,49.073651,65,,,,
unmerged,PMC5813385_table_0,PMC5813385_table_0.xml,False,medium,76,79,59,24,43.262002,59,,,,
unmerged,PMC6016135_table_0,PMC6016135_table_0.xml,False,medium,54,59,53,24,38.927654,53,,,,
unmerged,PMC3424200_table_1,PMC3424200_table_1.xml,True,large,104,81,62,3,42.778342,62,,,,
unmerged,PMC5713472_table_2,PMC5713472_table_2.xml,False,small,16,20,12,0,7.077953,12,,,,
unmerged,PMC5086957_table_0,PMC5086957_table_0.xml,False,medium,72,76,72,54,57.617926,72,,,,
unmerged,PMC6172842_table_2,PMC6172842_table_2.xml,False,medium,36,48,15,0,8.346018,15,,,,
unmerged,PMC5011800_table_1,PMC5011800_table_1.xml,False,small,10,7,2,0,1.082862,2,,,,
unmerged,PMC3404088_table_0,PMC3404088_table_0.xml,True,small,20,24,20,8,14.229076,20,,,,
unmerged,PMC5025551_table_4,PMC5025551_table_4.xml,False,small,21,26,21,20,18.306623,21,,,,
unmerged,PMC5955121_table_1,PMC5955121_table_1.xml,True,large,84,85,76,46,58.379116,76,,,,
unmerged,PMC4892614_table_7,PMC4892614_table_7.xml,True,small,32,28,20,14,14.836593,20,,,,
unmerged,PMC4930168_table_1,PMC4930168_table_1.xml,False,small,30,33,17,3,10.07506,17,,,,
unmerged,PMC5911284_table_0,PMC5911284_table_0.xml,True,small,15,16,13,10,10.232973,13,,,,
unmerged,PMC4682764_table_1,PMC4682764_table_1.xml,False,large,100,120,100,63,75.706852,100,,,,
unmerged,PMC4911094_table_0,PMC4911094_table_0.xml,True,large,108,108,104,89,84.992418,104,,,,
unmerged,PMC4391123_table_1,PMC4391123_table_1.xml,True,large,84,104,78,60,65.338587,78,,,,
unmerged,PMC3019001_table_0,PMC3019001_table_0.xml,False,small,16,22,16,8,11.850693,16,,,,
unmerged,PMC4753246_table_0,PMC4753246_table_0.xml,False,large,126,128,126,99,98.872252,126,,,,
unmerged,PMC3219371_table_6,PMC3219371_table_6.xml,False,small,16,10,7,0,4.233056,7,,,,
unmerged,PMC5758941_table_0,PMC5758941_table_0.xml,True,large,99,99,92,81,73.667065,92,,,,
unmerged,PMC2519069_table_4,PMC2519069_table_4.xml,True,large,143,74,45,3,27.333313,45,,,,
unmerged,PMC4971506_table_0,PMC4971506_table_0.xml,True,small,30,29,23,11,17.287082,23,,,,
unmerged,PMC4343020_table_1,PMC4343020_table_1.xml,False,small,24,28,24,20,21.134947,24,,,,
unmerged,PMC3392268_table_2,PMC3392268_table_2.xml,False,medium,64,67,62,30,43.897495,62,,,,
unmerged,PMC3395559_table_0,PMC3395559_table_0.xml,True,large,129,69,46,38,37.824944,46,,,,
unmerged,PMC4890862_table_0,PMC4890862_table_0.xml,False,medium,56,58,56,53,46.84739,56,,,,
unmerged,PMC4658091_table_2,PMC4658091_table_2.xml,True,medium,55,49,45,32,36.933169,45,,,,
unmerged,PMC3614707_table_0,PMC3614707_table_0.xml,True,medium,48,58,48,44,40.818849,48,,,,
unmerged,PMC4395112_table_0,PMC4395112_table_0.xml,True,medium,36,34,28,25,23.898666,28,,,,
unmerged,PMC2704954_table_0,PMC2704954_table_0.xml,False,small,24,21,16,12,12.797709,16,,,,
unmerged,PMC3543428_table_0,PMC3543428_table_0.xml,False,small,20,19,15,4,10.646878,15,,,,
unmerged,PMC2988727_table_6,PMC2988727_table_6.xml,False,small,15,9,6,6,5.114551,6,,,,
unmerged,PMC2674935_table_0,PMC2674935_table_0.xml,True,medium,54,57,22,1,13.173201,22,,,,
unmerged,PMC5154677_table_1,PMC5154677_table_1.xml,False,small,35,30,28,17,22.064869,28,,,,
unmerged,PMC5835056_table_0,PMC5835056_table_0.xml,False,medium,36,23,15,0,9.592984,15,,,,
unmerged,PMC3156399_table_4,PMC3156399_table_4.xml,True,medium,64,69,61,45,46.887374,61,,,,
unmerged,PMC2442598_table_0,PMC2442598_table_0.xml,False,medium,64,68,60,14,41.431158,60,,,,
unmerged,PMC2089079_table_0,PMC2089079_table_0.xml,True,medium,70,70,59,42,46.731602,59,,,,
unmerged,PMC5983633_table_1,PMC5983633_table_1.xml,False,small,20,22,19,10,14.483494,19,,,,
unmerged,PMC5690135_table_0,PMC5690135_table_0.xml,True,medium,56,33,12,5,8.324896,12,,,,
unmerged,PMC3083343_table_0,PMC3083343_table_0.xml,False,medium,77,78,73,71,66.343133,73,,,,
unmerged,PMC4798437_table_0,PMC4798437_table_0.xml,False,small,21,20,18,18,16.122424,18,,,,
unmerged,PMC3342088_table_1,PMC3342088_table_1.xml,False,small,24,8,0,0,0,0,,,,
unmerged,PMC4503642_table_0,PMC4503642_table_0.xml,True,large,132,141,131,77,99.855829,131,,,,
unmerged,PMC2835640_table_0,PMC2835640_table_0.xml,False,small,12,7,2,0,1.425977,2,,,,
unmerged,PMC4982135_table_2,PMC4982135_table_2.xml,False,large,140,144,140,112,110.887702,140,,,,
unmerged,PMC4948083_table_1,PMC4948083_table_1.xml,False,small,18,9,6,1,3.975424,6,,,,
unmerged,PMC3261835_table_0,PMC3261835_table_0.xml,True,medium,48,52,39,26,30.327497,39,,,,
unmerged,PMC3679102_table_0,PMC3679102_table_0.xml,True,medium,76,80,53,0,33.000634,53,,,,
unmerged,PMC2979697_table_2,PMC2979697_table_2.xml,False,large,259,227,206,160,160.602811,206,,,,
unmerged,PMC5988755_table_0,PMC5988755_table_0.xml,False,small,30,33,30,2,20.677825,30,,,,
unmerged,PMC2961650_table_4,PMC2961650_table_4.xml,False,large,136,146,136,66,101.287585,136,,,,
unmerged,PMC3334604_table_1,PMC3334604_table_1.xml,False,small,14,5,2,0,1.079152,2,,,,
unmerged,PMC4491560_table_0,PMC4491560_table_0.xml,False,small,8,6,3,0,1.638151,3,,,,
unmerged,PMC5795849_table_0,PMC5795849_table_0.xml,False,small,15,1,0,0,0,0,,,,
unmerged,PMC3189390_table_1,PMC3189390_table_1.xml,False,medium,60,74,55,29,39.902805,55,,,,
unmerged,PMC5874052_table_1,PMC5874052_table_1.xml,False,small,25,28,24,12,17.658196,24,,,,
unmerged,PMC3501521_table_2,PMC3501521_table_2.xml,False,small,28,24,19,12,14.47592,19,,,,
unmerged,PMC5686942_table_0,PMC5686942_table_0.xml,True,large,96,60,51,5,35.538351,51,,,,
unmerged,PMC4709795_table_0,PMC4709795_table_0.xml,False,small,24,14,0,0,0,0,,,,
unmerged,PMC6128240_table_1,PMC6128240_table_1.xml,False,medium,50,59,40,6,29.012501,40,,,,
unmerged,PMC3477031_table_1,PMC3477031_table_1.xml,False,small,12,8,4,4,3.392527,4,,,,
unmerged,PMC4837634_table_0,PMC4837634_table_0.xml,False,medium,46,33,12,0,6.651292,12,,,,
unmerged,PMC1866444_table_1,PMC1866444_table_1.xml,False,medium,36,51,36,0,23.509074,36,,,,
unmerged,PMC4663754_table_1,PMC4663754_table_1.xml,False,large,90,95,89,71,71.640716,89,,,,
unmerged,PMC6151216_table_0,PMC6151216_table_0.xml,False,small,26,31,11,0,7.275126,11,,,,
unmerged,PMC4573741_table_0,PMC4573741_table_0.xml,True,medium,39,52,34,26,26.393546,34,,,,
unmerged,PMC4585213_table_0,PMC4585213_table_0.xml,False,medium,36,49,36,30,29.505219,36,,,,
unmerged,PMC4916081_table_2,PMC4916081_table_2.xml,False,small,33,36,33,10,23.822036,33,,,,
unmerged,PMC1479820_table_2,PMC1479820_table_2.xml,True,medium,68,73,68,60,55.879479,68,,,,
unmerged,PMC2843627_table_2,PMC2843627_table_2.xml,False,medium,49,58,45,23,32.344931,45,,,,
unmerged,PMC2656909_table_0,PMC2656909_table_0.xml,True,large,81,86,81,59,63.940177,81,,,,
unmerged,PMC2983940_table_1,PMC2983940_table_1.xml,False,small,14,21,12,4,8.323994,12,,,,
unmerged,PMC4956214_table_0,PMC4956214_table_0.xml,True,medium,70,59,51,37,42.152199,51,,,,
unmerged,PMC3446914_table_1,PMC3446914_table_1.xml,True,medium,70,68,55,1,35.982214,55,,,,
unmerged,PMC4785152_table_0,PMC4785152_table_0.xml,False,large,96,114,86,70,71.415815,86,,,,
unmerged,PMC6202724_table_0,PMC6202724_table_0.xml,True,medium,36,11,0,0,0,0,,,,
unmerged,PMC5745595_table_0,PMC5745595_table_0.xml,True,medium,66,62,47,42,37.781652,47,,,,
unmerged,PMC6134759_table_1,PMC6134759_table_1.xml,True,medium,36,40,16,7,10.438307,16,,,,
unmerged,PMC2970123_table_0,PMC2970123_table_0.xml,False,small,20,26,19,0,10.795028,19,,,,
unmerged,PMC4374685_table_2,PMC4374685_table_2.xml,True,large,231,226,217,177,172.661839,217,,,,
unmerged,PMC517501_table_3,PMC517501_table_3.xml,False,large,112,115,112,65,85.133647,112,,,,
unmerged,PMC1266376_table_1,PMC1266376_table_1.xml,True,large,95,98,89,71,70.002341,89,,,,
unmerged,PMC6175121_table_1,PMC6175121_table_1.xml,True,large,80,82,71,19,48.506039,71,,,,
unmerged,PMC3149562_table_0,PMC3149562_table_0.xml,True,large,152,197,87,47,64.088135,87,,,,
unmerged,PMC3601255_table_3,PMC3601255_table_3.xml,True,medium,40,52,36,27,29.71929,36,,,,
unmerged,PMC3021722_table_0,PMC3021722_table_0.xml,False,small,16,17,14,11,10.87471,14,,,,
unmerged,PMC4880288_table_1,PMC4880288_table_1.xml,True,medium,72,81,64,56,51.902552,64,,,,
unmerged,PMC3329485_table_0,PMC3329485_table_0.xml,False,medium,40,50,29,21,23.082563,29,,,,
unmerged,PMC3203887_table_2,PMC3203887_table_2.xml,True,large,153,161,152,107,116.645705,152,,,,
unmerged,PMC6173449_table_0,PMC6173449_table_0.xml,True,medium,38,33,27,16,19.015433,27,,,,
unmerged,PMC4403523_table_0,PMC4403523_table_0.xml,False,small,30,31,18,6,12.165211,18,,,,
unmerged,PMC5667839_table_0,PMC5667839_table_0.xml,True,large,253,246,241,238,212.899993,241,,,,
unmerged,PMC4619659_table_1,PMC4619659_table_1.xml,False,medium,36,47,35,20,25.791519,35,,,,
unmerged,PMC3311083_table_0,PMC3311083_table_0.xml,True,medium,36,43,31,27,26.169295,31,,,,
unmerged,PMC4378384_table_1,PMC4378384_table_1.xml,False,medium,55,64,53,39,41.95418,53,,,,
unmerged,PMC2974681_table_0,PMC2974681_table_0.xml,True,small,24,108,13,3,9.286889,13,,,,
unmerged,PMC3572059_table_1,PMC3572059_table_1.xml,False,large,84,90,66,1,42.86388,66,,,,
unmerged,PMC5107631_table_3,PMC5107631_table_3.xml,True,large,126,137,112,30,79.051835,112,,,,
unmerged,PMC4719818_table_1,PMC4719818_table_1.xml,False,large,175,176,175,115,130.175276,175,,,,
unmerged,PMC2018728_table_1,PMC2018728_table_1.xml,False,large,192,193,192,146,143.161982,192,,,,
unmerged,PMC3051715_table_0,PMC3051715_table_0.xml,False,small,16,25,14,4,9.354571,14,,,,
unmerged,PMC5171915_table_0,PMC5171915_table_0.xml,False,large,198,203,198,187,167.438376,198,,,,
unmerged,PMC2443793_table_0,PMC2443793_table_0.xml,True,small,25,16,5,0,3.547122,5,,,,
unmerged,PMC3545841_table_0,PMC3545841_table_0.xml,True,medium,62,38,32,3,18.70001,32,,,,
unmerged,PMC4950165_table_3,PMC4950165_table_3.xml,False,medium,45,45,40,19,29.77755,40,,,,
unmerged,PMC4643926_table_0,PMC4643926_table_0.xml,False,small,21,23,21,7,15.471974,21,,,,
unmerged,PMC3002956_table_1,PMC3002956_table_1.xml,False,small,16,21,16,6,10.84477,16,,,,
unmerged,PMC4738267_table_1,PMC4738267_table_1.xml,False,small,16,19,16,7,11.716693,16,,,,
unmerged,PMC3033815_table_4,PMC3033815_table_4.xml,False,small,20,22,19,18,15.562351,19,,,,
unmerged,PMC5893648_table_1,PMC5893648_table_1.xml,False,medium,55,57,55,14,38.793243,55,,,,
unmerged,PMC2752455_table_1,PMC2752455_table_1.xml,True,medium,40,43,34,19,26.929359,34,,,,
unmerged,PMC4500450_table_1,PMC4500450_table_1.xml,True,medium,72,76,63,49,50.088416,63,,,,
unmerged,PMC3591365_table_0,PMC3591365_table_0.xml,True,medium,40,48,38,13,26.263286,38,,,,
unmerged,PMC4728159_table_2,PMC4728159_table_2.xml,True,medium,36,75,4,0,2.205952,4,,,,
unmerged,PMC6170247_table_1,PMC6170247_table_1.xml,False,small,30,6,0,0,0,0,,,,
unmerged,PMC5041273_table_7,PMC5041273_table_7.xml,True,medium,54,68,54,43,44.60589,54,,,,
unmerged,PMC1276798_table_2,PMC1276798_table_2.xml,False,small,24,32,24,18,19.741715,24,,,,
unmerged,PMC4363359_table_1,PMC4363359_table_1.xml,True,large,96,92,84,65,65.476242,84,,,,
unmerged,PMC3349575_table_0,PMC3349575_table_0.xml,True,small,18,6,1,0,0.725508,1,,,,
unmerged,PMC4438576_table_2,PMC4438576_table_2.xml,False,large,120,127,120,114,100.371377,120,,,,
unmerged,PMC3482696_table_0,PMC3482696_table_0.xml,True,large,172,138,133,118,103.902677,133,,,,
unmerged,PMC4425916_table_0,PMC4425916_table_0.xml,False,small,16,16,5,0,3.087637,5,,,,
unmerged,PMC4727960_table_0,PMC4727960_table_0.xml,False,small,20,25,20,17,16.555783,20,,,,
unmerged,PMC4654893_table_3,PMC4654893_table_3.xml,True,medium,52,41,15,11,11.940422,15,,,,
unmerged,PMC4700086_table_0,PMC4700086_table_0.xml,True,medium,50,48,46,34,36.745818,46,,,,
unmerged,PMC4835720_table_0,PMC4835720_table_0.xml,True,large,204,249,202,99,150.46271,202,,,,
unmerged,PMC3658550_table_2,PMC3658550_table_2.xml,True,large,96,87,82,22,59.138463,82,,,,
unmerged,PMC3689081_table_2,PMC3689081_table_2.xml,False,small,16,21,16,6,11.076575,16,,,,
unmerged,PMC2930863_table_3,PMC2930863_table_3.xml,True,large,121,121,111,68,84.69489,111,,,,
unmerged,PMC5901878_table_1,PMC5901878_table_1.xml,True,medium,68,94,48,17,34.897324,48,,,,
unmerged,PMC2689281_table_2,PMC2689281_table_2.xml,True,large,132,72,59,44,46.912444,59,,,,
unmerged,PMC4794765_table_0,PMC4794765_table_0.xml,True,large,81,66,54,51,47.63788,54,,,,
unmerged,PMC4816563_table_1,PMC4816563_table_1.xml,True,large,105,102,95,34,66.632763,95,,,,
unmerged,PMC6151038_table_7,PMC6151038_table_7.xml,True,medium,77,82,57,37,42.724784,57,,,,
unmerged,PMC5799322_table_1,PMC5799322_table_1.xml,True,medium,60,61,56,41,45.268392,56,,,,
unmerged,PMC2841152_table_0,PMC2841152_table_0.xml,True,large,190,171,154,18,103.70548,154,,,,
unmerged,PMC3590167_table_2,PMC3590167_table_2.xml,False,small,24,35,16,4,10.864452,16,,,,
unmerged,PMC4494398_table_2,PMC4494398_table_2.xml,False,small,6,8,6,2,4.391755,6,,,,
unmerged,PMC5802453_table_2,PMC5802453_table_2.xml,False,small,27,29,18,6,12.15823,18,,,,
unmerged,PMC2148101_table_0,PMC2148101_table_0.xml,False,small,15,18,11,6,7.887783,11,,,,
unmerged,PMC4898373_table_2,PMC4898373_table_2.xml,True,medium,65,84,60,35,45.673884,60,,,,
unmerged,PMC5695845_table_1,PMC5695845_table_1.xml,True,large,125,127,118,1,69.904808,118,,,,
unmerged,PMC3057987_table_0,PMC3057987_table_0.xml,False,medium,44,44,37,22,27.205993,37,,,,
unmerged,PMC1828152_table_2,PMC1828152_table_2.xml,True,medium,70,51,46,32,35.82971,46,,,,
unmerged,PMC5872599_table_4,PMC5872599_table_4.xml,True,medium,69,86,69,31,50.930111,69,,,,
unmerged,PMC2275263_table_3,PMC2275263_table_3.xml,False,medium,42,61,27,14,20.094567,27,,,,
unmerged,PMC4423853_table_0,PMC4423853_table_0.xml,True,medium,58,28,25,22,20.388367,25,,,,
unmerged,PMC4844259_table_0,PMC4844259_table_0.xml,True,large,96,101,87,71,72.472024,87,,,,
unmerged,PMC5050581_table_5,PMC5050581_table_5.xml,True,medium,75,83,61,49,49.992977,61,,,,
unmerged,PMC6154020_table_0,PMC6154020_table_0.xml,False,small,8,16,8,4,5.95354,8,,,,
unmerged,PMC6143711_table_0,PMC6143711_table_0.xml,True,large,220,223,211,199,183.636496,211,,,,
unmerged,PMC3575346_table_2,PMC3575346_table_2.xml,True,small,30,36,22,6,15.49146,22,,,,
unmerged,PMC1180465_table_0,PMC1180465_table_0.xml,True,large,203,200,196,98,144.316089,196,,,,
unmerged,PMC4954666_table_2,PMC4954666_table_2.xml,True,medium,56,56,53,23,40.090056,53,,,,
unmerged,PMC2430964_table_0,PMC2430964_table_0.xml,True,small,30,28,25,16,19.581646,25,,,,
unmerged,PMC4991119_table_1,PMC4991119_table_1.xml,True,large,280,269,251,186,192.106724,251,,,,
unmerged,PMC4694981_table_1,PMC4694981_table_1.xml,True,large,91,88,82,81,75.052422,82,,,,
unmerged,PMC4424894_table_3,PMC4424894_table_3.xml,True,large,363,300,297,83,215.692815,297,,,,
unmerged,PMC5890288_table_0,PMC5890288_table_0.xml,False,medium,42,46,29,20,21.986976,29,,,,
unmerged,PMC5825898_table_0,PMC5825898_table_0.xml,False,medium,60,68,57,2,36.93999,57,,,,
unmerged,PMC4397088_table_3,PMC4397088_table_3.xml,True,large,161,146,132,130,110.454332,132,,,,
unmerged,PMC4504501_table_2,PMC4504501_table_2.xml,False,small,30,36,30,20,23.983899,30,,,,
unmerged,PMC4434534_table_0,PMC4434534_table_0.xml,True,large,84,101,53,29,41.30544,53,,,,
unmerged,PMC2687438_table_1,PMC2687438_table_1.xml,True,small,32,28,21,13,16.497499,21,,,,
unmerged,PMC2373876_table_2,PMC2373876_table_2.xml,False,small,30,20,15,1,9.712586,15,,,,
unmerged,PMC2753363_table_4,PMC2753363_table_4.xml,True,medium,54,60,47,20,33.211037,47,,,,
unmerged,PMC3533458_table_0,PMC3533458_table_0.xml,False,small,26,37,22,19,17.849958,22,,,,
unmerged,PMC4384104_table_3,PMC4384104_table_3.xml,False,medium,36,42,36,34,31.125488,36,,,,
unmerged,PMC5020445_table_0,PMC5020445_table_0.xml,True,large,135,140,135,130,113.393725,135,,,,
unmerged,PMC3653734_table_0,PMC3653734_table_0.xml,True,large,110,121,82,57,65.729539,82,,,,
unmerged,PMC3408461_table_3,PMC3408461_table_3.xml,True,small,30,19,13,6,9.463411,13,,,,
unmerged,PMC509426_table_1,PMC509426_table_1.xml,True,large,99,122,78,69,60.383691,78,,,,
unmerged,PMC4657621_table_1,PMC4657621_table_1.xml,False,small,20,10,8,5,6.323366,8,,,,
unmerged,PMC1665449_table_0,PMC1665449_table_0.xml,False,medium,56,60,25,0,12.888727,25,,,,
unmerged,PMC3662595_table_2,PMC3662595_table_2.xml,False,medium,42,49,41,19,29.723519,41,,,,
unmerged,PMC4449594_table_2,PMC4449594_table_2.xml,False,small,30,37,30,27,24.526722,30,,,,
unmerged,PMC4882360_table_1,PMC4882360_table_1.xml,True,large,140,157,134,130,117.609313,134,,,,
unmerged,PMC2714505_table_0,PMC2714505_table_0.xml,True,large,273,267,264,218,217.151802,264,,,,
unmerged,PMC5989381_table_0,PMC5989381_table_0.xml,True,small,32,25,19,12,14.487342,19,,,,
unmerged,PMC2968020_table_1,PMC2968020_table_1.xml,False,large,155,165,155,86,114.070704,155,,,,
unmerged,PMC4700179_table_1,PMC4700179_table_1.xml,True,small,30,31,23,14,17.74938,23,,,,
unmerged,PMC3168871_table_0,PMC3168871_table_0.xml,False,small,14,16,12,6,9.216289,12,,,,
unmerged,PMC6122613_table_1,PMC6122613_table_1.xml,False,small,24,30,24,14,18.159442,24,,,,
unmerged,PMC2588622_table_2,PMC2588622_table_2.xml,True,large,301,246,219,129,175.092403,219,,,,
unmerged,PMC6208105_table_2,PMC6208105_table_2.xml,False,small,28,36,28,20,22.930853,28,,,,
unmerged,PMC4643322_table_0,PMC4643322_table_0.xml,False,small,20,23,20,20,16.524919,20,,,,
unmerged,PMC3240945_table_0,PMC3240945_table_0.xml,True,medium,45,54,41,29,32.617912,41,,,,
unmerged,PMC5957338_table_0,PMC5957338_table_0.xml,False,medium,40,42,40,15,28.093811,40,,,,
unmerged,PMC3006878_table_0,PMC3006878_table_0.xml,False,small,20,26,19,0,10.959069,19,,,,
unmerged,PMC5767312_table_0,PMC5767312_table_0.xml,True,large,140,125,81,32,56.30741,81,,,,
unmerged,PMC5127548_table_8,PMC5127548_table_8.xml,True,medium,49,47,42,30,32.874251,42,,,,
unmerged,PMC5904424_table_0,PMC5904424_table_0.xml,True,small,35,38,27,23,23.925655,27,,,,
unmerged,PMC4709492_table_1,PMC4709492_table_1.xml,False,medium,60,52,36,0,22.360452,36,,,,
unmerged,PMC5664348_table_0,PMC5664348_table_0.xml,True,medium,42,47,28,27,22.554621,28,,,,
unmerged,PMC4524373_table_3,PMC4524373_table_3.xml,True,medium,50,57,50,25,36.533979,50,,,,
unmerged,PMC3527132_table_2,PMC3527132_table_2.xml,True,large,91,96,88,51,67.164237,88,,,,
unmerged,PMC4872722_table_0,PMC4872722_table_0.xml,True,small,27,25,19,14,14.742031,19,,,,
unmerged,PMC4397088_table_0,PMC4397088_table_0.xml,False,large,120,131,120,90,93.575138,120,,,,
unmerged,PMC2848519_table_0,PMC2848519_table_0.xml,False,small,14,5,0,0,0,0,,,,
unmerged,PMC3342167_table_2,PMC3342167_table_2.xml,True,medium,50,56,37,17,26.187067,37,,,,
unmerged,PMC3554515_table_0,PMC3554515_table_0.xml,False,medium,64,73,48,45,39.165276,48,,,,
unmerged,PMC6143260_table_0,PMC6143260_table_0.xml,False,large,132,134,132,19,87.346388,132,,,,
unmerged,PMC3359190_table_2,PMC3359190_table_2.xml,True,medium,70,12,0,0,0,0,,,,
unmerged,PMC5858604_table_1,PMC5858604_table_1.xml,False,medium,72,25,20,18,16.604976,20,,,,
unmerged,PMC5018192_table_0,PMC5018192_table_0.xml,True,large,90,44,40,37,33.404035,40,,,,
unmerged,PMC3166745_table_0,PMC3166745_table_0.xml,False,medium,42,45,42,39,35.277845,42,,,,
unmerged,PMC5021727_table_1,PMC5021727_table_1.xml,False,small,18,11,8,0,4.366207,8,,,,
unmerged,PMC6233180_table_2,PMC6233180_table_2.xml,True,medium,72,65,56,10,38.250256,56,,,,
unmerged,PMC4730682_table_3,PMC4730682_table_3.xml,True,medium,65,62,55,49,46.608213,55,,,,
unmerged,PMC4575444_table_0,PMC4575444_table_0.xml,True,large,351,296,263,151,199.194214,263,,,,
unmerged,PMC4825232_table_0,PMC4825232_table_0.xml,True,medium,56,59,52,0,29.812098,52,,,,
unmerged,PMC6018626_table_1,PMC6018626_table_1.xml,False,medium,40,44,30,23,23.181993,30,,,,
unmerged,PMC6013108_table_1,PMC6013108_table_1.xml,True,medium,45,42,36,28,28.943331,36,,,,
unmerged,PMC2204065_table_0,PMC2204065_table_0.xml,True,medium,38,21,0,0,0,0,,,,
unmerged,PMC5095599_table_0,PMC5095599_table_0.xml,True,small,28,29,23,15,17.763059,23,,,,
unmerged,PMC5821441_table_0,PMC5821441_table_0.xml,True,medium,56,60,46,0,26.166186,46,,,,
unmerged,PMC6186056_table_1,PMC6186056_table_1.xml,True,large,248,213,169,134,134.305856,169,,,,
unmerged,PMC5722571_table_1,PMC5722571_table_1.xml,True,medium,68,66,52,40,42.048576,52,,,,
unmerged,PMC4897819_table_0,PMC4897819_table_0.xml,False,medium,36,41,36,32,28.783393,36,,,,
unmerged,PMC3419246_table_1,PMC3419246_table_1.xml,True,large,208,190,177,28,125.768802,177,,,,
unmerged,PMC6038359_table_0,PMC6038359_table_0.xml,False,medium,66,12,6,2,3.941538,6,,,,
unmerged,PMC2968314_table_0,PMC2968314_table_0.xml,False,small,20,25,18,0,10.355213,18,,,,
unmerged,PMC4464579_table_1,PMC4464579_table_1.xml,False,medium,36,41,34,1,22.169785,34,,,,
unmerged,PMC4945912_table_0,PMC4945912_table_0.xml,True,large,276,269,264,219,215.803757,264,,,,
unmerged,PMC6052539_table_1,PMC6052539_table_1.xml,True,medium,55,21,15,15,12.519371,15,,,,
unmerged,PMC2635959_table_0,PMC2635959_table_0.xml,False,small,30,42,30,18,22.545564,30,,,,
unmerged,PMC3050184_table_0,PMC3050184_table_0.xml,False,small,18,24,17,0,9.882638,17,,,,
unmerged,PMC5845866_table_1,PMC5845866_table_1.xml,False,small,30,32,30,28,26.067262,30,,,,
unmerged,PMC3438178_table_0,PMC3438178_table_0.xml,True,medium,55,66,53,50,42.024122,53,,,,
unmerged,PMC5909255_table_3,PMC5909255_table_3.xml,True,large,186,186,60,0,30.982288,60,,,,
unmerged,PMC3180067_table_0,PMC3180067_table_0.xml,True,medium,76,43,38,2,24.324068,38,,,,
unmerged,PMC3524598_table_2,PMC3524598_table_2.xml,True,large,90,85,82,71,67.127678,82,,,,
unmerged,PMC4932006_table_0,PMC4932006_table_0.xml,True,large,105,107,103,97,83.265231,103,,,,
unmerged,PMC2093938_table_4,PMC2093938_table_4.xml,False,small,12,15,11,6,8.089341,11,,,,
unmerged,PMC3428669_table_2,PMC3428669_table_2.xml,False,medium,54,60,54,45,42.67891,54,,,,
unmerged,PMC4786572_table_3,PMC4786572_table_3.xml,True,large,92,106,73,19,47.693931,73,,,,
unmerged,PMC6222733_table_1,PMC6222733_table_1.xml,False,large,110,126,99,10,68.449445,99,,,,
unmerged,PMC3602373_table_1,PMC3602373_table_1.xml,True,large,144,127,116,21,79.070541,116,,,,
unmerged,PMC4841544_table_1,PMC4841544_table_1.xml,True,large,102,107,102,58,78.268394,102,,,,
unmerged,PMC3652198_table_1,PMC3652198_table_1.xml,False,small,14,16,14,9,11.218578,14,,,,
unmerged,PMC5738112_table_0,PMC5738112_table_0.xml,False,small,18,12,10,9,8.086703,10,,,,
unmerged,PMC2995781_table_1,PMC2995781_table_1.xml,True,medium,42,9,0,0,0,0,,,,
unmerged,PMC4458325_table_1,PMC4458325_table_1.xml,False,medium,55,53,9,0,5.000027,9,,,,
unmerged,PMC6049910_table_0,PMC6049910_table_0.xml,True,medium,57,60,56,14,37.598047,56,,,,
unmerged,PMC5084147_table_5,PMC5084147_table_5.xml,False,large,98,106,98,67,74.702962,98,,,,
unmerged,PMC3503841_table_1,PMC3503841_table_1.xml,True,small,24,10,1,0,0.60269,1,,,,
unmerged,PMC4549082_table_3,PMC4549082_table_3.xml,True,large,176,169,157,64,115.333912,157,,,,
unmerged,PMC3644232_table_0,PMC3644232_table_0.xml,False,small,10,7,5,0,3.055642,5,,,,
unmerged,PMC3689638_table_0,PMC3689638_table_0.xml,True,large,216,193,188,145,152.652912,188,,,,
unmerged,PMC2873247_table_2,PMC2873247_table_2.xml,True,medium,60,65,60,48,50.307144,60,,,,
unmerged,PMC1266024_table_4,PMC1266024_table_4.xml,True,medium,56,27,23,12,16.729988,23,,,,
unmerged,PMC5983274_table_3,PMC5983274_table_3.xml,False,large,90,92,90,70,73.107735,90,,,,
unmerged,PMC4377374_table_3,PMC4377374_table_3.xml,False,small,18,23,18,16,15.32103,18,,,,
unmerged,PMC5712192_table_3,PMC5712192_table_3.xml,True,large,390,300,300,294,238.320329,300,,,,
unmerged,PMC5837103_table_0,PMC5837103_table_0.xml,True,large,351,300,287,255,231.478051,287,,,,
unmerged,PMC4979187_table_2,PMC4979187_table_2.xml,True,small,35,8,4,0,2.587708,4,,,,
unmerged,PMC3428172_table_2,PMC3428172_table_2.xml,True,medium,40,43,36,4,24.08169,36,,,,
unmerged,PMC4570816_table_0,PMC4570816_table_0.xml,True,medium,55,42,36,9,24.285843,36,,,,
unmerged,PMC4860217_table_0,PMC4860217_table_0.xml,False,small,16,22,16,12,12.79875,16,,,,
unmerged,PMC4883731_table_0,PMC4883731_table_0.xml,False,large,169,159,133,121,113.095059,133,,,,
unmerged,PMC3566797_table_1,PMC3566797_table_1.xml,False,small,35,37,33,22,25.316065,33,,,,
unmerged,PMC5966889_table_4,PMC5966889_table_4.xml,True,large,90,92,90,88,78.604013,90,,,,
unmerged,PMC4875747_table_2,PMC4875747_table_2.xml,True,medium,49,56,43,5,27.326299,43,,,,
unmerged,PMC4625876_table_5,PMC4625876_table_5.xml,True,medium,49,52,36,5,24.706525,36,,,,
unmerged,PMC2834584_table_2,PMC2834584_table_2.xml,True,medium,60,52,46,35,36.341258,46,,,,
unmerged,PMC3458233_table_0,PMC3458233_table_0.xml,True,medium,52,85,24,0,13.555538,24,,,,
unmerged,PMC2960665_table_1,PMC2960665_table_1.xml,False,small,16,21,15,5,10.266779,15,,,,
unmerged,PMC4532480_table_0,PMC4532480_table_0.xml,True,large,189,170,161,147,128.771927,161,,,,
unmerged,PMC4493016_table_0,PMC4493016_table_0.xml,False,small,18,24,18,14,14.310322,18,,,,
unmerged,PMC6157679_table_1,PMC6157679_table_1.xml,True,medium,60,65,54,30,41.914305,54,,,,
unmerged,PMC5691681_table_2,PMC5691681_table_2.xml,True,large,224,137,71,44,53.958999,71,,,,
unmerged,PMC4927609_table_3,PMC4927609_table_3.xml,True,large,273,259,254,132,190.908473,254,,,,
unmerged,PMC6123690_table_2,PMC6123690_table_2.xml,False,medium,40,42,36,24,27.150306,36,,,,
unmerged,PMC6014042_table_1,PMC6014042_table_1.xml,False,small,24,29,24,13,18.483512,24,,,,
unmerged,PMC3561275_table_1,PMC3561275_table_1.xml,True,large,105,84,69,42,54.194106,69,,,,
unmerged,PMC3068096_table_1,PMC3068096_table_1.xml,True,large,150,158,141,122,110.14712,141,,,,
unmerged,PMC4977724_table_0,PMC4977724_table_0.xml,False,medium,48,43,33,3,19.684393,33,,,,
unmerged,PMC3006930_table_2,PMC3006930_table_2.xml,False,large,182,7,0,0,0,0,,,,
unmerged,PMC5687736_table_1,PMC5687736_table_1.xml,False,large,128,130,128,112,102.87891,128,,,,
unmerged,PMC4859819_table_0,PMC4859819_table_0.xml,False,medium,72,99,40,3,24.288865,40,,,,
unmerged,PMC4994281_table_1,PMC4994281_table_1.xml,True,large,270,279,257,161,193.383257,257,,,,
unmerged,PMC3118226_table_0,PMC3118226_table_0.xml,False,small,6,6,1,0,0.702992,1,,,,
unmerged,PMC4792838_table_1,PMC4792838_table_1.xml,False,small,21,26,21,10,15.183322,21,,,,
unmerged,PMC6102227_table_1,PMC6102227_table_1.xml,False,medium,39,44,39,27,30.484968,39,,,,
unmerged,PMC4395286_table_0,PMC4395286_table_0.xml,True,large,120,101,96,69,75.413318,96,,,,
unmerged,PMC3472980_table_1,PMC3472980_table_1.xml,True,medium,55,22,15,0,8.483437,15,,,,
unmerged,PMC2657164_table_3,PMC2657164_table_3.xml,True,medium,60,56,52,42,41.707707,52,,,,
unmerged,PMC2657164_table_1,PMC2657164_table_1.xml,False,small,12,15,11,4,7.289179,11,,,,
unmerged,PMC5794930_table_3,PMC5794930_table_3.xml,True,medium,36,34,25,0,15.169552,25,,,,
unmerged,PMC5736711_table_0,PMC5736711_table_0.xml,True,large,84,80,70,16,48.921286,70,,,,
unmerged,PMC3410850_table_0,PMC3410850_table_0.xml,True,medium,42,48,34,4,21.540057,34,,,,
unmerged,PMC4545860_table_2,PMC4545860_table_2.xml,True,medium,56,59,44,8,31.066206,44,,,,
unmerged,PMC3161945_table_0,PMC3161945_table_0.xml,False,large,95,100,95,70,75.518613,95,,,,
unmerged,PMC2902016_table_2,PMC2902016_table_2.xml,True,small,24,39,23,12,16.790089,23,,,,
unmerged,PMC2913847_table_0,PMC2913847_table_0.xml,True,small,28,14,7,0,4.677489,7,,,,
unmerged,PMC2841116_table_3,PMC2841116_table_3.xml,False,medium,42,43,34,11,23.874793,34,,,,
unmerged,PMC6031750_table_0,PMC6031750_table_0.xml,True,large,93,90,87,78,74.632397,87,,,,
unmerged,PMC5821324_table_5,PMC5821324_table_5.xml,True,large,120,92,84,76,67.155337,84,,,,
unmerged,PMC2438356_table_0,PMC2438356_table_0.xml,False,small,35,40,34,21,26.133117,34,,,,
unmerged,PMC3660345_table_2,PMC3660345_table_2.xml,True,large,90,83,73,22,51.480036,73,,,,
unmerged,PMC5714431_table_3,PMC5714431_table_3.xml,True,small,14,4,1,0,0.572666,1,,,,
unmerged,PMC4785635_table_1,PMC4785635_table_1.xml,True,large,84,147,59,38,46.187065,59,,,,
unmerged,PMC4862230_table_0,PMC4862230_table_0.xml,True,large,88,81,30,5,21.164816,30,,,,
unmerged,PMC4460269_table_1,PMC4460269_table_1.xml,True,large,84,79,72,26,52.658105,72,,,,
unmerged,PMC6005562_table_1,PMC6005562_table_1.xml,False,small,21,24,21,16,16.67805,21,,,,
unmerged,PMC6106174_table_2,PMC6106174_table_2.xml,False,small,9,16,9,4,6.849056,9,,,,
unmerged,PMC3475661_table_1,PMC3475661_table_1.xml,True,medium,36,41,30,19,23.101987,30,,,,
unmerged,PMC1483835_table_2,PMC1483835_table_2.xml,True,large,215,175,171,121,128.617079,171,,,,
unmerged,PMC5679774_table_0,PMC5679774_table_0.xml,False,medium,40,42,15,0,8.879061,15,,,,
unmerged,PMC6214199_table_5,PMC6214199_table_5.xml,True,medium,75,82,68,0,39.966316,68,,,,
unmerged,PMC3640038_table_0,PMC3640038_table_0.xml,False,small,22,30,21,11,15.879309,21,,,,
unmerged,PMC2636893_table_0,PMC2636893_table_0.xml,True,large,126,90,82,47,61.404694,82,,,,
unmerged,PMC2687455_table_3,PMC2687455_table_3.xml,False,small,16,29,4,2,2.732226,4,,,,
unmerged,PMC6154954_table_2,PMC6154954_table_2.xml,False,medium,52,60,39,12,27.600085,39,,,,
unmerged,PMC2960152_table_0,PMC2960152_table_0.xml,False,small,20,26,18,0,10.641494,18,,,,
unmerged,PMC4937426_table_0,PMC4937426_table_0.xml,True,large,124,110,101,98,84.122626,101,,,,
unmerged,PMC3284429_table_0,PMC3284429_table_0.xml,False,medium,45,41,39,39,35.694498,39,,,,
unmerged,PMC3566098_table_3,PMC3566098_table_3.xml,False,small,35,42,19,0,11.920079,19,,,,
unmerged,PMC4751569_table_0,PMC4751569_table_0.xml,False,small,18,20,18,2,12.888454,18,,,,
unmerged,PMC3473241_table_6,PMC3473241_table_6.xml,True,medium,40,37,33,33,30.599462,33,,,,
unmerged,PMC4596371_table_0,PMC4596371_table_0.xml,True,medium,36,39,28,16,21.575294,28,,,,
unmerged,PMC3665576_table_0,PMC3665576_table_0.xml,True,large,160,55,43,29,32.38931,43,,,,
unmerged,PMC3614829_table_1,PMC3614829_table_1.xml,False,medium,60,65,60,54,48.981565,60,,,,
unmerged,PMC3530428_table_3,PMC3530428_table_3.xml,True,medium,60,33,30,0,19.390127,30,,,,
unmerged,PMC4607371_table_0,PMC4607371_table_0.xml,False,large,192,198,192,186,151.914287,192,,,,
unmerged,PMC2872307_table_0,PMC2872307_table_0.xml,False,small,12,6,2,2,1.824157,2,,,,
unmerged,PMC4529114_table_2,PMC4529114_table_2.xml,False,small,30,34,30,21,24.701602,30,,,,
unmerged,PMC3184264_table_5,PMC3184264_table_5.xml,False,small,12,11,4,2,2.988442,4,,,,
unmerged,PMC6234267_table_5,PMC6234267_table_5.xml,True,small,20,20,12,0,7.654272,12,,,,
unmerged,PMC5019196_table_0,PMC5019196_table_0.xml,False,small,34,34,31,16,23.135087,31,,,,
unmerged,PMC5061843_table_0,PMC5061843_table_0.xml,False,medium,48,56,46,41,37.192739,46,,,,
unmerged,PMC3689045_table_0,PMC3689045_table_0.xml,True,small,28,30,27,23,21.773826,27,,,,
unmerged,PMC6070681_table_0,PMC6070681_table_0.xml,True,medium,60,64,19,3,11.238575,19,,,,
unmerged,PMC2674447_table_2,PMC2674447_table_2.xml,True,large,114,116,109,56,80.988999,109,,,,
unmerged,PMC4902088_table_0,PMC4902088_table_0.xml,False,medium,49,58,46,27,36.517252,46,,,,
unmerged,PMC4807184_table_0,PMC4807184_table_0.xml,False,medium,45,42,31,7,22.03663,31,,,,
unmerged,PMC4832563_table_4,PMC4832563_table_4.xml,True,large,208,186,162,50,117.453819,162,,,,
unmerged,PMC2886951_table_0,PMC2886951_table_0.xml,True,small,20,9,3,1,2.129721,3,,,,
unmerged,PMC3334773_table_2,PMC3334773_table_2.xml,True,medium,64,81,64,40,51.212895,64,,,,
unmerged,PMC6201959_table_1,PMC6201959_table_1.xml,True,large,228,210,203,136,155.308859,203,,,,
unmerged,PMC3393902_table_0,PMC3393902_table_0.xml,False,large,110,112,110,85,86.641503,110,,,,
unmerged,PMC3504360_table_0,PMC3504360_table_0.xml,False,small,30,34,30,23,25.527365,30,,,,
unmerged,PMC4517507_table_3,PMC4517507_table_3.xml,True,large,104,102,96,92,84.943875,96,,,,
unmerged,PMC5138191_table_1,PMC5138191_table_1.xml,True,medium,54,13,0,0,0,0,,,,
unmerged,PMC2727484_table_2,PMC2727484_table_2.xml,False,medium,36,16,10,0,6.639209,10,,,,
unmerged,PMC3263730_table_1,PMC3263730_table_1.xml,False,medium,40,58,39,17,28.27283,39,,,,
unmerged,PMC5873778_table_2,PMC5873778_table_2.xml,False,medium,44,46,43,28,32.279877,43,,,,
unmerged,PMC4454883_table_3,PMC4454883_table_3.xml,True,large,108,113,106,77,83.40578,106,,,,
unmerged,PMC4468092_table_4,PMC4468092_table_4.xml,False,small,24,30,24,18,18.823994,24,,,,
unmerged,PMC5988018_table_1,PMC5988018_table_1.xml,True,large,128,136,124,109,97.650699,124,,,,
unmerged,PMC2519138_table_0,PMC2519138_table_0.xml,False,small,20,21,18,11,14.955156,18,,,,
unmerged,PMC6016946_table_1,PMC6016946_table_1.xml,True,large,168,172,168,160,134.352125,168,,,,
unmerged,PMC2699215_table_4,PMC2699215_table_4.xml,False,large,204,257,183,0,108.461687,183,,,,
unmerged,PMC3410290_table_4,PMC3410290_table_4.xml,True,small,30,35,14,1,9.62459,14,,,,
unmerged,PMC2375120_table_2,PMC2375120_table_2.xml,True,medium,42,51,32,22,24.939628,32,,,,
unmerged,PMC3338385_table_1,PMC3338385_table_1.xml,False,small,24,22,19,7,13.602896,19,,,,
unmerged,PMC3050351_table_1,PMC3050351_table_1.xml,False,large,168,9,1,0,0.690409,1,,,,
unmerged,PMC4519871_table_0,PMC4519871_table_0.xml,True,medium,54,7,0,0,0,0,,,,
unmerged,PMC3281019_table_1,PMC3281019_table_1.xml,True,large,80,84,38,0,22.246467,38,,,,
unmerged,PMC6145148_table_0,PMC6145148_table_0.xml,False,small,20,18,15,10,11.600614,15,,,,
unmerged,PMC2977678_table_0,PMC2977678_table_0.xml,False,small,22,28,19,0,10.639459,19,,,,
unmerged,PMC4954877_table_0,PMC4954877_table_0.xml,True,small,30,30,24,12,18.257478,24,,,,
unmerged,PMC2289812_table_1,PMC2289812_table_1.xml,True,small,35,45,28,18,22.250468,28,,,,
unmerged,PMC3665813_table_0,PMC3665813_table_0.xml,False,small,32,14,10,3,6.892069,10,,,,
unmerged,PMC5751690_table_0,PMC5751690_table_0.xml,False,small,20,30,13,3,8.397536,13,,,,
unmerged,PMC3050935_table_0,PMC3050935_table_0.xml,False,large,198,208,195,127,144.664128,195,,,,
unmerged,PMC4936287_table_3,PMC4936287_table_3.xml,True,large,210,97,62,30,46.540587,62,,,,
unmerged,PMC3519782_table_3,PMC3519782_table_3.xml,True,medium,44,27,16,0,10.459784,16,,,,
unmerged,PMC2579308_table_6,PMC2579308_table_6.xml,True,large,184,142,128,73,96.980172,128,,,,
unmerged,PMC4933999_table_6,PMC4933999_table_6.xml,True,large,225,236,201,128,152.050118,201,,,,
unmerged,PMC6013434_table_1,PMC6013434_table_1.xml,True,medium,72,66,50,3,34.765488,50,,,,
unmerged,PMC2483440_table_2,PMC2483440_table_2.xml,False,medium,44,55,44,34,35.750602,44,,,,
unmerged,PMC2921397_table_0,PMC2921397_table_0.xml,False,small,15,7,0,0,0,0,,,,
unmerged,PMC4579500_table_1,PMC4579500_table_1.xml,True,large,120,124,90,28,63.821512,90,,,,
unmerged,PMC5084147_table_6,PMC5084147_table_6.xml,False,medium,66,62,60,54,49.748613,60,,,,
unmerged,PMC4929101_table_2,PMC4929101_table_2.xml,True,large,90,91,42,5,25.942779,42,,,,
unmerged,PMC6086995_table_0,PMC6086995_table_0.xml,False,small,12,15,12,12,9.770572,12,,,,
unmerged,PMC3001694_table_2,PMC3001694_table_2.xml,True,medium,40,42,36,26,29.73904,36,,,,
unmerged,PMC5669531_table_7,PMC5669531_table_7.xml,True,small,30,27,23,14,17.317254,23,,,,
unmerged,PMC3196713_table_0,PMC3196713_table_0.xml,True,large,154,162,132,24,91.951284,132,,,,
unmerged,PMC4954645_table_0,PMC4954645_table_0.xml,True,small,25,28,20,12,15.222072,20,,,,
unmerged,PMC3481435_table_7,PMC3481435_table_7.xml,False,small,8,18,3,1,1.944787,3,,,,
unmerged,PMC2906434_table_0,PMC2906434_table_0.xml,False,small,30,34,30,7,21.518792,30,,,,
unmerged,PMC3393323_table_0,PMC3393323_table_0.xml,False,small,20,23,19,7,13.239458,19,,,,
unmerged,PMC5159879_table_0,PMC5159879_table_0.xml,True,large,336,293,291,261,234.811883,291,,,,
unmerged,PMC4855820_table_1,PMC4855820_table_1.xml,True,small,18,23,15,0,8.482583,15,,,,
unmerged,PMC4449161_table_0,PMC4449161_table_0.xml,True,large,112,119,112,105,93.324649,112,,,,
unmerged,PMC5708049_table_0,PMC5708049_table_0.xml,False,medium,36,37,36,30,31.902245,36,,,,
unmerged,PMC1410752_table_3,PMC1410752_table_3.xml,True,large,119,122,98,3,59.434102,98,,,,
unmerged,PMC6155541_table_1,PMC6155541_table_1.xml,True,large,114,117,114,65,88.093425,114,,,,
unmerged,PMC5118951_table_0,PMC5118951_table_0.xml,True,large,90,92,82,64,66.328948,82,,,,
unmerged,PMC4383577_table_8,PMC4383577_table_8.xml,True,small,35,25,17,0,10.285968,17,,,,
unmerged,PMC4619505_table_3,PMC4619505_table_3.xml,True,large,276,277,221,103,163.602736,221,,,,
unmerged,PMC3564629_table_1,PMC3564629_table_1.xml,False,medium,45,58,45,35,35.308608,45,,,,
unmerged,PMC3203352_table_2,PMC3203352_table_2.xml,False,large,110,261,2,0,1.026311,2,,,,
unmerged,PMC4449525_table_0,PMC4449525_table_0.xml,True,medium,40,48,36,20,27.086914,36,,,,
unmerged,PMC5706603_table_0,PMC5706603_table_0.xml,False,medium,48,56,47,33,38.220058,47,,,,
unmerged,PMC4891946_table_0,PMC4891946_table_0.xml,True,medium,70,75,64,56,53.414048,64,,,,
unmerged,PMC4942061_table_1,PMC4942061_table_1.xml,True,large,185,187,147,35,96.486517,147,,,,
unmerged,PMC2268657_table_0,PMC2268657_table_0.xml,False,small,4,7,4,2,3.060272,4,,,,
unmerged,PMC2648792_table_0,PMC2648792_table_0.xml,True,medium,39,28,23,16,17.751266,23,,,,
unmerged,PMC2970127_table_0,PMC2970127_table_0.xml,False,large,165,171,163,31,107.002837,163,,,,
unmerged,PMC2977268_table_0,PMC2977268_table_0.xml,False,small,15,26,3,0,1.572866,3,,,,
unmerged,PMC5041273_table_10,PMC5041273_table_10.xml,False,small,18,25,18,9,13.369979,18,,,,
unmerged,PMC4605644_table_1,PMC4605644_table_1.xml,True,large,132,119,107,43,73.527431,107,,,,
unmerged,PMC3553054_table_0,PMC3553054_table_0.xml,True,small,32,23,14,0,8.833585,14,,,,
unmerged,PMC4862985_table_0,PMC4862985_table_0.xml,True,medium,48,60,48,36,38.80364,48,,,,
unmerged,PMC2979585_table_2,PMC2979585_table_2.xml,False,large,140,8,2,0,1.315461,2,,,,
unmerged,PMC2335306_table_1,PMC2335306_table_1.xml,True,medium,51,58,51,45,43.061051,51,,,,
unmerged,PMC2930843_table_5,PMC2930843_table_5.xml,True,large,192,198,192,149,148.786505,192,,,,
unmerged,PMC4366389_table_1,PMC4366389_table_1.xml,True,medium,65,61,55,0,34.283426,55,,,,
unmerged,PMC4904362_table_3,PMC4904362_table_3.xml,False,small,14,11,9,7,6.880256,9,,,,
unmerged,PMC3354558_table_0,PMC3354558_table_0.xml,False,small,14,17,14,0,8.585848,14,,,,
unmerged,PMC5713137_table_1,PMC5713137_table_1.xml,False,medium,64,67,64,46,51.296619,64,,,,
unmerged,PMC5663065_table_0,PMC5663065_table_0.xml,True,medium,56,79,16,6,11.20973,16,,,,
unmerged,PMC5719293_table_1,PMC5719293_table_1.xml,True,large,126,134,125,103,102.003826,125,,,,
unmerged,PMC4971541_table_1,PMC4971541_table_1.xml,True,large,117,246,65,13,42.37559,65,,,,
unmerged,PMC6185718_table_1,PMC6185718_table_1.xml,True,medium,57,39,21,14,16.106508,21,,,,
unmerged,PMC5000650_table_0,PMC5000650_table_0.xml,False,small,33,37,33,29,26.872583,33,,,,
unmerged,PMC2918559_table_0,PMC2918559_table_0.xml,True,large,405,264,217,69,146.021449,217,,,,
unmerged,PMC3050235_table_2,PMC3050235_table_2.xml,False,small,15,25,5,0,2.675609,5,,,,
unmerged,PMC2973956_table_3,PMC2973956_table_3.xml,True,large,160,172,133,64,96.209301,133,,,,
unmerged,PMC3544610_table_2,PMC3544610_table_2.xml,True,large,299,295,285,145,214.677635,285,,,,
unmerged,PMC5756247_table_0,PMC5756247_table_0.xml,False,small,15,13,11,10,9.02901,11,,,,
unmerged,PMC5789837_table_1,PMC5789837_table_1.xml,True,small,30,27,20,0,13.172856,20,,,,
unmerged,PMC6201453_table_0,PMC6201453_table_0.xml,True,large,148,147,143,98,106.668135,143,,,,
unmerged,PMC6407848_table_0,PMC6407848_table_0.xml,False,medium,63,73,63,28,46.599656,63,,,,
unmerged,PMC4620384_table_4,PMC4620384_table_4.xml,True,large,98,83,76,70,63.558523,76,,,,
unmerged,PMC3580279_table_1,PMC3580279_table_1.xml,True,medium,48,59,40,26,31.539517,40,,,,
unmerged,PMC4890739_table_0,PMC4890739_table_0.xml,True,medium,46,52,46,42,39.58619,46,,,,
unmerged,PMC4394126_table_0,PMC4394126_table_0.xml,True,large,90,36,5,2,3.498223,5,,,,
unmerged,PMC5953945_table_1,PMC5953945_table_1.xml,False,medium,36,40,36,9,25.278247,36,,,,
unmerged,PMC3196731_table_0,PMC3196731_table_0.xml,False,medium,36,14,0,0,0,0,,,,
unmerged,PMC2808329_table_3,PMC2808329_table_3.xml,True,large,204,203,193,55,132.33992,193,,,,
unmerged,PMC4613226_table_3,PMC4613226_table_3.xml,True,medium,60,56,49,49,39.440226,49,,,,
unmerged,PMC4937061_table_0,PMC4937061_table_0.xml,False,small,25,27,25,19,21.594413,25,,,,
unmerged,PMC5706411_table_1,PMC5706411_table_1.xml,True,small,20,10,6,4,4.734611,6,,,,
unmerged,PMC3270112_table_0,PMC3270112_table_0.xml,True,large,84,120,84,72,69.815093,84,,,,
unmerged,PMC5966247_table_0,PMC5966247_table_0.xml,True,small,21,23,18,0,11.697303,18,,,,
unmerged,PMC1079941_table_1,PMC1079941_table_1.xml,False,small,12,5,0,0,0,0,,,,
unmerged,PMC5783415_table_0,PMC5783415_table_0.xml,False,small,18,20,18,6,12.600247,18,,,,
unmerged,PMC4943500_table_2,PMC4943500_table_2.xml,True,medium,48,50,30,10,21.008254,30,,,,
unmerged,PMC6048769_table_3,PMC6048769_table_3.xml,True,large,96,85,77,43,58.972579,77,,,,
unmerged,PMC4845358_table_0,PMC4845358_table_0.xml,True,large,110,117,107,106,95.240752,107,,,,
unmerged,PMC4594643_table_2,PMC4594643_table_2.xml,False,large,93,95,93,30,66.186503,93,,,,
unmerged,PMC5956831_table_0,PMC5956831_table_0.xml,True,large,203,205,197,189,163.894061,197,,,,
unmerged,PMC6036804_table_0,PMC6036804_table_0.xml,True,small,27,42,21,1,14.670236,21,,,,
unmerged,PMC3362811_table_1,PMC3362811_table_1.xml,False,medium,42,58,42,35,35.153166,42,,,,
unmerged,PMC5823412_table_4,PMC5823412_table_4.xml,False,medium,63,66,52,40,44.063906,52,,,,
unmerged,PMC5850630_table_0,PMC5850630_table_0.xml,True,medium,70,37,31,0,20.952486,31,,,,
unmerged,PMC2700793_table_0,PMC2700793_table_0.xml,True,medium,65,63,51,27,40.389516,51,,,,
unmerged,PMC4819911_table_0,PMC4819911_table_0.xml,False,medium,68,92,66,30,47.361662,66,,,,
unmerged,PMC5862453_table_0,PMC5862453_table_0.xml,False,large,132,134,131,96,104.015344,131,,,,
unmerged,PMC4521701_table_3,PMC4521701_table_3.xml,False,large,110,121,110,75,86.250692,110,,,,
unmerged,PMC6127189_table_0,PMC6127189_table_0.xml,False,large,105,110,90,27,64.019777,90,,,,
unmerged,PMC4751540_table_1,PMC4751540_table_1.xml,True,large,144,131,122,116,100.400226,122,,,,
unmerged,PMC3145568_table_0,PMC3145568_table_0.xml,False,small,18,10,8,7,6.822483,8,,,,
unmerged,PMC3091650_table_2,PMC3091650_table_2.xml,False,large,132,160,124,43,85.929215,124,,,,
unmerged,PMC3413447_table_1,PMC3413447_table_1.xml,False,large,212,182,157,67,114.545293,157,,,,
unmerged,PMC4976786_table_0,PMC4976786_table_0.xml,False,medium,40,43,40,30,32.582823,40,,,,
unmerged,PMC4596811_table_0,PMC4596811_table_0.xml,False,small,20,29,20,13,15.864106,20,,,,
unmerged,PMC5861386_table_3,PMC5861386_table_3.xml,True,large,95,98,93,68,71.044932,93,,,,
unmerged,PMC3475240_table_0,PMC3475240_table_0.xml,True,small,27,29,23,18,18.507801,23,,,,
unmerged,PMC4556713_table_1,PMC4556713_table_1.xml,False,large,84,50,47,25,34.568678,47,,,,
unmerged,PMC6166923_table_0,PMC6166923_table_0.xml,True,medium,57,60,56,0,33.229163,56,,,,
unmerged,PMC3022877_table_0,PMC3022877_table_0.xml,False,small,27,33,25,22,20.750928,25,,,,
unmerged,PMC5073877_table_1,PMC5073877_table_1.xml,True,small,21,41,18,7,13.744996,18,,,,
unmerged,PMC5797103_table_1,PMC5797103_table_1.xml,True,medium,56,58,49,6,32.679003,49,,,,
unmerged,PMC4373880_table_6,PMC4373880_table_6.xml,True,large,126,121,114,105,94.337902,114,,,,
unmerged,PMC5966432_table_1,PMC5966432_table_1.xml,False,medium,60,65,59,40,44.453904,59,,,,
unmerged,PMC4395329_table_3,PMC4395329_table_3.xml,True,medium,40,28,21,4,12.59443,21,,,,
unmerged,PMC6206003_table_0,PMC6206003_table_0.xml,True,large,104,102,96,13,65.178231,96,,,,
unmerged,PMC4618517_table_0,PMC4618517_table_0.xml,True,large,162,146,113,7,68.213391,113,,,,
unmerged,PMC6225686_table_3,PMC6225686_table_3.xml,True,large,203,166,95,5,56.877475,95,,,,
unmerged,PMC4412091_table_0,PMC4412091_table_0.xml,False,small,15,4,0,0,0,0,,,,
unmerged,PMC5745705_table_1,PMC5745705_table_1.xml,False,small,32,41,32,24,24.147915,32,,,,
unmerged,PMC4942899_table_1,PMC4942899_table_1.xml,True,large,112,140,67,26,46.474101,67,,,,
unmerged,PMC2547107_table_1,PMC2547107_table_1.xml,False,small,21,25,19,10,13.294261,19,,,,
unmerged,PMC3542813_table_1,PMC3542813_table_1.xml,False,small,12,11,7,3,4.94398,7,,,,
unmerged,PMC3212515_table_1,PMC3212515_table_1.xml,True,small,28,10,0,0,0,0,,,,
unmerged,PMC5879732_table_1,PMC5879732_table_1.xml,False,small,16,4,1,0,0.616446,1,,,,
unmerged,PMC2917353_table_0,PMC2917353_table_0.xml,True,medium,44,37,33,31,29.307065,33,,,,
unmerged,PMC5807332_table_2,PMC5807332_table_2.xml,False,small,24,27,23,7,15.593654,23,,,,
unmerged,PMC3508804_table_1,PMC3508804_table_1.xml,False,small,16,16,13,8,10.171876,13,,,,
unmerged,PMC4503601_table_0,PMC4503601_table_0.xml,False,large,168,171,168,147,132.695553,168,,,,
unmerged,PMC3103460_table_2,PMC3103460_table_2.xml,True,large,190,187,167,123,132.893907,167,,,,
unmerged,PMC3053211_table_0,PMC3053211_table_0.xml,True,small,18,23,8,0,4.785013,8,,,,
unmerged,PMC2748088_table_1,PMC2748088_table_1.xml,True,small,30,31,24,9,17.535326,24,,,,
unmerged,PMC3022907_table_1,PMC3022907_table_1.xml,True,large,81,80,66,29,47.456552,66,,,,
unmerged,PMC3018458_table_1,PMC3018458_table_1.xml,False,large,132,140,132,101,99.658093,132,,,,
unmerged,PMC4415830_table_0,PMC4415830_table_0.xml,False,small,15,17,15,7,11.084134,15,,,,
unmerged,PMC1559685_table_6,PMC1559685_table_6.xml,True,medium,48,63,44,31,33.214151,44,,,,
unmerged,PMC3475064_table_3,PMC3475064_table_3.xml,False,small,28,39,28,14,21.254466,28,,,,
unmerged,PMC1382198_table_0,PMC1382198_table_0.xml,True,small,30,34,28,20,22.055714,28,,,,
unmerged,PMC3196697_table_1,PMC3196697_table_1.xml,True,medium,72,77,65,45,49.801813,65,,,,
unmerged,PMC2914705_table_0,PMC2914705_table_0.xml,False,medium,48,45,39,11,27.656642,39,,,,
unmerged,PMC4842766_table_0,PMC4842766_table_0.xml,False,small,12,15,11,0,7.109476,11,,,,
unmerged,PMC2577669_table_2,PMC2577669_table_2.xml,False,small,24,27,24,20,18.823535,24,,,,
unmerged,PMC6530250_table_0,PMC6530250_table_0.xml,False,medium,50,47,45,37,37.114163,45,,,,
unmerged,PMC4631460_table_0,PMC4631460_table_0.xml,True,small,30,36,26,19,20.31868,26,,,,
unmerged,PMC3308190_table_2,PMC3308190_table_2.xml,True,medium,54,47,14,7,10.169687,14,,,,
unmerged,PMC4445912_table_1,PMC4445912_table_1.xml,False,medium,48,46,45,44,40.204724,45,,,,
unmerged,PMC3238873_table_0,PMC3238873_table_0.xml,False,small,20,26,19,0,10.956681,19,,,,
unmerged,PMC3553130_table_1,PMC3553130_table_1.xml,True,large,84,16,0,0,0,0,,,,
unmerged,PMC5836569_table_2,PMC5836569_table_2.xml,False,large,84,68,64,50,53.545544,64,,,,
unmerged,PMC3671805_table_0,PMC3671805_table_0.xml,False,large,99,113,90,6,60.481601,90,,,,
unmerged,PMC4446329_table_7,PMC4446329_table_7.xml,False,small,21,20,14,5,9.832107,14,,,,
unmerged,PMC3441624_table_0,PMC3441624_table_0.xml,True,medium,54,60,49,22,35.80129,49,,,,
unmerged,PMC4412628_table_0,PMC4412628_table_0.xml,True,large,170,192,170,60,120.824985,170,,,,
unmerged,PMC5756554_table_0,PMC5756554_table_0.xml,False,medium,52,70,52,41,42.983696,52,,,,
unmerged,PMC2961470_table_3,PMC2961470_table_3.xml,False,large,112,120,110,52,84.635513,110,,,,
unmerged,PMC4569344_table_3,PMC4569344_table_3.xml,True,large,130,143,118,81,90.524634,118,,,,
unmerged,PMC1182365_table_5,PMC1182365_table_5.xml,False,medium,65,70,60,54,49.738601,60,,,,
unmerged,PMC4676750_table_1,PMC4676750_table_1.xml,True,large,125,109,99,38,69.74349,99,,,,
unmerged,PMC2969532_table_0,PMC2969532_table_0.xml,False,small,20,25,18,0,10.406813,18,,,,
unmerged,PMC3639066_table_1,PMC3639066_table_1.xml,True,small,35,32,27,21,21.297702,27,,,,
unmerged,PMC4618529_table_2,PMC4618529_table_2.xml,False,medium,72,72,70,61,55.955526,70,,,,
unmerged,PMC5788579_table_0,PMC5788579_table_0.xml,True,large,120,118,112,105,96.132304,112,,,,
unmerged,PMC3362578_table_1,PMC3362578_table_1.xml,True,medium,42,17,13,8,10.806077,13,,,,
unmerged,PMC2979770_table_2,PMC2979770_table_2.xml,False,large,133,7,0,0,0,0,,,,
unmerged,PMC6060226_table_0,PMC6060226_table_0.xml,False,small,15,14,12,10,9.995983,12,,,,
unmerged,PMC5681566_table_0,PMC5681566_table_0.xml,True,large,264,241,233,87,170.229328,233,,,,
unmerged,PMC6102900_table_3,PMC6102900_table_3.xml,True,medium,54,77,39,27,30.077509,39,,,,
unmerged,PMC3397488_table_0,PMC3397488_table_0.xml,False,large,143,145,143,104,108.813988,143,,,,
unmerged,PMC4376517_table_1,PMC4376517_table_1.xml,False,medium,66,75,66,59,52.669186,66,,,,
unmerged,PMC1458958_table_0,PMC1458958_table_0.xml,True,large,126,133,109,83,87.625224,109,,,,
unmerged,PMC3679988_table_0,PMC3679988_table_0.xml,True,large,175,119,62,42,46.71113,62,,,,
unmerged,PMC4648506_table_1,PMC4648506_table_1.xml,True,small,35,17,9,0,5.304725,9,,,,
unmerged,PMC4714838_table_0,PMC4714838_table_0.xml,True,medium,75,79,75,48,60.953445,75,,,,
unmerged,PMC2916003_table_1,PMC2916003_table_1.xml,True,large,207,218,203,112,147.350788,203,,,,
unmerged,PMC3009153_table_2,PMC3009153_table_2.xml,False,small,18,26,16,13,12.97827,16,,,,
unmerged,PMC5954896_table_0,PMC5954896_table_0.xml,False,large,90,95,90,76,73.863301,90,,,,
unmerged,PMC4965463_table_0,PMC4965463_table_0.xml,True,medium,36,34,29,25,24.34308,29,,,,
unmerged,PMC6099994_table_0,PMC6099994_table_0.xml,True,small,30,22,12,12,10.642526,12,,,,
unmerged,PMC2585574_table_0,PMC2585574_table_0.xml,True,medium,70,91,63,48,52.790007,63,,,,
unmerged,PMC5691082_table_0,PMC5691082_table_0.xml,True,large,108,109,77,0,47.952083,77,,,,
unmerged,PMC2979697_table_0,PMC2979697_table_0.xml,False,small,16,24,14,6,10.556004,14,,,,
